{"Itbt": 0, "Pace": 0.0284324, "Depth": 8, "Degree": 2, "RPSTime": 0.0121731, "FBBTTime": 0, "OBBTTime": 0, "TotalTime": 0.175976, "Iterations": 29, "LinearTime": 0.0789334, "LowerBound": 389.843, "TimeVector": [0.0189678, 0.0325864, 0.0470977, 0.0603472, 0.0737485, 0.0765562, 0.0795973, 0.0932619, 0.096215, 0.0990343, 0.102154, 0.10514, 0.108003, 0.110966, 0.11392, 0.12657, 0.129785, 0.132778, 0.135607, 0.138592, 0.141629, 0.144614, 0.147633, 0.150734, 0.153714, 0.156819, 0.159691, 0.162752, 0.338728], "UpperBound": 390.178, "rootBTTime": 0, "LowerBounds": {"1": 383.654, "2": 385.737, "3": 386.551, "4": 387.976, "5": 388.293, "6": 388.599, "7": 388.697, "8": 388.766, "9": 388.909, "10": 389.128, "11": 389.151, "12": 389.214, "13": 389.223, "14": 389.237, "15": 389.248, "16": 389.282, "17": 389.334, "18": 389.426, "19": 389.52, "20": 389.525, "21": 389.559, "22": 389.594, "23": 389.608, "24": 389.634, "25": 389.666, "26": 389.683, "27": 389.685, "28": 389.761, "29": 389.843}, "SolveResult": 0, "UpperBounds": {"1": 390.178}, "MaxQueueSize": 9, "VisitedNodes": 59, "BranchingVars": [12, 19, 19, 1, 1, 18, 20, 1, 12, 2, 19, 19, 19, 18, 19, 18, 12, 19, 18, 18, 18, 19, 3, 19, 19, 5, 5, 5, 20], "NonLinearTime": 0.0848561, "OptimalityGap": 0.335546, "BranchingRules": ["sum_dual_weighted_plus1_rel", "sum_dual_weighted_plus1_rel", "sum_dual_weighted_plus1_rel", "sum_dual_weighted_plus1_rel", "sum_dual_weighted_plus1_rel", "sum_dual_weighted_plus1_rel", "sum_dual_weighted_plus1_rel", "sum_dual_weighted_plus1_rel", "sum_dual_weighted_plus1_rel", "sum_dual_weighted_plus1_rel", "sum_dual_weighted_plus1_rel", "sum_dual_weighted_plus1_rel", "sum_dual_weighted_plus1_rel", "sum_dual_weighted_plus1_rel", "sum_dual_weighted_plus1_rel", "sum_dual_weighted_plus1_rel", "sum_dual_weighted_plus1_rel", "sum_dual_weighted_plus1_rel", "sum_dual_weighted_plus1_rel", "sum_dual_weighted_plus1_rel", "sum_dual_weighted_plus1_rel", "sum_dual_weighted_plus1_rel", "sum_dual_weighted_plus1_rel", "sum_dual_weighted_plus1_rel", "sum_dual_weighted_plus1_rel", "sum_dual_weighted_plus1_rel", "sum_dual_weighted_plus1_rel", "sum_dual_weighted_plus1_rel", "sum_dual_weighted_plus1_rel"], "LBImprovements": [2.08255, 2.23954, 2.04708, 0.720538, 0.858251, 0.649076, 0.636802, 0.361609, 0.305597, 0.0950168, 0.636362, 0.311309, 0.0134901, 0.322365, 0.867009, 0.312312, 0.300037, 0.635419, 0.164658, 0.532689, 0.341225, 0.277542, 0.0746899, 0.208806, 0.392565, 0.282409, 0.526589, 0.240999, 0.845874], "InfeasibleNodes": 0, "ElapsedTimeCoeffs": 0, "LinearizationTime": 0.000163098, "NumberOfVariables": 28, "CallsToLinearSolver": 59, "LinearGenerationTime": 0.0145373, "SDPCutsGenerationTime": 0, "CallsToNonLinearSolver": 8, "StrongBranchingExtraTime": 0, "ElapsedTimeWeightedCoeffs": 0, "NodesDiscardedByFathoming": 0, "NodesDiscardedByTolerance": 30, "BoundFactorConstraintsTime": 0.0021154, "ElapsedTimeVarsInConstraints": 0.000099633, "meanBTRelativeChangeRootNode": 0, "NumberOfBoundFactorConstraints": 80, "NumberOfLAPACKConvergenceFailures": 0, "NumberOfRLTVariablesAfterLinearization": 20}