{"Itbt": 0, "Pace": 0.113005, "Depth": 16, "Degree": 2, "RPSTime": 0.0541946, "FBBTTime": 0, "OBBTTime": 0, "TotalTime": 0.551522, "Iterations": 152, "LinearTime": 0.378609, "LowerBound": 96.562, "TimeVector": [0.0219232, 0.0351075, 0.0502026, 0.0641064, 0.0777417, 0.0806731, 0.0834973, 0.0964137, 0.0992177, 0.102025, 0.104907, 0.107804, 0.110533, 0.11326, 0.116064, 0.129021, 0.131953, 0.134874, 0.137644, 0.140358, 0.143185, 0.145893, 0.148638, 0.151323, 0.154105, 0.156888, 0.159588, 0.162244, 0.16521, 0.16813, 0.170968, 0.184456, 0.187296, 0.19008, 0.192814, 0.195548, 0.198156, 0.200783, 0.203569, 0.20629, 0.209261, 0.211854, 0.214741, 0.217522, 0.220342, 0.223086, 0.225753, 0.228588, 0.231325, 0.234036, 0.236973, 0.239797, 0.242445, 0.245161, 0.24826, 0.251143, 0.254039, 0.256875, 0.259808, 0.2626, 0.26566, 0.268374, 0.271119, 0.283758, 0.286573, 0.289469, 0.292545, 0.295286, 0.297996, 0.300779, 0.303745, 0.306583, 0.30928, 0.312175, 0.315114, 0.317923, 0.320725, 0.323507, 0.326135, 0.328811, 0.331888, 0.334651, 0.337474, 0.340028, 0.343038, 0.345828, 0.348871, 0.351665, 0.354182, 0.357107, 0.359734, 0.362453, 0.365196, 0.367962, 0.371004, 0.373968, 0.376696, 0.379375, 0.382427, 0.385286, 0.387834, 0.390524, 0.393241, 0.396341, 0.398905, 0.40159, 0.404154, 0.407018, 0.409821, 0.412781, 0.415538, 0.418373, 0.421254, 0.423972, 0.426669, 0.429463, 0.432366, 0.435152, 0.437764, 0.440656, 0.44355, 0.446294, 0.449364, 0.452531, 0.455322, 0.458197, 0.46096, 0.474846, 0.477619, 0.480358, 0.483301, 0.486057, 0.488704, 0.491419, 0.494182, 0.497149, 0.499757, 0.502588, 0.505295, 0.508045, 0.510824, 0.51366, 0.516332, 0.519222, 0.522005, 0.524892, 0.527921, 0.53061, 0.533347, 0.536295, 0.539098, 1.09062], "UpperBound": 96.6548, "rootBTTime": 0, "LowerBounds": {"1": 91.6825, "2": 91.9626, "3": 92.109, "4": 92.1214, "5": 92.5762, "6": 92.6359, "7": 92.7676, "8": 93.4475, "9": 93.5542, "10": 93.6707, "11": 93.7162, "12": 93.7211, "13": 93.7221, "14": 93.7598, "15": 93.9793, "16": 94.0028, "17": 94.164, "18": 94.2267, "19": 94.2689, "20": 94.3951, "21": 94.5292, "22": 94.5439, "23": 94.5496, "24": 94.5963, "25": 94.6317, "26": 94.6736, "27": 94.699, "28": 94.7412, "29": 94.7601, "30": 94.7692, "31": 94.7913, "32": 94.8827, "33": 94.9525, "34": 94.9955, "35": 95.016, "36": 95.0276, "37": 95.0407, "38": 95.0426, "39": 95.0489, "40": 95.0718, "41": 95.0892, "42": 95.1186, "43": 95.149, "44": 95.1837, "45": 95.2597, "46": 95.2599, "47": 95.3505, "48": 95.3651, "49": 95.3791, "50": 95.385, "51": 95.3877, "52": 95.404, "53": 95.4322, "54": 95.532, "55": 95.5427, "56": 95.5936, "57": 95.6545, "58": 95.6616, "59": 95.6659, "60": 95.6708, "61": 95.683, "62": 95.6831, "63": 95.6947, "64": 95.7383, "65": 95.7414, "66": 95.7433, "67": 95.745, "68": 95.7768, "69": 95.7825, "70": 95.7945, "71": 95.8026, "72": 95.8232, "73": 95.8299, "74": 95.843, "75": 95.8547, "76": 95.8565, "77": 95.8651, "78": 95.8689, "79": 95.8696, "80": 95.8753, "81": 95.8768, "82": 95.88, "83": 95.8886, "84": 95.8914, "85": 95.8987, "86": 95.9277, "87": 95.9308, "88": 95.9483, "89": 95.9595, "90": 95.9687, "91": 95.9737, "92": 96.0038, "93": 96.0202, "94": 96.0225, "95": 96.0272, "96": 96.048, "97": 96.0551, "98": 96.0698, "99": 96.0709, "100": 96.0739, "101": 96.0749, "102": 96.0851, "103": 96.1314, "104": 96.1385, "105": 96.1569, "106": 96.1592, "107": 96.1612, "108": 96.1696, "109": 96.1725, "110": 96.2217, "111": 96.2243, "112": 96.2276, "113": 96.2452, "114": 96.2491, "115": 96.2534, "116": 96.256, "117": 96.2679, "118": 96.2852, "119": 96.2896, "120": 96.2899, "121": 96.2939, "122": 96.2942, "123": 96.3047, "124": 96.3287, "125": 96.3526, "126": 96.3588, "127": 96.3832, "128": 96.3854, "129": 96.4001, "130": 96.4007, "131": 96.4175, "132": 96.436, "133": 96.4434, "134": 96.4506, "135": 96.4513, "136": 96.4579, "137": 96.4656, "138": 96.4728, "139": 96.4869, "140": 96.4901, "141": 96.4903, "142": 96.4906, "143": 96.4953, "144": 96.4954, "145": 96.4963, "146": 96.5053, "147": 96.5136, "148": 96.5179, "149": 96.5259, "150": 96.5283, "151": 96.5366, "152": 96.562}, "SolveResult": 0, "UpperBounds": {"1": 96.6548}, "MaxQueueSize": 42, "VisitedNodes": 305, "BranchingVars": [6, 13, 6, 6, 9, 2, 2, 10, 10, 13, 10, 6, 6, 1, 10, 9, 13, 2, 2, 1, 2, 9, 10, 13, 1, 19, 9, 10, 1, 1, 1, 1, 1, 13, 13, 2, 1, 9, 1, 19, 1, 1, 10, 9, 9, 2, 9, 10, 19, 9, 19, 19, 9, 9, 19, 2, 9, 9, 9, 9, 19, 2, 9, 9, 9, 19, 9, 6, 2, 10, 19, 2, 19, 13, 9, 10, 9, 10, 9, 9, 19, 19, 9, 6, 6, 21, 1, 1, 9, 2, 19, 1, 10, 9, 9, 9, 9, 2, 2, 9, 9, 6, 19, 9, 19, 2, 9, 0, 19, 19, 19, 2, 19, 23, 19, 19, 19, 19, 19, 19, 19, 19, 19, 19, 23, 19, 10, 19, 23, 19, 23, 10, 10, 23, 23, 23, 10, 19, 10, 13, 6, 1, 19, 19, 19, 23, 19, 6, 23, 19, 19, 19], "NonLinearTime": 0.118672, "OptimalityGap": 0.0928688,