{"Itbt": 0, "Pace": 0.678553, "Depth": 21, "Degree": 3, "RPSTime": 0.0615252, "FBBTTime": 0, "OBBTTime": 0, "TotalTime": 0.378495, "Iterations": 203, "LinearTime": 0.216064, "LowerBound": -1.76666, "TimeVector": [0.0138065, 0.025024, 0.0361072, 0.0466153, 0.057053, 0.0584453, 0.0598807, 0.070442, 0.0718129, 0.0731923, 0.0745774, 0.0758218, 0.0771512, 0.078519, 0.0798554, 0.090475, 0.0918431, 0.0931113, 0.0944814, 0.0958035, 0.0971381, 0.0983903, 0.0997141, 0.100952, 0.102292, 0.10369, 0.105049, 0.106408, 0.107757, 0.109122, 0.110504, 0.121185, 0.12256, 0.123921, 0.125224, 0.126602, 0.127968, 0.129243, 0.130589, 0.13198, 0.133239, 0.13463, 0.135985, 0.13723, 0.138563, 0.139909, 0.141295, 0.142714, 0.143981, 0.145318, 0.146667, 0.147995, 0.149336, 0.150578, 0.15189, 0.153241, 0.154564, 0.155927, 0.157312, 0.15866, 0.1599, 0.161247, 0.162659, 0.173328, 0.174752, 0.176114, 0.177476, 0.178831, 0.180196, 0.181436, 0.18277, 0.184022, 0.185395, 0.186582, 0.187703, 0.18892, 0.190182, 0.191415, 0.192577, 0.19368, 0.194904, 0.19625, 0.197578, 0.198971, 0.200354, 0.201705, 0.203034, 0.204373, 0.205721, 0.207008, 0.208327, 0.209685, 0.211037, 0.212369, 0.213728, 0.215094, 0.216486, 0.217814, 0.219145, 0.220493, 0.221883, 0.223215, 0.224576, 0.225976, 0.227345, 0.228684, 0.230026, 0.231366, 0.232757, 0.23414, 0.235405, 0.236594, 0.237743, 0.238931, 0.240158, 0.241446, 0.242667, 0.243839, 0.245056, 0.246248, 0.24764, 0.248939, 0.250352, 0.251699, 0.252986, 0.254419, 0.255903, 0.266162, 0.26761, 0.268933, 0.27032, 0.271739, 0.273144, 0.274525, 0.275894, 0.277183, 0.27853, 0.279946, 0.281309, 0.282665, 0.284096, 0.285454, 0.286794, 0.28817, 0.289532, 0.290905, 0.292265, 0.293687, 0.295153, 0.296518, 0.297897, 0.299249, 0.300581, 0.301902, 0.303255, 0.304598, 0.305906, 0.307254, 0.308611, 0.30996, 0.311284, 0.312599, 0.31392, 0.315252, 0.31661, 0.317932, 0.319389, 0.320722, 0.322071, 0.32342, 0.32479, 0.32623, 0.327578, 0.328962, 0.330424, 0.331724, 0.333165, 0.334502, 0.335895, 0.337337, 0.338637, 0.339955, 0.341343, 0.342702, 0.344104, 0.345497, 0.346952, 0.348509, 0.349908, 0.351271, 0.352629, 0.353999, 0.355389, 0.356868, 0.358366, 0.359877, 0.361229, 0.362547, 0.36397, 0.365384, 0.366716, 0.36817, 0.746665], "UpperBound": -1.765, "rootBTTime": 0, "LowerBounds": {"1": -2.32346, "2": -2.25449, "3": -2.22324, "4": -2.17755, "5": -2.17609, "6": -2.0562, "7": -2.04727, "8": -2.04165, "9": -2.03491, "10": -2.02952, "11": -2.02477, "12": -2.02188, "14": -2.02184, "15": -2.02175, "16": -2.01802, "17": -2.01393, "18": -2.01393, "19": -2.01292, "20": -2.01144, "21": -2.00871, "22": -2.00153, "23": -2.00153, "24": -1.99848, "25": -1.99515, "26": -1.98114, "27": -1.92647, "28": -1.92295, "29": -1.91888, "30": -1.90178, "31": -1.89244, "32": -1.8903, "33": -1.88822, "34": -1.88611, "35": -1.88592, "36": -1.88591, "37": -1.88208, "38": -1.88159, "39": -1.88005, "40": -1.87581, "41": -1.87581, "42": -1.8754, "43": -1.87286, "44": -1.87226, "45": -1.86832, "46": -1.86643, "47": -1.86633, "48": -1.86613, "49": -1.86613, "50": -1.86613, "52": -1.86549, "53": -1.86441, "54": -1.86384, "55": -1.86164, "56": -1.86084, "57": -1.86028, "58": -1.85959, "59": -1.85874, "60": -1.85816, "61": -1.85475, "62": -1.85433, "63": -1.83239, "64": -1.83134, "65": -1.83083, "66": -1.82551, "67": -1.82522, "68": -1.8247, "69": -1.82252, "70": -1.82, "72": -1.82, "74": -1.81841, "77": -1.81841, "78": -1.81834, "79": -1.81834, "80": -1.81834, "82": -1.81827, "83": -1.81825, "84": -1.81676, "85": -1.81578, "86": -1.81354, "87": -1.80907, "88": -1.80854, "89": -1.8066, "90": -1.80617, "91": -1.80617, "92": -1.80614, "93": -1.80587, "94": -1.80568, "95": -1.80564, "96": -1.8053, "97": -1.8047, "98": -1.80303, "99": -1.80228, "100": -1.80202, "101": -1.80173, "102": -1.80138, "103": -1.80136, "104": -1.8012, "105": -1.8011, "106": -1.80083, "107": -1.80082, "108": -1.79973, "109": -1.79686, "110": -1.79527, "111": -1.79512, "112": -1.79512, "113": -1.79349, "114": -1.79349, "115": -1.79295, "117": -1.79226, "118": -1.79226, "119": -1.79055, "120": -1.79055, "121": -1.78982, "122": -1.78669, "123": -1.7855, "124": -1.78503, "125": -1.78442, "126": -1.7841, "127": -1.78407, "128": -1.78268, "129": -1.77945, "130": -1.77776, "131": -1.77761, "132": -1.77704, "133": -1.77703, "134": -1.77696, "135": -1.77672, "136": -1.77664, "137": -1.77656, "138": -1.77642, "139": -1.7757, "140": -1.77564, "141": -1.77562, "142": -1.7752, "143": -1.77501, "144": -1.77494, "145": -1.77478, "146": -1.77478, "147": -1.77475, "148": -1.77474, "149": -1.77474, "150": -1.77467, "151": -1.77394, "152": -1.77379, "153": -1.77348, "154": -1.77343, "155": -1.77184, "156": -1.77169, "157": -1.77155, "158": -1.77154, "159": -1.77141, "160": -1.77137, "161": -1.77129, "162": -1.77118, "163": -1.77117, "164": -1.77116, "165": -1.77114, "166": -1.77111, "167": -1.77109, "168": -1.77106, "169": -1.77104, "170": -1.77093, "171": -1.7709, "172": -1.77069, "173": -1.77023, "174": -1.77016, "175": -1.77015, "176": -1.76947, "177": -1.76822, "178": -1.76816, "179": -1.76805, "180": -1.76796, "181": -1.76791, "182": -1.76725, "183": -1.76723, "184": -1.76723, "185": -1.7672, "186": -1.76719, "187": -1.76717, "188": -1.76716, "189": -1.76688, "190": -1.76686, "191": -1.76685, "192": -1.76685, "194": -1.76684, "195": -1.76684, "196": -1.76684, "197": -1.76682, "198": -1.76682, "199": -1.76681, "200": -1.76681, "201": -1.76681, "202": -1.76679, "203": -1.76666}, "SolveResult": 0, "UpperBounds": {"1": -1.765}, "MaxQueueSize": 29, "VisitedNodes": 407, "BranchingVars": [5, 5, 0, 0, 6, 2, 5, 5, 2, 4, 6, 5, 5, 6, 6, 4, 4, 4, 4, 4, 4, 4, 4, 3, 3, 0, 5, 6, 5, 6, 4, 6, 2, 6, 6, 6, 6, 3, 3, 5, 5, 5, 4, 3, 4, 3, 5, 4, 4, 4, 4, 5, 3, 3, 5, 4, 4, 4, 4, 3, 3, 3, 5, 4, 4, 3, 5, 3, 3, 6, 6, 6, 6, 3, 3, 3, 3, 3, 3, 3, 3, 6, 4, 4, 4, 5, 3, 5, 5, 6, 6, 5, 4, 4, 3, 3, 4, 5, 5, 4, 4, 5, 5, 4, 4, 4, 4, 4, 4, 4, 3, 3, 3, 3, 5, 5, 3, 3, 3, 3, 4, 5, 5, 3, 3, 4, 4, 4, 4, 3, 4, 5, 5, 5, 4, 3, 3, 4, 5, 4, 4, 5, 6, 6, 0, 2, 4, 0, 0, 4, 6, 6, 6, 5, 6, 5, 3, 3, 5, 6, 3, 3, 4, 4, 3, 3, 4, 4, 4, 4, 3, 5, 6, 4, 4, 3, 6, 3, 3, 3, 3, 2, 5, 5, 0, 0, 0, 0, 5, 2, 6, 0, 4, 6, 0, 4, 4, 4, 4, 4, 6, 0, 0], "NonLinearTime": 0.100865, "OptimalityGap": 0.00166049,