{"Itbt": 0, "Pace": 0.00000917802, "Depth": 11, "Degree": 4, "RPSTime": 0.00501181, "FBBTTime": 0, "OBBTTime": 0, "TotalTime": 0.0733254, "Iterations": 19, "LinearTime": 0.00820388, "LowerBound": -118.768, "TimeVector": [0.0104573, 0.0190835, 0.0273544, 0.0361046, 0.0439964, 0.0446071, 0.0451538, 0.05298, 0.05352, 0.0540908, 0.0546053, 0.0551138, 0.0556197, 0.056167, 0.0567326, 0.0645392, 0.0650635, 0.0655795, 0.138905], "UpperBound": -118.705, "rootBTTime": 0, "LowerBounds": {"1": -8108, "2": -2953.09, "3": -763.68, "4": -252.945, "5": -184.542, "6": -138.923, "7": -138.174, "8": -137.925, "9": -124.007, "10": -121.262, "11": -120.58, "12": -120.541, "13": -119.928, "14": -119.19, "15": -118.936, "16": -118.902, "17": -118.889, "18": -118.877, "19": -118.768}, "SolveResult": 0, "UpperBounds": {"1": -86.4222, "2": -118.705}, "MaxQueueSize": 4, "VisitedNodes": 39, "BranchingVars": [0, 0, 0, 0, 0, 0, 1, 1, 1, 0, 1, 1, 1, 0, 0, 1, 1, 1, 0], "NonLinearTime": 0.0601015, "OptimalityGap": 0.0627292, "BranchingRules": ["eigen_cen_alternative", "eigen_cen_alternative", "eigen_cen_alternative", "eigen_cen_alternative", "eigen_cen_alternative", "eigen_cen_alternative", "eigen_cen_alternative", "eigen_cen_alternative", "eigen_cen_alternative", "eigen_cen_alternative", "eigen_cen_alternative", "eigen_cen_alternative", "eigen_cen_alternative", "eigen_cen_alternative", "eigen_cen_alternative", "eigen_cen_alternative", "eigen_cen_alternative", "eigen_cen_alternative", "eigen_cen_alternative"], "LBImprovements": [5154.91, 2189.41, 510.735, 68.4025, 45.6194, 0.748527, 16.9118, 19.4851, 6.68587, 0.720983, 1.70352, 1.35119, 1.25756, 0.288103, 0.0587436, 0.134515, 0.370475, 0.143998, 1.11987], "InfeasibleNodes": 0, "ElapsedTimeCoeffs": 0, "LinearizationTime": 0.000015431, "NumberOfVariables": 2, "CallsToLinearSolver": 39, "LinearGenerationTime": 0.00209427, "SDPCutsGenerationTime": 0, "CallsToNonLinearSolver": 8, "StrongBranchingExtraTime": 0, "ElapsedTimeWeightedCoeffs": 0, "NodesDiscardedByFathoming": 0, "NodesDiscardedByTolerance": 20, "BoundFactorConstraintsTime": 0.000747602, "ElapsedTimeVarsInConstraints": 0, "meanBTRelativeChangeRootNode": 0, "NumberOfBoundFactorConstraints": 8, "NumberOfLAPACKConvergenceFailures": 0, "NumberOfRLTVariablesAfterLinearization": 4}