{"Itbt": 0, "Pace": 0.00025474, "Depth": 29, "Degree": 2, "RPSTime": 0.0382158, "FBBTTime": 0, "OBBTTime": 0, "TotalTime": 0.280287, "Iterations": 95, "LinearTime": 0.152733, "LowerBound": -622.089, "TimeVector": [0.0147024, 0.0269768, 0.0373121, 0.0494599, 0.0618076, 0.0640094, 0.0662383, 0.0765151, 0.078611, 0.0808088, 0.0828756, 0.0848279, 0.0870119, 0.0890454, 0.0910862, 0.101115, 0.103085, 0.105028, 0.107077, 0.109003, 0.110933, 0.112821, 0.115087, 0.117059, 0.118984, 0.120929, 0.122874, 0.124848, 0.126787, 0.128723, 0.13069, 0.140636, 0.142688, 0.144662, 0.146619, 0.14861, 0.150577, 0.15252, 0.154519, 0.156487, 0.158389, 0.160357, 0.162235, 0.164211, 0.166157, 0.168086, 0.170038, 0.171997, 0.173918, 0.175831, 0.177767, 0.179718, 0.181599, 0.183561, 0.185439, 0.187358, 0.189326, 0.191257, 0.193157, 0.195134, 0.197055, 0.198966, 0.200935, 0.211107, 0.213093, 0.215019, 0.216984, 0.218933, 0.22087, 0.22287, 0.224829, 0.226786, 0.228732, 0.230678, 0.232696, 0.234685, 0.236605, 0.238538, 0.240452, 0.242393, 0.244368, 0.246269, 0.248248, 0.250162, 0.252139, 0.254052, 0.25604, 0.258043, 0.260034, 0.261945, 0.263928, 0.265869, 0.267894, 0.27, 0.550286], "UpperBound": -621.488, "rootBTTime": 0, "LowerBounds": {"1": -1722.38, "2": -1315.23, "3": -1057, "4": -1034.8, "5": -915.673, "6": -820.517, "7": -815.613, "8": -751.842, "9": -726.088, "10": -703.837, "11": -698.491, "12": -652.456, "13": -650.12, "14": -643.081, "15": -638.412, "16": -634.685, "17": -634.321, "18": -633.93, "19": -633.808, "20": -633.515, "21": -633.077, "22": -632.619, "23": -632.579, "24": -632.142, "25": -631.649, "26": -631.141, "27": -630.62, "28": -630.269, "29": -630.087, "30": -629.879, "31": -629.545, "32": -629.463, "33": -629.269, "34": -629.022, "35": -628.993, "36": -628.559, "37": -628.435, "38": -628.077, "39": -627.869, "40": -627.577, "41": -627.307, "42": -627.299, "43": -627.16, "44": -627.061, "45": -626.978, "46": -626.766, "47": -626.725, "48": -626.531, "49": -626.524, "50": -626.255, "51": -626.147, "52": -625.988, "53": -625.962, "54": -625.91, "55": -625.647, "56": -625.567, "57": -625.494, "58": -625.434, "59": -625.311, "60": -625.052, "61": -624.986, "62": -624.956, "63": -624.871, "64": -624.797, "65": -624.587, "66": -624.585, "67": -624.404, "68": -624.3, "69": -624.199, "70": -624.1, "71": -623.973, "72": -623.823, "73": -623.799, "74": -623.798, "75": -623.721, "76": -623.595, "77": -623.59, "78": -623.386, "79": -623.351, "80": -623.242, "81": -623.137, "82": -623.083, "83": -623.072, "84": -622.963, "85": -622.909, "86": -622.789, "87": -622.734, "88": -622.548, "89": -622.534, "90": -622.531, "91": -622.527, "92": -622.472, "93": -622.288, "94": -622.194, "95": -622.089}, "SolveResult": 0, "UpperBounds": {"1": -621.488}, "MaxQueueSize": 25, "VisitedNodes": 191, "BranchingVars": [7, 6, 6, 5, 5, 4, 4, 5, 4, 7, 7, 5, 4, 6, 6, 5, 5, 5, 6, 5, 5, 5, 3, 5, 5, 5, 5, 5, 5, 5, 5, 5, 6, 5, 5, 5, 5, 5, 5, 5, 7, 5, 7, 5, 7, 7, 5, 5, 7, 7, 5, 5, 7, 5, 7, 5, 5, 5, 7, 5, 5, 7, 5, 6, 5, 7, 5, 5, 7, 5, 7, 5, 7, 7, 5, 5, 7, 7, 7, 7, 5, 7, 5, 7, 7, 7, 7, 5, 5, 7, 7, 7, 7, 3, 7], "NonLinearTime": 0.0893125, "OptimalityGap": 0.601633, "BranchingRules": ["eigen_cen_alternative", "eigen_cen_alternative", "eigen_cen_alternative", "eigen_cen_alternative", "eigen_cen_alternative", "eigen_cen_alternative", "eigen_cen_alternative", "eigen_cen_alternative", "eigen_cen_alternative", "eigen_cen_alternative", "eigen_cen_alternative", "eigen_cen_alternative", "eigen_cen_alternative", "eigen_cen_alternative", "eigen_cen_alternative", "eigen_cen_alternative", "eigen_cen_alternative", "eigen_cen_alternative", "eigen_cen_alternative", "eigen_cen_alternative", "eigen_cen_alternative", "eigen_cen_alternative", "eigen_cen_alternative", "eigen_cen_alternative", "eigen_cen_alternative", "eigen_cen_alternative", "eigen_cen_alternative", "eigen_cen_alternative", "eigen_cen_alternative", "eigen_cen_alternative", "eigen_cen_alternative", "eigen_cen_alternative", "eigen_cen_alternative", "eigen_cen_alternative", "eigen_cen_alternative", "eigen_cen_alternative", "eigen_cen_alternative", "eigen_cen_alternative", "eigen_cen_alternative", "eigen_cen_alternative", "eigen_cen_alternative", "eigen_cen_alternative", "eigen_cen_alternative", "eigen_cen_alternative", "eigen_cen_alternative", "eigen_cen_alternative", "eigen_cen_alternative", "eigen_cen_alternative", "eigen_cen_alternative", "eigen_cen_alternative", "eigen_cen_alternative", "eigen_cen_alternative", "eigen_cen_alternative", "eigen_cen_alternative", "eigen_cen_alternative", "eigen_cen_alternative", "eigen_cen_alternative", "eigen_cen_alternative", "eigen_cen_alternative", "eigen_cen_alternative", "eigen_cen_alternative", "eigen_cen_alternative", "eigen_cen_alternative", "eigen_cen_alternative", "eigen_cen_alternative", "eigen_cen_alternative", "eigen_cen_alternative", "eigen_cen_alternative", "eigen_cen_alternative", "eigen_cen_alternative", "eigen_cen_alternative", "eigen_cen_alternative", "eigen_cen_alternative", "eigen_cen_alternative", "eigen_cen_alternative", "eigen_cen_alternative", "eigen_cen_alternative", "eigen_cen_alternative", "eigen_cen_alternative", "eigen_cen_alternative", "eigen_cen_alternative", "eigen_cen_alternative", "eigen_cen_alternative", "eigen_cen_alternative", "eigen_cen_alternative", "eigen_cen_alternative", "eigen_cen_alternative", "eigen_cen_alternative", "eigen_cen_alternative", "eigen_cen_alternative", "eigen_cen_alternative", "eigen_cen_alternative", "eigen_cen_alternative", "eigen_cen_alternative", "eigen_cen_alternative"], "LBImprovements": [407.146, 280.43, 305.156, 214.284, 189.585, 122.026, 111.776, 219.937, 141.125, 60.7563, 96.0537, 214.278, 133.019, 4.66879, 4.60403, 0.363591, 0.390724, 0.415459, 4.53848, 0.437941, 0.458302, 0.476671, 57.7872, 0.493169, 0.507909, 0.520999, 0.532542, 0.390055, 0.542636, 0.416542, 0.551371, 0.440648, 4.47228, 0.462515, 0.558834, 0.482277, 0.565108, 0.500061, 0.570269, 0.515988, 3.33399, 0.574392, 3.36165, 0.530171, 3.38864, 3.41497, 0.577545, 0.542719, 3.44065, 3.46571, 0.579795, 0.553733, 3.49016, 0.415873, 3.51401, 0.581202, 0.44173, 0.563309, 3.53728, 0.465222, 0.581826, 3.55998, 0.57154, 4.40555, 0.48649, 3.58213, 0.581722, 0.578511, 3.60374, 0.505667, 3.26675, 0.580941, 3.62482, 3.29374, 0.584305, 0.522881, 3.32007, 3.64539, 3.34576, 3.8254, 0.588998, 3.37083, 0.538251, 3.66546, 3.35014, 3.39528, 3.37781, 0.592664, 0.551891, 3.68503, 3.40479, 3.41914, 3.43112, 0.263782, 3.44241], "InfeasibleNodes": 0, "ElapsedTimeCoeffs": 0, "LinearizationTime": 0.000385964, "NumberOfVariables": 8, "CallsToLinearSolver": 191, "LinearGenerationTime": 0.0444223, "SDPCutsGenerationTime": 0, "CallsToNonLinearSolver": 10, "StrongBranchingExtraTime": 0, "ElapsedTimeWeightedCoeffs": 0, "NodesDiscardedByFathoming": 0, "NodesDiscardedByTolerance": 96, "BoundFactorConstraintsTime": 0.0164615, "ElapsedTimeVarsInConstraints": 0, "meanBTRelativeChangeRootNode": 0, "NumberOfBoundFactorConstraints": 136, "NumberOfLAPACKConvergenceFailures": 0, "NumberOfRLTVariablesAfterLinearization": 36}