{"Itbt": 0, "Pace": 3498.28, "Depth": 0, "Degree": 3, "RPSTime": 1.91344, "FBBTTime": 0, "OBBTTime": 0, "TotalTime": 3.49828, "Iterations": 1, "LinearTime": 1.51522, "LowerBound": -179769000000000000000000000000000000000000000000000000000000000000000000000000000000000000000000000000000000000000000000000000000000000000000000000000000000000000000000000000000000000000000000000000000000000000000000000000000000000000000000000000000000000000000000000000000000000000000000000000000000000000000, "TimeVector": [3.49828], "UpperBound": 179769000000000000000000000000000000000000000000000000000000000000000000000000000000000000000000000000000000000000000000000000000000000000000000000000000000000000000000000000000000000000000000000000000000000000000000000000000000000000000000000000000000000000000000000000000000000000000000000000000000000000000, "rootBTTime": 0, "LowerBounds": {"1": -179769000000000000000000000000000000000000000000000000000000000000000000000000000000000000000000000000000000000000000000000000000000000000000000000000000000000000000000000000000000000000000000000000000000000000000000000000000000000000000000000000000000000000000000000000000000000000000000000000000000000000000}, "SolveResult": 200, "UpperBounds": {"1": 179769000000000000000000000000000000000000000000000000000000000000000000000000000000000000000000000000000000000000000000000000000000000000000000000000000000000000000000000000000000000000000000000000000000000000000000000000000000000000000000000000000000000000000000000000000000000000000000000000000000000000000}, "MaxQueueSize": 0, "VisitedNodes": 1, "BranchingVars": [], "NonLinearTime": 0.069304, "OptimalityGap": 179769313486231570000000000000000000000000000000000000000000000000000000000000000000000000000000000000000000000000000000000000000000000000000000000000000000000000000000000000000000000000000000000000000000000000000000000000000000000000000000000000000000000000000000000000000000000000000000000000000000000000000, "BranchingRules": [], "LBImprovements": [], "InfeasibleNodes": 0, "ElapsedTimeCoeffs": 0, "LinearizationTime": 0.700299, "NumberOfVariables": 2370, "CallsToLinearSolver": 1, "LinearGenerationTime": 0.0288583, "SDPCutsGenerationTime": 0, "CallsToNonLinearSolver": 2, "StrongBranchingExtraTime": 0, "ElapsedTimeWeightedCoeffs": 0, "NodesDiscardedByFathoming": 0, "NodesDiscardedByTolerance": 0, "BoundFactorConstraintsTime": 0.294328, "ElapsedTimeVarsInConstraints": 0.0419256, "meanBTRelativeChangeRootNode": 0, "NumberOfBoundFactorConstraints": 3148, "NumberOfLAPACKConvergenceFailures": 0, "NumberOfRLTVariablesAfterLinearization": 1054}