{"Itbt": 0, "Pace": 0.0980534, "Depth": 25, "Degree": 2, "RPSTime": 0.089733, "FBBTTime": 0, "OBBTTime": 0, "TotalTime": 0.513783, "Iterations": 256, "LinearTime": 0.326889, "LowerBound": 5.23883, "TimeVector": [0.0113292, 0.0205906, 0.030212, 0.0390993, 0.0482664, 0.0495299, 0.0508398, 0.0599148, 0.0613196, 0.0626031, 0.0640534, 0.0655316, 0.066993, 0.0684756, 0.0700156, 0.079018, 0.0804104, 0.0818396, 0.0834886, 0.0848709, 0.0864269, 0.0877598, 0.0891541, 0.0907424, 0.0921882, 0.0938566, 0.0952205, 0.0968954, 0.0982853, 0.0996263, 0.101075, 0.110649, 0.112159, 0.114017, 0.115538, 0.11704, 0.118639, 0.119999, 0.121754, 0.1232, 0.12463, 0.1261, 0.127608, 0.129273, 0.130771, 0.132398, 0.133916, 0.135592, 0.137292, 0.138692, 0.140232, 0.141688, 0.143381, 0.144671, 0.1462, 0.148028, 0.14967, 0.151293, 0.152924, 0.154717, 0.156354, 0.158162, 0.159827, 0.170721, 0.172207, 0.173714, 0.175346, 0.176963, 0.17882, 0.180462, 0.182135, 0.183703, 0.1855, 0.186833, 0.188411, 0.190025, 0.191762, 0.193175, 0.194814, 0.196624, 0.198247, 0.199869, 0.201374, 0.202812, 0.204518, 0.205993, 0.207488, 0.208963, 0.210889, 0.212474, 0.214078, 0.215762, 0.217496, 0.219128, 0.220927, 0.222757, 0.224538, 0.226254, 0.227903, 0.229529, 0.231276, 0.233044, 0.234729, 0.236008, 0.237486, 0.2392, 0.240925, 0.242619, 0.244197, 0.24581, 0.247691, 0.249355, 0.250912, 0.252265, 0.254086, 0.255638, 0.257328, 0.259265, 0.260838, 0.262622, 0.264379, 0.265929, 0.267625, 0.269456, 0.270979, 0.272331, 0.274127, 0.284048, 0.285805, 0.287291, 0.288793, 0.290495, 0.292231, 0.293746, 0.295613, 0.29706, 0.298689, 0.300046, 0.301607, 0.303127, 0.304752, 0.3064, 0.307992, 0.309504, 0.311082, 0.312766, 0.314775, 0.316523, 0.318349, 0.320117, 0.32152, 0.323302, 0.325159, 0.326617, 0.32839, 0.329979, 0.331713, 0.333603, 0.335355, 0.336913, 0.33862, 0.340475, 0.342086, 0.34387, 0.345577, 0.34758, 0.349338, 0.350982, 0.352603, 0.35407, 0.355513, 0.357106, 0.358848, 0.36049, 0.362152, 0.363899, 0.365069, 0.366958, 0.368615, 0.370269, 0.371945, 0.373722, 0.375511, 0.377159, 0.378602, 0.380451, 0.382047, 0.383669, 0.385155, 0.386938, 0.3885, 0.390015, 0.391718, 0.393436, 0.394995, 0.396523, 0.397947, 0.399852, 0.401662, 0.403461, 0.404893, 0.406709, 0.408067, 0.409748, 0.411226, 0.41304, 0.414564, 0.416178, 0.41771, 0.419267, 0.420859, 0.422668, 0.424204, 0.426013, 0.427755, 0.429498, 0.431221, 0.433055, 0.434824, 0.436571, 0.438424, 0.440169, 0.442033, 0.443703, 0.445289, 0.446926, 0.448425, 0.449963, 0.451781, 0.453306, 0.455182, 0.456682, 0.458259, 0.459897, 0.461388, 0.46309, 0.464773, 0.466418, 0.468187, 0.469997, 0.471709, 0.473413, 0.475092, 0.476486, 0.478208, 0.479879, 0.481482, 0.483163, 0.484589, 0.486322, 0.487972, 0.489646, 0.491217, 0.492819, 0.494426, 1.00821], "UpperBound": 5.2434, "rootBTTime": 0, "LowerBounds": {"1": 0, "9": 0.264221, "10": 1.29905, "11": 1.87537, "12": 1.92998, "13": 1.92998, "14": 1.9804, "15": 2.14222, "16": 2.39021, "17": 2.43055, "18": 2.46034, "19": 2.72149, "20": 2.74108, "21": 2.97121, "22": 3.38967, "23": 3.42161, "24": 3.42191, "25": 3.42981, "26": 3.44744, "27": 3.47148, "28": 3.49272, "29": 3.53144, "30": 3.56142, "31": 3.76177, "32": 3.82749, "33": 3.9059, "34": 4.01671, "35": 4.02483, "36": 4.03905, "37": 4.05452, "38": 4.05685, "39": 4.06684, "40": 4.09948, "41": 4.10215, "42": 4.14261, "43": 4.17484, "44": 4.21821, "45": 4.22999, "46": 4.23915, "47": 4.24067, "48": 4.2523, "49": 4.27714, "50": 4.2944, "51": 4.33543, "52": 4.38405, "53": 4.38661, "54": 4.42836, "55": 4.43039, "56": 4.43427, "57": 4.47182, "58": 4.48278, "59": 4.55908, "60": 4.56191, "61": 4.56758, "62": 4.59911, "63": 4.61341, "64": 4.61494, "65": 4.62112, "66": 4.62145, "67": 4.62801, "68": 4.62886, "69": 4.63014, "70": 4.63766, "71": 4.66891, "72": 4.67686, "73": 4.68033, "74": 4.68036, "75": 4.71974, "76": 4.75205, "77": 4.76403, "78": 4.77072, "79": 4.78559, "80": 4.79636, "81": 4.80103, "82": 4.80176, "83": 4.8121, "84": 4.83479, "85": 4.83501, "86": 4.83703, "87": 4.84109, "88": 4.84606, "89": 4.84647, "90": 4.851, "91": 4.86869, "92": 4.86935, "93": 4.88849, "94": 4.89623, "95": 4.89775, "96": 4.90549, "97": 4.90722, "98": 4.91726, "99": 4.92229, "100": 4.93201, "101": 4.93544, "102": 4.93624, "103": 4.94621, "104": 4.94659, "105": 4.96193, "106": 4.9684, "107": 4.97478, "108": 4.99099, "109": 4.99252, "110": 5.00112, "111": 5.00236, "112": 5.00426, "113": 5.00509, "114": 5.00963, "115": 5.01288, "116": 5.01347, "117": 5.01716, "118": 5.01904, "119": 5.02147, "120": 5.02524, "121": 5.02745, "122": 5.02849, "123": 5.02864, "124": 5.03798, "125": 5.04013, "126": 5.04098, "127": 5.04833, "128": 5.05145, "129": 5.05258, "130": 5.05987, "131": 5.05988, "132": 5.06258, "133": 5.06943, "134": 5.07179, "135": 5.07474, "136": 5.07519, "137": 5.08248, "138": 5.08733, "139": 5.08801, "140": 5.09077, "141": 5.09475, "142": 5.09615, "143": 5.09825, "144": 5.10213, "145": 5.10231, "146": 5.10488, "147": 5.12172, "148": 5.12566, "149": 5.12659, "150": 5.1266, "151": 5.12778, "152": 5.13124, "153": 5.13707, "154": 5.1382, "155": 5.13889, "156": 5.14255, "157": 5.14409, "158": 5.14622, "159": 5.1501, "160": 5.15014, "161": 5.15023, "162": 5.1507, "163": 5.15538, "164": 5.15707, "165": 5.15906, "166": 5.16623, "167": 5.16629, "168": 5.1667, "169": 5.17033, "170": 5.17065, "171": 5.17148, "172": 5.17193, "173": 5.17239, "174": 5.17375, "175": 5.17639, "176": 5.17919, "177": 5.17992, "178": 5.18637, "179": 5.18757, "180": 5.18826, "181": 5.18907, "182": 5.19018, "183": 5.1924, "184": 5.19258, "185": 5.19606, "186": 5.19903, "187": 5.20018, "188": 5.20108, "189": 5.20142, "190": 5.20153, "191": 5.20224, "192": 5.20311, "193": 5.20372, "194": 5.20438, "195": 5.20482, "196": 5.20587, "197": 5.20647, "198": 5.20651, "199": 5.20846, "200": 5.20854, "201": 5.20998, "202": 5.21199, "203": 5.2128, "204": 5.21314, "205": 5.2138, "206": 5.21398, "207": 5.21464, "208": 5.21494, "209": 5.215, "210": 5.21905, "211": 5.21954, "212": 5.21979, "213": 5.2205, "214": 5.22148, "215": 5.22164, "216": 5.22184, "217": 5.22196, "218": 5.22288, "219": 5.22334, "220": 5.22344, "221": 5.2236, "222": 5.22421, "223": 5.22438, "224": 5.22466, "225": 5.22623, "226": 5.22708, "227": 5.22717, "228": 5.22759, "229": 5.22791, "230": 5.22857, "231": 5.22867, "232": 5.22888, "233": 5.22917, "234": 5.23008, "235": 5.23065, "236": 5.23096, "237": 5.23142, "238": 5.23146, "239": 5.23305, "240": 5.23315, "241": 5.23449, "242": 5.2348, "243": 5.23494, "244": 5.23518, "245": 5.23544, "246": 5.23603, "247": 5.23619, "248": 5.23638, "249": 5.23647, "250": 5.23669, "251": 5.2368, "252": 5.237, "253": 5.23713, "254": 5.23762, "255": 5.23764, "256": 5.23883}, "SolveResult": 0, "UpperBounds": {"1": 5.2434}, "MaxQueueSize": 47, "VisitedNodes": 513, "BranchingVars": [1, 0, 6, 0, 5, 4, 1, 3, 3, 3, 5, 4, 4, 6, 2, 1, 3, 6, 2, 3, 5, 2, 6, 5, 0, 0, 4, 0, 4, 2, 3, 4, 5, 5, 6, 5, 6, 2, 1, 0, 0, 2, 4, 0, 5, 5, 3, 2, 0, 4, 0, 2, 5, 3, 1, 4, 2, 5, 1, 1, 5, 2, 1, 6, 0, 5, 1, 4, 5, 3, 4, 4, 0, 3, 4, 5, 4, 3, 1, 2, 4, 5, 2, 3, 2, 3, 6, 1, 1, 6, 4, 3, 0, 2, 3, 2, 0, 5, 5, 1, 2, 2, 2, 6, 0, 3, 0, 0, 2, 4, 6, 0, 6, 5, 6, 2, 2, 1, 5, 1, 4, 6, 0, 6, 5, 6, 5, 4, 3, 6, 2, 6, 0, 2, 0, 2, 4, 6, 6, 4, 5, 3, 0, 4, 0, 0, 5, 3, 0, 2, 6, 0, 1, 3, 6, 3, 4, 5, 2, 2, 0, 5, 4, 3, 4, 2, 2, 0, 4, 0, 2, 0, 1, 4, 3, 0, 5, 2, 2, 0, 0, 6, 0, 5, 3, 5, 2, 3, 3, 4, 4, 5, 4, 3, 6, 5, 2, 5, 3, 4, 2, 5, 6, 6, 5, 2, 3, 6, 0, 5, 5, 4, 3, 0, 0, 0, 5, 5, 1, 5, 2, 4, 2, 0, 3, 5, 6, 6, 6, 6, 2, 2, 2, 4, 6, 4, 4, 4, 0, 4, 2, 0, 3, 5, 5, 2, 0, 5, 6, 5, 5, 5, 5, 0, 2, 5], "NonLinearTime": 0.0971094, "OptimalityGap": 0.00457111,