{"Itbt": 0, "Pace": 0.0333983, "Depth": 14, "Degree": 2, "RPSTime": 3.19561, "FBBTTime": 0, "OBBTTime": 0, "TotalTime": 17.1969, "Iterations": 158, "LinearTime": 1.97045, "LowerBound": -2412.74, "TimeVector": [0.577479, 0.74829, 0.913569, 1.08939, 1.2675, 1.40644, 1.54402, 1.74099, 1.86614, 1.96897, 2.07787, 2.18208, 2.30509, 2.43103, 2.55646, 2.72549, 2.84113, 2.95668, 3.06908, 3.18434, 3.29948, 3.39466, 3.49258, 3.5898, 3.68348, 3.76821, 3.85534, 3.9645, 4.07414, 4.17892, 4.26947, 4.41133, 4.51834, 4.61893, 4.71658, 4.81163, 4.9083, 5.0023, 5.10207, 5.2005, 5.30421, 5.39501, 5.4898, 5.58464, 5.67859, 5.77288, 5.86293, 5.9504, 6.05353, 6.15203, 6.25053, 6.35232, 6.45748, 6.55279, 6.65634, 6.7516, 6.84667, 6.93805, 7.03757, 7.14326, 7.24274, 7.33756, 7.42809, 7.56298, 7.65903, 7.75963, 7.8554, 7.94953, 8.04698, 8.13603, 8.21964, 8.30242, 8.39596, 8.48448, 8.5751, 8.66325, 8.74632, 8.831, 8.9229, 9.01081, 9.09423, 9.19749, 9.29554, 9.39748, 9.49405, 9.59516, 9.69199, 9.78948, 9.88522, 9.97822, 10.0736, 10.1651, 10.2502, 10.3329, 10.4231, 10.5143, 10.6001, 10.7009, 10.7977, 10.896, 10.9987, 11.0975, 11.1996, 11.2984, 11.3963, 11.4791, 11.5615, 11.6413, 11.7231, 11.8056, 11.9016, 11.9906, 12.0799, 12.1679, 12.2511, 12.3349, 12.4252, 12.5157, 12.6001, 12.6849, 12.769, 12.8525, 12.9327, 13.0142, 13.1117, 13.2968, 13.4672, 13.6265, 13.7323, 13.8373, 13.9396, 14.0363, 14.1324, 14.2311, 14.322, 14.4171, 14.5068, 14.6913, 14.8598, 15.0308, 15.1865, 15.2802, 15.3729, 15.4615, 15.5513, 15.6539, 15.7516, 15.858, 15.9642, 16.0618, 16.1554, 16.2587, 16.4186, 16.5727, 16.6664, 16.7577, 16.9302, 34.1271], "UpperBound": -2410.69, "rootBTTime": 0, "LowerBounds": {"1": -2513.72, "2": -2512.31, "4": -2510.36, "5": -2510.36, "6": -2510.33, "7": -2510.18, "8": -2493.68, "9": -2492.93, "10": -2481.79, "11": -2479.1, "12": -2479.1, "13": -2478.86, "14": -2476.63, "15": -2476.2, "16": -2460.99, "17": -2460.99, "18": -2459.71, "20": -2458.24, "21": -2458.22, "22": -2454.06, "23": -2453.67, "25": -2451.07, "26": -2451.01, "28": -2449.15, "29": -2449.06, "30": -2449.06, "31": -2448.35, "33": -2447.96, "34": -2447.66, "36": -2447.54, "37": -2447.54, "38": -2447.42, "39": -2447.42, "40": -2446.16, "41": -2446.08, "43": -2445.61, "44": -2445.61, "45": -2445.52, "46": -2445.52, "49": -2445.5, "50": -2444.8, "52": -2442.98, "53": -2442, "54": -2441.67, "55": -2441.64, "56": -2441.28, "58": -2440.7, "59": -2440.69, "60": -2440.5, "61": -2440.16, "62": -2440.02, "63": -2439.96, "65": -2439.27, "66": -2439.17, "67": -2438.88, "68": -2438.88, "69": -2438.46, "70": -2425.34, "71": -2424.27, "73": -2423.13, "74": -2421.25, "75": -2420.62, "76": -2420.21, "77": -2419.92, "78": -2419.92, "79": -2419.17, "80": -2416.4, "82": -2415.62, "84": -2415.62, "92": -2415.62, "93": -2415.31, "95": -2415.1, "97": -2414.91, "98": -2414.9, "100": -2414.9, "106": -2414.74, "111": -2414.72, "112": -2414.54, "121": -2414.54, "125": -2414.45, "126": -2414.26, "127": -2414.26, "128": -2414.19, "129": -2414.07, "136": -2414, "137": -2414, "138": -2413.97, "139": -2413.97, "140": -2413.97, "142": -2413.71, "143": -2413.71, "144": -2413.69, "146": -2413.58, "148": -2413.58, "153": -2413.58, "154": -2413.58, "155": -2413.38, "157": -2413.34, "158": -2412.74}, "SolveResult": 0, "UpperBounds": {"1": -2410.69}, "MaxQueueSize": 37, "VisitedNodes": 317, "BranchingVars": [53, 50, 50, 51, 51, 51, 51, 50, 50, 52, 52, 52, 52, 52, 52, 53, 53, 53, 53, 53, 53, 51, 51, 51, 49, 51, 51, 49, 49, 49, 51, 51, 49, 51, 51, 51, 51, 51, 51, 49, 49, 49, 51, 51, 51, 51, 51, 51, 49, 51, 51, 49, 49, 51, 49, 49, 49, 51, 51, 49, 51, 51, 51, 51, 51, 51, 51, 51, 51, 19, 19, 19, 19, 19, 19, 19, 19, 19, 19, 19, 19, 34, 51, 34, 34, 34, 51, 51, 34, 51, 51, 51, 19, 19, 51, 51, 19, 34, 51, 34, 69, 51, 34, 51, 51, 19, 51, 51, 51, 51, 51, 51, 51, 51, 51, 51, 51, 51, 51, 51, 51, 51, 51, 51, 51, 60, 70, 51, 34, 34, 51, 51, 34, 51, 51, 51, 51, 56, 50, 56, 50, 51, 51, 51, 51, 34, 51, 34, 51, 34, 51, 51, 50, 50, 51, 51, 52, 52], "NonLinearTime": 0.903263, "OptimalityGap": 2.05543,