{"Itbt": 0, "Pace": 0.0348741, "Depth": 13, "Degree": 2, "RPSTime": 0.256671, "FBBTTime": 0, "OBBTTime": 0, "TotalTime": 2.24103, "Iterations": 106, "LinearTime": 0.404094, "LowerBound": -550.321, "TimeVector": [0.349964, 0.383064, 0.417239, 0.483048, 0.544195, 0.55906, 0.573437, 0.606401, 0.621066, 0.635564, 0.650101, 0.664519, 0.679764, 0.694096, 0.707951, 0.771983, 0.78709, 0.801161, 0.816047, 0.831896, 0.845922, 0.861077, 0.875911, 0.890604, 0.905927, 0.921644, 0.937715, 0.951609, 0.968183, 0.983528, 0.997902, 1.05647, 1.07118, 1.085, 1.10072, 1.11563, 1.13188, 1.14799, 1.16205, 1.17671, 1.19257, 1.20943, 1.22522, 1.24117, 1.25607, 1.27297, 1.28891, 1.30316, 1.32045, 1.33519, 1.35192, 1.36673, 1.37824, 1.39304, 1.40949, 1.42544, 1.44182, 1.45765, 1.47332, 1.48864, 1.50471, 1.51893, 1.53281, 1.56876, 1.58549, 1.60142, 1.61695, 1.63356, 1.64934, 1.66529, 1.677, 1.69346, 1.70879, 1.72443, 1.73963, 1.75198, 1.76835, 1.78386, 1.79985, 1.81589, 1.83135, 1.84691, 1.86287, 1.87744, 1.89319, 1.90909, 1.92378, 1.93904, 1.95372, 1.97034, 1.98633, 2.00258, 2.01845, 2.0349, 2.0518, 2.06797, 2.08412, 2.09814, 2.11447, 2.12927, 2.14449, 2.16116, 2.17607, 2.19212, 2.20789, 4.44891], "UpperBound": -549.803, "rootBTTime": 0, "LowerBounds": {"1": -574.783, "4": -569.121, "5": -568.534, "6": -568.074, "7": -565.04, "8": -564.494, "9": -563.372, "12": -561.973, "13": -561.712, "14": -561.538, "15": -561.06, "16": -560.832, "17": -560.752, "18": -560.098, "19": -559.929, "20": -559.842, "21": -558.977, "22": -558.934, "23": -558.719, "24": -558.587, "25": -558.275, "26": -557.478, "27": -557.422, "28": -556.832, "29": -556.688, "30": -556.524, "31": -556.295, "32": -555.979, "33": -555.953, "34": -555.876, "35": -555.848, "36": -555.778, "37": -555.62, "38": -555.345, "39": -555.32, "40": -554.921, "41": -554.872, "42": -554.759, "43": -554.758, "44": -554.694, "45": -554.502, "46": -554.455, "47": -554.43, "48": -554.237, "49": -554.218, "50": -554.212, "51": -554.099, "52": -553.887, "54": -553.692, "55": -553.513, "56": -553.487, "57": -553.448, "58": -553.372, "59": -553.254, "60": -553.175, "62": -553.144, "63": -552.754, "64": -552.738, "65": -552.672, "66": -552.09, "67": -552.07, "68": -551.955, "69": -551.895, "70": -551.797, "71": -551.709, "72": -551.703, "73": -551.687, "74": -551.68, "75": -551.587, "77": -551.407, "78": -551.322, "79": -551.274, "80": -551.27, "81": -551.107, "82": -551.079, "83": -551.053, "84": -551.037, "85": -550.993, "86": -550.967, "87": -550.888, "88": -550.863, "89": -550.824, "90": -550.758, "91": -550.7, "92": -550.699, "93": -550.689, "94": -550.637, "95": -550.624, "96": -550.622, "97": -550.586, "98": -550.582, "99": -550.566, "100": -550.504, "101": -550.495, "102": -550.447, "103": -550.437, "104": -550.358, "105": -550.357, "106": -550.321}, "SolveResult": 0, "UpperBounds": {"1": -509.783, "2": -549.803}, "MaxQueueSize": 28, "VisitedNodes": 213, "BranchingVars": [6, 10, 10, 12, 12, 3, 10, 4, 1, 3, 3, 0, 0, 6, 4, 2, 2, 10, 12, 4, 4, 4, 12, 4, 3, 0, 4, 0, 12, 0, 0, 4, 12, 0, 10, 4, 1, 8, 10, 0, 0, 0, 12, 0, 2, 4, 3, 6, 1, 0, 1, 4, 4, 3, 3, 3, 10, 12, 12, 8, 0, 0, 6, 12, 4, 3, 8, 12, 0, 0, 4, 1, 12, 0, 12, 12, 1, 4, 4, 0, 10, 0, 0, 12, 3, 0, 8, 0, 12, 3, 0, 3, 10, 10, 3, 3, 0, 4, 3, 0, 12, 12, 3, 12, 4, 0], "NonLinearTime": 0.408506, "OptimalityGap": 0.51787, "BranchingRules": ["sum_dual_weighted_plus1_rel", "sum_dual_weighted_plus1_rel", "sum_dual_weighted_plus1_rel", "sum_rescaled_var_range_weighted_rel", "sum_dual_weighted_plus1_rel", "eigen_cen_alternative", "sum_dual_weighted_plus1_rel", "sum_dual_weighted_plus1_rel", "sum_dual_weighted_plus1_rel", "sum_rescaled_var_range_weighted_rel", "sum_rescaled_var_range_weighted_rel", "sum_dual_weighted_plus1_rel", "sum_dual_weighted_plus1_rel", "sum_dual_weighted_plus1_rel", "sum_dual_weighted_plus1_rel", "sum_rescaled_var_range_weighted_rel", "sum_rescaled_var_range_weighted_rel", "sum_dual_weighted_plus1_rel", "sum_dual_weighted_plus1_rel", "sum_dual_weighted_plus1_rel", "sum_rescaled_var_range_weighted_rel", "eigen_cen_alternative", "sum_dual_weighted_plus1_rel", "sum_dual_weighted_plus1_rel", "sum_dual_weighted_plus1_rel", "sum_dual_weighted_plus1_rel", "sum_dual_weighted_plus1_rel", "sum_dual_weighted_plus1_rel", "sum_dual_weighted_plus1_rel", "sum_rescaled_var_range_weighted_rel", "sum_rescaled_var_range_weighted_rel", "sum_dual_weighted_plus1_rel", "sum_dual_weighted_plus1_rel", "sum_dual_weighted_plus1_rel", "sum_dual_weighted_plus1_rel", "sum_dual_weighted_plus1_rel", "sum_rescaled_var_range_weighted_rel", "sum_dual_weighted_plus1_rel", "sum_dual_weighted_plus1_rel", "sum_dual_weighted_plus1_rel", "sum_dual_weighted_plus1_rel", "eigen_cen_alternative", "sum_dual_weighted_plus1_rel", "eigen_cen_alternative", "sum_rescaled_var_range_weighted_rel", "sum_dual_weighted_plus1_rel", "eigen_cen_alternative", "sum_dual_weighted_plus1_rel", "sum_dual_weighted_plus1_rel", "sum_dual_weighted_plus1_rel", "sum_rescaled_var_range_weighted_rel", "sum_dual_weighted_plus1_rel", "sum_dual_weighted_plus1_rel", "sum_dual_weighted_plus1_rel", "eigen_cen_alternative", "sum_rescaled_var_range_weighted_rel", "sum_dual_weighted_plus1_rel", "sum_dual_weighted_plus1_rel", "sum_dual_weighted_plus1_rel", "sum_dual_weighted_plus1_rel", "sum_dual_weighted_plus1_rel", "sum_dual_weighted_plus1_rel", "sum_rescaled_var_range_weighted_rel", "sum_dual_weighted_plus1_rel", "sum_rescaled_var_range_weighted_rel", "eigen_cen_alternative", "sum_dual_weighted_plus1_rel", "sum_dual_weighted_plus1_rel", "sum_dual_weighted_plus1_rel", "sum_dual_weighted_plus1_rel", "sum_rescaled_var_range_weighted_rel", "sum_dual_weighted_plus1_rel", "sum_dual_weighted_plus1_rel", "sum_dual_weighted_plus1_rel", "sum_dual_weighted_plus1_rel", "sum_dual_weighted_plus1_rel", "sum_dual_weighted_plus1_rel", "sum_dual_weighted_plus1_rel", "sum_dual_weighted_plus1_rel", "sum_dual_weighted_plus1", "sum_rescaled_var_range_weighted_rel", "eigen_cen_alternative", "sum_dual_weighted_plus1", "sum_dual_weighted_plus1_rel", "sum_dual_weighted_plus1_rel", "eigen_cen_alternative", "sum_dual_weighted_plus1_rel", "sum_dual_weighted_plus1_rel", "sum_dual_weighted_plus1_rel", "eigen_cen_alternative", "sum_dual_weighted_plus1_rel", "sum_rescaled_var_range_weighted_rel", "sum_rescaled_var_range_weighted_rel", "sum_dual_weighted_plus1", "sum_rescaled_var_range_weighted_rel", "sum_dual_weighted_plus1_rel", "sum_dual_weighted_plus1_rel", "sum_dual_weighted_plus1_rel", "sum_dual_weighted_plus1_rel", "sum_dual_weighted_plus1_rel", "sum_dual_weighted_plus1", "sum_dual_weighted_plus1", "sum_rescaled_var_range_weighted", "sum_dual_weighted_plus1", "sum_dual_weighted_plus1_rel", "sum_dual_weighted_plus1_rel"], "LBImprovements": [0, 5.66163, 6.24861, 4.08068, 5.16215, 3.57919, 3.50199, 2.78214, 0, 1.39889, 2.31167, 2.13138, 1.78354, 2.56119, 2.47346, 4.30797, 4.79901, 4.77837, 3.24051, 2.42006, 4.7404, 4.50423, 1.24109, 2.29131, 7.00151, 1.85747, 1.64343, 20.4417, 1.34353, 0.545261, 2.40813, 1.28509, 1.03177, 5.38109, 2.47597, 1.5665, 0.860685, 3.64186, 2.58215, 0.466668, 2.91687, 1.27238, 2.96115, 94.0006, 0.283717, 1.78263, 5.49527, 4.03089, 0.705776, 2.52413, 7.66692, 2.29998, 2.29998, 5.6903, 2.45964, 1.41711, 2.585, 1.28129, 0.0793354, 0, 1.76765, 149.334, 54.2249, 2.30103, 1.70518, 1.01162, 1.24584, 1.846, 5.1542, 21.4607, 149.731, 7.56588, 0.998796, 3.74841, 1.45573, 1.45573, 0.707379, 0.215458, 0.688048, 2.86354, 0.218373, 0.721589, 2.97813, 1.99767, 0.99833, 0.329654, 1.16096, 2.64498, 0.848922, 0.453135, 1.06946, 0.73504, 0.184922, 0.190392, 0.349525, 0.598455, 1.11782, 0.298038, 4.51918, 0.661461, 1.69811, 0.296348, 2.09395, 0.346682, 1.96558, 2.09308], "InfeasibleNodes": 19, "ElapsedTimeCoeffs": 0, "LinearizationTime": 0.000205894, "NumberOfVariables": 33, "CallsToLinearSolver": 213, "LinearGenerationTime": 0.116515, "SDPCutsGenerationTime": 0, "CallsToNonLinearSolver": 10, "StrongBranchingExtraTime": 1.38791, "ElapsedTimeWeightedCoeffs": 0,