{"Itbt": 0, "Pace": 0.271477, "Depth": 26, "Degree": 2, "RPSTime": 0.63099, "FBBTTime": 0, "OBBTTime": 0, "TotalTime": 10.2369, "Iterations": 264, "LinearTime": 0.633053, "LowerBound": -550.333, "TimeVector": [0.292523, 2.40227, 2.50411, 2.58777, 2.71681, 2.73212, 2.74718, 2.7885, 2.80217, 2.81773, 2.83152, 2.84637, 2.86075, 2.87428, 2.88834, 3.09387, 3.10692, 3.12151, 3.13679, 3.15228, 3.16698, 3.18256, 3.19702, 3.21243, 3.22735, 3.24249, 3.25802, 3.2741, 3.2888, 3.30203, 3.31715, 3.71068, 3.72605, 3.74257, 3.75881, 3.77458, 3.79093, 3.8065, 3.82235, 3.83752, 3.85362, 3.86975, 3.88629, 3.90318, 3.91919, 3.93417, 3.95069, 3.96655, 3.98258, 3.99845, 4.01408, 4.02819, 4.04356, 4.05996, 4.07232, 4.08844, 4.10102, 4.11778, 4.13374, 4.14944, 4.16233, 4.17887, 4.19175, 6.63648, 6.65073, 6.66556, 6.68126, 6.69692, 6.71257, 6.72815, 6.74223, 6.75617, 6.77183, 6.78693, 6.80302, 6.82022, 6.83645, 6.8531, 6.86866, 6.88446, 6.90186, 6.91838, 6.93516, 6.94984, 6.96625, 6.98051, 6.99711, 7.01361, 7.03001, 7.04686, 7.06308, 7.07929, 7.09376, 7.11084, 7.12594, 7.14127, 7.15743, 7.17338, 7.18966, 7.20738, 7.22639, 7.24329, 7.25697, 7.27252, 7.28964, 7.30607, 7.32201, 7.33919, 7.35409, 7.3705, 7.38695, 7.40282, 7.41958, 7.43514, 7.45305, 7.46789, 7.48443, 7.50103, 7.51656, 7.53338, 7.54964, 7.5662, 7.58284, 7.59689, 7.61058, 7.62659, 7.64352, 7.78606, 7.79975, 7.81466, 7.83155, 7.84596, 7.86335, 7.87648, 7.89077, 7.90582, 7.9211, 7.93592, 7.95227, 7.96943, 7.98673, 8.00491, 8.02293, 8.03853, 8.05561, 8.07328, 8.08906, 8.10608, 8.12253, 8.13908, 8.15392, 8.16845, 8.18299, 8.19785, 8.21472, 8.23093, 8.2457, 8.26263, 8.28003, 8.29634, 8.31366, 8.33004, 8.34616, 8.36358, 8.38128, 8.39832, 8.41302, 8.42965, 8.44576, 8.46318, 8.48032, 8.49756, 8.51446, 8.53066, 8.54537, 8.5624, 8.57897, 8.59409, 8.61166, 8.6291, 8.64533, 8.66193, 8.67927, 8.69699, 8.71468, 8.73155, 8.74715, 8.76446, 8.78201, 8.79827, 8.81337, 8.8309, 8.84824, 8.86575, 8.88347, 8.89999, 8.91688, 8.93454, 8.95106, 8.96803, 8.98275, 8.99778, 9.0149, 9.03113, 9.04725, 9.06527, 9.07955, 9.0956, 9.10872, 9.12637, 9.14357, 9.16008, 9.17614, 9.19249, 9.20769, 9.22492, 9.24293, 9.25947, 9.27444, 9.29142, 9.30926, 9.32157, 9.33735, 9.35365, 9.36992, 9.38802, 9.4052, 9.42191, 9.43775, 9.4503, 9.46638, 9.48371, 9.49762, 9.51489, 9.5316, 9.54878, 9.56553, 9.58258, 9.59854, 9.61533, 9.6326, 9.64947, 9.66459, 9.68085, 9.6973, 9.71428, 9.73117, 9.74781, 9.76415, 9.78026, 9.79679, 9.813, 9.82945, 9.84563, 9.86239, 10.0849, 10.0967, 10.1126, 10.1288, 10.1458, 10.1578, 10.1752, 10.1919, 20.4287], "UpperBound": -549.803, "rootBTTime": 0, "LowerBounds": {"1": -574.783, "4": -572.995, "7": -572.828, "8": -572.181, "9": -572.16, "10": -572.117, "11": -570.45, "12": -569.306, "13": -569.298, "14": -568.531, "15": -568.299, "16": -568.013, "17": -567.564, "18": -566.88, "22": -566.78, "23": -565.443, "25": -565.287, "26": -565.215, "27": -564.641, "28": -564.429, "29": -564.361, "31": -564.131, "32": -564.091, "33": -563.713, "34": -563.711, "35": -563.493, "36": -563.342, "38": -563.324, "39": -563.003, "40": -563.003, "41": -562.873, "42": -562.804, "43": -562.685, "44": -562.621, "45": -562.612, "46": -562.456, "47": -562.442, "49": -562.197, "50": -562.034, "51": -562.017, "52": -561.798, "54": -561.722, "55": -561.525, "56": -561.46, "57": -561.438, "58": -561.324, "59": -561.08, "60": -561.08, "61": -560.848, "62": -560.847, "63": -560.809, "64": -560.741, "65": -560.448, "66": -560.394, "67": -560.36, "69": -560.077, "70": -559.805, "71": -559.584, "72": -559.342, "73": -559.235, "74": -559.171, "75": -559.036, "76": -558.925, "77": -558.905, "78": -558.861, "79": -558.749, "80": -558.746, "81": -558.62, "82": -558.35, "83": -558.239, "84": -557.885, "85": -557.879, "86": -557.872, "87": -557.075, "89": -557.064, "91": -556.927, "92": -556.902, "93": -556.847, "94": -556.629, "95": -556.575, "96": -556.568, "97": -556.469, "98": -556.373, "99": -556.275, "100": -556.086, "101": -556.083, "102": -556.05, "103": -555.95, "104": -555.903, "105": -555.802, "106": -555.689, "107": -555.608, "108": -555.483, "109": -555.451, "110": -555.413, "111": -555.403, "112": -555.095, "113": -555.04, "114": -555.015, "115": -554.991, "116": -554.913, "117": -554.905, "118": -554.691, "119": -554.662, "120": -554.616, "121": -554.535, "122": -554.535, "123": -554.434, "124": -554.408, "126": -554.346, "127": -554.254, "128": -554.166, "129": -554.067, "130": -553.878, "131": -553.847, "132": -553.654, "134": -553.577, "138": -553.435, "139": -553.396, "140": -553.387, "141": -553.09, "142": -553.039, "144": -552.976, "145": -552.973, "146": -552.963, "147": -552.957, "149": -552.9, "150": -552.899, "151": -552.898, "155": -552.662, "156": -552.649, "157": -552.552, "158": -552.522, "160": -552.406, "161": -552.402, "162": -552.401, "163": -552.399, "164": -552.355, "165": -552.308, "166": -552.264, "167": -552.17, "168": -552.146, "169": -552.086, "170": -552.071, "171": -552.025, "172": -552.015, "177": -551.985, "178": -551.95, "179": -551.941, "180": -551.819, "181": -551.815, "182": -551.739, "183": -551.652, "184": -551.646, "185": -551.609, "186": -551.557, "187": -551.518, "188": -551.518, "189": -551.472, "190": -551.464, "191": -551.444, "192": -551.336, "193": -551.31, "194": -551.222, "195": -551.21, "196": -551.199, "197": -551.182, "198": -551.152, "199": -551.15, "200": -551.129, "201": -551.118, "202": -551.092, "203": -551.077, "210": -551.007, "211": -551.003, "212": -550.987, "213": -550.98, "214": -550.943, "215": -550.929, "216": -550.919, "217": -550.896, "218": -550.851, "219": -550.789, "220": -550.786, "222": -550.747, "223": -550.73, "224": -550.701, "225": -550.695, "226": -550.676, "227": -550.675, "228": -550.668, "229": -550.662, "230": -550.657, "231": -550.649, "232": -550.606, "233": -550.59, "234": -550.583, "235": -550.576, "236": -550.561, "237": -550.552, "238": -550.55, "239": -550.545, "242": -550.54, "243": -550.537, "244": -550.537, "245": -550.533, "246": -550.507, "247": -550.501, "248": -550.499, "249": -550.488, "250": -550.478, "251": -550.458, "252": -550.451, "253": -550.443, "254": -550.419, "255": -550.407, "256": -550.4, "257": -550.394, "258": -550.384, "259": -550.381, "260": -550.372, "261": -550.367, "262": -550.366, "263": -550.366, "264": -550.333}, "SolveResult": 0, "UpperBounds": {"1": -509.783, "2": -547.236, "5": -549.803}, "MaxQueueSize": 44, "VisitedNodes": 529, "BranchingVars": [9, 4, 7, 3, 1, 5, 11, 12, 1, 12, 12, 12, 12, 6, 4, 5, 10, 3, 1, 1, 10, 8, 1, 8, 7, 8, 11, 8, 3, 10, 3, 12, 1, 8, 8, 3, 1, 7, 12, 12, 7, 11, 8, 3, 1, 12, 5, 5, 1, 8, 7, 1, 3, 3, 12, 7, 12, 7, 11, 11, 3, 5, 4, 1, 3, 8, 11, 7, 3, 11, 6, 4, 3, 6, 4, 7, 6, 3, 3, 5, 9, 1, 7, 9, 7, 9, 3, 8, 1, 8, 8, 5, 1, 9, 7, 9, 7, 12, 1, 3, 11, 3, 11, 3, 1, 1, 11, 8, 8, 12, 9, 9, 11, 9, 8, 9, 8, 12, 7, 12, 12, 12, 1, 4, 7, 7, 7, 12, 11, 1, 3, 1, 5, 12, 5, 4, 11, 8, 10, 3, 3, 5, 5, 5, 7, 12, 7, 7, 9, 1, 6, 4, 4, 12, 5, 7, 7, 3, 8, 3, 9, 11, 12, 8, 7, 8, 12, 7, 5, 5, 5, 9, 3, 8, 1, 8, 5, 11, 1, 7, 8, 8, 7, 8, 7, 8, 4, 3, 7, 7, 8, 10, 7, 8, 5, 8, 5, 1, 7, 5, 1, 1, 9, 3, 3, 1, 1, 1, 1, 1, 9, 5, 5, 3, 5, 3, 8, 3, 7, 9, 7, 12, 5, 3, 7, 9, 7, 1, 12, 1, 7, 8, 3, 3, 7, 12, 7, 9, 9, 1, 7, 5, 3, 1, 9, 11, 8, 3, 5, 3, 8, 7, 11, 9, 11, 7, 5, 3, 8, 3, 3, 3, 3, 12], "NonLinearTime": 5.91036, "OptimalityGap": 0.529501,