{"Itbt": 0, "Pace": 1549.81, "Depth": 39, "Degree": 2, "RPSTime": 1.77767, "FBBTTime": 0, "OBBTTime": 0, "TotalTime": 8.09733, "Iterations": 153, "LinearTime": 1.02992, "LowerBound": -3500, "TimeVector": [0.374049, 0.425903, 0.477453, 0.530159, 0.58171, 0.635191, 0.686033, 0.736537, 0.78873, 0.836087, 0.88651, 0.935707, 0.988535, 1.03417, 1.07903, 1.13195, 1.17767, 1.22545, 1.27842, 1.32357, 1.37471, 1.42824, 1.47842, 1.52685, 1.57174, 1.61911, 1.6714, 1.7249, 1.77591, 1.82449, 1.8714, 1.92704, 1.97207, 2.02122, 2.07045, 2.1183, 2.16518, 2.21332, 2.25922, 2.31138, 2.36024, 2.40733, 2.45664, 2.50006, 2.54683, 2.59717, 2.65055, 2.69754, 2.74503, 2.78937, 2.83569, 2.88316, 2.93241, 2.97749, 3.02352, 3.07076, 3.11759, 3.16262, 3.2118, 3.26062, 3.31035, 3.35368, 3.39924, 3.45426, 3.50973, 3.5606, 3.61181, 3.6653, 3.71783, 3.76776, 3.8174, 3.86697, 3.91566, 3.96119, 4.00668, 4.05305, 4.09925, 4.14737, 4.19569, 4.24408, 4.2955, 4.34834, 4.40408, 4.45745, 4.50584, 4.55369, 4.59753, 4.64323, 4.69079, 4.73938, 4.78741, 4.8365, 4.88469, 4.93387, 4.98198, 5.03072, 5.0871, 5.13573, 5.18265, 5.2286, 5.27622, 5.32492, 5.37152, 5.41893, 5.47182, 5.51863, 5.5681, 5.61652, 5.66645, 5.71661, 5.76409, 5.81355, 5.86054, 5.9062, 5.95929, 6.01198, 6.06521, 6.11458, 6.17298, 6.22356, 6.28231, 6.33611, 6.38724, 6.44244, 6.49842, 6.5557, 6.61368, 6.67639, 6.73396, 6.79168, 6.84823, 6.90571, 6.96386, 7.02106, 7.07889, 7.13753, 7.19482, 7.25143, 7.30892, 7.36563, 7.42315, 7.48148, 7.5409, 7.60122, 7.65745, 7.71985, 7.77824, 7.83896, 7.89981, 7.9602, 8.01711, 8.07403, 16.1714], "UpperBound": -3500, "rootBTTime": 0, "LowerBounds": {"1": -3500, "153": -3500}, "SolveResult": 0, "UpperBounds": {"1": 179769000000000000000000000000000000000000000000000000000000000000000000000000000000000000000000000000000000000000000000000000000000000000000000000000000000000000000000000000000000000000000000000000000000000000000000000000000000000000000000000000000000000000000000000000000000000000000000000000000000000000000, "153": -3500}, "MaxQueueSize": 148, "VisitedNodes": 305, "BranchingVars": [45, 50, 50, 40, 40, 49, 49, 44, 39, 50, 44, 50, 39, 45, 9, 45, 40, 11, 52, 51, 46, 9, 50, 44, 39, 40, 27, 44, 47, 47, 44, 51, 42, 44, 39, 53, 53, 44, 52, 39, 39, 39, 52, 52, 49, 47, 44, 48, 48, 47, 39, 48, 52, 45, 44, 41, 9, 43, 42, 44, 47, 44, 47, 42, 44, 47, 27, 11, 41, 46, 40, 40, 40, 53, 53, 53, 53, 50, 38, 44, 36, 11, 37, 50, 49, 52, 51, 52, 48, 49, 45, 49, 2, 49, 49, 52, 49, 39, 42, 47, 10, 49, 44, 11, 11, 51, 1, 50, 44, 9, 27, 44, 1, 1, 9, 9, 10, 1, 11, 11, 51, 10, 11, 11, 11, 11, 11, 11, 11, 11, 37, 28, 11, 11, 11, 11, 11, 11, 11, 11, 11, 11, 11, 11, 11, 11, 11, 11, 11, 11, 11, 11], "NonLinearTime": 0.257019, "OptimalityGap": 0, "BranchingRules": ["eigen_cen_alternative_rel", "eigen_cen_alternative_rel", "eigen_cen_alternative_rel", "eigen_cen_alternative_rel", "eigen_cen_alternative_rel", "eigen_cen_alternative_rel", "eigen_cen_alternative_rel", "eigen_cen_alternative_rel", "eigen_cen_alternative_rel", "eigen_cen_alternative_rel", "eigen_cen_alternative_rel", "eigen_cen_alternative_rel", "eigen_cen_alternative_rel", "eigen_cen_alternative_rel", "sum_rescaled_var_range_weighted_rel", "eigen_cen_alternative_rel", "eigen_cen_alternative_rel", "sum_rescaled_var_range_weighted_rel", "eigen_cen_alternative_rel", "eigen_cen_alternative_rel", "eigen_cen_alternative_rel", "sum_rescaled_var_range_weighted_rel", "eigen_cen_alternative_rel", "eigen_cen_alternative_rel", "eigen_cen_alternative_rel", "eigen_cen_alternative_rel", "eigen_cen_alternative_rel", "eigen_cen_alternative_rel", "eigen_cen_alternative_rel", "eigen_cen_alternative_rel", "eigen_cen_alternative_rel", "eigen_cen_alternative_rel", "eigen_cen_alternative_rel", "eigen_cen_alternative_rel", "eigen_cen_alternative_rel", "eigen_cen_alternative_rel", "eigen_cen_alternative_rel", "eigen_cen_alternative_rel", "eigen_cen_alternative_rel", "eigen_cen_alternative_rel", "eigen_cen_alternative_rel", "eigen_cen_alternative_rel", "eigen_cen_alternative_rel", "eigen_cen_alternative_rel", "eigen_cen_alternative_rel", "eigen_cen_alternative_rel", "eigen_cen_alternative_rel", "eigen_cen_alternative_rel", "eigen_cen_alternative_rel", "eigen_cen_alternative_rel", "eigen_cen_alternative_rel", "eigen_cen_alternative_rel", "eigen_cen_alternative_rel", "eigen_cen_alternative_rel", "eigen_cen_alternative_rel", "eigen_cen_alternative_rel", "sum_rescaled_var_range_weighted_rel", "eigen_cen_alternative_rel", "eigen_cen_alternative_rel", "eigen_cen_alternative_rel", "eigen_cen_alternative_rel", "eigen_cen_alternative_rel", "eigen_cen_alternative_rel", "eigen_cen_alternative_rel", "eigen_cen_alternative_rel", "eigen_cen_alternative_rel", "eigen_cen_alternative_rel", "sum_rescaled_var_range_weighted_rel", "eigen_cen_alternative_rel", "eigen_cen_alternative_rel", "eigen_cen_alternative_rel", "eigen_cen_alternative_rel", "eigen_cen_alternative_rel", "eigen_cen_alternative_rel", "eigen_cen_alternative_rel", "eigen_cen_alternative_rel", "eigen_cen_alternative_rel", "eigen_cen_alternative_rel", "eigen_cen_alternative_rel", "eigen_cen_alternative_rel", "eigen_cen_alternative_rel", "sum_rescaled_var_range_weighted_rel", "eigen_cen_alternative_rel", "eigen_cen_alternative_rel", "eigen_cen_alternative_rel", "eigen_cen_alternative_rel", "eigen_cen_alternative_rel", "eigen_cen_alternative_rel", "eigen_cen_alternative_rel", "eigen_cen_alternative_rel", "eigen_cen_alternative_rel", "eigen_cen_alternative_rel", "sum_dual_weighted_plus1", "eigen_cen_alternative_rel", "eigen_cen_alternative_rel", "eigen_cen_alternative_rel", "eigen_cen_alternative_rel", "eigen_cen_alternative_rel", "eigen_cen_alternative_rel", "eigen_cen_alternative_rel", "sum_rescaled_var_range_weighted_rel", "eigen_cen_alternative_rel", "eigen_cen_alternative_rel", "sum_rescaled_var_range_weighted_rel", "sum_rescaled_var_range_weighted_rel", "eigen_cen_alternative_rel", "sum_dual_weighted_plus1", "eigen_cen_alternative_rel", "eigen_cen_alternative_rel", "sum_rescaled_var_range_weighted_rel", "eigen_cen_alternative_rel", "eigen_cen_alternative_rel", "eigen_cen_alternative_rel", "eigen_cen_alternative_rel", "eigen_cen_alternative_rel", "eigen_cen_alternative_rel", "eigen_cen_alternative_rel", "eigen_cen_alternative_rel", "eigen_cen_alternative_rel", "eigen_cen_alternative_rel", "eigen_cen_alternative", "eigen_cen_alternative_rel", "eigen_cen_alternative_rel", "eigen_cen_alternative_rel", "eigen_cen_alternative_rel", "eigen_cen_alternative_rel", "eigen_cen_alternative_rel", "eigen_cen_alternative_rel", "eigen_cen_alternative_rel", "eigen_cen_alternative_rel", "eigen_cen_alternative_rel", "sum_rescaled_var_range_weighted", "eigen_cen_alternative_rel", "eigen_cen_alternative_rel", "eigen_cen_alternative_rel", "eigen_cen_alternative_rel", "eigen_cen_alternative_rel", "eigen_cen_alternative_rel", "eigen_cen_alternative_rel", "eigen_cen_alternative_rel", "eigen_cen_alternative_rel", "eigen_cen_alternative_rel", "eigen_cen_alternative_rel", "eigen_cen_alternative_rel", "eigen_cen_alternative_rel", "eigen_cen_alternative_rel", "eigen_cen_alternative_rel", "eigen_cen_alternative_rel", "eigen_cen_alternative_rel", "eigen_cen_alternative_rel", "eigen_cen_alternative_rel", "eigen_cen_alternative_rel"],