{"Itbt": 0, "Pace": 0.552018, "Depth": 12, "Degree": 2, "RPSTime": 3.00772, "FBBTTime": 0, "OBBTTime": 0, "TotalTime": 25.7968, "Iterations": 96, "LinearTime": 2.38172, "LowerBound": -4544.11, "TimeVector": [1.76715, 2.6011, 4.23698, 4.79118, 5.79926, 5.98655, 6.18224, 7.12292, 7.31349, 7.49782, 7.689, 7.88059, 8.0698, 8.25543, 8.4484, 9.06676, 9.25472, 9.43715, 9.61938, 9.81416, 9.99847, 10.1901, 10.3809, 10.5722, 10.7558, 10.9494, 11.1387, 11.3237, 11.5121, 11.6969, 11.8799, 12.6695, 12.8496, 13.0359, 13.22, 13.4035, 13.5837, 13.7753, 13.9667, 14.1513, 14.3436, 14.5231, 14.7119, 14.8901, 15.0861, 15.2705, 15.4553, 15.6426, 15.8295, 16.0134, 16.2024, 16.38, 16.5662, 16.7506, 16.9397, 17.125, 17.3152, 17.5064, 17.6867, 17.8803, 18.0676, 18.2508, 18.4403, 19.0335, 19.2331, 19.4357, 19.6287, 19.8253, 20.0243, 20.2077, 20.4037, 20.6007, 20.7907, 20.984, 21.1735, 21.3642, 21.55, 21.743, 21.9308, 22.1154, 22.3133, 22.5074, 22.697, 22.8882, 23.0758, 23.2658, 23.4523, 23.6416, 23.8328, 24.0208, 24.2057, 24.4014, 24.6004, 24.7916, 24.9774, 50.7742], "UpperBound": -4539.91, "rootBTTime": 0, "LowerBounds": {"1": -4562.75, "2": -4551.27, "3": -4551.2, "4": -4551.2, "5": -4550.82, "6": -4550.82, "7": -4550.11, "9": -4550.11, "10": -4549.86, "12": -4549.86, "13": -4549.86, "14": -4549.29, "15": -4548.4, "16": -4548.4, "17": -4548.36, "18": -4548.23, "19": -4548.23, "20": -4548.22, "21": -4547.97, "22": -4547.87, "23": -4547.87, "24": -4547.85, "25": -4547.6, "26": -4547.59, "28": -4547.52, "29": -4547.44, "30": -4547.44, "32": -4547.42, "33": -4547.39, "34": -4547.37, "36": -4547.36, "37": -4547.32, "38": -4547.29, "39": -4547.26, "40": -4547.19, "41": -4547.19, "42": -4547.18, "43": -4547.16, "44": -4547.15, "45": -4547.15, "46": -4547.14, "47": -4547.14, "48": -4547.14, "49": -4547.03, "52": -4547.01, "54": -4547.01, "55": -4546.99, "56": -4546.99, "57": -4546.92, "58": -4546.91, "59": -4546.91, "60": -4546.91, "61": -4546.9, "62": -4546.85, "63": -4546.84, "64": -4546.83, "65": -4546.81, "66": -4546.81, "67": -4546.8, "68": -4546.79, "69": -4546.74, "70": -4546.71, "71": -4546.7, "72": -4546.6, "73": -4546.59, "74": -4546.59, "75": -4546.55, "76": -4546.45, "77": -4546.45, "79": -4546.04, "80": -4545.91, "81": -4545.91, "82": -4545.67, "85": -4545.67, "86": -4545.67, "87": -4545.65, "88": -4545.65, "90": -4545.65, "92": -4545.65, "93": -4545.65, "95": -4545.65, "96": -4544.11}, "SolveResult": 0, "UpperBounds": {"1": -3842.37, "2": -4539.91}, "MaxQueueSize": 37, "VisitedNodes": 193, "BranchingVars": [52, 55, 56, 56, 55, 55, 75, 55, 55, 56, 56, 56, 56, 56, 55, 55, 55, 56, 56, 56, 56, 56, 56, 56, 56, 55, 55, 56, 55, 75, 55, 56, 56, 56, 56, 56, 56, 52, 52, 52, 52, 56, 52, 56, 52, 52, 52, 56, 38, 52, 52, 38, 52, 52, 52, 52, 52, 52, 52, 52, 52, 52, 52, 52, 52, 52, 52, 52, 52, 52, 52, 52, 52, 52, 52, 52, 52, 52, 28, 52, 52, 28, 28, 28, 28, 28, 52, 52, 52, 52, 52, 52, 52, 52, 52, 52], "NonLinearTime": 7.42225, "OptimalityGap": 4.20273, "BranchingRules": ["sum_dual_weighted_plus1_rel", "sum_dual_weighted_plus1_rel", "sum_dual_weighted_plus1_rel", "sum_dual_weighted_plus1_rel", "sum_dual_weighted_plus1_rel", "sum_dual_weighted_plus1_rel", "sum_dual_weighted_plus1_rel", "sum_dual_weighted_plus1_rel", "sum_dual_weighted_plus1_rel", "sum_dual_weighted_plus1_rel", "sum_dual_weighted_plus1_rel", "sum_dual_weighted_plus1_rel", "sum_dual_weighted_plus1_rel", "sum_dual_weighted_plus1_rel", "sum_dual_weighted_plus1_rel", "sum_dual_weighted_plus1_rel", "sum_dual_weighted_plus1_rel", "sum_dual_weighted_plus1_rel", "sum_dual_weighted_plus1_rel", "sum_dual_weighted_plus1_rel", "sum_dual_weighted_plus1_rel", "sum_dual_weighted_plus1_rel", "sum_dual_weighted_plus1_rel", "sum_dual_weighted_plus1_rel", "sum_dual_weighted_plus1_rel", "sum_dual_weighted_plus1_rel", "sum_dual_weighted_plus1_rel", "sum_dual_weighted_plus1_rel", "sum_dual_weighted_plus1_rel", "sum_dual_weighted_plus1_rel", "sum_dual_weighted_plus1_rel", "sum_dual_weighted_plus1_rel", "sum_dual_weighted_plus1_rel", "sum_dual_weighted_plus1_rel", "sum_dual_weighted_plus1_rel", "sum_dual_weighted_plus1_rel", "sum_dual_weighted_plus1_rel", "sum_dual_weighted_plus1_rel", "sum_dual_weighted_plus1_rel", "sum_dual_weighted_plus1_rel", "sum_dual_weighted_plus1_rel", "sum_dual_weighted_plus1_rel", "sum_dual_weighted_plus1_rel", "sum_dual_weighted_plus1_rel", "sum_dual_weighted_plus1_rel", "sum_dual_weighted_plus1_rel", "sum_dual_weighted_plus1_rel", "sum_dual_weighted_plus1_rel", "sum_dual_weighted_plus1_rel", "sum_dual_weighted_plus1_rel", "sum_dual_weighted_plus1_rel", "sum_dual_weighted_plus1_rel", "sum_dual_weighted_plus1_rel", "sum_dual_weighted_plus1_rel", "sum_dual_weighted_plus1_rel", "sum_dual_weighted_plus1_rel", "sum_dual_weighted_plus1_rel", "sum_dual_weighted_plus1_rel", "sum_dual_weighted_plus1_rel", "sum_dual_weighted_plus1_rel", "sum_dual_weighted_plus1_rel", "sum_dual_weighted_plus1_rel", "sum_dual_weighted_plus1_rel", "sum_dual_weighted_plus1_rel", "sum_dual_weighted_plus1_rel", "sum_dual_weighted_plus1_rel", "sum_dual_weighted_plus1_rel", "sum_dual_weighted_plus1_rel", "sum_dual_weighted_plus1_rel", "sum_dual_weighted_plus1_rel", "sum_dual_weighted_plus1_rel", "sum_dual_weighted_plus1_rel", "sum_dual_weighted_plus1_rel", "sum_dual_weighted_plus1_rel", "sum_dual_weighted_plus1_rel", "sum_dual_weighted_plus1_rel", "sum_dual_weighted_plus1_rel", "sum_dual_weighted_plus1_rel", "sum_dual_weighted_plus1_rel", "sum_dual_weighted_plus1_rel", "sum_dual_weighted_plus1_rel", "sum_dual_weighted_plus1_rel", "sum_dual_weighted_plus1_rel", "sum_dual_weighted_plus1_rel", "sum_dual_weighted_plus1_rel", "sum_dual_weighted_plus1_rel", "sum_dual_weighted_plus1_rel", "sum_dual_weighted_plus1_rel", "sum_dual_weighted_plus1_rel", "sum_dual_weighted_plus1_rel", "sum_dual_weighted_plus1_rel", "sum_dual_weighted_plus1_rel", "sum_dual_weighted_plus1_rel", "sum_dual_weighted_plus1_rel", "sum_dual_weighted_plus1_rel", "sum_dual_weighted_plus1_rel"], "LBImprovements": [11.4755, 0.073037, 1.91259, 0.385843, 0.705054, 0.705054, 0, 0.245863, 1.74871, 1.63773, 1.46905, 1.63773, 1.6449, 1.31495, 0.951527, 0.523813, 0.920565, 0.832485, 0.703499, 0.37415, 0.657478, 0.27986, 0.266723, 0.482126, 0.185358, 0.399113, 0.217323, 0.347185, 0.300297, 0, 0.298404, 0.12867, 0.255933, 0.214775, 0.115722, 0.208525, 0.160895, 3.17559, 3.17061, 3.16055, 3.16055, 0.184045, 3.15526, 0.145359, 3.1545, 3.15296, 3.15281, 0.111837, 0, 3.14473, 3.14501, 0, 3.13784, 3.1376, 3.12936, 3.12817, 3.0978, 3.09443, 3.09432, 3.09343, 3.09008, 3.13815, 3.06691, 3.06185, 3.05252, 3.05032, 3.04642, 3.04146, 3.02135, 3.14705, 3.00576, 2.96107, 2.95632, 2.95632, 2.93798, 2.89511, 2.89389, 2.89389, 0.130028, 2.8831, 2.9709, 0.017204, 0.017204, 0.0171506, 0.017204, 0.017204, 2.84616, 2.8461, 2.8461, 2.8461, 2.8461, 2.91129, 2.91849, 2.91849, 2.91849, 2.91849], "InfeasibleNodes": 0, "ElapsedTimeCoeffs": 0, "LinearizationTime": 0.0183477, "NumberOfVariables": 212, "CallsToLinearSolver": 193, "LinearGenerationTime": 0.412141, "SDPCutsGenerationTime": 0, "CallsToNonLinearSolver": 10, "StrongBranchingExtraTime": 15.5097, "ElapsedTimeWeightedCoeffs": 0, "NodesDiscardedByFathoming": 1, "NodesDiscardedByTolerance": 96, "BoundFactorConstraintsTime": 0.088835, "ElapsedTimeVarsInConstraints": 0.000733896, "meanBTRelativeChangeRootNode": 0, "NumberOfBoundFactorConstraints": 848, "NumberOfLAPACKConvergenceFailures": 0, "NumberOfRLTVariablesAfterLinearization": 212}