{"Itbt": 0, "Pace": 240.587, "Depth": 2, "Degree": 2, "RPSTime": 0.00343652, "FBBTTime": 0, "OBBTTime": 0, "TotalTime": 0.252889, "Iterations": 2, "LinearTime": 0.0902114, "LowerBound": 0, "TimeVector": [0.230677, 0.483566], "UpperBound": 0, "rootBTTime": 0, "LowerBounds": {"1": 0}, "SolveResult": 0, "UpperBounds": {"1": 179769000000000000000000000000000000000000000000000000000000000000000000000000000000000000000000000000000000000000000000000000000000000000000000000000000000000000000000000000000000000000000000000000000000000000000000000000000000000000000000000000000000000000000000000000000000000000000000000000000000000000000, "2": 0}, "MaxQueueSize": 0, "VisitedNodes": 5, "BranchingVars": [6, 5], "NonLinearTime": 0.148902, "OptimalityGap": 0, "BranchingRules": ["sum_rescaled_var_range_weighted_rel", "sum_rescaled_var_range_weighted_rel"], "LBImprovements": [0, 0], "InfeasibleNodes": 0, "ElapsedTimeCoeffs": 0, "LinearizationTime": 0.000044236, "NumberOfVariables": 8, "CallsToLinearSolver": 5, "LinearGenerationTime": 0.0279611, "SDPCutsGenerationTime": 0, "CallsToNonLinearSolver": 3, "StrongBranchingExtraTime": 0.0123018, "ElapsedTimeWeightedCoeffs": 0, "NodesDiscardedByFathoming": 3, "NodesDiscardedByTolerance": 0, "BoundFactorConstraintsTime": 0.000133691, "ElapsedTimeVarsInConstraints": 0.000013402, "meanBTRelativeChangeRootNode": 0, "NumberOfBoundFactorConstraints": 36, "NumberOfLAPACKConvergenceFailures": 0, "NumberOfRLTVariablesAfterLinearization": 11}