{"Itbt": 0, "Pace": 0.277995, "Depth": 12, "Degree": 4, "RPSTime": 132.815, "FBBTTime": 0, "OBBTTime": 0, "TotalTime": 600.823, "Iterations": 126, "LinearTime": 467.446, "LowerBound": 36157.5, "TimeVector": [6.23639, 9.02332, 12.0399, 15.2955, 18.2886, 21.1644, 24.5477, 27.2933, 30.2734, 38.1005, 46.1882, 49.7118, 53.1033, 56.2203, 59.7547, 66.4186, 70.1079, 73.0842, 76.1341, 86.6812, 91.9504, 99.3406, 103.23, 106.821, 110.402, 114.213, 120.924, 124.174, 127.293, 137.047, 142.758, 145.87, 149.294, 155.758, 163.769, 166.831, 170.19, 173.571, 177.799, 181.083, 187.366, 192.151, 196.798, 199.86, 203.678, 206.746, 211.478, 215.095, 219.783, 223.444, 231.343, 234.663, 237.835, 241.431, 244.666, 248.334, 251.939, 255.034, 258.505, 261.696, 264.541, 267.561, 273.15, 280.991, 288.751, 297.326, 300.393, 305.142, 311.28, 315.295, 320.138, 323.766, 328.691, 334.12, 339.439, 344.952, 348.414, 351.779, 356.017, 360.22, 364.238, 372.713, 378.353, 381.537, 384.568, 390.961, 400.558, 404.829, 408.282, 411.461, 414.771, 417.671, 421.279, 437.567, 440.825, 446.53, 456.861, 460.047, 463.357, 466.986, 470.955, 475.473, 482.041, 486.332, 491.214, 494.092, 501.544, 506.101, 510.617, 513.91, 519.345, 525.214, 530.724, 535.073, 539.215, 546.155, 555.788, 559.181, 563.386, 569.4, 579.219, 583.201, 588.927, 592.566, 596.862, 628.285], "UpperBound": 36210, "rootBTTime": 0, "LowerBounds": {"1": 33999.2, "2": 34372.2, "3": 34789.4, "4": 34975.7, "5": 35005.6, "6": 35132.7, "7": 35405.1, "8": 35407, "9": 35482.6, "10": 35542.3, "11": 35592.3, "12": 35658.2, "13": 35688.8, "14": 35692.3, "15": 35692.6, "16": 35710.3, "17": 35720.4, "18": 35739.5, "19": 35749.1, "20": 35804.1, "21": 35813.7, "22": 35819.6, "23": 35829.2, "24": 35848.1, "25": 35848.5, "26": 35861.2, "27": 35861.7, "28": 35867.7, "29": 35881, "30": 35883, "31": 35888.6, "32": 35905.7, "33": 35906.3, "34": 35918.1, "35": 35920.3, "36": 35922.6, "37": 35929.3, "38": 35929.9, "39": 35933.4, "40": 35935.5, "41": 35951.2, "42": 35971.4, "43": 36004.6, "44": 36004.7, "45": 36008.6, "46": 36010.3, "47": 36013.8, "48": 36015.8, "49": 36028.9, "50": 36030.7, "51": 36031, "52": 36032.3, "53": 36032.4, "54": 36033.8, "55": 36036.6, "56": 36037.5, "57": 36041, "58": 36042.2, "59": 36042.5, "60": 36043.7, "61": 36052.2, "62": 36052.7, "63": 36053.1, "64": 36053.7, "65": 36058.7, "66": 36059.6, "67": 36061.5, "68": 36064.7, "69": 36065.6, "70": 36067.3, "71": 36078.9, "72": 36083.4, "73": 36083.7, "74": 36086.9, "75": 36092.5, "76": 36092.5, "77": 36093.5, "78": 36097.4, "79": 36097.9, "80": 36099.8, "81": 36101.7, "82": 36106.7, "83": 36107.1, "84": 36112.5, "85": 36113, "86": 36114, "87": 36117.9, "88": 36118.4, "89": 36121, "90": 36121, "91": 36121.5, "92": 36124.9, "93": 36125.3, "94": 36125.8, "95": 36127.6, "96": 36129.9, "97": 36130.3, "98": 36130.4, "99": 36130.6, "100": 36132.6, "101": 36133.6, "102": 36134.1, "103": 36134.2, "104": 36135.3, "105": 36136.9, "106": 36139.1, "107": 36140.8, "108": 36141.3, "109": 36145.7, "110": 36145.8, "111": 36146, "112": 36146.1, "113": 36147.2, "114": 36151.1, "115": 36151.9, "116": 36152.4, "117": 36153.8, "118": 36154.8, "119": 36155.6, "120": 36155.9, "121": 36156.1, "122": 36156.5, "123": 36156.9, "124": 36157.1, "125": 36157.3, "126": 36157.5}, "SolveResult": 402, "UpperBounds": {"1": 36210}, "MaxQueueSize": 48, "VisitedNodes": 253, "BranchingVars": [8, 3, 1, 0, 3, 0, 9, 7, 9, 9, 9, 0, 6, 1, 1, 4, 0, 0, 2, 2, 6, 4, 1, 9, 1, 7, 7, 2, 1, 2, 4, 0, 4, 7, 9, 7, 8, 4, 7, 9, 9, 4, 2, 3, 7, 6, 7, 4, 2, 2, 7, 7, 4, 2, 9, 7, 2, 1, 7, 2, 9, 2, 2, 7, 7, 7, 7, 2, 0, 4, 1, 2, 2, 9, 2, 2, 10, 0, 9, 3, 3, 4, 0, 1, 9, 3, 9, 1, 4, 7, 1, 4, 0, 9, 3, 1, 3, 8, 3, 9, 9, 7, 3, 1, 7, 1, 3, 3, 0, 0, 1, 8, 3, 7, 3, 1, 7, 2, 0, 7, 7, 0, 4, 7, 7, 7], "NonLinearTime": 0.562216, "OptimalityGap": 52.4201, "BranchingRules": ["sum_rescaled_var_range_weighted_rel", "sum_rescaled_var_range_weighted_rel", "sum_rescaled_var_range_weighted_rel", "sum_rescaled_var_range_weighted_rel", "sum_rescaled_var_range_weighted_rel", "sum_rescaled_var_range_weighted_rel", "sum_rescaled_var_range_weighted_rel", "sum_rescaled_var_range_weighted_rel", "sum_rescaled_var_range_weighted_rel", "sum_rescaled_var_range_weighted_rel", "sum_rescaled_var_range_weighted_rel", "sum_rescaled_var_range_weighted_rel", "sum_rescaled_var_range_weighted_rel", "sum_rescaled_var_range_weighted_rel", "sum_rescaled_var_range_weighted_rel", "sum_rescaled_var_range_weighted_rel", "sum_rescaled_var_range_weighted_rel", "sum_rescaled_var_range_weighted_rel", "sum_rescaled_var_range_weighted_rel", "sum_rescaled_var_range_weighted_rel", "sum_rescaled_var_range_weighted_rel", "sum_rescaled_var_range_weighted_rel", "sum_rescaled_var_range_weighted_rel", "sum_rescaled_var_range_weighted_rel", "sum_rescaled_var_range_weighted_rel", "sum_rescaled_var_range_weighted_rel", "sum_rescaled_var_range_weighted_rel", "sum_rescaled_var_range_weighted_rel", "sum_rescaled_var_range_weighted_rel", "sum_rescaled_var_range_weighted_rel", "sum_rescaled_var_range_weighted_rel", "sum_rescaled_var_range_weighted_rel", "sum_rescaled_var_range_weighted_rel", "sum_rescaled_var_range_weighted_rel", "sum_rescaled_var_range_weighted_rel", "sum_rescaled_var_range_weighted_rel", "sum_rescaled_var_range_weighted_rel", "sum_rescaled_var_range_weighted_rel", "sum_rescaled_var_range_weighted_rel", "sum_rescaled_var_range_weighted_rel", "sum_rescaled_var_range_weighted_rel", "sum_rescaled_var_range_weighted_rel", "sum_rescaled_var_range_weighted_rel", "sum_rescaled_var_range_weighted_rel", "sum_rescaled_var_range_weighted_rel", "sum_rescaled_var_range_weighted_rel", "sum_rescaled_var_range_weighted_rel", "sum_rescaled_var_range_weighted_rel", "sum_rescaled_var_range_weighted_rel", "sum_rescaled_var_range_weighted_rel", "sum_rescaled_var_range_weighted_rel", "sum_rescaled_var_range_weighted_rel", "sum_rescaled_var_range_weighted_rel", "sum_rescaled_var_range_weighted_rel", "sum_rescaled_var_range_weighted_rel", "sum_rescaled_var_range_weighted_rel", "sum_rescaled_var_range_weighted_rel", "sum_rescaled_var_range_weighted_rel", "sum_rescaled_var_range_weighted_rel", "sum_rescaled_var_range_weighted_rel", "sum_rescaled_var_range_weighted_rel", "sum_rescaled_var_range_weighted_rel", "sum_rescaled_var_range_weighted_rel", "sum_rescaled_var_range_weighted_rel", "sum_rescaled_var_range_weighted_rel", "sum_rescaled_var_range_weighted_rel", "sum_rescaled_var_range_weighted_rel", "sum_rescaled_var_range_weighted_rel", "sum_rescaled_var_range_weighted_rel", "sum_rescaled_var_range_weighted_rel", "sum_rescaled_var_range_weighted_rel", "sum_rescaled_var_range_weighted_rel", "sum_rescaled_var_range_weighted_rel", "sum_rescaled_var_range_weighted_rel", "sum_rescaled_var_range_weighted_rel", "sum_rescaled_var_range_weighted_rel", "sum_rescaled_var_range_weighted_rel", "sum_rescaled_var_range_weighted_rel", "sum_rescaled_var_range_weighted_rel", "sum_rescaled_var_range_weighted_rel", "sum_rescaled_var_range_weighted_rel", "sum_rescaled_var_range_weighted_rel", "sum_rescaled_var_range_weighted_rel", "sum_rescaled_var_range_weighted_rel", "sum_rescaled_var_range_weighted_rel", "sum_rescaled_var_range_weighted_rel", "sum_rescaled_var_range_weighted_rel", "sum_rescaled_var_range_weighted_rel", "sum_rescaled_var_range_weighted_rel", "sum_rescaled_var_range_weighted_rel", "sum_rescaled_var_range_weighted_rel", "sum_rescaled_var_range_weighted_rel", "sum_rescaled_var_range_weighted_rel", "sum_rescaled_var_range_weighted_rel", "sum_rescaled_var_range_weighted_rel", "sum_rescaled_var_range_weighted_rel", "sum_rescaled_var_range_weighted_rel", "sum_rescaled_var_range_weighted_rel", "sum_rescaled_var_range_weighted_rel", "sum_rescaled_var_range_weighted_rel", "sum_rescaled_var_range_weighted_rel", "sum_rescaled_var_range_weighted_rel", "sum_rescaled_var_range_weighted_rel", "sum_rescaled_var_range_weighted_rel", "sum_rescaled_var_range_weighted_rel", "sum_rescaled_var_range_weighted_rel", 