{"Itbt": 0, "Pace": 0.0226866, "Depth": 14, "Degree": 4, "RPSTime": 0.123637, "FBBTTime": 0, "OBBTTime": 0, "TotalTime": 0.809592, "Iterations": 157, "LinearTime": 0.578679, "LowerBound": 85.1793, "TimeVector": [0.0246187, 0.0377955, 0.0523789, 0.065222, 0.0794274, 0.0839114, 0.0887398, 0.102739, 0.107041, 0.111902, 0.116413, 0.120465, 0.125208, 0.129531, 0.133827, 0.147792, 0.152393, 0.156685, 0.160769, 0.165161, 0.169712, 0.174165, 0.178925, 0.183826, 0.188102, 0.192843, 0.197163, 0.201346, 0.205997, 0.210605, 0.215129, 0.229062, 0.233526, 0.237697, 0.242274, 0.24657, 0.250845, 0.254993, 0.259555, 0.263672, 0.267774, 0.271973, 0.276309, 0.280513, 0.284777, 0.289223, 0.293152, 0.29705, 0.301472, 0.305687, 0.309811, 0.313909, 0.318404, 0.322778, 0.326985, 0.330991, 0.335493, 0.339771, 0.34422, 0.348238, 0.352352, 0.356443, 0.361068, 0.375154, 0.379276, 0.383805, 0.387831, 0.392501, 0.396546, 0.400963, 0.405116, 0.409675, 0.414058, 0.418324, 0.42258, 0.426904, 0.431043, 0.435397, 0.440182, 0.444509, 0.448755, 0.453667, 0.458323, 0.462579, 0.466863, 0.471248, 0.475943, 0.480766, 0.484934, 0.489141, 0.493454, 0.497494, 0.502162, 0.506581, 0.511231, 0.515767, 0.520279, 0.524725, 0.52903, 0.533462, 0.537635, 0.542419, 0.547344, 0.551483, 0.5559, 0.560449, 0.56526, 0.569192, 0.573778, 0.578232, 0.582354, 0.587068, 0.591461, 0.596034, 0.600418, 0.60476, 0.608873, 0.612853, 0.617231, 0.621946, 0.62642, 0.631408, 0.636097, 0.641112, 0.645315, 0.64967, 0.653901, 0.668573, 0.673071, 0.67752, 0.682407, 0.686992, 0.6914, 0.695911, 0.700406, 0.704485, 0.708585, 0.713155, 0.717792, 0.722544, 0.727153, 0.731892, 0.736645, 0.741145, 0.745714, 0.750531, 0.754876, 0.759442, 0.764047, 0.768624, 0.773276, 0.777963, 0.782523, 0.787148, 0.792209, 0.796622, 1.60621], "UpperBound": 85.2595, "rootBTTime": 0, "LowerBounds": {"1": 49.4944, "2": 55.442, "3": 60.5598, "4": 64.7087, "5": 66.054, "6": 66.8107, "7": 67.4642, "8": 69.1917, "9": 69.5997, "10": 70.9326, "11": 71.1707, "12": 71.952, "13": 73.9242, "14": 75.6568, "15": 75.6838, "16": 75.9837, "17": 76.3582, "18": 76.594, "19": 76.6258, "20": 77.3964, "21": 77.9366, "22": 78.2878, "23": 78.337, "24": 78.3752, "25": 78.5939, "26": 79.0639, "27": 79.1599, "28": 79.4783, "29": 79.5027, "30": 79.9103, "31": 80.0966, "32": 80.2753, "33": 80.3546, "34": 80.5056, "35": 80.6248, "36": 80.6941, "37": 81.1338, "38": 81.2907, "39": 81.3832, "40": 81.5219, "41": 81.5821, "42": 81.6342, "43": 81.718, "44": 82.4023, "45": 82.4672, "46": 82.4849, "47": 82.4865, "48": 82.4879, "49": 82.5169, "50": 82.5712, "51": 82.5902, "52": 82.6834, "53": 82.8353, "54": 83.1548, "55": 83.3748, "56": 83.4388, "57": 83.4981, "58": 83.5069, "59": 83.5772, "60": 83.6122, "61": 83.6891, "62": 83.7171, "63": 83.7238, "64": 83.7569, "65": 83.7761, "66": 83.7965, "67": 83.8309, "68": 83.8698, "69": 83.8729, "70": 83.8913, "71": 83.9093, "72": 83.9321, "73": 83.9408, "74": 83.9604, "75": 83.9695, "76": 83.9716, "77": 83.9718, "78": 83.9755, "79": 83.9842, "80": 84.0261, "81": 84.0955, "82": 84.124, "83": 84.1268, "84": 84.1417, "85": 84.1444, "86": 84.1444, "87": 84.1701, "88": 84.2418, "89": 84.2754, "90": 84.3123, "91": 84.3167, "92": 84.3271, "93": 84.381, "94": 84.3853, "95": 84.4668, "96": 84.5006, "97": 84.5225, "98": 84.5232, "99": 84.5419, "100": 84.5504, "101": 84.5944, "102": 84.6448, "103": 84.6559, "104": 84.6592, "105": 84.6604, "106": 84.6823, "107": 84.6937, "108": 84.7046, "109": 84.7614, "110": 84.791, "111": 84.7924, "112": 84.7975, "113": 84.7987, "114": 84.8447, "115": 84.8887, "116": 84.8934, "117": 84.9014, "118": 84.9182, "119": 84.9215, "120": 84.9453, "121": 84.9592, "122": 84.9601, "123": 85.0047, "124": 85.0108, "125": 85.0135, "126": 85.0142, "127": 85.0165, "128": 85.0193, "129": 85.0195, "130": 85.0338, "131": 85.0623, "132": 85.0666, "133": 85.0666, "134": 85.0698, "135": 85.0708, "136": 85.0717, "137": 85.0741, "138": 85.0806, "139": 85.0827, "140": 85.1027, "141": 85.1048, "142": 85.1095, "143": 85.1171, "144": 85.123, "145": 85.1415, "146": 85.1423, "147": 85.1437, "148": 85.1452, "149": 85.1472, "150": 85.1554, "151": 85.1605, "152": 85.1611, "153": 85.1662, "154": 85.1666, "155": 85.1675, "156": 85.1684, "157": 85.1793}, "SolveResult": 0, "UpperBounds": {"1": 85.2595}, "MaxQueueSize": 41, "VisitedNodes": 315, "BranchingVars": [5, 0, 1, 9, 1, 0, 0, 1, 9, 1, 8, 8, 4, 6, 6, 9, 7, 6, 6, 8, 6, 8, 8, 9, 2, 6, 9, 8, 9, 6, 8, 6, 6, 6, 6, 6, 8, 6, 6, 8, 4, 4, 8, 4, 7, 7, 7, 7, 4, 8, 7, 7, 8, 7, 7, 7, 7, 7, 1, 8, 1, 4, 5, 5, 8, 7, 7, 1, 4, 7, 1, 1, 1, 4, 1, 1, 1, 1, 6, 6, 7, 1, 1, 4, 1, 1, 1, 8, 4, 1, 1, 4, 1, 1, 8, 1, 1, 1, 9, 7, 4, 6, 1, 1, 1, 6, 1, 4, 5, 2, 2, 1, 5, 0, 5, 1, 5, 8, 1, 0, 7, 1, 5, 7, 0, 7, 7, 0, 7, 1, 0, 7, 0, 6, 1, 0, 7, 1, 0, 6, 0, 0, 6, 0, 7, 5, 7, 5, 0, 5, 4, 7, 0, 7, 4, 5, 0], "NonLinearTime": 0.10724, "OptimalityGap": 0.0802284,