{"Itbt": 0, "Pace": 0.0630901, "Depth": 20, "Degree": 6, "RPSTime": 56.6158, "FBBTTime": 0, "OBBTTime": 0, "TotalTime": 810.483, "Iterations": 129, "LinearTime": 107.605, "LowerBound": 3122.71, "TimeVector": [6.78917, 13.4311, 19.287, 26.1668, 32.9283, 39.4299, 45.9248, 51.217, 56.825, 62.9768, 69.6512, 76.329, 83.3669, 89.5438, 95.866, 102.06, 108.282, 114.257, 119.918, 126.081, 131.454, 137.735, 144.208, 151.008, 157.471, 163.543, 170.158, 176.372, 182.463, 187.88, 193.876, 200.496, 205.609, 211.453, 217.153, 224.366, 231.243, 236.919, 243.204, 248.598, 254.916, 261.313, 267.504, 272.61, 278.071, 284.318, 290.237, 297.608, 303.645, 309.115, 315.207, 321.505, 327.179, 334.508, 341.285, 348.055, 355.067, 360.995, 366.357, 371.751, 378.496, 384.029, 390.367, 396.874, 402.38, 408.781, 415.577, 421.428, 426.822, 433.806, 439.474, 446.091, 453.431, 459.808, 466.611, 473.246, 478.446, 483.772, 489.911, 496.234, 502.392, 508.919, 516.334, 521.208, 528.147, 534.36, 541.02, 547.393, 553.252, 559.568, 566.656, 572.92, 579.036, 585.21, 590.946, 598.5, 604.661, 613.258, 620.227, 626.872, 632.507, 639.429, 646.126, 652.13, 657.629, 664.419, 670.065, 676.79, 683.307, 691.151, 696.943, 702.633, 707.703, 714.197, 720.137, 726.274, 733.021, 739.789, 746.755, 752.865, 758.343, 765.014, 772.092, 778.18, 783.989, 790.479, 796.479, 802.77, 810.483], "UpperBound": 3125.75, "rootBTTime": 0, "LowerBounds": {"1": 1279.6, "2": 1762.61, "3": 1996.72, "4": 2004.89, "5": 2120.7, "6": 2181.02, "7": 2203.32, "8": 2227.53, "9": 2269.64, "10": 2338.18, "11": 2359.72, "12": 2396.45, "13": 2464.01, "14": 2472.06, "15": 2473.18, "16": 2476.85, "17": 2482.08, "18": 2484.65, "19": 2494.5, "20": 2515.97, "21": 2526.54, "22": 2579.91, "23": 2591.95, "24": 2616.4, "25": 2621.41, "26": 2634.3, "27": 2639.58, "28": 2667.08, "29": 2667.36, "30": 2669.02, "31": 2682.66, "32": 2687.51, "33": 2691.06, "34": 2696.6, "35": 2710.81, "36": 2715.63, "37": 2723.09, "38": 2736.72, "39": 2740.41, "40": 2744.35, "41": 2757.12, "42": 2763.42, "43": 2770.42, "44": 2780.79, "45": 2781.96, "46": 2789.28, "47": 2792.38, "48": 2799.67, "49": 2812.16, "50": 2818.05, "51": 2846.56, "52": 2864.92, "53": 2866.54, "54": 2873.29, "55": 2873.93, "56": 2874.27, "57": 2884.35, "58": 2898, "59": 2898.25, "60": 2901.33, "61": 2921.42, "62": 2921.92, "63": 2927.18, "64": 2929.85, "65": 2930.26, "66": 2936.24, "67": 2961.58, "68": 2964.99, "69": 2965.24, "70": 2971.94, "71": 2983.26, "72": 2985.56, "73": 2989.63, "74": 2991.8, "75": 2992.51, "76": 2994.71, "77": 2998.8, "78": 3001.7, "79": 3002.03, "80": 3021.53, "81": 3023.04, "82": 3023.74, "83": 3024.45, "84": 3025.55, "85": 3027.27, "86": 3035.61, "87": 3036.24, "88": 3043.08, "89": 3050.33, "90": 3052.25, "91": 3061.76, "92": 3063.94, "93": 3067.05, "94": 3070.54, "95": 3070.85, "96": 3073.1, "97": 3073.13, "98": 3073.56, "99": 3075.11, "100": 3075.67, "101": 3078.15, "102": 3081.36, "103": 3082.88, "104": 3085.42, "105": 3085.43, "106": 3085.48, "107": 3086.6, "108": 3093.13, "109": 3093.55, "110": 3095.09, "111": 3097.54, "112": 3097.69, "113": 3097.74, "114": 3099.23, "115": 3100.87, "116": 3105.73, "117": 3106.23, "118": 3107.52, "119": 3110.74, "120": 3112.7, "121": 3114.53, "122": 3114.86, "123": 3115.49, "124": 3116.52, "125": 3117.25, "126": 3118.84, "127": 3119.5, "128": 3119.6, "129": 3122.71}, "SolveResult": 0, "UpperBounds": {"1": 3264.49, "2": 3125.75}, "MaxQueueSize": 25, "VisitedNodes": 259, "BranchingVars": [1, 2, 3, 5, 5, 3, 3, 2, 0, 0, 0, 0, 0, 2, 4, 1, 1, 0, 0, 3, 1, 3, 3, 1, 1, 0, 1, 3, 5, 3, 0, 4, 1, 5, 0, 5, 4, 4, 4, 3, 4, 4, 4, 4, 1, 4, 1, 1, 4, 0, 1, 1, 1, 1, 1, 1, 5, 1, 1, 5, 1, 1, 1, 5, 1, 4, 1, 1, 1, 1, 1, 1, 2, 5, 2, 1, 4, 4, 3, 5, 1, 5, 5, 4, 5, 2, 3, 1, 1, 1, 3, 1, 1, 1, 1, 1, 1, 1, 1, 1, 0, 2, 1, 5, 1, 4, 5, 5, 1, 5, 2, 1, 1, 4, 4, 1, 1, 4, 5, 1, 1, 4, 2, 1, 1, 1, 4, 1, 5], "NonLinearTime": 0.349995, "OptimalityGap": 3.03986, "BranchingRules": ["eigen_cen_alternative_rel", "sum_rescaled_var_range_weighted_rel", "eigen_cen_alternative_rel", "eigen_cen_alternative_rel", "eigen_cen_alternative_rel", "eigen_cen_alternative_rel", "sum_rescaled_var_range_weighted_rel", "sum_rescaled_var_range_weighted_rel", "eigen_cen_alternative_rel", "eigen_cen_alternative_rel", "sum_rescaled_var_range_weighted_rel", "eigen_cen_alternative_rel", "eigen_cen_alternative_rel", "eigen_cen_alternative_rel", "sum_rescaled_var_range_weighted_rel", "eigen_cen_alternative_rel", "eigen_cen_alternative_rel", "eigen_cen_alternative_rel", "eigen_cen_alternative_rel", "eigen_cen_alternative_rel", "eigen_cen_alternative_rel", "eigen_cen_alternative_rel", "sum_rescaled_var_range_weighted_rel", "eigen_cen_alternative_rel", "eigen_cen_alternative_rel", "eigen_cen_alternative_rel", "eigen_cen_alternative_rel", "eigen_cen_alternative_rel", "sum_rescaled_var_range_weighted_rel", "eigen_cen_alternative_rel", "eigen_cen_alternative_rel", "sum_rescaled_var_range_weighted_rel", "eigen_cen_alternative_rel", "eigen_cen_alternative_rel", "eigen_cen_alternative_rel", "eigen_cen_alternative_rel", "sum_rescaled_var_range_weighted_rel", "sum_rescaled_var_range_weighted_rel", "sum_rescaled_var_range_weighted_rel", "eigen_cen_alternative_rel", "eigen_cen_alternative_rel", "sum_rescaled_var_range_weighted_rel", "sum_rescaled_var_range_weighted_rel", "sum_rescaled_var_range_weighted_rel", "eigen_cen_alternative_rel", "sum_rescaled_var_range_weighted_rel", "eigen_cen_alternative_rel", "eigen_cen_alternative_rel", "sum_rescaled_var_range_weighted_rel", "eigen_cen_alternative_rel", "eigen_cen_alternative_rel", "eigen_cen_alternative_rel", "eigen_cen_alternative_rel", "eigen_cen_alternative_rel", "eigen_cen_alternative_rel", "eigen_cen_alternative_rel", "sum_rescaled_var_range_weighted_rel", "eigen_cen_alternative_rel", "eigen_cen_alternative_rel", "eigen_cen_alternative_rel", "eigen_cen_alternative_rel", "eigen_cen_alternative_rel", "eigen_cen_alternative_rel", "eigen_cen_alternative_rel", "eigen_cen_alternative_rel", "sum_rescaled_var_range_weighted_rel", "eigen_cen_alternative_rel", "eigen_cen_alternative_rel", "eigen_cen_alternative_rel", "eigen_cen_alternative_rel", "eigen_cen_alternative_rel", "eigen_cen_alternative_rel", "sum_rescaled_var_range_weighted_rel", "sum_rescaled_var_range_weighted_rel", "sum_rescaled_var_range_weighted_rel", "eigen_cen_alternative_rel", "eigen_cen_alternative_rel", "eigen_cen_alternative_rel", "sum_rescaled_var_range_weighted_rel", "sum_rescaled_var_range_weighted_rel", "eigen_cen_alternative_rel", "sum_rescaled_var_range_weighted_rel", "eigen_cen_alternative_rel", "eigen_cen_alternative_rel", "eigen_cen_alternative_rel", "sum_rescaled_var_range_weighted_rel", "eigen_cen_alternative_rel", "eigen_cen_alternative_rel", "eigen_cen_alternative_rel", "eigen_cen_alternative_rel", "sum_rescaled_var_range_weighted_rel", "eigen_cen_alternative_rel", "eigen_cen_alternative_rel", "eigen_cen_alternative_rel", "eigen_cen_alternative_rel", "eigen_cen_alternative_rel", "eigen_cen_alternative_rel", "eigen_cen_alternative_rel", "eigen_cen_alternative_rel", "eigen_cen_alternative_rel", "eigen_cen_alternative_rel", "sum_rescaled_var_range_weighted_rel", "eigen_cen_alternative_rel", "eigen_cen_alternative_rel", "eigen_cen_alternative_rel", "sum_rescaled_var_range_weighted_rel", "eigen_cen_alternative_rel", "sum_rescaled_var_range_weighted_rel", "eigen_cen_alternative_rel", "eigen_cen_alternative_rel", "eigen_cen_alternative_rel", "eigen_cen_alternative_rel", "eigen_cen_alternative_rel", "sum_rescaled_var_range_weighted_rel", "sum_rescaled_var_range_weighted_rel", "eigen_cen_alternative_rel", "eigen_cen_alternative_rel", "sum_rescaled_var_range_weighted_rel", "sum_dual_weighted_plus1", "eigen_cen_alternative_rel", "sum_dual_weighted_plus1", "sum_rescaled_var_range_weighted_rel", "sum_rescaled_var_range_weighted_rel", "eigen_cen_alternative_rel", "eigen_cen_alternative_rel", "eigen_cen_alternative_rel", "eigen_cen_alternative_rel", "eigen_cen_alternative_rel", 