{"Itbt": 0, "Pace": 0.0860526, "Depth": 19, "Degree": 6, "RPSTime": 57.6442, "FBBTTime": 0, "OBBTTime": 0, "TotalTime": 753.482, "Iterations": 240, "LinearTime": 99.7067, "LowerBound": 1729.1, "TimeVector": [4.31066, 7.20481, 10.1545, 13.1806, 16.666, 19.7465, 22.8775, 25.9483, 28.9953, 31.5725, 35.0456, 38.0248, 40.884, 43.6972, 46.4391, 49.2981, 52.2224, 55.046, 57.9222, 61.0607, 64.0928, 67.0976, 70.3245, 73.1794, 76.4503, 79.4809, 82.712, 85.6149, 88.1725, 91.1661, 93.9848, 97.0182, 100.141, 103.114, 106.182, 108.599, 111.632, 114.837, 117.795, 120.862, 124.204, 127.002, 130.169, 133.125, 136.271, 139.492, 142.523, 145.501, 148.636, 152.181, 154.879, 157.935, 160.937, 163.943, 167.429, 170.763, 173.696, 177.345, 180.073, 182.803, 185.73, 188.774, 191.656, 194.71, 198.007, 201.048, 204.235, 207.69, 211.273, 214.311, 217.218, 220.548, 223.593, 226.814, 229.656, 232.198, 235.303, 237.723, 240.245, 243.348, 246.793, 249.94, 253.22, 256.617, 259.494, 262.327, 265.295, 268.786, 272.473, 275.625, 278.833, 281.853, 284.786, 287.95, 291.018, 294.136, 297.381, 300.384, 303.471, 306.474, 309.394, 312.131, 315.392, 318.244, 321.668, 324.689, 327.966, 330.716, 334.307, 337.336, 340.439, 343.523, 346.358, 349.344, 352.79, 355.927, 359.361, 362.644, 365.767, 369.125, 372.225, 375.445, 379.227, 381.776, 384.849, 388.791, 392.005, 395.302, 398.568, 401.853, 405.325, 408.991, 412.5, 415.575, 418.554, 421.36, 423.937, 427.387, 430.182, 433.251, 436.762, 440.028, 443.18, 446.53, 449.643, 452.956, 456.155, 459.387, 462.3, 465.432, 468.592, 471.415, 474.448, 477.199, 480.389, 483.269, 486.342, 490.089, 493.015, 495.991, 498.83, 502.004, 505.55, 508.442, 511.967, 515.031, 518.056, 521.407, 524.143, 527.012, 530.289, 533.733, 536.732, 539.604, 542.633, 545.363, 548.395, 551.639, 554.933, 558.118, 561.925, 565.09, 568.155, 571.389, 574.355, 577.152, 580.23, 583.357, 586.441, 589.666, 592.768, 597.046, 599.995, 602.946, 606.362, 609.415, 612.816, 615.791, 619.148, 622.197, 625.182, 628.511, 631.726, 634.442, 637.203, 640.079, 643.108, 646.005, 649.155, 652.489, 657.682, 660.739, 664.049, 667.312, 670.261, 673.398, 676.864, 679.992, 683.398, 686.47, 689.735, 692.824, 695.817, 698.713, 702.069, 705.528, 708.979, 712.455, 716.225, 719.343, 722.888, 726.824, 730.387, 733.542, 737.985, 741.301, 744.287, 747.24, 750.439, 777.098], "UpperBound": 1730.79, "rootBTTime": 0, "LowerBounds": {"1": 469.014, "2": 672.721, "3": 930.761, "4": 952.478, "5": 1000.12, "6": 1104.04, "7": 1117.47, "8": 1187.3, "9": 1194.25, "10": 1220.51, "11": 1288.53, "12": 1318.58, "13": 1322.43, "14": 1340.45, "15": 1344.27, "16": 1374.1, "17": 1411.69, "18": 1413.05, "19": 1421.64, "20": 1456.13, "21": 1462.08, "22": 1483.55, "23": 1500.76, "24": 1505.13, "25": 1514.94, "26": 1521.26, "27": 1523.5, "28": 1526.24, "29": 1527.85, "30": 1529.49, "31": 1534.59, "32": 1540.09, "33": 1556.9, "34": 1575.29, "35": 1578.23, "36": 1582.96, "37": 1587.21, "38": 1589.34, "39": 1604.07, "40": 1608.01, "41": 1609.88, "42": 1611.48, "43": 1611.91, "44": 1615.74, "45": 1616.88, "46": 1618.48, "47": 1620.09, "48": 1623.42, "49": 1625.24, "50": 1628.87, "51": 1631.09, "52": 1632.61, "53": 1633.13, "54": 1636.14, "55": 1638.7, "56": 1639.9, "57": 1640.31, "58": 1643.84, "59": 1645.75, "60": 1649.49, "61": 1660.51, "62": 1660.8, "63": 1666.09, "64": 1667.23, "65": 1668.93, "66": 1670.49, "67": 1674.14, "68": 1674.95, "69": 1675.8, "70": 1676.43, "71": 1679.23, "72": 1681.22, "73": 1681.99, "74": 1682.82, "75": 1684.1, "76": 1686.03, "77": 1686.14, "78": 1692.02, "79": 1692.11, "80": 1692.52, "81": 1692.55, "82": 1692.78, "83": 1693.14, "84": 1693.41, "85": 1694.02, "86": 1694.73, "87": 1694.81, "88": 1696.19, "89": 1696.23, "90": 1697.26, "91": 1697.35, "92": 1698.55, "93": 1698.75, "94": 1699.35, "95": 1699.42, "96": 1699.57, "97": 1699.74, "98": 1700.23, "99": 1700.53, "100": 1702.74, "101": 1703.97, "102": 1704.45, "103": 1704.61, "104": 1704.85, "105": 1705.07, "106": 1706.03, "107": 1707, "108": 1707.59, "109": 1707.71, "110": 1707.76, "111": 1709.02, "112": 1709.54, "113": 1711.21, "114": 1711.46, "115": 1712.1, "116": 1712.15, "117": 1712.15, "118": 1712.62, "119": 1714.09, "120": 1714.15, "121": 1714.69, "122": 1714.9, "123": 1715, "124": 1715.15, "125": 1715.25, "126": 1715.38, "127": 1715.66, "128": 1715.96, "129": 1716.09, "130": 1716.14, "131": 1716.32, "132": 1716.35, "133": 1716.58, "134": 1716.86, "135": 1717.07, "136": 1717.72, "137": 1717.91, "138": 1718.03, "139": 1718.55, "140": 1718.6, "141": 1718.99, "142": 1719.51, "143": 1719.55, "144": 1719.6, "145": 1720.23, "146": 1720.74, "147": 1721.21, "148": 1721.53, "149": 1721.81, "150": 1721.96, "151": 1722.08, "152": 1722.15, "153": 1722.27, "154": 1722.3, "155": 1722.35, "156": 1722.78, "157": 1723.21, "158": 1723.6, "159": 1723.71, "160": 1723.76, "161": 1724.2, "162": 1724.32, "163": 1724.6, "164": 1725.14, "165": 1725.32, "166": 1725.46, "167": 1725.46, "168": 1725.56, "169": 1725.68, "170": 1725.77, "171": 1725.78, "172": 1725.93, "173": 1725.97, "174": 1726.09, "175": 1726.21, "176": 1726.25, "177": 1726.38, "178": 1726.39, "179": 1726.42, "180": 1726.56, "181": 1726.6, "182": 1726.66, "183": 1726.71, "184": 1726.78, "185": 1726.85, "186": 1727.04, "187": 1727.05, "188": 1727.07, "189": 1727.11, "190": 1727.12, "191": 1727.32, "192": 1727.4, "193": 1727.44, "194": 1727.48, "195": 1727.5, "196": 1727.52, "197": 1727.58, "198": 1727.61, "199": 1727.64, "200": 1727.64, "201": 1727.67, "202": 1727.76, "203": 1727.87, "204": 1727.87, "205": 1727.93, "206": 1728.06, "207": 1728.08, "208": 1728.09, "209": 1728.16, "210": 1728.17, "211": 1728.24, "212": 1728.3, "213": 1728.36, "214": 1728.38, "215": 1728.4, "216": 1728.4, "217": 1728.4, "218": 1728.42, "219": 1728.44, "220": 1728.46, "221": 1728.52, "222": 1728.55, "223": 1728.57, "224": 1728.75, "225": 1728.76, "226": 1728.8, "227": 1728.83, "228": 1728.88, "229": 1728.9, "230": 1728.93, "231": 1728.94, "232": 1728.95, "233": 1728.96, "234": 1728.98, "235": 1729, "236": 1729, "237": 1729.02, "238": 1729.04, "239": 1729.05, "240": 1729.1}, "SolveResult": 0, "UpperBounds": {"1": 1730.79}, "MaxQueueSize": 49, "VisitedNodes": 481, "BranchingVars": [0, 4, 1, 3, 1, 4, 4, 3, 2, 3, 2, 1, 0, 2, 1, 3, 5, 2, 1, 2, 5, 2, 5, 5, 5, 0, 0, 3, 5, 0, 2, 5, 4, 2, 2, 5, 2, 2, 5, 0, 5, 1, 3, 0, 0, 5, 0, 5, 4, 3, 3, 5, 1, 3, 0, 2, 5, 4, 3, 3, 0, 3, 4, 4, 4, 4, 4, 4, 4, 3, 3, 4, 4, 3, 1, 4, 4, 3, 3, 3, 3, 2, 0, 4, 4, 3, 3, 2, 4, 4, 3, 2, 0, 4, 1, 1, 3, 2, 4, 3, 5, 1, 2, 3, 4, 3, 0, 0, 3, 0, 4, 3, 4, 3, 5, 4, 4, 4, 5, 0, 4, 2, 4, 2, 4, 4, 1, 3, 4, 0, 0, 4, 2, 5, 4, 3, 3, 4, 3, 4, 4, 1, 4, 4, 1, 4, 2, 1, 1, 4, 1, 4, 1, 4, 4, 4, 1, 3, 1, 4, 1, 1, 3, 3, 3, 4, 3, 3, 3, 3, 0, 4, 4, 1, 5, 3, 3, 5, 3, 0, 3, 1, 0, 4, 5, 0, 4, 0, 4, 0, 3, 4, 4, 2, 3, 3, 4, 3, 3, 3, 4, 3, 3, 3, 4, 3, 4, 4, 5, 4, 4, 4, 4, 4, 4, 4, 1, 3, 4, 0, 4, 3, 4, 4, 4, 4, 4, 3, 3, 3, 0, 3, 3, 4, 4, 1, 3, 4, 3, 4], "NonLinearTime": 0.349935, "OptimalityGap": 1.6829,