{"Itbt": 0, "Pace": 0.00684708, "Depth": 8, "Degree": 6, "RPSTime": 0.569325, "FBBTTime": 0, "OBBTTime": 0, "TotalTime": 3.7693, "Iterations": 26, "LinearTime": 0.452335, "LowerBound": 269.375, "TimeVector": [0.304923, 0.443025, 0.574964, 0.707145, 0.855025, 0.995867, 1.14455, 1.29063, 1.42429, 1.57292, 1.69725, 1.82564, 1.95225, 2.08779, 2.22588, 2.36585, 2.50411, 2.64328, 2.77314, 2.90712, 3.05851, 3.20304, 3.35536, 3.49323, 3.62642, 7.39573], "UpperBound": 269.623, "rootBTTime": 0, "LowerBounds": {"1": 164.933, "2": 184.377, "3": 200.614, "4": 213.222, "5": 221.45, "6": 235.47, "7": 237.482, "8": 240.899, "9": 246.361, "10": 251.497, "11": 254.781, "12": 255.294, "13": 255.651, "14": 256.789, "15": 258.3, "16": 260.756, "17": 261.346, "18": 265.652, "19": 266.404, "20": 266.779, "21": 266.836, "22": 267.877, "23": 267.877, "24": 268.831, "25": 268.948, "26": 269.375}, "SolveResult": 0, "UpperBounds": {"1": 269.623}, "MaxQueueSize": 9, "VisitedNodes": 53, "BranchingVars": [0, 1, 2, 2, 3, 2, 2, 3, 1, 3, 5, 5, 5, 5, 5, 5, 3, 0, 0, 0, 0, 0, 0, 2, 2, 2], "NonLinearTime": 0.17355, "OptimalityGap": 0.248689, "BranchingRules": ["sum_rescaled_var_range_weighted_rel", "sum_rescaled_var_range_weighted_rel", "sum_dual_weighted_plus1_rel", "sum_dual_weighted_plus1_rel", "eigen_cen_alternative", "sum_dual_weighted_plus1_rel", "sum_dual_weighted_plus1_rel", "sum_dual_weighted_plus1_rel", "sum_dual_weighted_plus1_rel", "sum_dual_weighted_plus1_rel", "sum_dual_weighted_plus1_rel", "sum_dual_weighted_plus1_rel", "sum_dual_weighted_plus1_rel", "sum_dual_weighted_plus1_rel", "sum_dual_weighted_plus1_rel", "sum_dual_weighted_plus1_rel", "sum_dual_weighted_plus1_rel", "sum_dual_weighted_plus1_rel", "sum_dual_weighted_plus1_rel", "sum_rescaled_var_range_weighted_rel", "sum_dual_weighted_plus1_rel", "sum_dual_weighted_plus1_rel", "sum_dual_weighted_plus1_rel", "sum_dual_weighted_plus1_rel", "sum_dual_weighted_plus1_rel", "sum_dual_weighted_plus1_rel"], "LBImprovements": [19.4444, 28.8452, 45.7466, 27.6766, 14.0206, 19.3107, 18.169, 14.3955, 30.3099, 19.2821, 11.6234, 15.6716, 10.0009, 11.0887, 11.3249, 11.2377, 34.3445, 3.17897, 2.97043, 2.66029, 4.16707, 3.96331, 3.96331, 0.456305, 0.618184, 0.294904], "InfeasibleNodes": 0, "ElapsedTimeCoeffs": 0, "LinearizationTime": 0.00162593, "NumberOfVariables": 6, "CallsToLinearSolver": 53, "LinearGenerationTime": 0.0549539, "SDPCutsGenerationTime": 0, "CallsToNonLinearSolver": 8, "StrongBranchingExtraTime": 3.05417, "ElapsedTimeWeightedCoeffs": 0, "NodesDiscardedByFathoming": 0, "NodesDiscardedByTolerance": 27, "BoundFactorConstraintsTime": 0.0573865, "ElapsedTimeVarsInConstraints": 0.000021499, "meanBTRelativeChangeRootNode": 0, "NumberOfBoundFactorConstraints": 154, "NumberOfLAPACKConvergenceFailures": 0, "NumberOfRLTVariablesAfterLinearization": 86}