{"Itbt": 0, "Pace": 0.0420385, "Depth": 12, "Degree": 6, "RPSTime": 381.459, "FBBTTime": 0, "OBBTTime": 0, "TotalTime": 1496.13, "Iterations": 115, "LinearTime": 158.638, "LowerBound": 15942.6, "TimeVector": [9.80918, 18.6001, 27.5253, 37.2165, 46.8803, 55.8473, 65.4119, 75.7414, 85.1783, 95.0697, 105.546, 115.27, 125.187, 134.729, 146.219, 155.761, 166.15, 176.744, 186.419, 196.657, 207.09, 217.655, 229.515, 241.284, 252.606, 263.093, 275.812, 286.063, 296.265, 307.201, 319.143, 329.869, 340.508, 351.525, 361.929, 371.607, 385.238, 395.705, 406.428, 418.55, 430.7, 449.322, 459.769, 472.148, 482.22, 494.017, 504.928, 517.011, 527.514, 537.45, 552.203, 564.353, 578.049, 588.541, 602.059, 613.795, 625.981, 636.607, 648.919, 663.243, 674.49, 687.288, 705.511, 724.216, 734.958, 745.535, 758.7, 770.574, 781.08, 794.685, 808.311, 819.415, 840.687, 852.756, 863.47, 881.538, 899.941, 910.467, 921.475, 933.681, 946.02, 964.63, 976.194, 988.244, 1003.29, 1017.69, 1030.65, 1050.42, 1069.27, 1082.83, 1094.31, 1107.01, 1121.18, 1149.65, 1162.96, 1174.48, 1186.32, 1207.33, 1228.9, 1246.43, 1270.18, 1285.94, 1299.32, 1318.36, 1333.7, 1351.78, 1365.08, 1384.19, 1396.99, 1420.53, 1435.01, 1448.22, 1461.13, 1483.77, 1518.78], "UpperBound": 15958.5, "rootBTTime": 0, "LowerBounds": {"1": 10858.2, "2": 12424.2, "3": 12478.8, "4": 13319.6, "5": 13474.1, "6": 13552.8, "7": 13885.8, "8": 13995.9, "9": 14085.6, "10": 14162.3, "11": 14216.6, "12": 14399.3, "13": 14548, "14": 14564.6, "15": 14615.1, "16": 14699.3, "17": 14802.3, "18": 14831.8, "19": 14934.8, "20": 15009.2, "21": 15046.4, "22": 15170.3, "23": 15256.7, "24": 15272, "25": 15275.2, "26": 15341.7, "27": 15352.9, "28": 15356.5, "29": 15358.6, "30": 15360.5, "31": 15408.6, "32": 15469.9, "33": 15481.8, "34": 15493.6, "35": 15508.3, "36": 15522.2, "37": 15678.1, "38": 15679.5, "39": 15687.6, "40": 15689.8, "41": 15704.9, "42": 15713.5, "43": 15725.1, "44": 15728.3, "45": 15737.6, "46": 15744.8, "47": 15754.5, "48": 15759, "49": 15760.9, "50": 15764.2, "51": 15771.8, "52": 15771.9, "53": 15773.6, "54": 15779.1, "55": 15800.4, "56": 15805.8, "57": 15821.5, "58": 15822.4, "59": 15824.3, "60": 15825.3, "61": 15833.7, "62": 15839.3, "63": 15840.9, "64": 15848, "65": 15852.9, "66": 15855.9, "67": 15856.6, "68": 15864.5, "69": 15866.8, "70": 15870.4, "71": 15871.4, "72": 15874.1, "73": 15877.6, "74": 15890.1, "75": 15890.1, "76": 15890.6, "77": 15895.2, "78": 15897, "79": 15897.3, "80": 15901.9, "81": 15907.5, "82": 15908.1, "83": 15909.9, "84": 15910.5, "85": 15910.6, "86": 15911.5, "87": 15911.7, "88": 15911.9, "89": 15913.8, "90": 15913.8, "91": 15915.1, "92": 15919.3, "93": 15919.5, "94": 15920.1, "95": 15926.8, "96": 15927.9, "97": 15929.4, "98": 15929.9, "99": 15930.2, "100": 15930.6, "101": 15931.6, "102": 15932.4, "103": 15933.1, "104": 15933.4, "105": 15933.9, "106": 15934, "107": 15935.2, "108": 15935.5, "109": 15936.7, "110": 15936.7, "111": 15937.8, "112": 15938.8, "113": 15938.8, "114": 15938.8, "115": 15942.6}, "SolveResult": 0, "UpperBounds": {"1": 16136, "2": 16102.6, "5": 15958.5}, "MaxQueueSize": 32, "VisitedNodes": 231, "BranchingVars": [1, 3, 2, 2, 3, 0, 4, 0, 2, 4, 0, 5, 5, 5, 5, 2, 5, 5, 5, 0, 5, 0, 5, 5, 5, 5, 5, 0, 0, 4, 4, 0, 4, 5, 3, 4, 0, 1, 4, 0, 1, 4, 0, 4, 1, 1, 0, 0, 4, 3, 1, 0, 0, 1, 0, 4, 1, 3, 1, 1, 1, 1, 1, 3, 3, 3, 3, 5, 0, 4, 1, 3, 1, 1, 4, 1, 3, 4, 1, 4, 3, 1, 0, 4, 1, 3, 4, 3, 3, 3, 1, 5, 3, 4, 4, 1, 1, 3, 5, 3, 4, 1, 2, 2, 3, 4, 3, 2, 1, 1, 0, 4, 4, 1, 5], "NonLinearTime": 0.338594, "OptimalityGap": 15.9555, "BranchingRules": ["sum_dual_weighted_plus1", "sum_rescaled_var_range_weighted_rel", "eigen_cen_alternative", "sum_rescaled_var_range_weighted_rel", "eigen_cen_alternative", "sum_rescaled_var_range_weighted_rel", "eigen_cen_alternative", "eigen_cen_alternative", "eigen_cen_alternative", "eigen_cen_alternative", "eigen_cen_alternative", "eigen_cen_alternative", "eigen_cen_alternative", "eigen_cen_alternative", "sum_rescaled_var_range_weighted_rel", "sum_rescaled_var_range_weighted_rel", "sum_rescaled_var_range_weighted_rel", "sum_rescaled_var_range_weighted_rel", "sum_rescaled_var_range_weighted_rel", "eigen_cen_alternative", "eigen_cen_alternative", "eigen_cen_alternative", "eigen_cen_alternative", "sum_rescaled_var_range_weighted_rel", "sum_rescaled_var_range_weighted_rel", "sum_rescaled_var_range_weighted_rel", "eigen_cen_alternative", "sum_rescaled_var_range_weighted_rel", "eigen_cen_alternative", "eigen_cen_alternative", "eigen_cen_alternative", "eigen_cen_alternative", "eigen_cen_alternative", "eigen_cen_alternative", "sum_rescaled_var_range_weighted_rel", "eigen_cen_alternative", "sum_rescaled_var_range_weighted_rel", "eigen_cen_alternative", "eigen_cen_alternative", "sum_rescaled_var_range_weighted_rel", "sum_dual_weighted_plus1", "eigen_cen_alternative", "eigen_cen_alternative", "eigen_cen_alternative", "eigen_cen_alternative", "sum_dual_weighted_plus1", "eigen_cen_alternative", "sum_rescaled_var_range_weighted_rel", "eigen_cen_alternative", "eigen_cen_alternative", "sum_dual_weighted_plus1", "sum_rescaled_var_range_weighted_rel", "sum_rescaled_var_range_weighted_rel", "eigen_cen_alternative", "eigen_cen_alternative", "eigen_cen_alternative", "eigen_cen_alternative", "sum_rescaled_var_range_weighted_rel", "eigen_cen_alternative", "eigen_cen_alternative", "eigen_cen_alternative", "eigen_cen_alternative", "eigen_cen_alternative", "sum_rescaled_var_range_weighted_rel", "sum_rescaled_var_range_weighted_rel", "eigen_cen_alternative", "eigen_cen_alternative", "sum_dual_weighted_plus1", "sum_rescaled_var_range_weighted_rel", "eigen_cen_alternative", "eigen_cen_alternative", "eigen_cen_alternative", "eigen_cen_alternative", "eigen_cen_alternative", "eigen_cen_alternative", "eigen_cen_alternative", "sum_rescaled_var_range_weighted_rel", "eigen_cen_alternative", "eigen_cen_alternative", "eigen_cen_alternative", "sum_rescaled_var_range_weighted_rel", "eigen_cen_alternative", "sum_rescaled_var_range_weighted_rel", "eigen_cen_alternative", "sum_dual_weighted_plus1", "sum_rescaled_var_range_weighted_rel", "eigen_cen_alternative", "eigen_cen_alternative", "sum_rescaled_var_range_weighted_rel", "eigen_cen_alternative", "eigen_cen_alternative", "eigen_cen_alternative", "sum_rescaled_var_range_weighted_rel", "sum_rescaled_var_range_weighted", "eigen_cen_alternative", "eigen_cen_alternative", "eigen_cen_alternative", "sum_rescaled_var_range_weighted_rel", "sum_dual_weighted_plus1_rel", "sum_rescaled_var_range_weighted_rel", "sum_rescaled_var_range_weighted_rel", "eigen_cen_alternative", "sum_rescaled_var_range_weighted_rel", "eigen_cen_alternative", "eigen_cen_alternative", "eigen_cen_alternative", "eigen_cen_alternative", "eigen_cen_alternative", "eigen_cen_alternative", "eigen_cen_alternative", "sum_rescaled_var_range_weighted_rel", "eigen_cen_alternative", "eigen_cen_alternative", "eigen_cen_alternative", "eigen_cen_alternative"], "LBImprovements": [1566.02, 895.371, 995.349, 676.35, 688.158, 532.776, 513.523, 619.224, 716.691, 385.718, 615.239, 770.976, 810.577, 1325.47, 745.36, 572.709, 1409.97, 649.905, 871.012, 343.743, 1087.94, 337.982, 448.179, 1290.18, 1243.51, 403.161, 1058.69, 407.749, 329.039, 317.557, 281.26, 309.17, 255.848, 502.685, 219.999, 232.309, 143.419, 230.443, 84.2847, 134.434, 229.1, 223.181, 139.441, 138.474, 190.299, 274.398, 123.15, 131.026, 214.481, 220.744, 259.213, 76.1373, 65.7699, 91.3523, 164.861, 466.925, 88.9976, 116.435, 119.814, 105.239, 130.545, 72.2002, 70.998, 42.5433, 62.2123, 240.231, 295.119, 37.3716, 132.656, 24.7397, 100.033, 37.6774, 131.428, 142.433, 864.088, 29.5649, 38.1918, 35.3565, 106.37, 31.9981, 43.4219, 23.585, 61.8372, 54.3222, 83.8399, 32.5796, 21.3465, 43.0109, 84.8998, 34.4154, 21.5846, 49.611, 38.4991, 24.7155, 83.7448, 60.5648, 15.749, 27.3948, 8.62911, 23.459, 25.547, 85.5757, 10.8389, 22.8515, 36.6197, 110.799, 37.2004, 16.9393, 5.92118, 155.53, 82.2747, 71.2978, 71.2978, 10.5616, 21.9147], "InfeasibleNodes": 2,