{"Itbt": 0, "Pace": 0.530657, "Depth": 23, "Degree": 2, "RPSTime": 0.162483, "FBBTTime": 0, "OBBTTime": 0, "TotalTime": 0.996431, "Iterations": 77, "LinearTime": 0.174887, "LowerBound": 0.857769, "TimeVector": [0.228621, 0.253874, 0.284909, 0.310875, 0.340395, 0.347605, 0.355002, 0.374836, 0.38402, 0.392449, 0.399496, 0.408551, 0.416083, 0.423575, 0.432251, 0.453591, 0.461192, 0.46826, 0.477235, 0.484683, 0.493797, 0.502, 0.50898, 0.517799, 0.525284, 0.533047, 0.54172, 0.550179, 0.558723, 0.567168, 0.57633, 0.597037, 0.606024, 0.614422, 0.622559, 0.629914, 0.637338, 0.645503, 0.654113, 0.662533, 0.671359, 0.680167, 0.688934, 0.697032, 0.704354, 0.712971, 0.721766, 0.730847, 0.739312, 0.747549, 0.756228, 0.764663, 0.772976, 0.781841, 0.791023, 0.79933, 0.808053, 0.816437, 0.824117, 0.832569, 0.84039, 0.849005, 0.857211, 0.877176, 0.885348, 0.893816, 0.901992, 0.909342, 0.917741, 0.925998, 0.934178, 0.942635, 0.950901, 0.959304, 0.967609, 0.97583, 1.97226], "UpperBound": 0.858407, "rootBTTime": 0, "LowerBounds": {"1": 0, "56": 0.0113903, "57": 0.0230147, "58": 0.115601, "59": 0.23577, "60": 0.249967, "61": 0.250704, "62": 0.253544, "63": 0.306746, "64": 0.394659, "65": 0.488986, "66": 0.512075, "67": 0.598089, "68": 0.621084, "69": 0.670285, "70": 0.768409, "71": 0.790045, "72": 0.809616, "73": 0.840672, "74": 0.844841, "75": 0.85419, "76": 0.855983, "77": 0.857769}, "SolveResult": 0, "UpperBounds": {"1": 0.858407}, "MaxQueueSize": 8, "VisitedNodes": 155, "BranchingVars": [0, 2, 2, 4, 4, 6, 6, 2, 0, 2, 2, 4, 4, 4, 6, 6, 6, 2, 2, 2, 0, 4, 4, 4, 2, 2, 4, 6, 6, 4, 0, 6, 4, 2, 4, 4, 2, 6, 6, 6, 6, 4, 4, 2, 2, 6, 2, 0, 4, 2, 4, 4, 2, 6, 6, 4, 6, 4, 6, 4, 2, 6, 4, 2, 4, 6, 2, 2, 4, 6, 2, 4, 2, 4, 4, 2, 4], "NonLinearTime": 0.254607, "OptimalityGap": 0.000638239, "BranchingRules": ["sum_dual_weighted_plus1", "sum_dual_weighted_plus1", "sum_dual_weighted_plus1", "sum_dual_weighted_plus1", "sum_dual_weighted_plus1", "sum_dual_weighted_plus1", "sum_dual_weighted_plus1", "sum_dual_weighted_plus1", "sum_dual_weighted_plus1", "sum_dual_weighted_plus1", "sum_dual_weighted_plus1", "sum_dual_weighted_plus1", "sum_dual_weighted_plus1", "sum_dual_weighted_plus1", "sum_dual_weighted_plus1", "sum_dual_weighted_plus1", "sum_dual_weighted_plus1", "sum_dual_weighted_plus1", "sum_dual_weighted_plus1", "sum_dual_weighted_plus1", "sum_dual_weighted_plus1", "sum_dual_weighted_plus1", "sum_dual_weighted_plus1", "sum_dual_weighted_plus1", "sum_dual_weighted_plus1", "sum_dual_weighted_plus1", "sum_dual_weighted_plus1", "sum_dual_weighted_plus1", "sum_dual_weighted_plus1", "sum_dual_weighted_plus1", "sum_dual_weighted_plus1", "sum_dual_weighted_plus1", "sum_dual_weighted_plus1", "sum_dual_weighted_plus1", "sum_dual_weighted_plus1", "sum_dual_weighted_plus1", "sum_dual_weighted_plus1", "sum_dual_weighted_plus1", "sum_dual_weighted_plus1", "sum_dual_weighted_plus1", "sum_dual_weighted_plus1", "sum_dual_weighted_plus1", "sum_dual_weighted_plus1", "sum_dual_weighted_plus1", "sum_dual_weighted_plus1", "sum_dual_weighted_plus1", "sum_dual_weighted_plus1", "sum_dual_weighted_plus1", "sum_dual_weighted_plus1", "sum_dual_weighted_plus1", "sum_dual_weighted_plus1", "sum_dual_weighted_plus1", "sum_dual_weighted_plus1", "sum_dual_weighted_plus1", "sum_dual_weighted_plus1", "sum_dual_weighted_plus1", "sum_rescaled_var_range_weighted_rel", "sum_dual_weighted_plus1", "sum_dual_weighted_plus1", "sum_dual_weighted_plus1", "sum_dual_weighted_plus1", "sum_dual_weighted_plus1", "sum_dual_weighted_plus1", "sum_dual_weighted_plus1", "sum_dual_weighted_plus1", "sum_dual_weighted_plus1", "sum_dual_weighted_plus1", "sum_dual_weighted_plus1", "sum_dual_weighted_plus1", "sum_rescaled_var_range_weighted_rel", "sum_dual_weighted_plus1", "sum_dual_weighted_plus1", "sum_dual_weighted_plus1", "sum_dual_weighted_plus1", "sum_dual_weighted_plus1", "sum_dual_weighted_plus1", "sum_dual_weighted_plus1"], "LBImprovements": [0, 0, 0, 0, 0, 0, 0, 0, 0, 0, 0, 0, 0, 0, 0, 0, 0, 0, 0, 0, 0, 0, 0, 0, 0, 0, 0, 0.249967, 0, 0, 0, 0.306746, 0, 0, 0, 0, 0, 0, 0, 0, 0, 0.23577, 0, 0, 0, 0.115601, 0, 0, 0.0230147, 0, 0, 0, 0, 0.253544, 0.0113903, 0, 0.465972, 0.279058, 0, 0.371117, 0, 0.344545, 0.205329, 0, 0, 0.15821, 0, 0, 0.0981239, 0.0216359, 0.0195707, 0.031056, 0.00416986, 0.00934848, 0.00179318, 0.000884352, 0.00090166], "InfeasibleNodes": 77, "ElapsedTimeCoeffs": 0, "LinearizationTime": 0.000172657, "NumberOfVariables": 12, "CallsToLinearSolver": 155, "LinearGenerationTime": 0.0672157, "SDPCutsGenerationTime": 0, "CallsToNonLinearSolver": 10, "StrongBranchingExtraTime": 0.540719, "ElapsedTimeWeightedCoeffs": 0, "NodesDiscardedByFathoming": 0, "NodesDiscardedByTolerance": 1, "BoundFactorConstraintsTime": 0.00606424, "ElapsedTimeVarsInConstraints": 0.000024461, "meanBTRelativeChangeRootNode": 0, "NumberOfBoundFactorConstraints": 76, "NumberOfLAPACKConvergenceFailures": 0, "NumberOfRLTVariablesAfterLinearization": 21}