{"Itbt": 0, "Pace": 0.13394, "Depth": 10, "Degree": 4, "RPSTime": 178.459, "FBBTTime": 0, "OBBTTime": 0, "TotalTime": 600.207, "Iterations": 179, "LinearTime": 421.407, "LowerBound": 28350, "TimeVector": [5.97126, 8.43722, 10.9358, 13.6859, 16.5008, 19.5146, 22.0888, 25.1885, 27.8576, 30.8964, 33.9954, 36.8576, 39.6399, 42.9358, 45.9571, 48.8492, 51.5158, 54.3336, 57.4162, 60.363, 63.1881, 66.1616, 68.7984, 72.0535, 74.6138, 77.5311, 80.6839, 83.8987, 87.4308, 90.1966, 93.0465, 95.8251, 99.187, 102.305, 105.454, 108.832, 112.146, 114.528, 117.521, 120.84, 123.847, 126.532, 129.302, 132.673, 136.041, 139.068, 142.415, 145.405, 148.969, 151.259, 154.203, 157.068, 159.839, 162.818, 166.093, 169.42, 172.123, 175.108, 178.334, 181.16, 184.176, 187.106, 189.984, 197.841, 200.955, 204.262, 207.247, 209.829, 213.402, 215.774, 219.356, 222.578, 225.031, 227.741, 230.842, 234.02, 237.245, 240.047, 243.235, 245.884, 248.834, 252.031, 254.995, 258.444, 261.734, 265.027, 268.271, 271.63, 274.399, 281.124, 284.44, 287.226, 293.107, 295.896, 299.232, 302.527, 305.752, 308.131, 311.158, 314.112, 321.589, 324.153, 326.688, 329.777, 332.731, 336.475, 339.509, 342.974, 346.124, 351.492, 354.657, 357.616, 361.176, 364.427, 367.817, 370.807, 373.417, 376.29, 379.607, 382.834, 387.66, 390.735, 396.252, 399.428, 402.301, 404.671, 408.149, 410.934, 414.369, 417.707, 420.714, 423.444, 426.04, 429.291, 432.036, 434.545, 438.231, 447.079, 454.413, 457.781, 460.749, 464.996, 468.962, 472.123, 474.61, 477.802, 480.543, 487.943, 491.203, 497.468, 500.131, 502.557, 508.901, 515.231, 517.53, 523.453, 526.442, 529.644, 532.453, 535.614, 538.899, 541.332, 544.603, 547.309, 549.962, 552.852, 555.866, 559.303, 564.356, 567.506, 570.388, 573.083, 575.632, 579.308, 582.313, 585.134, 587.921, 591.141, 603.427], "UpperBound": 28977.3, "rootBTTime": 0, "LowerBounds": {"1": 23870.4, "2": 24624, "3": 25387.4, "4": 25652.6, "5": 25841.3, "6": 26196.9, "7": 26300.3, "8": 26431.4, "9": 26528.7, "10": 26557.7, "11": 26659.8, "12": 26742.2, "13": 26794, "14": 26824.9, "15": 26900.3, "16": 26903.6, "17": 26997.1, "18": 27026.1, "19": 27107.3, "20": 27168.2, "21": 27169.3, "22": 27211, "23": 27236.3, "24": 27238.8, "25": 27279.7, "26": 27335.8, "27": 27369.1, "28": 27382.6, "29": 27416.9, "30": 27427.2, "31": 27462, "32": 27468.8, "33": 27489.7, "34": 27504.2, "35": 27535.4, "36": 27538.6, "37": 27547.5, "38": 27581.8, "39": 27586.9, "40": 27590, "41": 27600.2, "42": 27632, "43": 27644, "44": 27687, "45": 27700.3, "46": 27715.6, "47": 27726.6, "48": 27728, "49": 27734.2, "50": 27736.7, "51": 27768.2, "52": 27782.9, "53": 27798.6, "54": 27800.7, "55": 27810.8, "56": 27816.3, "57": 27818.6, "58": 27828.4, "59": 27844, "60": 27846.7, "61": 27856.3, "62": 27860.1, "63": 27864, "64": 27864, "65": 27888.3, "66": 27893.2, "67": 27903.3, "68": 27909, "69": 27909.2, "70": 27909.3, "71": 27912.6, "72": 27913.5, "73": 27930.3, "74": 27931.4, "75": 27937.2, "76": 27937.8, "77": 27945, "78": 27961.2, "79": 27971.9, "80": 27977, "81": 27985.8, "82": 27989.9, "83": 27994.1, "84": 27994.3, "85": 28006.5, "86": 28025.5, "87": 28034.3, "88": 28035.9, "89": 28038.6, "90": 28053.4, "91": 28056.7, "92": 28070.7, "93": 28072.3, "94": 28075.7, "95": 28080.6, "96": 28090, "97": 28101.2, "98": 28117.4, "99": 28125.2, "100": 28125.2, "101": 28128.4, "102": 28131.2, "103": 28141, "104": 28142, "105": 28150.3, "106": 28153.4, "107": 28159.6, "108": 28162.4, "109": 28163.6, "110": 28170.9, "111": 28173.5, "112": 28175.3, "113": 28175.6, "114": 28187.6, "115": 28187.7, "116": 28189, "117": 28190.6, "118": 28195.4, "119": 28198.7, "120": 28201.5, "121": 28202.3, "122": 28206.9, "123": 28217.6, "124": 28217.7, "125": 28221.2, "126": 28230.1, "127": 28233.4, "128": 28233.7, "129": 28234.9, "130": 28236.4, "131": 28239.6, "132": 28242.8, "133": 28243.2, "134": 28244.6, "135": 28245.3, "136": 28246.3, "137": 28249.6, "138": 28251.7, "139": 28254.1, "140": 28256.8, "141": 28258.1, "142": 28258.4, "143": 28259.4, "144": 28262.5, "145": 28265.2, "146": 28266.4, "147": 28267.7, "148": 28272.2, "149": 28272.6, "150": 28279.1, "151": 28279.2, "152": 28281.5, "153": 28283.6, "154": 28287, "155": 28287.8, "156": 28289.3, "157": 28289.6, "158": 28292.6, "159": 28298.1, "160": 28298.2, "161": 28304.2, "162": 28304.4, "163": 28304.6, "164": 28308.3, "165": 28311.1, "166": 28313.7, "167": 28314.4, "168": 28320.4, "169": 28322.2, "170": 28324, "171": 28325.5, "172": 28329.3, "173": 28329.3, "174": 28333.7, "175": 28334.4, "176": 28337.4, "177": 28342, "178": 28347, "179": 28350}, "SolveResult": 402, "UpperBounds": {"1": 28977.3}, "MaxQueueSize": 174, "VisitedNodes": 359, "BranchingVars": [6, 8, 8, 0, 1, 5, 0, 3, 0, 9, 1, 9, 1, 9, 1, 5, 3, 0, 1, 0, 0, 1, 1, 9, 9, 0, 1, 2, 5, 3, 5, 9, 5, 5, 2, 3, 3, 3, 3, 3, 3, 1, 5, 3, 3, 5, 3, 1, 10, 2, 9, 3, 5, 9, 3, 5, 3, 9, 9, 3, 1, 9, 9, 3, 10, 5, 9, 1, 5, 5, 10, 3, 3, 3, 9, 5, 9, 9, 4, 5, 9, 9, 9, 9, 4, 10, 2, 3, 3, 10, 10, 3, 10, 2, 2, 9, 5, 3, 10, 3, 3, 10, 2, 1, 10, 5, 9, 7, 4, 9, 3, 2, 10, 5, 2, 5, 2, 7, 10, 5, 9, 5, 7, 3, 2, 10, 2, 2, 6, 10, 10, 10, 10, 9, 7, 10, 10, 10, 6, 10, 5, 5, 10, 5, 5, 2, 4, 6, 4, 10, 7, 2, 10, 2, 10, 10, 6, 10, 7, 6, 1, 10, 4, 10, 2, 2, 7, 7, 2, 1, 5, 7, 4, 2, 4, 7, 5, 7, 8], "NonLinearTime": 0.341125, "OptimalityGap": 627.298,