{"Itbt": 0, "Pace": 0.0755546, "Depth": 13, "Degree": 4, "RPSTime": 2.63107, "FBBTTime": 0, "OBBTTime": 0, "TotalTime": 51.9607, "Iterations": 95, "LinearTime": 49.184, "LowerBound": 4169.18, "TimeVector": [0.960876, 1.58208, 2.19694, 2.82814, 3.39444, 3.93719, 4.47789, 5.11221, 5.66608, 6.25464, 6.85177, 7.40821, 7.97774, 8.53487, 9.13715, 9.70205, 10.3018, 10.9206, 11.5285, 12.1436, 12.731, 13.3473, 13.9186, 14.4806, 15.0512, 15.6255, 16.2106, 16.8065, 17.4141, 17.9463, 18.4985, 19.042, 19.6107, 20.2511, 20.7984, 21.404, 21.995, 22.5451, 23.111, 23.7023, 24.2875, 24.8612, 25.4428, 25.9275, 26.4298, 27.0102, 27.5987, 28.0382, 28.6266, 29.1917, 29.7222, 30.2946, 30.9237, 31.3912, 31.8307, 32.4142, 32.9751, 33.4831, 34.0105, 34.5889, 35.1174, 35.5748, 36.1526, 36.6646, 37.1567, 37.5977, 38.1334, 38.6906, 39.257, 39.8162, 40.3112, 40.8565, 41.3144, 41.8686, 42.3217, 42.8295, 43.3736, 43.935, 44.3807, 44.8634, 45.3708, 45.7919, 46.2322, 46.6432, 47.1484, 47.6417, 48.2027, 48.6341, 49.1931, 49.709, 50.1151, 50.5479, 50.945, 51.4149, 73.081], "UpperBound": 4173.32, "rootBTTime": 0, "LowerBounds": {"1": 3481.46, "2": 3604.62, "3": 3650.61, "4": 3736.46, "5": 3786.03, "6": 3789.97, "7": 3845.48, "8": 3877.31, "9": 3878.26, "10": 3900.39, "11": 3907.77, "12": 3969.19, "13": 3970.98, "14": 3977.95, "15": 3986.42, "16": 3990.56, "17": 3991.93, "18": 4000.76, "19": 4012.89, "20": 4026.96, "21": 4035.05, "22": 4044.02, "23": 4057.15, "24": 4057.46, "25": 4076.46, "26": 4083.86, "27": 4085.07, "28": 4092.73, "29": 4092.97, "30": 4095.06, "31": 4098.26, "32": 4103.17, "33": 4104.84, "34": 4109.24, "35": 4112.88, "36": 4114.85, "37": 4121.73, "38": 4124.94, "39": 4126.7, "40": 4130.76, "41": 4133.17, "42": 4134.14, "43": 4134.18, "44": 4134.77, "45": 4134.96, "46": 4136.42, "47": 4138.04, "48": 4138.62, "49": 4138.73, "50": 4142.55, "51": 4145.65, "52": 4146.55, "53": 4148.61, "54": 4148.71, "55": 4148.94, "56": 4149.48, "57": 4151.85, "58": 4152.06, "59": 4153.64, "60": 4155.49, "61": 4156.75, "62": 4157.36, "63": 4158.1, "64": 4158.1, "65": 4158.41, "66": 4158.83, "67": 4159.47, "68": 4160.6, "69": 4160.7, "70": 4161.79, "71": 4162.12, "72": 4162.35, "73": 4162.84, "74": 4162.92, "75": 4163.5, "76": 4163.9, "77": 4164.24, "78": 4165.91, "79": 4166.29, "80": 4166.52, "81": 4166.86, "82": 4167.1, "83": 4167.32, "84": 4167.32, "85": 4167.34, "86": 4167.75, "87": 4167.88, "88": 4167.88, "89": 4167.9, "90": 4167.9, "91": 4168.16, "92": 4168.21, "93": 4168.56, "94": 4168.59, "95": 4169.18}, "SolveResult": 0, "UpperBounds": {"1": 4258.93, "64": 4173.32}, "MaxQueueSize": 57, "VisitedNodes": 191, "BranchingVars": [8, 6, 1, 1, 6, 6, 11, 11, 11, 11, 9, 5, 10, 4, 10, 10, 5, 9, 10, 11, 11, 10, 10, 4, 10, 9, 11, 1, 5, 4, 5, 5, 4, 11, 10, 4, 8, 11, 5, 5, 10, 4, 10, 1, 1, 10, 10, 8, 10, 4, 6, 4, 5, 8, 8, 8, 8, 8, 1, 4, 4, 1, 5, 8, 1, 10, 4, 10, 1, 11, 6, 5, 6, 10, 3, 1, 4, 11, 1, 4, 4, 0, 10, 0, 1, 1, 11, 6, 3, 6, 6, 3, 3, 3, 7], "NonLinearTime": 0.145521, "OptimalityGap": 4.13964, "BranchingRules": ["sum_dual_weighted_plus1", "sum_dual_weighted_plus1", "sum_dual_weighted_plus1", "sum_dual_weighted_plus1", "sum_dual_weighted_plus1", "sum_dual_weighted_plus1", "sum_dual_weighted_plus1", "sum_dual_weighted_plus1", "sum_dual_weighted_plus1", "sum_dual_weighted_plus1", "sum_dual_weighted_plus1", "sum_dual_weighted_plus1", "sum_dual_weighted_plus1", "sum_dual_weighted_plus1", "sum_dual_weighted_plus1", "sum_dual_weighted_plus1", "sum_dual_weighted_plus1", "sum_dual_weighted_plus1", "sum_dual_weighted_plus1", "sum_dual_weighted_plus1", "sum_dual_weighted_plus1", "sum_dual_weighted_plus1", "sum_dual_weighted_plus1", "sum_dual_weighted_plus1", "sum_dual_weighted_plus1", "sum_dual_weighted_plus1", "sum_dual_weighted_plus1", "sum_dual_weighted_plus1", "sum_dual_weighted_plus1", "sum_dual_weighted_plus1", "sum_dual_weighted_plus1", "sum_dual_weighted_plus1", "sum_dual_weighted_plus1", "sum_dual_weighted_plus1", "sum_dual_weighted_plus1", "sum_dual_weighted_plus1", "sum_dual_weighted_plus1", "sum_dual_weighted_plus1", "sum_dual_weighted_plus1", "sum_dual_weighted_plus1", "sum_dual_weighted_plus1", "sum_dual_weighted_plus1", "sum_dual_weighted_plus1", "sum_dual_weighted_plus1", "sum_dual_weighted_plus1", "sum_dual_weighted_plus1", "sum_dual_weighted_plus1", "sum_dual_weighted_plus1", "sum_dual_weighted_plus1", "sum_dual_weighted_plus1", "sum_dual_weighted_plus1", "sum_dual_weighted_plus1", "sum_dual_weighted_plus1", "sum_dual_weighted_plus1", "sum_dual_weighted_plus1", "sum_dual_weighted_plus1", "sum_dual_weighted_plus1", "sum_dual_weighted_plus1", "sum_dual_weighted_plus1", "sum_dual_weighted_plus1", "sum_dual_weighted_plus1", "sum_dual_weighted_plus1", "sum_dual_weighted_plus1", "sum_dual_weighted_plus1", "sum_dual_weighted_plus1", "sum_dual_weighted_plus1", "sum_dual_weighted_plus1", "sum_dual_weighted_plus1", "sum_dual_weighted_plus1", "sum_dual_weighted_plus1", "sum_dual_weighted_plus1", "sum_dual_weighted_plus1", "sum_dual_weighted_plus1", "sum_dual_weighted_plus1", "sum_dual_weighted_plus1", "sum_dual_weighted_plus1", "sum_dual_weighted_plus1", "sum_dual_weighted_plus1", "sum_dual_weighted_plus1", "sum_dual_weighted_plus1", "sum_dual_weighted_plus1", "sum_dual_weighted_plus1", "sum_dual_weighted_plus1", "sum_dual_weighted_plus1", "sum_dual_weighted_plus1", "sum_dual_weighted_plus1", "sum_dual_weighted_plus1", "sum_dual_weighted_plus1", "sum_dual_weighted_plus1", "sum_dual_weighted_plus1", "sum_dual_weighted_plus1", "sum_dual_weighted_plus1", "sum_dual_weighted_plus1", "sum_dual_weighted_plus1", "sum_dual_weighted_plus1"], "LBImprovements": [123.159, 131.846, 135.412, 109.015, 92.2297, 110.42, 140.945, 91.888, 92.7248, 90.1698, 127.284, 74.8262, 112.885, 79.2083, 106.549, 112.612, 84.5268, 84.3118, 117.87, 109.46, 57.681, 51.0431, 166.757, 80.5728, 70.0966, 58.6803, 75.5242, 45.9948, 56.5073, 17.8197, 92.195, 87.3243, 63.9276, 65.9009, 21.8874, 104.847, 31.919, 31.8159, 70.8036, 74.8077, 18.6814, 89.3734, 27.6166, 10.8802, 3.65788, 51.394, 137.109, 20.2192, 45.2495, 87.4619, 11.7131, 14.1496, 57.2716, 9.70283, 20.8146, 34.2294, 15.8977, 15.8456, 8.47924, 17.9232, 14.5477, 6.13921, 4.81908, 8.1895, 13.6895, 9.32895, 75.3927, 68.016, 7.17271, 31.8224, 4.40004, 65.7464, 4.47292, 20.1581, 3.59404, 3.98278, 38.0764, 15.7989, 11.8025, 1.6906, 1.03694, 8.72771, 3.56929, 8.05499, 7.21046, 0.840388, 11.5944, 6.72189, 2.81454, 5.46883, 6.22477, 3.10025, 3.09605, 2.54756, 40.1319], "InfeasibleNodes": 0, "ElapsedTimeCoeffs": 0, "LinearizationTime": 0.0645742, "NumberOfVariables": 12, "CallsToLinearSolver": 191, "LinearGenerationTime": 1.13069, "SDPCutsGenerationTime": 0, "CallsToNonLinearSolver": 10, "StrongBranchingExtraTime": 0, "ElapsedTimeWeightedCoeffs": 0, "NodesDiscardedByFathoming": 38, "NodesDiscardedByTolerance": 58, "BoundFactorConstraintsTime": 2.21366, "ElapsedTimeVarsInConstraints": 0.000131648, "meanBTRelativeChangeRootNode": 0, "NumberOfBoundFactorConstraints": 1697, "NumberOfLAPACKConvergenceFailures": 0, "NumberOfRLTVariablesAfterLinearization": 468}