{"Itbt": 0, "Pace": 0.024638, "Depth": 12, "Degree": 6, "RPSTime": 0.492488, "FBBTTime": 0, "OBBTTime": 0, "TotalTime": 2.97103, "Iterations": 46, "LinearTime": 0.329592, "LowerBound": 116.122, "TimeVector": [0.399136, 0.463682, 0.528307, 0.590703, 0.651985, 0.707034, 0.763628, 0.827444, 0.884982, 0.939523, 0.995143, 1.05092, 1.1042, 1.16187, 1.21422, 1.27651, 1.32753, 1.37808, 1.43633, 1.49369, 1.54656, 1.6005, 1.65714, 1.71448, 1.77106, 1.82304, 1.88017, 1.93655, 1.98838, 2.04564, 2.10017, 2.16531, 2.22357, 2.27837, 2.3343, 2.38751, 2.44487, 2.4991, 2.5571, 2.61547, 2.67392, 2.73062, 2.79069, 2.84866, 2.90721, 5.87823], "UpperBound": 116.201, "rootBTTime": 0, "LowerBounds": {"1": 84.2963, "2": 90.3247, "3": 90.6774, "4": 92.1461, "5": 94.06, "6": 95.0042, "7": 97.699, "8": 99.761, "9": 102.49, "10": 106.001, "11": 106.675, "12": 107.809, "13": 107.926, "14": 109.081, "15": 110.061, "16": 112.396, "17": 112.522, "18": 113.423, "19": 113.435, "20": 113.587, "21": 113.767, "22": 113.851, "23": 113.93, "24": 114.076, "25": 114.588, "26": 114.658, "27": 114.679, "28": 114.695, "29": 114.858, "30": 115.216, "31": 115.483, "32": 115.573, "33": 115.661, "34": 115.669, "35": 115.71, "36": 115.716, "37": 115.75, "38": 115.834, "39": 115.843, "40": 115.895, "41": 115.904, "42": 115.928, "43": 116.051, "44": 116.069, "45": 116.076, "46": 116.122}, "SolveResult": 0, "UpperBounds": {"1": 116.201}, "MaxQueueSize": 12, "VisitedNodes": 93, "BranchingVars": [5, 2, 1, 0, 2, 1, 1, 0, 0, 0, 4, 2, 2, 0, 0, 0, 2, 0, 0, 4, 1, 5, 1, 1, 0, 1, 0, 1, 0, 4, 4, 0, 1, 0, 0, 4, 4, 1, 0, 0, 1, 1, 2, 4, 2, 1], "NonLinearTime": 0.377639, "OptimalityGap": 0.0788579, "BranchingRules": ["sum_rescaled_var_range_weighted_rel", "sum_rescaled_var_range_weighted_rel", "sum_rescaled_var_range_weighted_rel", "sum_rescaled_var_range_weighted_rel", "sum_rescaled_var_range_weighted_rel", "sum_rescaled_var_range_weighted_rel", "sum_rescaled_var_range_weighted_rel", "sum_rescaled_var_range_weighted_rel", "sum_rescaled_var_range_weighted_rel", "sum_rescaled_var_range_weighted_rel", "sum_rescaled_var_range_weighted_rel", "sum_rescaled_var_range_weighted_rel", "sum_rescaled_var_range_weighted_rel", "sum_rescaled_var_range_weighted_rel", "sum_rescaled_var_range_weighted_rel", "sum_rescaled_var_range_weighted_rel", "sum_rescaled_var_range_weighted_rel", "sum_rescaled_var_range_weighted_rel", "sum_rescaled_var_range_weighted_rel", "sum_rescaled_var_range_weighted_rel", "sum_rescaled_var_range_weighted_rel", "sum_rescaled_var_range_weighted_rel", "sum_rescaled_var_range_weighted_rel", "sum_rescaled_var_range_weighted_rel", "sum_rescaled_var_range_weighted_rel", "sum_rescaled_var_range_weighted_rel", "sum_rescaled_var_range_weighted_rel", "sum_rescaled_var_range_weighted_rel", "sum_rescaled_var_range_weighted_rel", "sum_rescaled_var_range_weighted_rel", "sum_rescaled_var_range_weighted_rel", "sum_rescaled_var_range_weighted_rel", "sum_rescaled_var_range_weighted_rel", "sum_rescaled_var_range_weighted_rel", "sum_rescaled_var_range_weighted_rel", "sum_rescaled_var_range_weighted_rel", "sum_rescaled_var_range_weighted_rel", "sum_rescaled_var_range_weighted_rel", "sum_rescaled_var_range_weighted_rel", "sum_rescaled_var_range_weighted_rel", "sum_rescaled_var_range_weighted_rel", "sum_rescaled_var_range_weighted_rel", "sum_rescaled_var_range_weighted_rel", "sum_rescaled_var_range_weighted_rel", "sum_rescaled_var_range_weighted_rel", "sum_rescaled_var_range_weighted_rel"], "LBImprovements": [6.02842, 4.67954, 1.46868, 1.91395, 5.70101, 10.9967, 8.97581, 9.32009, 5.43666, 8.65712, 3.38659, 6.86913, 5.49715, 4.35429, 2.46052, 1.45548, 1.40845, 9.59052, 1.25941, 3.01857, 1.90195, 1.63147, 0.657253, 1.67397, 0.628083, 1.67927, 2.25078, 1.73629, 3.1601, 0.357082, 8.96556, 0.331389, 0.181931, 0.636479, 0.41204, 0.623892, 0.70277, 0.384942, 0.207822, 0.231717, 0.172136, 0.148485, 0.0830724, 1.14584, 0.057234, 0.0769153], "InfeasibleNodes": 1, "ElapsedTimeCoeffs": 0, "LinearizationTime": 0.000679914, "NumberOfVariables": 6, "CallsToLinearSolver": 93, "LinearGenerationTime": 0.0571871, "SDPCutsGenerationTime": 0, "CallsToNonLinearSolver": 9, "StrongBranchingExtraTime": 2.18687, "ElapsedTimeWeightedCoeffs": 0, "NodesDiscardedByFathoming": 0, "NodesDiscardedByTolerance": 46, "BoundFactorConstraintsTime": 0.0479538, "ElapsedTimeVarsInConstraints": 0.000015059, "meanBTRelativeChangeRootNode": 0, "NumberOfBoundFactorConstraints": 82, "NumberOfLAPACKConvergenceFailures": 0, "NumberOfRLTVariablesAfterLinearization": 53}