{"Itbt": 0, "Pace": 0.00681611, "Depth": 8, "Degree": 6, "RPSTime": 0.332012, "FBBTTime": 0, "OBBTTime": 0, "TotalTime": 1.9067, "Iterations": 32, "LinearTime": 0.215714, "LowerBound": 220.819, "TimeVector": [0.263678, 0.323023, 0.37953, 0.436471, 0.500343, 0.54987, 0.603191, 0.658198, 0.710705, 0.761672, 0.814686, 0.866319, 0.913862, 0.965193, 1.01872, 1.07816, 1.12477, 1.17623, 1.22537, 1.27608, 1.32786, 1.3746, 1.42359, 1.47515, 1.5279, 1.5771, 1.63004, 1.6835, 1.73181, 1.78289, 1.83604, 3.74274], "UpperBound": 220.819, "rootBTTime": 0, "LowerBounds": {"1": 143.764, "2": 166.358, "3": 175.926, "4": 196.52, "5": 202.23, "6": 202.991, "7": 204.61, "8": 206.884, "9": 210.257, "10": 210.494, "11": 211.751, "12": 212.267, "13": 213.629, "14": 214.669, "15": 214.857, "16": 214.956, "17": 215.327, "18": 216.261, "19": 216.422, "20": 216.746, "21": 217.68, "22": 218.613, "23": 219.053, "24": 219.194, "25": 219.524, "26": 219.717, "27": 220.06, "28": 220.291, "29": 220.341, "30": 220.744, "31": 220.757, "32": 220.819}, "SolveResult": 0, "UpperBounds": {"1": 223.218, "32": 220.819}, "MaxQueueSize": 12, "VisitedNodes": 65, "BranchingVars": [0, 3, 3, 3, 4, 4, 1, 1, 4, 1, 0, 4, 1, 0, 0, 0, 4, 4, 3, 1, 1, 0, 4, 0, 1, 4, 0, 0, 3, 0, 1, 3], "NonLinearTime": 0.251752, "OptimalityGap": 0, "BranchingRules": ["sum_dual_weighted_plus1_rel", "sum_dual_weighted_plus1_rel", "sum_dual_weighted_plus1_rel", "sum_dual_weighted_plus1_rel", "sum_dual_weighted_plus1_rel", "sum_dual_weighted_plus1_rel", "sum_dual_weighted_plus1_rel", "sum_dual_weighted_plus1_rel", "sum_dual_weighted_plus1_rel", "sum_dual_weighted_plus1_rel", "sum_dual_weighted_plus1_rel", "sum_dual_weighted_plus1_rel", "sum_dual_weighted_plus1_rel", "sum_dual_weighted_plus1_rel", "sum_dual_weighted_plus1_rel", "sum_dual_weighted_plus1_rel", "sum_dual_weighted_plus1_rel", "sum_dual_weighted_plus1_rel", "sum_dual_weighted_plus1_rel", "sum_dual_weighted_plus1_rel", "sum_dual_weighted_plus1_rel", "sum_dual_weighted_plus1_rel", "sum_dual_weighted_plus1_rel", "sum_dual_weighted_plus1_rel", "sum_dual_weighted_plus1_rel", "sum_dual_weighted_plus1_rel", "sum_dual_weighted_plus1_rel", "sum_dual_weighted_plus1_rel", "sum_dual_weighted_plus1_rel", "sum_dual_weighted_plus1_rel", "sum_dual_weighted_plus1_rel", "sum_dual_weighted_plus1_rel"], "LBImprovements": [22.5944, 30.1617, 27.0644, 8.08959, 12.4393, 7.5032, 5.64785, 8.4434, 4.69822, 5.76703, 4.99564, 6.9271, 34.9777, 12.943, 8.18363, 4.56825, 4.38957, 10.2143, 2.19054, 3.59507, 2.61124, 5.23008, 7.46937, 4.94834, 2.29929, 2.61703, 3.71636, 0.453282, 2.15209, 0.129005, 0.10683, 0.0913195], "InfeasibleNodes": 2, "ElapsedTimeCoeffs": 0, "LinearizationTime": 0.000555364, "NumberOfVariables": 6, "CallsToLinearSolver": 65, "LinearGenerationTime": 0.0367032, "SDPCutsGenerationTime": 0, "CallsToNonLinearSolver": 9, "StrongBranchingExtraTime": 1.38148, "ElapsedTimeWeightedCoeffs": 0, "NodesDiscardedByFathoming": 8, "NodesDiscardedByTolerance": 23, "BoundFactorConstraintsTime": 0.0358056, "ElapsedTimeVarsInConstraints": 0.000016304, "meanBTRelativeChangeRootNode": 0, "NumberOfBoundFactorConstraints": 71, "NumberOfLAPACKConvergenceFailures": 0, "NumberOfRLTVariablesAfterLinearization": 43}