{"Itbt": 0, "Pace": 0.0137702, "Depth": 9, "Degree": 6, "RPSTime": 10.5072, "FBBTTime": 0, "OBBTTime": 0, "TotalTime": 146.075, "Iterations": 28, "LinearTime": 19.3912, "LowerBound": 3062.18, "TimeVector": [7.6561, 12.847, 18.146, 23.218, 28.8259, 33.3935, 38.3097, 43.4027, 48.2306, 53.3993, 58.6828, 64.2425, 69.0883, 74.2179, 79.1153, 84.6742, 90.193, 95.6658, 100.198, 104.385, 109.817, 115.093, 119.571, 124.99, 130.775, 135.973, 140.997, 156.298], "UpperBound": 3064.81, "rootBTTime": 0, "LowerBounds": {"1": 1408.33, "2": 1918.63, "3": 2077.79, "4": 2235.87, "5": 2380.35, "6": 2464.44, "7": 2524.63, "8": 2552.51, "9": 2766.05, "10": 2803.13, "11": 2803.44, "12": 2818.27, "13": 2818.59, "14": 2836.28, "15": 2864.33, "16": 2950.33, "17": 2950.88, "18": 2951.21, "19": 2982.65, "20": 2984.09, "21": 3023.4, "22": 3024.87, "23": 3034.72, "24": 3054.59, "25": 3055.17, "26": 3056.54, "27": 3058.77, "28": 3062.18}, "SolveResult": 0, "UpperBounds": {"1": 3064.81}, "MaxQueueSize": 10, "VisitedNodes": 57, "BranchingVars": [0, 3, 5, 5, 3, 2, 2, 2, 1, 3, 3, 2, 4, 2, 1, 1, 1, 1, 2, 3, 4, 4, 3, 1, 5, 4, 4, 5], "NonLinearTime": 1.77189, "OptimalityGap": 2.6265, "BranchingRules": ["eigen_cen_alternative_rel", "eigen_cen_alternative_rel", "eigen_cen_alternative_rel", "eigen_cen_alternative_rel", "eigen_cen_alternative_rel", "eigen_cen_alternative_rel", "eigen_cen_alternative_rel", "eigen_cen_alternative_rel", "eigen_cen_alternative_rel", "eigen_cen_alternative_rel", "eigen_cen_alternative_rel", "eigen_cen_alternative_rel", "eigen_cen_alternative_rel", "eigen_cen_alternative_rel", "eigen_cen_alternative_rel", "eigen_cen_alternative_rel", "eigen_cen_alternative_rel", "eigen_cen_alternative_rel", "eigen_cen_alternative_rel", "eigen_cen_alternative_rel", "eigen_cen_alternative_rel", "eigen_cen_alternative_rel", "eigen_cen_alternative_rel", "eigen_cen_alternative_rel", "eigen_cen_alternative_rel", "eigen_cen_alternative_rel", "eigen_cen_alternative_rel", "eigen_cen_alternative_rel"], "LBImprovements": [510.3, 317.242, 302.554, 288.755, 437.925, 1151.46, 241.417, 250.625, 218.044, 148.074, 146.889, 10000000000.0, 364.698, 10000000000.0, 346.507, 108.439, 73.9914, 72.1922, 10000000000.0, 139.898, 31.188, 37.9716, 145.645, 5.23627, 11.2772, 70.0716, 78.2337, 2.35299], "InfeasibleNodes": 7, "ElapsedTimeCoeffs": 0, "LinearizationTime": 0.0467585, "NumberOfVariables": 6, "CallsToLinearSolver": 57, "LinearGenerationTime": 0.743873, "SDPCutsGenerationTime": 0, "CallsToNonLinearSolver": 8, "StrongBranchingExtraTime": 123.302, "ElapsedTimeWeightedCoeffs": 0, "NodesDiscardedByFathoming": 0, "NodesDiscardedByTolerance": 22, "BoundFactorConstraintsTime": 1.33702, "ElapsedTimeVarsInConstraints": 0.000069205, "meanBTRelativeChangeRootNode": 0, "NumberOfBoundFactorConstraints": 1298, "NumberOfLAPACKConvergenceFailures": 0, "NumberOfRLTVariablesAfterLinearization": 364}