{"Itbt": 0, "Pace": 0.0296192, "Depth": 14, "Degree": 4, "RPSTime": 0.641214, "FBBTTime": 0, "OBBTTime": 0, "TotalTime": 5.05066, "Iterations": 62, "LinearTime": 0.572717, "LowerBound": 201.885, "TimeVector": [0.49952, 0.581017, 0.665209, 0.745546, 0.82418, 0.899006, 0.972202, 1.05025, 1.12286, 1.19434, 1.26679, 1.34138, 1.41122, 1.48577, 1.5615, 1.64716, 1.72098, 1.79362, 1.87269, 1.94392, 2.01975, 2.08943, 2.15563, 2.23131, 2.30181, 2.37816, 2.45357, 2.52747, 2.60041, 2.68071, 2.74735, 2.82947, 2.90741, 2.98166, 3.05728, 3.12907, 3.20405, 3.2777, 3.356, 3.43628, 3.50503, 3.57821, 3.65392, 3.72861, 3.80321, 3.87763, 3.95126, 4.02548, 4.09711, 4.16971, 4.24241, 4.31443, 4.39108, 4.46489, 4.53384, 4.60668, 4.67577, 4.75087, 4.82381, 4.8949, 4.96519, 10.0159], "UpperBound": 202.056, "rootBTTime": 0, "LowerBounds": {"1": 172.764, "2": 180.895, "3": 183.51, "4": 185.288, "5": 189.118, "6": 190.345, "7": 192.547, "8": 192.67, "9": 192.789, "10": 195.122, "11": 195.407, "12": 195.449, "13": 195.544, "14": 196.007, "15": 196.938, "16": 197.106, "17": 197.423, "18": 197.619, "19": 197.656, "20": 197.763, "21": 198.172, "22": 198.239, "23": 198.68, "24": 198.893, "25": 199.143, "26": 199.299, "27": 199.484, "28": 199.521, "29": 199.544, "30": 199.703, "31": 199.85, "32": 199.865, "33": 199.886, "34": 200.006, "35": 200.109, "36": 200.26, "37": 200.333, "38": 200.415, "39": 200.771, "40": 200.894, "41": 201.061, "42": 201.08, "43": 201.189, "44": 201.221, "45": 201.319, "46": 201.435, "47": 201.441, "48": 201.585, "49": 201.586, "50": 201.589, "51": 201.617, "52": 201.629, "53": 201.667, "54": 201.668, "55": 201.725, "56": 201.759, "57": 201.789, "58": 201.796, "59": 201.836, "60": 201.838, "61": 201.85, "62": 201.885}, "SolveResult": 0, "UpperBounds": {"1": 202.056}, "MaxQueueSize": 16, "VisitedNodes": 125, "BranchingVars": [5, 2, 8, 5, 9, 8, 8, 2, 2, 2, 5, 2, 10, 5, 10, 8, 10, 1, 4, 1, 10, 10, 1, 5, 5, 0, 5, 5, 10, 10, 9, 10, 6, 4, 1, 1, 2, 1, 5, 10, 5, 5, 5, 4, 9, 2, 0, 5, 9, 10, 0, 7, 10, 7, 2, 2, 5, 1, 7, 0, 10, 9], "NonLinearTime": 0.233856, "OptimalityGap": 0.171043, "BranchingRules": ["sum_rescaled_var_range_weighted_rel", "sum_rescaled_var_range_weighted_rel", "sum_rescaled_var_range_weighted_rel", "sum_rescaled_var_range_weighted_rel", "sum_rescaled_var_range_weighted_rel", "sum_rescaled_var_range_weighted_rel", "sum_rescaled_var_range_weighted_rel", "sum_rescaled_var_range_weighted_rel", "sum_rescaled_var_range_weighted_rel", "sum_rescaled_var_range_weighted_rel", "sum_rescaled_var_range_weighted_rel", "sum_rescaled_var_range_weighted_rel", "sum_rescaled_var_range_weighted_rel", "sum_rescaled_var_range_weighted_rel", "sum_rescaled_var_range_weighted_rel", "sum_rescaled_var_range_weighted_rel", "sum_rescaled_var_range_weighted_rel", "sum_rescaled_var_range_weighted_rel", "sum_rescaled_var_range_weighted_rel", "sum_rescaled_var_range_weighted_rel", "sum_rescaled_var_range_weighted_rel", "sum_rescaled_var_range_weighted_rel", "sum_rescaled_var_range_weighted_rel", "sum_rescaled_var_range_weighted_rel", "sum_rescaled_var_range_weighted_rel", "sum_rescaled_var_range_weighted_rel", "sum_rescaled_var_range_weighted_rel", "sum_rescaled_var_range_weighted_rel", "sum_rescaled_var_range_weighted_rel", "sum_rescaled_var_range_weighted_rel", "sum_rescaled_var_range_weighted_rel", "sum_rescaled_var_range_weighted_rel", "sum_rescaled_var_range_weighted_rel", "sum_rescaled_var_range_weighted_rel", "sum_rescaled_var_range_weighted_rel", "sum_rescaled_var_range_weighted_rel", "sum_rescaled_var_range_weighted_rel", "sum_rescaled_var_range_weighted_rel", "sum_rescaled_var_range_weighted_rel", "sum_rescaled_var_range_weighted_rel", "sum_rescaled_var_range_weighted_rel", "sum_rescaled_var_range_weighted_rel", "sum_rescaled_var_range_weighted_rel", "sum_rescaled_var_range_weighted_rel", "sum_rescaled_var_range_weighted_rel", "sum_rescaled_var_range_weighted_rel", "sum_rescaled_var_range_weighted_rel", "sum_rescaled_var_range_weighted_rel", "sum_rescaled_var_range_weighted_rel", "sum_rescaled_var_range_weighted_rel", "sum_rescaled_var_range_weighted_rel", "sum_rescaled_var_range_weighted_rel", "sum_rescaled_var_range_weighted_rel", "sum_rescaled_var_range_weighted_rel", "sum_rescaled_var_range_weighted_rel", "sum_rescaled_var_range_weighted_rel", "sum_rescaled_var_range_weighted_rel", "sum_rescaled_var_range_weighted_rel", "sum_rescaled_var_range_weighted_rel", "sum_rescaled_var_range_weighted_rel", "sum_rescaled_var_range_weighted_rel", "sum_rescaled_var_range_weighted_rel"], "LBImprovements": [8.13144, 4.39219, 11.9388, 3.83008, 3.5522, 4.77677, 3.46035, 2.87385, 2.61763, 2.53394, 2.21215, 6.81347, 2.21964, 3.53702, 1.95469, 2.37793, 4.37299, 6.16797, 1.64333, 1.37947, 1.93672, 1.61129, 4.24763, 2.32791, 3.77437, 0.56622, 2.49966, 3.36742, 3.35002, 3.77418, 1.93913, 1.1958, 0.447048, 2.16922, 2.08032, 1.64445, 0.561583, 2.48927, 0.663922, 0.185368, 0.663873, 0.239415, 0.251893, 2.01003, 0.309728, 0.415094, 0.147927, 2.63934, 0.172877, 0.305982, 0.302519, 0.209178, 2.76152, 0.167742, 0.589236, 0.126016, 0.651811, 3.74084, 0.153404, 0.183533, 0.117314, 0.258875], "InfeasibleNodes": 0, "ElapsedTimeCoeffs": 0, "LinearizationTime": 0.000439425, "NumberOfVariables": 12, "CallsToLinearSolver": 125, "LinearGenerationTime": 0.0898166, "SDPCutsGenerationTime": 0, "CallsToNonLinearSolver": 9, "StrongBranchingExtraTime": 4.1881, "ElapsedTimeWeightedCoeffs": 0, "NodesDiscardedByFathoming": 0, "NodesDiscardedByTolerance": 63, "BoundFactorConstraintsTime": 0.0198169, "ElapsedTimeVarsInConstraints": 0.000036219, "meanBTRelativeChangeRootNode": 0, "NumberOfBoundFactorConstraints": 85, "NumberOfLAPACKConvergenceFailures": 0, "NumberOfRLTVariablesAfterLinearization": 46}