{"Itbt": 0, "Pace": 0.0278531, "Depth": 12, "Degree": 4, "RPSTime": 1.31554, "FBBTTime": 0, "OBBTTime": 0, "TotalTime": 8.26442, "Iterations": 133, "LinearTime": 0.643652, "LowerBound": 85.1754, "TimeVector": [0.346139, 0.413219, 0.478882, 0.547521, 0.614668, 0.67048, 0.727341, 0.795221, 0.851969, 0.914397, 0.979643, 1.03744, 1.09529, 1.1547, 1.21073, 1.27789, 1.33522, 1.39229, 1.45073, 1.50655, 1.56431, 1.62592, 1.68304, 1.74286, 1.79715, 1.85632, 1.91867, 1.97644, 2.03418, 2.09022, 2.15118, 2.21551, 2.27449, 2.33328, 2.39045, 2.44834, 2.50576, 2.56112, 2.62091, 2.67579, 2.7347, 2.79002, 2.84702, 2.91274, 2.97649, 3.03567, 3.09051, 3.14329, 3.19938, 3.25639, 3.31733, 3.38172, 3.44185, 3.50335, 3.5641, 3.62327, 3.68966, 3.75069, 3.80751, 3.86195, 3.92157, 3.98182, 4.04121, 4.11166, 4.17357, 4.2307, 4.29163, 4.35164, 4.40974, 4.46416, 4.52357, 4.58129, 4.63922, 4.69601, 4.75001, 4.80853, 4.86568, 4.92093, 4.97383, 5.03803, 5.09365, 5.15314, 5.21501, 5.27245, 5.33413, 5.3925, 5.45031, 5.51342, 5.57376, 5.63132, 5.68661, 5.74689, 5.80965, 5.87053, 5.92811, 5.98655, 6.05302, 6.11438, 6.17142, 6.23468, 6.29325, 6.35133, 6.41686, 6.48022, 6.53822, 6.59821, 6.66313, 6.72261, 6.78193, 6.84929, 6.91091, 6.9752, 7.03626, 7.09171, 7.14925, 7.21055, 7.27489, 7.33691, 7.39758, 7.46135, 7.51683, 7.57914, 7.63593, 7.69759, 7.76325, 7.82193, 7.87971, 7.95059, 8.01178, 8.0721, 8.12615, 8.19317, 16.4576], "UpperBound": 85.2595, "rootBTTime": 0, "LowerBounds": {"1": 49.4944, "2": 58.1154, "3": 61.9141, "4": 68.4547, "5": 69.3152, "6": 71.6829, "7": 71.9682, "8": 73.5655, "9": 73.6277, "10": 75.4329, "11": 76.7566, "12": 76.8658, "13": 76.8863, "14": 77.0168, "15": 77.1608, "16": 77.3402, "17": 77.4378, "18": 77.8623, "19": 78.159, "20": 79.0924, "21": 80.044, "22": 80.1096, "23": 80.1142, "24": 80.1832, "25": 80.4605, "26": 80.6725, "27": 80.7392, "28": 80.8371, "29": 80.9436, "30": 81.3219, "31": 81.3437, "32": 81.611, "33": 81.6529, "34": 81.8, "35": 81.8572, "36": 81.9253, "37": 81.9493, "38": 82.0165, "39": 82.1156, "40": 82.2798, "41": 82.3068, "42": 82.3793, "43": 82.431, "44": 82.5671, "45": 82.6166, "46": 82.8042, "47": 82.8585, "48": 82.9535, "50": 82.956, "51": 83.1404, "52": 83.2206, "53": 83.2246, "54": 83.2428, "55": 83.2665, "56": 83.5468, "57": 83.6725, "58": 83.8874, "59": 83.8991, "60": 83.9059, "61": 83.9442, "62": 83.9552, "63": 84.0147, "64": 84.0941, "65": 84.1224, "66": 84.149, "67": 84.2933, "68": 84.326, "69": 84.3619, "70": 84.3786, "71": 84.4079, "72": 84.4555, "73": 84.4738, "74": 84.4941, "75": 84.5302, "76": 84.537, "77": 84.5507, "78": 84.5839, "79": 84.5839, "80": 84.599, "81": 84.6503, "82": 84.7017, "83": 84.7153, "84": 84.7227, "85": 84.7331, "86": 84.7413, "87": 84.7875, "88": 84.7985, "89": 84.8262, "90": 84.8319, "91": 84.8458, "92": 84.8575, "93": 84.8778, "94": 84.8855, "95": 84.8972, "96": 84.8973, "97": 84.91, "98": 84.9245, "99": 84.9324, "100": 84.9324, "101": 84.9366, "102": 84.9491, "103": 84.9602, "104": 84.9627, "105": 84.9669, "106": 84.9754, "107": 84.9916, "108": 84.998, "109": 84.9989, "110": 85.0067, "111": 85.0207, "112": 85.0288, "113": 85.0376, "114": 85.0466, "115": 85.0513, "116": 85.0603, "117": 85.0651, "118": 85.066, "119": 85.0692, "120": 85.0693, "121": 85.0775, "122": 85.0838, "123": 85.105, "124": 85.1151, "125": 85.1158, "126": 85.1176, "127": 85.1249, "128": 85.1351, "129": 85.1377, "130": 85.1436, "131": 85.1485, "132": 85.1501, "133": 85.1754}, "SolveResult": 0, "UpperBounds": {"1": 85.2595}, "MaxQueueSize": 37, "VisitedNodes": 267, "BranchingVars": [0, 5, 5, 1, 1, 1, 1, 9, 6, 6, 6, 9, 8, 9, 9, 8, 6, 8, 8, 8, 9, 8, 1, 1, 8, 0, 8, 4, 1, 1, 8, 9, 8, 8, 9, 9, 9, 9, 1, 0, 6, 8, 9, 9, 9, 1, 8, 7, 7, 1, 9, 9, 9, 9, 9, 0, 6, 0, 7, 6, 9, 1, 6, 7, 7, 7, 0, 6, 1, 6, 7, 0, 9, 9, 1, 6, 7, 0, 0, 0, 5, 1, 5, 0, 7, 6, 5, 5, 6, 0, 0, 5, 0, 6, 5, 7, 0, 0, 5, 6, 0, 0, 0, 0, 7, 1, 0, 7, 0, 7, 0, 0, 1, 7, 0, 9, 0, 0, 1, 0, 7, 0, 0, 5, 0, 2, 9, 5, 1, 1, 5, 1, 5], "NonLinearTime": 0.238113, "OptimalityGap": 0.0840737,