{"Itbt": 0, "Pace": 0.0706615, "Depth": 7, "Degree": 2, "RPSTime": 0.058293, "FBBTTime": 0, "OBBTTime": 0, "TotalTime": 0.881967, "Iterations": 25, "LinearTime": 0.232877, "LowerBound": 389.843, "TimeVector": [0.309223, 0.3411, 0.372867, 0.404044, 0.435174, 0.455145, 0.477258, 0.508657, 0.52907, 0.548634, 0.568982, 0.589273, 0.609955, 0.630269, 0.65074, 0.681369, 0.704438, 0.725951, 0.746717, 0.766736, 0.787407, 0.808499, 0.829662, 0.851321, 1.73329], "UpperBound": 390.178, "rootBTTime": 0, "LowerBounds": {"1": 383.654, "2": 385.737, "3": 386.551, "4": 387.976, "5": 388.293, "6": 388.599, "7": 388.697, "8": 388.766, "9": 388.909, "10": 389.128, "11": 389.214, "12": 389.223, "13": 389.236, "14": 389.237, "15": 389.248, "16": 389.282, "17": 389.334, "18": 389.431, "19": 389.435, "20": 389.52, "21": 389.525, "22": 389.559, "23": 389.608, "24": 389.634, "25": 389.843}, "SolveResult": 0, "UpperBounds": {"1": 390.178}, "MaxQueueSize": 9, "VisitedNodes": 51, "BranchingVars": [12, 19, 19, 1, 2, 18, 20, 1, 12, 2, 19, 19, 1, 18, 19, 5, 12, 20, 19, 18, 18, 18, 5, 19, 5], "NonLinearTime": 0.193518, "OptimalityGap": 0.335546, "BranchingRules": ["sum_rescaled_var_range_weighted_rel", "sum_dual_weighted_plus1", "sum_rescaled_var_range_weighted_rel", "sum_rescaled_var_range_weighted_rel", "sum_rescaled_var_range_weighted_rel", "sum_rescaled_var_range_weighted_rel", "sum_dual_weighted_plus1", "sum_rescaled_var_range_weighted_rel", "sum_dual_weighted_plus1", "sum_rescaled_var_range_weighted_rel", "sum_dual_weighted_plus1", "sum_dual_weighted_plus1", "sum_rescaled_var_range_weighted_rel", "sum_dual_weighted_plus1", "sum_dual_weighted_plus1", "sum_rescaled_var_range_weighted_rel", "sum_dual_weighted_plus1", "sum_rescaled_var_range_weighted_rel", "sum_dual_weighted_plus1", "sum_dual_weighted_plus1", "sum_dual_weighted_plus1", "sum_dual_weighted_plus1", "sum_rescaled_var_range_weighted_rel", "sum_dual_weighted_plus1", "sum_dual_weighted_plus1"], "LBImprovements": [2.08255, 2.23954, 2.04708, 0.720538, 0.943472, 0.649076, 0.636802, 0.361609, 0.305597, 0.0950168, 0.311309, 0.0134901, 0.199286, 0.322365, 0.867009, 0.724318, 0.300037, 0.873842, 0.7082, 0.164658, 0.532689, 0.341225, 0.27565, 0.208806, 0.526589], "InfeasibleNodes": 0, "ElapsedTimeCoeffs": 0, "LinearizationTime": 0.000163069, "NumberOfVariables": 28, "CallsToLinearSolver": 51, "LinearGenerationTime": 0.0495637, "SDPCutsGenerationTime": 0, "CallsToNonLinearSolver": 8, "StrongBranchingExtraTime": 0.444624, "ElapsedTimeWeightedCoeffs": 0, "NodesDiscardedByFathoming": 0, "NodesDiscardedByTolerance": 26, "BoundFactorConstraintsTime": 0.00186588, "ElapsedTimeVarsInConstraints": 0.000095334, "meanBTRelativeChangeRootNode": 0, "NumberOfBoundFactorConstraints": 80, "NumberOfLAPACKConvergenceFailures": 0, "NumberOfRLTVariablesAfterLinearization": 20}