{"Itbt": 0, "Pace": 0.0603539, "Depth": 10, "Degree": 2, "RPSTime": 0.0721425, "FBBTTime": 0, "OBBTTime": 0, "TotalTime": 0.913737, "Iterations": 41, "LinearTime": 0.213232, "LowerBound": 135.941, "TimeVector": [0.285307, 0.310121, 0.334093, 0.35685, 0.380715, 0.394345, 0.408484, 0.435235, 0.448142, 0.462555, 0.476749, 0.490042, 0.503551, 0.516546, 0.530585, 0.552914, 0.566631, 0.580221, 0.594666, 0.608728, 0.622964, 0.636668, 0.649732, 0.664043, 0.677837, 0.691164, 0.704083, 0.718079, 0.731518, 0.744969, 0.758483, 0.783219, 0.796943, 0.81018, 0.824141, 0.837413, 0.850301, 0.86302, 0.877308, 0.890411, 1.80415], "UpperBound": 136.07, "rootBTTime": 0, "LowerBounds": {"1": 128.753, "2": 132.393, "3": 133.202, "4": 133.452, "5": 133.588, "6": 133.881, "7": 134.004, "8": 134.532, "9": 134.747, "10": 134.812, "11": 134.862, "12": 135.081, "13": 135.221, "14": 135.371, "15": 135.373, "16": 135.376, "17": 135.61, "18": 135.613, "19": 135.66, "20": 135.691, "21": 135.749, "22": 135.809, "23": 135.811, "24": 135.822, "25": 135.833, "26": 135.835, "27": 135.839, "28": 135.856, "29": 135.858, "30": 135.869, "31": 135.873, "32": 135.875, "33": 135.876, "34": 135.882, "35": 135.89, "36": 135.897, "37": 135.91, "38": 135.913, "39": 135.915, "40": 135.923, "41": 135.941}, "SolveResult": 0, "UpperBounds": {"1": 136.07}, "MaxQueueSize": 11, "VisitedNodes": 83, "BranchingVars": [3, 1, 4, 3, 0, 4, 3, 1, 0, 2, 0, 3, 3, 0, 0, 2, 2, 1, 3, 0, 4, 1, 1, 4, 5, 0, 2, 1, 0, 4, 1, 0, 1, 1, 0, 0, 4, 0, 0, 0, 0], "NonLinearTime": 0.207827, "OptimalityGap": 0.128834, "BranchingRules": ["sum_rescaled_var_range_weighted_rel", "sum_rescaled_var_range_weighted_rel", "sum_dual_weighted_plus1", "eigen_cen_alternative", "sum_rescaled_var_range_weighted_rel", "sum_dual_weighted_plus1", "eigen_cen_alternative", "sum_rescaled_var_range_weighted_rel", "sum_rescaled_var_range_weighted_rel", "sum_rescaled_var_range_weighted_rel", "sum_rescaled_var_range_weighted_rel", "eigen_cen_alternative", "eigen_cen_alternative", "sum_rescaled_var_range_weighted_rel", "sum_rescaled_var_range_weighted_rel", "sum_rescaled_var_range_weighted_rel", "sum_rescaled_var_range_weighted_rel", "sum_dual_weighted_plus1", "sum_rescaled_var_range_weighted_rel", "sum_rescaled_var_range_weighted_rel", "sum_rescaled_var_range_weighted_rel", "sum_dual_weighted_plus1", "sum_dual_weighted_plus1", "sum_dual_weighted_plus1", "sum_rescaled_var_range_weighted_rel", "sum_rescaled_var_range_weighted_rel", "sum_rescaled_var_range_weighted_rel", "sum_dual_weighted_plus1", "sum_rescaled_var_range_weighted_rel", "sum_dual_weighted_plus1", "sum_dual_weighted_plus1", "sum_dual_weighted_plus1", "sum_dual_weighted_plus1", "sum_dual_weighted_plus1", "sum_rescaled_var_range_weighted_rel", "sum_dual_weighted_plus1", "sum_dual_weighted_plus1", "sum_rescaled_var_range_weighted_rel", "sum_rescaled_var_range_weighted_rel", "sum_dual_weighted_plus1", "sum_rescaled_var_range_weighted_rel"], "LBImprovements": [3.64039, 0.809142, 0.249838, 1.2943, 1.22342, 0.650563, 1.36894, 0.549273, 0.628987, 0.0499559, 0.797993, 0.289636, 1.18322, 0.671754, 0.500063, 0.435161, 0.199331, 0.20907, 0.291605, 0.291235, 0.566, 0.0260882, 0.0710738, 0.0332416, 0.0796156, 0.302388, 0.202673, 0.0195087, 0.183614, 0.144, 0.174338, 0.183126, 0.0137981, 0.0149467, 0.0514772, 0.0970017, 0.0136877, 0.244528, 0.142224, 0.18673, 0.0649254], "InfeasibleNodes": 0, "ElapsedTimeCoeffs": 0, "LinearizationTime": 0.000019956, "NumberOfVariables": 28, "CallsToLinearSolver": 83, "LinearGenerationTime": 0.0579094, "SDPCutsGenerationTime": 0, "CallsToNonLinearSolver": 9, "StrongBranchingExtraTime": 0.479832, "ElapsedTimeWeightedCoeffs": 0, "NodesDiscardedByFathoming": 0, "NodesDiscardedByTolerance": 42, "BoundFactorConstraintsTime": 0.000786996, "ElapsedTimeVarsInConstraints": 0.000102953, "meanBTRelativeChangeRootNode": 0, "NumberOfBoundFactorConstraints": 16, "NumberOfLAPACKConvergenceFailures": 0, "NumberOfRLTVariablesAfterLinearization": 4}