{"Itbt": 0, "Pace": 0.0183226, "Depth": 7, "Degree": 2, "RPSTime": 0.0373945, "FBBTTime": 0, "OBBTTime": 0, "TotalTime": 0.356938, "Iterations": 16, "LinearTime": 0.0357803, "LowerBound": 184.947, "TimeVector": [0.0346623, 0.0632403, 0.0902105, 0.115964, 0.143928, 0.160606, 0.178138, 0.206076, 0.222476, 0.239498, 0.255692, 0.272342, 0.288102, 0.304209, 0.323359, 0.680297], "UpperBound": 185.07, "rootBTTime": 0, "LowerBounds": {"1": 178.323, "2": 181.764, "3": 183.484, "4": 183.799, "5": 183.974, "6": 184.213, "7": 184.433, "8": 184.491, "9": 184.518, "10": 184.543, "11": 184.711, "12": 184.79, "13": 184.816, "14": 184.824, "15": 184.853, "16": 184.947}, "SolveResult": 0, "UpperBounds": {"1": 185.07}, "MaxQueueSize": 5, "VisitedNodes": 33, "BranchingVars": [10, 4, 10, 6, 10, 6, 6, 6, 3, 3, 3, 3, 6, 9, 3, 10], "NonLinearTime": 0.0778098, "OptimalityGap": 0.122204, "BranchingRules": ["sum_rescaled_var_range_weighted_rel", "sum_rescaled_var_range_weighted_rel", "sum_rescaled_var_range_weighted_rel", "sum_rescaled_var_range_weighted_rel", "sum_dual_weighted_plus1", "sum_rescaled_var_range_weighted_rel", "sum_dual_weighted_plus1", "sum_dual_weighted_plus1", "sum_dual_weighted_plus1", "sum_dual_weighted_plus1", "sum_dual_weighted_plus1", "sum_dual_weighted_plus1", "sum_rescaled_var_range_weighted_rel", "sum_rescaled_var_range_weighted_rel", "sum_dual_weighted_plus1", "sum_rescaled_var_range_weighted_rel"], "LBImprovements": [3.44103, 1.72074, 0.314805, 0.691924, 0.878607, 0.220008, 0.277966, 0.299196, 0.30586, 0.273007, 0.310754, 0.343137, 0.0619208, 0.15909, 0.219944, 0.0996597], "InfeasibleNodes": 0, "ElapsedTimeCoeffs": 0, "LinearizationTime": 0.00015768, "NumberOfVariables": 28, "CallsToLinearSolver": 33, "LinearGenerationTime": 0.00772552, "SDPCutsGenerationTime": 0, "CallsToNonLinearSolver": 8, "StrongBranchingExtraTime": 0.235538, "ElapsedTimeWeightedCoeffs": 0, "NodesDiscardedByFathoming": 0, "NodesDiscardedByTolerance": 17, "BoundFactorConstraintsTime": 0.00132887, "ElapsedTimeVarsInConstraints": 0.000084476, "meanBTRelativeChangeRootNode": 0, "NumberOfBoundFactorConstraints": 77, "NumberOfLAPACKConvergenceFailures": 0, "NumberOfRLTVariablesAfterLinearization": 20}