{"Itbt": 0, "Pace": 0.00026188, "Depth": 11, "Degree": 2, "RPSTime": 0.134868, "FBBTTime": 0, "OBBTTime": 0, "TotalTime": 1.14965, "Iterations": 99, "LinearTime": 0.336549, "LowerBound": -450.221, "TimeVector": [0.505571, 0.519957, 0.533876, 0.548072, 0.563001, 0.569129, 0.574827, 0.589477, 0.595734, 0.601703, 0.60755, 0.613042, 0.619038, 0.625075, 0.631112, 0.644979, 0.651021, 0.656896, 0.662663, 0.668568, 0.674635, 0.680817, 0.686288, 0.692246, 0.698039, 0.704243, 0.710206, 0.7161, 0.721894, 0.727989, 0.733771, 0.747851, 0.753342, 0.759268, 0.765041, 0.770814, 0.77678, 0.782675, 0.78864, 0.794527, 0.800302, 0.805788, 0.811675, 0.817348, 0.823215, 0.829413, 0.835165, 0.840984, 0.847005, 0.85286, 0.85837, 0.864486, 0.870405, 0.875813, 0.881635, 0.887354, 0.89325, 0.898781, 0.90466, 0.910303, 0.916216, 0.921937, 0.927797, 0.94174, 0.947834, 0.953637, 0.959535, 0.965604, 0.971164, 0.976877, 0.982665, 0.988072, 0.993436, 0.998853, 1.00474, 1.01043, 1.01609, 1.02176, 1.02756, 1.03364, 1.0393, 1.04505, 1.0507, 1.05654, 1.06218, 1.06782, 1.07367, 1.07928, 1.08512, 1.09108, 1.09659, 1.10184, 1.10759, 1.11317, 1.11876, 1.12447, 1.13008, 1.13575, 2.28539], "UpperBound": -450, "rootBTTime": 0, "LowerBounds": {"1": -2933.33, "2": -2488.89, "3": -2192.59, "4": -1785.19, "5": -1770, "6": -1577.78, "7": -1444.64, "8": -1390.12, "9": -1263.49, "10": -1251.85, "11": -1227.25, "12": -1126.75, "13": -1034.57, "14": -1013.76, "15": -1006.49, "16": -926.749, "17": -903.374, "18": -889.712, "19": -877.778, "20": -834.568, "21": -834.444, "22": -774.386, "23": -751.166, "24": -701.748, "25": -689.712, "26": -680.334, "27": -675.838, "28": -667.328, "29": -666.165, "30": -652.756, "31": -633.556, "32": -632.017, "33": -617.833, "34": -606.296, "35": -600, "36": -593.141, "37": -589.067, "38": -584.667, "39": -583.592, "40": -556.503, "41": -556.379, "42": -553.873, "43": -539.623, "44": -539.481, "45": -534.43, "46": -524.155, "47": -517.808, "48": -515.609, "49": -504.563, "50": -504.527, "51": -504.094, "52": -503.156, "53": -501.718, "54": -500.777, "55": -499.465, "56": -495.974, "57": -493.236, "58": -492.857, "59": -490.31, "60": -489.483, "61": -488.963, "62": -484.708, "63": -481.126, "64": -479.907, "65": -477.544, "66": -476.079, "67": -474.836, "68": -473.707, "69": -472.793, "70": -472.088, "71": -471.425, "72": -470.125, "73": -468.622, "74": -467.383, "75": -466.867, "76": -466.018, "77": -465.941, "78": -461.587, "79": -461.109, "80": -460.512, "81": -459.808, "82": -459.497, "83": -459.084, "84": -458.842, "85": -456.226, "86": -456.17, "87": -456.049, "88": -454.832, "89": -454.582, "90": -454.395, "91": -454.079, "92": -452.951, "93": -452.643, "94": -452.226, "95": -451.656, "96": -450.775, "97": -450.558, "98": -450.505, "99": -450.221}, "SolveResult": 0, "UpperBounds": {"1": -450}, "MaxQueueSize": 27, "VisitedNodes": 199, "BranchingVars": [4, 4, 4, 4, 1, 2, 2, 4, 1, 2, 0, 3, 3, 1, 2, 4, 1, 3, 1, 2, 4, 4, 3, 4, 3, 0, 1, 1, 0, 1, 1, 4, 4, 4, 1, 3, 0, 4, 1, 2, 2, 4, 1, 4, 0, 2, 0, 4, 2, 4, 0, 3, 4, 3, 0, 2, 3, 1, 3, 4, 1, 4, 2, 1, 1, 4, 1, 1, 0, 1, 1, 4, 4, 4, 2, 1, 1, 4, 4, 0, 3, 2, 4, 0, 2, 4, 1, 1, 4, 3, 4, 4, 1, 4, 0, 2, 1, 2, 4], "NonLinearTime": 0.293868, "OptimalityGap": 0.221221, "BranchingRules": ["sum_rescaled_var_range_weighted_rel", "sum_rescaled_var_range_weighted_rel", "sum_rescaled_var_range_weighted_rel", "sum_rescaled_var_range_weighted_rel", "sum_rescaled_var_range_weighted_rel", "sum_rescaled_var_range_weighted_rel", "sum_rescaled_var_range_weighted_rel", "sum_rescaled_var_range_weighted_rel", "sum_rescaled_var_range_weighted_rel", "sum_rescaled_var_range_weighted_rel", "sum_rescaled_var_range_weighted_rel", "sum_rescaled_var_range_weighted_rel", "sum_rescaled_var_range_weighted_rel", "sum_rescaled_var_range_weighted_rel", "sum_rescaled_var_range_weighted_rel", "sum_rescaled_var_range_weighted_rel", "sum_rescaled_var_range_weighted_rel", "sum_rescaled_var_range_weighted_rel", "sum_rescaled_var_range_weighted_rel", "sum_rescaled_var_range_weighted_rel", "sum_rescaled_var_range_weighted_rel", "sum_rescaled_var_range_weighted_rel", "sum_rescaled_var_range_weighted_rel", "sum_rescaled_var_range_weighted_rel", "sum_rescaled_var_range_weighted_rel", "sum_rescaled_var_range_weighted_rel", "sum_rescaled_var_range_weighted_rel", "sum_rescaled_var_range_weighted_rel", "sum_rescaled_var_range_weighted_rel", "sum_rescaled_var_range_weighted_rel", "sum_rescaled_var_range_weighted_rel", "sum_rescaled_var_range_weighted_rel", "sum_rescaled_var_range_weighted_rel", "sum_rescaled_var_range_weighted_rel", "sum_rescaled_var_range_weighted_rel", "sum_rescaled_var_range_weighted_rel", "sum_rescaled_var_range_weighted_rel", "sum_rescaled_var_range_weighted_rel", "sum_rescaled_var_range_weighted_rel", "sum_rescaled_var_range_weighted_rel", "sum_rescaled_var_range_weighted_rel", "sum_rescaled_var_range_weighted_rel", "sum_rescaled_var_range_weighted_rel", "sum_rescaled_var_range_weighted_rel", "sum_rescaled_var_range_weighted_rel", "sum_rescaled_var_range_weighted_rel", "sum_rescaled_var_range_weighted_rel", "sum_rescaled_var_range_weighted_rel", "sum_rescaled_var_range_weighted_rel", "sum_rescaled_var_range_weighted_rel", "sum_rescaled_var_range_weighted_rel", "sum_rescaled_var_range_weighted_rel", "sum_rescaled_var_range_weighted_rel", "sum_rescaled_var_range_weighted_rel", "sum_rescaled_var_range_weighted_rel", "sum_rescaled_var_range_weighted_rel", "sum_rescaled_var_range_weighted_rel", "sum_rescaled_var_range_weighted_rel", "sum_rescaled_var_range_weighted_rel", "sum_rescaled_var_range_weighted_rel", "sum_rescaled_var_range_weighted_rel", "sum_rescaled_var_range_weighted_rel", "sum_rescaled_var_range_weighted_rel", "sum_rescaled_var_range_weighted_rel", "sum_rescaled_var_range_weighted_rel", "sum_rescaled_var_range_weighted_rel", "sum_rescaled_var_range_weighted_rel", "sum_rescaled_var_range_weighted_rel", "sum_rescaled_var_range_weighted_rel", "sum_rescaled_var_range_weighted_rel", "sum_rescaled_var_range_weighted_rel", "sum_rescaled_var_range_weighted_rel", "sum_rescaled_var_range_weighted_rel", "sum_rescaled_var_range_weighted_rel", "sum_rescaled_var_range_weighted_rel", "sum_rescaled_var_range_weighted_rel", "sum_rescaled_var_range_weighted_rel", "sum_rescaled_var_range_weighted_rel", "sum_rescaled_var_range_weighted_rel", "sum_rescaled_var_range_weighted_rel", "sum_rescaled_var_range_weighted_rel", "sum_rescaled_var_range_weighted_rel", "sum_rescaled_var_range_weighted_rel", "sum_rescaled_var_range_weighted_rel", "sum_rescaled_var_range_weighted_rel", "sum_rescaled_var_range_weighted_rel", "sum_rescaled_var_range_weighted_rel", "sum_rescaled_var_range_weighted_rel", "sum_rescaled_var_range_weighted_rel", "sum_rescaled_var_range_weighted_rel", "sum_rescaled_var_range_weighted_rel", "sum_rescaled_var_range_weighted_rel", "sum_rescaled_var_range_weighted_rel", "sum_rescaled_var_range_weighted_rel", "sum_rescaled_var_range_weighted_rel", "sum_rescaled_var_range_weighted_rel", "sum_rescaled_var_range_weighted_rel", "sum_rescaled_var_range_weighted_rel", "sum_rescaled_var_range_weighted_rel"],