{"Itbt": 0, "Pace": 0.0025956, "Depth": 19, "Degree": 2, "RPSTime": 0.0563157, "FBBTTime": 0, "OBBTTime": 0, "TotalTime": 0.752545, "Iterations": 152, "LinearTime": 0.27439, "LowerBound": -550.341, "TimeVector": [0.0347409, 0.0719745, 0.0975222, 0.117341, 0.155998, 0.158174, 0.16022, 0.181081, 0.183204, 0.185403, 0.187484, 0.189672, 0.191749, 0.193824, 0.195989, 0.270871, 0.272579, 0.274699, 0.276835, 0.279115, 0.281262, 0.283394, 0.285645, 0.287908, 0.290014, 0.292235, 0.294284, 0.296311, 0.298666, 0.300812, 0.303006, 0.326398, 0.328527, 0.330632, 0.332798, 0.3348, 0.336929, 0.33891, 0.34097, 0.343264, 0.345425, 0.347518, 0.349656, 0.351873, 0.353979, 0.35621, 0.358331, 0.360538, 0.362647, 0.364804, 0.366979, 0.369075, 0.371364, 0.373489, 0.37564, 0.377799, 0.379689, 0.381851, 0.384085, 0.386367, 0.388569, 0.390687, 0.392916, 0.423214, 0.425501, 0.427884, 0.429678, 0.431877, 0.434024, 0.436015, 0.438147, 0.44023, 0.442362, 0.444676, 0.446828, 0.449121, 0.451022, 0.453075, 0.455024, 0.45721, 0.459303, 0.461463, 0.463629, 0.465799, 0.467552, 0.469827, 0.471829, 0.473992, 0.476221, 0.477937, 0.480156, 0.482375, 0.48455, 0.486606, 0.488911, 0.491063, 0.493357, 0.495537, 0.497784, 0.500228, 0.502449, 0.5047, 0.506931, 0.509175, 0.511357, 0.513604, 0.515777, 0.517977, 0.520176, 0.522374, 0.524591, 0.526333, 0.528414, 0.530645, 0.532839, 0.535, 0.537191, 0.539369, 0.541468, 0.54367, 0.545812, 0.547954, 0.550102, 0.552239, 0.554437, 0.556684, 0.558919, 0.666055, 0.668322, 0.67048, 0.672617, 0.674855, 0.677082, 0.679295, 0.681448, 0.683667, 0.685883, 0.68815, 0.690098, 0.692226, 0.694276, 0.696492, 0.698433, 0.700589, 0.702793, 0.705067, 0.707479, 0.70965, 0.711938, 0.714086, 0.716294, 1.46884], "UpperBound": -549.803, "rootBTTime": 0, "LowerBounds": {"1": -840.271, "2": -700.551, "3": -577.174, "4": -575.427, "5": -571.417, "6": -568.216, "7": -567.426, "8": -563.933, "9": -563.119, "10": -562.531, "11": -562.32, "12": -561.839, "13": -561.364, "14": -561.269, "15": -560.793, "16": -560.679, "17": -560.321, "18": -560.084, "19": -558.678, "20": -558.032, "21": -557.996, "22": -557.979, "23": -557.957, "24": -557.874, "25": -557.313, "26": -557.294, "27": -557.124, "28": -557.038, "29": -556.924, "30": -556.57, "31": -556.181, "32": -556.005, "33": -555.996, "34": -555.709, "35": -555.574, "36": -555.454, "37": -555.379, "38": -555.096, "40": -554.803, "41": -554.647, "42": -554.621, "43": -554.558, "44": -554.546, "45": -554.526, "46": -554.522, "47": -554.514, "48": -554.383, "49": -554.342, "50": -554.142, "51": -553.95, "52": -553.85, "53": -553.842, "54": -553.821, "56": -553.708, "57": -553.702, "58": -553.665, "59": -553.56, "60": -553.539, "61": -553.503, "62": -553.449, "63": -553.361, "64": -553.274, "65": -553.256, "66": -553.22, "67": -553.219, "68": -553.182, "69": -553.174, "70": -553.151, "71": -553.014, "72": -552.945, "73": -552.93, "74": -552.841, "75": -552.808, "76": -552.787, "77": -552.754, "78": -552.663, "79": -552.617, "80": -552.6, "81": -552.578, "82": -552.538, "83": -552.501, "84": -552.372, "85": -552.329, "86": -552.297, "87": -552.223, "88": -552.183, "89": -552.147, "90": -552.083, "91": -552.042, "92": -552.017, "93": -551.996, "94": -551.976, "95": -551.959, "96": -551.929, "97": -551.899, "98": -551.871, "99": -551.836, "100": -551.77, "101": -551.71, "102": -551.69, "103": -551.681, "104": -551.668, "105": -551.659, "106": -551.646, "107": -551.631, "108": -551.519, "109": -551.488, "110": -551.411, "111": -551.371, "112": -551.369, "113": -551.354, "114": -551.262, "115": -551.254, "116": -551.247, "117": -551.153, "118": -551.075, "119": -551.058, "120": -551.027, "121": -551.016, "122": -550.987, "123": -550.978, "124": -550.97, "125": -550.963, "126": -550.899, "127": -550.89, "128": -550.876, "129": -550.854, "130": -550.837, "132": -550.809, "134": -550.744, "135": -550.714, "136": -550.674, "137": -550.63, "138": -550.627, "139": -550.618, "140": -550.599, "141": -550.547, "142": -550.519, "143": -550.515, "144": -550.496, "145": -550.493, "146": -550.491, "147": -550.435, "148": -550.434, "149": -550.419, "150": -550.397, "151": -550.389, "152": -550.341}, "SolveResult": 0, "UpperBounds": {"1": -68.7407, "3": -549.803}, "MaxQueueSize": 31, "VisitedNodes": 305, "BranchingVars": [0, 1, 10, 10, 12, 12, 0, 10, 10, 4, 0, 3, 10, 12, 4, 6, 1, 12, 3, 4, 3, 12, 12, 4, 0, 6, 12, 12, 4, 12, 10, 10, 3, 12, 12, 12, 1, 11, 1, 4, 10, 8, 0, 3, 12, 8, 1, 0, 1, 8, 4, 10, 3, 10, 10, 0, 1, 8, 4, 4, 1, 8, 3, 12, 8, 8, 0, 1, 10, 8, 10, 8, 10, 8, 4, 8, 0, 8, 0, 10, 12, 12, 0, 0, 0, 0, 0, 0, 0, 0, 0, 0, 8, 0, 0, 12, 10, 0, 0, 10, 4, 10, 4, 12, 1, 12, 12, 0, 4, 6, 4, 4, 0, 12, 12, 12, 4, 10, 4, 12, 6, 6, 6, 12, 0, 12, 4, 0, 10, 0, 4, 1, 10, 6, 6, 1, 10, 4, 0, 3, 12, 0, 0, 4, 6, 4, 8, 4, 4, 10, 6, 8], "NonLinearTime": 0.421803, "OptimalityGap": 0.537597,