{"Itbt": 0, "Pace": 0.0330462, "Depth": 14, "Degree": 2, "RPSTime": 3.19184, "FBBTTime": 0, "OBBTTime": 0, "TotalTime": 17.1393, "Iterations": 158, "LinearTime": 1.94416, "LowerBound": -2412.74, "TimeVector": [0.552786, 0.723631, 0.887529, 1.06035, 1.23481, 1.37196, 1.50741, 1.70351, 1.82896, 1.93196, 2.04067, 2.1453, 2.26803, 2.39218, 2.5161, 2.68336, 2.79924, 2.91295, 3.02345, 3.13932, 3.25339, 3.34819, 3.4461, 3.54324, 3.63683, 3.72252, 3.81093, 3.92105, 4.02953, 4.13446, 4.22492, 4.36648, 4.47352, 4.57359, 4.67086, 4.7654, 4.86242, 4.95618, 5.05597, 5.15421, 5.25802, 5.34877, 5.44309, 5.53726, 5.63092, 5.72428, 5.81357, 5.9013, 6.0046, 6.10265, 6.2012, 6.30061, 6.40388, 6.49944, 6.60299, 6.69769, 6.79258, 6.88409, 6.98384, 7.08882, 7.18933, 7.28581, 7.37789, 7.514, 7.60969, 7.71033, 7.80627, 7.90028, 7.99764, 8.08649, 8.16996, 8.25259, 8.34577, 8.43428, 8.52475, 8.61265, 8.69573, 8.78038, 8.87202, 8.95973, 9.04331, 9.14672, 9.24473, 9.34659, 9.44298, 9.54375, 9.64027, 9.73765, 9.83334, 9.92601, 10.0211, 10.1127, 10.1976, 10.2801, 10.3702, 10.4614, 10.5472, 10.6479, 10.7446, 10.843, 10.9456, 11.0441, 11.146, 11.2448, 11.3425, 11.4251, 11.5074, 11.5869, 11.6682, 11.7506, 11.8462, 11.9348, 12.0239, 12.1114, 12.1943, 12.2779, 12.3681, 12.4585, 12.5428, 12.6277, 12.7116, 12.7948, 12.8749, 12.9564, 13.0537, 13.2386, 13.4088, 13.5678, 13.6735, 13.7786, 13.8811, 13.978, 14.0739, 14.1723, 14.2634, 14.3585, 14.4484, 14.6331, 14.802, 14.9737, 15.1294, 15.223, 15.3159, 15.4046, 15.4942, 15.5966, 15.6943, 15.8007, 15.9072, 16.005, 16.0981, 16.2009, 16.3607, 16.5149, 16.6086, 16.7002, 16.8726, 34.0119], "UpperBound": -2410.69, "rootBTTime": 0, "LowerBounds": {"1": -2513.72, "2": -2512.31, "4": -2510.36, "5": -2510.36, "6": -2510.33, "7": -2510.18, "8": -2493.68, "9": -2492.93, "10": -2481.79, "11": -2479.1, "12": -2479.1, "13": -2478.86, "14": -2476.63, "15": -2476.2, "16": -2460.99, "17": -2460.99, "18": -2459.71, "20": -2458.24, "21": -2458.22, "22": -2454.06, "23": -2453.67, "25": -2451.07, "26": -2451.01, "28": -2449.15, "29": -2449.06, "30": -2449.06, "31": -2448.35, "33": -2447.96, "34": -2447.66, "36": -2447.54, "37": -2447.54, "38": -2447.42, "39": -2447.42, "40": -2446.16, "41": -2446.08, "43": -2445.61, "44": -2445.61, "45": -2445.52, "46": -2445.52, "49": -2445.5, "50": -2444.8, "52": -2442.98, "53": -2442, "54": -2441.67, "55": -2441.64, "56": -2441.28, "58": -2440.7, "59": -2440.69, "60": -2440.5, "61": -2440.16, "62": -2440.02, "63": -2439.96, "65": -2439.27, "66": -2439.17, "67": -2438.88, "68": -2438.88, "69": -2438.46, "70": -2425.34, "71": -2424.27, "73": -2423.13, "74": -2421.25, "75": -2420.62, "76": -2420.21, "77": -2419.92, "78": -2419.92, "79": -2419.17, "80": -2416.4, "82": -2415.62, "84": -2415.62, "92": -2415.62, "93": -2415.31, "95": -2415.1, "97": -2414.91, "98": -2414.9, "100": -2414.9, "106": -2414.74, "111": -2414.72, "112": -2414.54, "121": -2414.54, "125": -2414.45, "126": -2414.26, "127": -2414.26, "128": -2414.19, "129": -2414.07, "136": -2414, "137": -2414, "138": -2413.97, "139": -2413.97, "140": -2413.97, "142": -2413.71, "143": -2413.71, "144": -2413.69, "146": -2413.58, "148": -2413.58, "153": -2413.58, "154": -2413.58, "155": -2413.38, "157": -2413.34, "158": -2412.74}, "SolveResult": 0, "UpperBounds": {"1": -2410.69}, "MaxQueueSize": 37, "VisitedNodes": 317, "BranchingVars": [53, 50, 50, 51, 51, 51, 51, 50, 50, 52, 52, 52, 52, 52, 52, 53, 53, 53, 53, 53, 53, 51, 51, 51, 49, 51, 51, 49, 49, 49, 51, 51, 49, 51, 51, 51, 51, 51, 51, 49, 49, 49, 51, 51, 51, 51, 51, 51, 49, 51, 51, 49, 49, 51, 49, 49, 49, 51, 51, 49, 51, 51, 51, 51, 51, 51, 51, 51, 51, 19, 19, 19, 19, 19, 19, 19, 19, 19, 19, 19, 19, 34, 51, 34, 34, 34, 51, 51, 34, 51, 51, 51, 19, 19, 51, 51, 19, 34, 51, 34, 69, 51, 34, 51, 51, 19, 51, 51, 51, 51, 51, 51, 51, 51, 51, 51, 51, 51, 51, 51, 51, 51, 51, 51, 51, 60, 70, 51, 34, 34, 51, 51, 34, 51, 51, 51, 51, 56, 50, 56, 50, 51, 51, 51, 51, 34, 51, 34, 51, 34, 51, 51, 50, 50, 51, 51, 52, 52], "NonLinearTime": 0.895729, "OptimalityGap": 2.05543,