{"Itbt": 0, "Pace": 0.696083, "Depth": 22, "Degree": 2, "RPSTime": 0.022765, "FBBTTime": 0, "OBBTTime": 0, "TotalTime": 0.597544, "Iterations": 70, "LinearTime": 0.222568, "LowerBound": 0.857438, "TimeVector": [0.36074, 0.381436, 0.407214, 0.427581, 0.451921, 0.45305, 0.454115, 0.468519, 0.469839, 0.471065, 0.472068, 0.473353, 0.474427, 0.475478, 0.476664, 0.492202, 0.493281, 0.494268, 0.495522, 0.496557, 0.497794, 0.498938, 0.499903, 0.501146, 0.502219, 0.503461, 0.504657, 0.50584, 0.507038, 0.508212, 0.509426, 0.526786, 0.528081, 0.529304, 0.530598, 0.531702, 0.532888, 0.534146, 0.535272, 0.536526, 0.537804, 0.53906, 0.540364, 0.541615, 0.542722, 0.543967, 0.545193, 0.546508, 0.54771, 0.548934, 0.550155, 0.551272, 0.552611, 0.553815, 0.554976, 0.556236, 0.557392, 0.55855, 0.559702, 0.560905, 0.562073, 0.563281, 0.564506, 0.578076, 0.579322, 0.580556, 0.581758, 0.582923, 0.584102, 1.18165], "UpperBound": 0.858407, "rootBTTime": 0, "LowerBounds": {"1": 0, "51": 0.115601, "52": 0.23577, "53": 0.249006, "54": 0.249967, "55": 0.250704, "56": 0.251961, "57": 0.306746, "58": 0.318724, "59": 0.394659, "60": 0.512075, "61": 0.512496, "62": 0.670285, "63": 0.768409, "64": 0.790045, "65": 0.806083, "66": 0.809616, "67": 0.840672, "68": 0.844841, "69": 0.85419, "70": 0.857438}, "SolveResult": 0, "UpperBounds": {"1": 0.858407}, "MaxQueueSize": 7, "VisitedNodes": 141, "BranchingVars": [0, 2, 2, 4, 4, 6, 6, 2, 0, 2, 2, 4, 4, 4, 6, 6, 6, 2, 2, 2, 0, 4, 4, 4, 2, 4, 4, 6, 6, 4, 6, 6, 4, 2, 4, 2, 6, 6, 2, 2, 4, 4, 2, 6, 0, 6, 4, 0, 6, 6, 4, 6, 4, 2, 2, 4, 4, 4, 2, 6, 2, 4, 6, 2, 2, 4, 2, 4, 2, 4], "NonLinearTime": 0.35219, "OptimalityGap": 0.00096973, "BranchingRules": ["sum_rescaled_var_range_weighted", "sum_rescaled_var_range_weighted", "sum_rescaled_var_range_weighted", "sum_rescaled_var_range_weighted", "sum_rescaled_var_range_weighted", "sum_rescaled_var_range_weighted", "sum_rescaled_var_range_weighted", "sum_rescaled_var_range_weighted", "sum_rescaled_var_range_weighted", "sum_rescaled_var_range_weighted", "sum_rescaled_var_range_weighted", "sum_rescaled_var_range_weighted", "sum_rescaled_var_range_weighted", "sum_rescaled_var_range_weighted", "sum_rescaled_var_range_weighted", "sum_rescaled_var_range_weighted", "sum_rescaled_var_range_weighted", "sum_rescaled_var_range_weighted", "sum_rescaled_var_range_weighted", "sum_rescaled_var_range_weighted", "sum_rescaled_var_range_weighted", "sum_rescaled_var_range_weighted", "sum_rescaled_var_range_weighted", "sum_rescaled_var_range_weighted", "sum_rescaled_var_range_weighted", "sum_rescaled_var_range_weighted", "sum_rescaled_var_range_weighted", "sum_rescaled_var_range_weighted", "sum_rescaled_var_range_weighted", "sum_rescaled_var_range_weighted", "sum_rescaled_var_range_weighted", "sum_rescaled_var_range_weighted", "sum_rescaled_var_range_weighted", "sum_rescaled_var_range_weighted", "sum_rescaled_var_range_weighted", "sum_rescaled_var_range_weighted", "sum_rescaled_var_range_weighted", "sum_rescaled_var_range_weighted", "sum_rescaled_var_range_weighted", "sum_rescaled_var_range_weighted", "sum_rescaled_var_range_weighted", "sum_rescaled_var_range_weighted", "sum_rescaled_var_range_weighted", "sum_rescaled_var_range_weighted", "sum_rescaled_var_range_weighted", "sum_rescaled_var_range_weighted", "sum_rescaled_var_range_weighted", "sum_rescaled_var_range_weighted", "sum_rescaled_var_range_weighted", "sum_rescaled_var_range_weighted", "sum_rescaled_var_range_weighted", "sum_rescaled_var_range_weighted", "sum_rescaled_var_range_weighted", "sum_rescaled_var_range_weighted", "sum_rescaled_var_range_weighted", "sum_rescaled_var_range_weighted", "sum_rescaled_var_range_weighted", "sum_rescaled_var_range_weighted", "sum_rescaled_var_range_weighted", "sum_rescaled_var_range_weighted", "sum_rescaled_var_range_weighted", "sum_rescaled_var_range_weighted", "sum_rescaled_var_range_weighted", "sum_rescaled_var_range_weighted", "sum_rescaled_var_range_weighted", "sum_rescaled_var_range_weighted", "sum_rescaled_var_range_weighted", "sum_rescaled_var_range_weighted", "sum_rescaled_var_range_weighted", "sum_rescaled_var_range_weighted"], "LBImprovements": [0, 0, 0, 0, 0, 0, 0, 0, 0, 0, 0, 0, 0, 0, 0, 0, 0, 0, 0, 0, 0, 0, 0, 0, 0, 0, 0, 0.249967, 0, 0, 0, 0.306746, 0, 0, 0, 0, 0, 0, 0, 0, 0.23577, 0, 0, 0.115601, 0, 0, 0, 0, 0.251961, 0.249006, 0.279058, 0, 0.557077, 0.0687571, 0, 0.260535, 0.205329, 0, 0, 0.15821, 0, 0.0981239, 0.0216359, 0.0195707, 0, 0.031056, 0.00416986, 0.00934848, 0.000889445, 0.00235825], "InfeasibleNodes": 70, "ElapsedTimeCoeffs": 0, "LinearizationTime": 0.000175996, "NumberOfVariables": 12, "CallsToLinearSolver": 141, "LinearGenerationTime": 0.0684213, "SDPCutsGenerationTime": 0, "CallsToNonLinearSolver": 10, "StrongBranchingExtraTime": 0, "ElapsedTimeWeightedCoeffs": 0, "NodesDiscardedByFathoming": 0, "NodesDiscardedByTolerance": 1, "BoundFactorConstraintsTime": 0.00570371, "ElapsedTimeVarsInConstraints": 0, "meanBTRelativeChangeRootNode": 0, "NumberOfBoundFactorConstraints": 76, "NumberOfLAPACKConvergenceFailures": 0, "NumberOfRLTVariablesAfterLinearization": 21}