{"Itbt": 0, "Pace": 0.0199872, "Depth": 12, "Degree": 7, "RPSTime": 60.7332, "FBBTTime": 0, "OBBTTime": 0, "TotalTime": 659.682, "Iterations": 70, "LinearTime": 85.3651, "LowerBound": 7577.84, "TimeVector": [9.85688, 20.2535, 30.1654, 39.9791, 48.4645, 58.207, 68.7414, 76.0417, 85.5934, 94.6892, 103.732, 113.015, 121.952, 129.993, 138.996, 149.174, 156.484, 163.737, 172.014, 180.291, 190.207, 199.18, 206.622, 216.228, 225.314, 233.818, 242.564, 250.96, 258.489, 267.768, 277.632, 286.681, 294.41, 303.102, 312.563, 322.115, 331.791, 340.526, 351.147, 360.988, 369.848, 379.44, 392.373, 402.31, 411.811, 424.489, 434.495, 446.022, 455.396, 465.767, 474.211, 483.086, 491.472, 502.524, 510.733, 519.863, 528.471, 535.696, 547.581, 556.815, 566.816, 575.487, 590.813, 601.06, 613.671, 622.621, 631.126, 639.512, 649.49, 678.046], "UpperBound": 7584.9, "rootBTTime": 0, "LowerBounds": {"1": 2852.26, "2": 3609.13, "3": 4143.59, "4": 4442.67, "5": 5202.77, "6": 5204.84, "7": 5353.2, "8": 5443.75, "9": 5941.34, "10": 5958.97, "11": 6180.37, "12": 6296.89, "13": 6330.66, "14": 6472.81, "15": 6650.88, "16": 6742.45, "17": 6846.45, "18": 6865.89, "19": 6931.65, "20": 6934.65, "21": 6959.49, "22": 6984.57, "23": 7102.17, "24": 7136.98, "25": 7232.47, "26": 7236.84, "27": 7331.35, "28": 7363.72, "29": 7374.28, "30": 7379.62, "31": 7386.58, "32": 7390.22, "33": 7408.91, "34": 7424.67, "35": 7432.18, "36": 7444.8, "37": 7456.09, "38": 7458.47, "39": 7462.59, "40": 7466.35, "41": 7482.94, "42": 7510.72, "43": 7515.7, "44": 7518.72, "45": 7525.49, "46": 7527.99, "47": 7540, "48": 7541.17, "49": 7545.97, "50": 7546.94, "51": 7547.61, "52": 7549.15, "53": 7549.17, "54": 7555.65, "55": 7556.37, "56": 7557.21, "57": 7562.84, "58": 7563.9, "59": 7564.84, "60": 7565.45, "61": 7569.84, "62": 7571.25, "63": 7571.66, "64": 7572.64, "65": 7573.55, "66": 7573.61, "67": 7573.71, "68": 7574.85, "69": 7576.49, "70": 7577.84}, "SolveResult": 0, "UpperBounds": {"1": 7584.9}, "MaxQueueSize": 17, "VisitedNodes": 141, "BranchingVars": [2, 4, 4, 0, 0, 0, 0, 1, 3, 1, 3, 3, 1, 3, 1, 1, 3, 3, 1, 1, 1, 3, 4, 1, 0, 0, 0, 3, 4, 2, 2, 3, 3, 3, 2, 0, 0, 1, 3, 2, 2, 2, 4, 4, 4, 4, 4, 4, 1, 4, 4, 2, 1, 0, 3, 3, 4, 3, 0, 3, 3, 0, 2, 4, 3, 2, 1, 4, 1, 1], "NonLinearTime": 0.113466, "OptimalityGap": 7.06499, "BranchingRules": ["sum_rescaled_var_range_weighted_rel", "sum_dual_weighted_plus1", "sum_rescaled_var_range_weighted_rel", "sum_rescaled_var_range_weighted_rel", "sum_rescaled_var_range_weighted_rel", "sum_rescaled_var_range_weighted_rel", "sum_rescaled_var_range_weighted_rel", "sum_rescaled_var_range_weighted_rel", "sum_rescaled_var_range_weighted_rel", "sum_rescaled_var_range_weighted_rel", "sum_rescaled_var_range_weighted_rel", "sum_rescaled_var_range_weighted_rel", "sum_rescaled_var_range_weighted_rel", "sum_rescaled_var_range_weighted_rel", "sum_rescaled_var_range_weighted_rel", "sum_rescaled_var_range_weighted_rel", "sum_rescaled_var_range_weighted_rel", "sum_rescaled_var_range_weighted_rel", "sum_rescaled_var_range_weighted_rel", "sum_rescaled_var_range_weighted_rel", "sum_rescaled_var_range_weighted_rel", "sum_rescaled_var_range_weighted_rel", "sum_rescaled_var_range_weighted_rel", "sum_rescaled_var_range_weighted_rel", "sum_rescaled_var_range_weighted_rel", "sum_dual_weighted_plus1", "sum_dual_weighted_plus1", "sum_rescaled_var_range_weighted_rel", "sum_rescaled_var_range_weighted_rel", "sum_rescaled_var_range_weighted_rel", "sum_rescaled_var_range_weighted_rel", "sum_rescaled_var_range_weighted_rel", "sum_rescaled_var_range_weighted_rel", "sum_rescaled_var_range_weighted_rel", "sum_rescaled_var_range_weighted_rel", "sum_rescaled_var_range_weighted_rel", "sum_rescaled_var_range_weighted_rel", "sum_rescaled_var_range_weighted_rel", "sum_rescaled_var_range_weighted_rel", "sum_rescaled_var_range_weighted_rel", "sum_rescaled_var_range_weighted_rel", "sum_rescaled_var_range_weighted_rel", "sum_rescaled_var_range_weighted_rel", "sum_dual_weighted_plus1", "sum_rescaled_var_range_weighted_rel", "sum_rescaled_var_range_weighted_rel", "sum_rescaled_var_range_weighted_rel", "sum_dual_weighted_plus1", "eigen_cen_alternative", "sum_rescaled_var_range_weighted_rel", "sum_rescaled_var_range_weighted_rel", "sum_rescaled_var_range_weighted_rel", "sum_rescaled_var_range_weighted_rel", "sum_rescaled_var_range_weighted_rel", "sum_rescaled_var_range_weighted_rel", "sum_rescaled_var_range_weighted_rel", "sum_rescaled_var_range_weighted_rel", "sum_rescaled_var_range_weighted_rel", "sum_rescaled_var_range_weighted_rel", "sum_rescaled_var_range_weighted_rel", "sum_rescaled_var_range_weighted_rel", "sum_rescaled_var_range_weighted_rel", "sum_rescaled_var_range_weighted_rel", "sum_rescaled_var_range_weighted_rel", "sum_rescaled_var_range_weighted_rel", "eigen_cen_alternative", "sum_dual_weighted_plus1", "sum_rescaled_var_range_weighted_rel", "sum_rescaled_var_range_weighted_rel", "sum_dual_weighted_plus1"], "LBImprovements": [756.874, 833.536, 1059.18, 1001.08, 1127.89, 975.532, 588.141, 1029.06, 709.54, 906.922, 751.28, 445.566, 906.178, 629.366, 735.697, 490.011, 527.825, 768.904, 710.907, 1066.46, 472.694, 796.519, 306.74, 345.963, 157.758, 690.556, 800.365, 813.547, 227.943, 65.1753, 162.589, 76.1235, 172.912, 162.094, 175.299, 83.1902, 62.6335, 692.346, 110.05, 49.3538, 127.453, 29.285, 30.2655, 37.6454, 48.1205, 35.9092, 33.7092, 30.0834, 9.68147, 33.1792, 327.787, 243.383, 31.9174, 14.196, 33.2627, 33.2693, 153.579, 27.7411, 8.70715, 28.4731, 12.4001, 13.1474, 0, 33.3103, 8.03282, 16.2823, 12.5809, 30.662, 67.3013, 0.869985], "InfeasibleNodes": 6, "ElapsedTimeCoeffs": 0, "LinearizationTime": 0.0685004, "NumberOfVariables": 5, "CallsToLinearSolver": 141, "LinearGenerationTime": 3.75059, "SDPCutsGenerationTime": 0, "CallsToNonLinearSolver": 10, "StrongBranchingExtraTime": 565.231, "ElapsedTimeWeightedCoeffs": 0, "NodesDiscardedByFathoming": 0, "NodesDiscardedByTolerance": 65, "BoundFactorConstraintsTime": 7.25375, "ElapsedTimeVarsInConstraints": 0.000060278, "meanBTRelativeChangeRootNode": 0, "NumberOfBoundFactorConstraints": 1440, "NumberOfLAPACKConvergenceFailures": 0, "NumberOfRLTVariablesAfterLinearization": 384}