{"Itbt": 0, "Pace": 0.0478994, "Depth": 13, "Degree": 7, "RPSTime": 797.367, "FBBTTime": 0, "OBBTTime": 0, "TotalTime": 3889.23, "Iterations": 72, "LinearTime": 438.528, "LowerBound": 19753.5, "TimeVector": [27.1343, 52.0461, 92.9922, 144.631, 181.535, 249.239, 289.075, 339.54, 371.471, 399.927, 433.449, 467.749, 496.775, 537.319, 596.817, 642.297, 685.518, 716.094, 747.238, 815.397, 863.127, 942.723, 970.818, 1001.54, 1044.7, 1099.73, 1149.29, 1232.09, 1271.87, 1326.61, 1368.24, 1396.66, 1458.95, 1495.97, 1586.33, 1670.01, 1743.55, 1826.52, 1906.66, 1961.82, 2005.25, 2074.92, 2123.69, 2165.55, 2201.93, 2250.32, 2332.91, 2395.43, 2463.51, 2500.28, 2569.98, 2651.04, 2714.72, 2782.88, 2812.55, 2888.46, 2964.69, 3004.24, 3054.1, 3136.36, 3183.09, 3232.51, 3307.67, 3346.18, 3422.74, 3520.49, 3581.09, 3650.37, 3719.98, 3793.42, 3842.14, 3889.23], "UpperBound": 19768.5, "rootBTTime": 0, "LowerBounds": {"1": 8203.09, "2": 9426.17, "3": 10949.2, "4": 13265, "5": 13952.6, "6": 14440.5, "7": 14586.1, "8": 15262.2, "9": 15380.5, "10": 15814.5, "11": 16256.1, "12": 16863.1, "13": 17183.5, "14": 17274.2, "15": 17456.3, "16": 17772.3, "17": 17783.6, "18": 17836.2, "19": 17930.1, "20": 18391.3, "21": 18405.7, "22": 18513.5, "23": 18777, "24": 18817.4, "25": 18840, "26": 18851.4, "27": 18874.4, "28": 18922.4, "29": 18986, "30": 19009.8, "31": 19069.6, "32": 19113.2, "33": 19117.8, "34": 19189, "35": 19309.3, "36": 19382, "37": 19422.5, "38": 19489.4, "39": 19506.8, "40": 19515.5, "41": 19523.1, "42": 19539, "43": 19541.9, "44": 19550.9, "45": 19590.9, "46": 19594.7, "47": 19626.7, "48": 19629.5, "49": 19631.5, "50": 19641.5, "51": 19643.6, "52": 19643.6, "53": 19658.5, "54": 19669.7, "55": 19678.8, "56": 19699.1, "57": 19700.2, "58": 19702.4, "59": 19708.2, "60": 19713.4, "61": 19724.2, "62": 19725.3, "63": 19725.4, "64": 19727.2, "65": 19727.8, "66": 19730.2, "67": 19733.8, "68": 19735.1, "69": 19735.9, "70": 19738.1, "71": 19742.9, "72": 19753.5}, "SolveResult": 0, "UpperBounds": {"1": 19768.5}, "MaxQueueSize": 17, "VisitedNodes": 145, "BranchingVars": [1, 3, 0, 4, 4, 3, 3, 2, 1, 0, 1, 1, 1, 2, 1, 4, 3, 4, 4, 4, 1, 2, 4, 3, 3, 4, 1, 2, 1, 4, 1, 3, 4, 4, 4, 2, 1, 4, 4, 0, 4, 0, 2, 1, 2, 2, 0, 4, 4, 2, 4, 4, 3, 3, 2, 2, 2, 4, 3, 1, 3, 3, 3, 3, 2, 0, 3, 3, 0, 2, 3, 3], "NonLinearTime": 0.184667, "OptimalityGap": 14.9821, "BranchingRules": ["sum_rescaled_var_range_weighted_rel", "sum_rescaled_var_range_weighted_rel", "sum_rescaled_var_range_weighted_rel", "sum_dual_weighted_plus1", "sum_rescaled_var_range_weighted_rel", "sum_dual_weighted_plus1", "sum_rescaled_var_range_weighted_rel", "sum_rescaled_var_range_weighted_rel", "sum_dual_weighted_plus1", "sum_rescaled_var_range_weighted_rel", "sum_rescaled_var_range_weighted_rel", "sum_rescaled_var_range_weighted_rel", "sum_dual_weighted_plus1", "sum_rescaled_var_range_weighted_rel", "sum_rescaled_var_range_weighted_rel", "sum_rescaled_var_range_weighted_rel", "sum_rescaled_var_range_weighted_rel", "sum_rescaled_var_range_weighted_rel", "sum_rescaled_var_range_weighted_rel", "sum_dual_weighted_plus1", "sum_rescaled_var_range_weighted_rel", "sum_rescaled_var_range_weighted_rel", "sum_rescaled_var_range_weighted_rel", "eigen_cen_alternative", "sum_dual_weighted_plus1", "sum_rescaled_var_range_weighted_rel", "sum_rescaled_var_range_weighted_rel", "sum_rescaled_var_range_weighted_rel", "sum_rescaled_var_range_weighted_rel", "sum_rescaled_var_range_weighted_rel", "sum_rescaled_var_range_weighted_rel", "sum_rescaled_var_range_weighted_rel", "sum_rescaled_var_range_weighted_rel", "sum_rescaled_var_range_weighted_rel", "sum_rescaled_var_range_weighted_rel", "sum_rescaled_var_range_weighted_rel", "sum_rescaled_var_range_weighted_rel", "sum_rescaled_var_range_weighted_rel", "sum_rescaled_var_range_weighted_rel", "sum_rescaled_var_range_weighted_rel", "sum_rescaled_var_range_weighted_rel", "sum_rescaled_var_range_weighted_rel", "sum_rescaled_var_range_weighted_rel", "sum_rescaled_var_range_weighted_rel", "sum_rescaled_var_range_weighted_rel", "sum_rescaled_var_range_weighted_rel", "sum_rescaled_var_range_weighted_rel", "sum_rescaled_var_range_weighted_rel", "sum_dual_weighted_plus1", "sum_rescaled_var_range_weighted_rel", "sum_rescaled_var_range_weighted_rel", "sum_rescaled_var_range_weighted_rel", "sum_rescaled_var_range_weighted_rel", "sum_rescaled_var_range_weighted_rel", "sum_rescaled_var_range_weighted_rel", "sum_rescaled_var_range_weighted_rel", "sum_rescaled_var_range_weighted_rel", "sum_rescaled_var_range_weighted_rel", "sum_rescaled_var_range_weighted_rel", "sum_rescaled_var_range_weighted_rel", "sum_rescaled_var_range_weighted_rel", "sum_rescaled_var_range_weighted_rel", "sum_rescaled_var_range_weighted_rel", "sum_rescaled_var_range_weighted_rel", "sum_rescaled_var_range_weighted_rel", "sum_rescaled_var_range_weighted_rel", "sum_dual_weighted_plus1", "sum_rescaled_var_range_weighted_rel", "sum_rescaled_var_range_weighted_rel", "sum_rescaled_var_range_weighted_rel", "sum_rescaled_var_range_weighted_rel", "sum_rescaled_var_range_weighted_rel"], "LBImprovements": [1223.09, 1523.05, 2315.82, 1175.46, 633.469, 821.732, 794.458, 993.856, 1893.67, 2021.64, 1516.22, 920.48, 1633.87, 1502.76, 934.997, 1297.31, 1067.8, 1038.2, 1055.91, 531.074, 1492.65, 496.285, 1176.44, 1719.45, 1445.26, 571.033, 667.556, 386.886, 608.66, 529.254, 559.849, 2141.53, 371.617, 960.911, 206.266, 682.396, 446.139, 142.124, 119.833, 142.956, 694.964, 104.619, 263.409, 645.938, 272.289, 309.967, 81.5633, 158.55, 38.2189, 293.824, 81.6479, 80.582, 75.3049, 29.3916, 1704.4, 63.7689, 83.4488, 222.615, 53.0653, 21.6749, 46.9175, 41.5912, 38.6525, 51.7898, 54.355, 12.6424, 19.7547, 38.6848, 26.1079, 41.1522, 17.0219, 9.00397], "InfeasibleNodes": 0, "ElapsedTimeCoeffs": 0, "LinearizationTime": 0.948705, "NumberOfVariables": 5, "CallsToLinearSolver": 145, "LinearGenerationTime": 36.4854, "SDPCutsGenerationTime": 0, "CallsToNonLinearSolver": 10, "StrongBranchingExtraTime": 3335.97, "ElapsedTimeWeightedCoeffs": 0, "NodesDiscardedByFathoming": 0, "NodesDiscardedByTolerance": 73, "BoundFactorConstraintsTime": 94.7952, "ElapsedTimeVarsInConstraints": 0.00023091, "meanBTRelativeChangeRootNode": 0, "NumberOfBoundFactorConstraints": 11432, "NumberOfLAPACKConvergenceFailures": 0, "NumberOfRLTVariablesAfterLinearization": 785}