{"Itbt": 0, "Pace": 0.0153287, "Depth": 8, "Degree": 7, "RPSTime": 21.0248, "FBBTTime": 0, "OBBTTime": 0, "TotalTime": 250.511, "Iterations": 47, "LinearTime": 33.5388, "LowerBound": 4523.85, "TimeVector": [6.435, 12.0503, 17.1519, 22.2085, 27.6526, 33.4573, 38.225, 44.0336, 51.0202, 56.7111, 61.4968, 66.4017, 71.4561, 76.6276, 81.6326, 86.3309, 91.2721, 96.3066, 100.474, 105.778, 111.056, 116.495, 122.265, 128.067, 132.32, 137.582, 142.545, 147.52, 152.945, 158.421, 163.253, 169.61, 175.178, 179.475, 184.305, 189.372, 194.244, 198.88, 203.244, 207.685, 213.329, 217.468, 224.295, 230.247, 238.466, 244.85, 271.065], "UpperBound": 4527.95, "rootBTTime": 0, "LowerBounds": {"1": 2121.99, "2": 2753.58, "3": 3174.26, "4": 3374.94, "5": 3392.35, "6": 3606.42, "7": 3684.85, "8": 3693.68, "9": 3749.32, "10": 3891.58, "11": 3927, "12": 4089.93, "13": 4143.5, "14": 4151.28, "15": 4173.71, "16": 4188.76, "17": 4219.97, "18": 4280.26, "19": 4290.04, "20": 4301.01, "21": 4354.18, "22": 4369.76, "23": 4384.65, "24": 4397.69, "25": 4402.83, "26": 4416.02, "27": 4442.19, "28": 4468.25, "29": 4472.68, "30": 4475.31, "31": 4481.65, "32": 4485.3, "33": 4485.46, "34": 4485.88, "35": 4485.88, "36": 4487.99, "37": 4491.92, "38": 4501.06, "39": 4503, "40": 4507.68, "41": 4510.55, "42": 4512.08, "43": 4514.9, "44": 4517.04, "45": 4521.71, "46": 4521.9, "47": 4523.85}, "SolveResult": 0, "UpperBounds": {"1": 4527.95}, "MaxQueueSize": 17, "VisitedNodes": 95, "BranchingVars": [3, 1, 1, 0, 2, 4, 2, 4, 4, 0, 2, 4, 0, 2, 0, 0, 4, 2, 2, 2, 0, 2, 2, 0, 2, 2, 0, 0, 4, 0, 0, 4, 2, 0, 0, 2, 0, 2, 2, 2, 2, 4, 0, 3, 1, 1, 2], "NonLinearTime": 0.171518, "OptimalityGap": 4.09628, "BranchingRules": ["sum_rescaled_var_range_weighted_rel", "sum_rescaled_var_range_weighted_rel", "sum_rescaled_var_range_weighted_rel", "sum_rescaled_var_range_weighted_rel", "sum_dual_weighted_plus1", "sum_rescaled_var_range_weighted_rel", "sum_dual_weighted_plus1", "sum_rescaled_var_range_weighted_rel", "sum_rescaled_var_range_weighted_rel", "sum_rescaled_var_range_weighted_rel", "sum_rescaled_var_range_weighted_rel", "sum_rescaled_var_range_weighted_rel", "sum_rescaled_var_range_weighted_rel", "sum_rescaled_var_range_weighted_rel", "sum_rescaled_var_range_weighted_rel", "sum_rescaled_var_range_weighted_rel", "sum_rescaled_var_range_weighted_rel", "sum_rescaled_var_range_weighted_rel", "sum_rescaled_var_range_weighted_rel", "sum_rescaled_var_range_weighted_rel", "sum_rescaled_var_range_weighted_rel", "sum_rescaled_var_range_weighted_rel", "sum_rescaled_var_range_weighted_rel", "sum_rescaled_var_range_weighted_rel", "sum_rescaled_var_range_weighted_rel", "sum_rescaled_var_range_weighted_rel", "sum_rescaled_var_range_weighted_rel", "sum_rescaled_var_range_weighted_rel", "sum_rescaled_var_range_weighted_rel", "sum_rescaled_var_range_weighted_rel", "sum_rescaled_var_range_weighted_rel", "sum_rescaled_var_range_weighted_rel", "sum_rescaled_var_range_weighted_rel", "sum_rescaled_var_range_weighted_rel", "sum_rescaled_var_range_weighted_rel", "sum_rescaled_var_range_weighted_rel", "sum_rescaled_var_range_weighted_rel", "sum_rescaled_var_range_weighted_rel", "sum_rescaled_var_range_weighted_rel", "sum_rescaled_var_range_weighted_rel", "sum_rescaled_var_range_weighted_rel", "sum_rescaled_var_range_weighted_rel", "sum_rescaled_var_range_weighted_rel", "sum_rescaled_var_range_weighted_rel", "sum_rescaled_var_range_weighted_rel", "sum_rescaled_var_range_weighted_rel", "sum_dual_weighted_plus1"], "LBImprovements": [631.59, 621.361, 432.161, 309.904, 356.967, 544.861, 405.087, 586.572, 394.177, 593.716, 545.68, 312.895, 226.259, 202.895, 329.29, 112.248, 255.339, 117.436, 195.839, 239.02, 146.884, 140.792, 123.033, 87.7716, 89.0959, 143.934, 109.091, 60.7142, 204.742, 153.075, 165.133, 210.399, 29.4327, 47.4288, 47.4288, 39.6093, 67.4771, 29.5165, 59.5869, 19.996, 24.5724, 202.196, 7.00202, 4.66767, 2.14641, 3.70997, 3.4777], "InfeasibleNodes": 2, "ElapsedTimeCoeffs": 0, "LinearizationTime": 0.0348249, "NumberOfVariables": 5, "CallsToLinearSolver": 95, "LinearGenerationTime": 1.41034, "SDPCutsGenerationTime": 0, "CallsToNonLinearSolver": 9, "StrongBranchingExtraTime": 213.693, "ElapsedTimeWeightedCoeffs": 0, "NodesDiscardedByFathoming": 0, "NodesDiscardedByTolerance": 46, "BoundFactorConstraintsTime": 2.54727, "ElapsedTimeVarsInConstraints": 0.000040183, "meanBTRelativeChangeRootNode": 0, "NumberOfBoundFactorConstraints": 906, "NumberOfLAPACKConvergenceFailures": 0, "NumberOfRLTVariablesAfterLinearization": 299}