{"Itbt": 0, "Pace": 0.0264011, "Depth": 11, "Degree": 7, "RPSTime": 378.902, "FBBTTime": 0, "OBBTTime": 0, "TotalTime": 1868.69, "Iterations": 36, "LinearTime": 214.138, "LowerBound": 33363.5, "TimeVector": [28.3191, 58.454, 96.1274, 144.681, 177.983, 244.43, 281.762, 319.877, 364.462, 401.398, 445.653, 486.062, 539.055, 592.054, 630.176, 666.705, 719.597, 774.501, 816.461, 861.895, 910.347, 972.812, 1048.54, 1087.83, 1175.64, 1250.05, 1320.66, 1361.59, 1396.15, 1433.54, 1502.63, 1607.54, 1655.81, 1726.46, 1769.98, 1868.69], "UpperBound": 33393.4, "rootBTTime": 0, "LowerBounds": {"1": 23138.7, "2": 26127.6, "3": 27898.8, "4": 28734, "5": 29921.2, "6": 30556.1, "7": 31091.4, "8": 31191.9, "9": 31441.5, "10": 31656.6, "11": 31950.5, "12": 32135, "13": 32302, "14": 32365.2, "15": 32452.2, "16": 32499.7, "17": 32546.3, "18": 32651.9, "19": 32663.9, "20": 32755, "21": 32758.5, "22": 32805.1, "23": 32808.1, "24": 33111.8, "25": 33131, "26": 33138.1, "27": 33206.4, "28": 33242.2, "29": 33267.7, "30": 33289.7, "31": 33294.1, "32": 33298.3, "33": 33307.7, "34": 33342.1, "35": 33346.8, "36": 33363.5}, "SolveResult": 0, "UpperBounds": {"1": 33393.4}, "MaxQueueSize": 12, "VisitedNodes": 73, "BranchingVars": [2, 4, 3, 2, 2, 0, 0, 0, 1, 1, 1, 1, 1, 4, 2, 4, 1, 1, 4, 0, 0, 4, 0, 4, 2, 2, 2, 4, 1, 0, 3, 3, 1, 4, 4, 1], "NonLinearTime": 0.457133, "OptimalityGap": 29.9104, "BranchingRules": ["sum_rescaled_var_range_weighted_rel", "sum_dual_weighted_plus1", "sum_rescaled_var_range_weighted_rel", "sum_dual_weighted_plus1", "sum_dual_weighted_plus1", "sum_rescaled_var_range_weighted_rel", "sum_rescaled_var_range_weighted_rel", "sum_rescaled_var_range_weighted_rel", "sum_rescaled_var_range_weighted_rel", "sum_rescaled_var_range_weighted_rel", "sum_rescaled_var_range_weighted_rel", "sum_rescaled_var_range_weighted_rel", "sum_rescaled_var_range_weighted_rel", "sum_rescaled_var_range_weighted_rel", "sum_dual_weighted_plus1", "sum_rescaled_var_range_weighted_rel", "sum_rescaled_var_range_weighted_rel", "sum_rescaled_var_range_weighted_rel", "sum_rescaled_var_range_weighted_rel", "sum_rescaled_var_range_weighted_rel", "sum_rescaled_var_range_weighted_rel", "sum_rescaled_var_range_weighted_rel", "sum_rescaled_var_range_weighted_rel", "sum_rescaled_var_range_weighted_rel", "sum_rescaled_var_range_weighted_rel", "sum_rescaled_var_range_weighted_rel", "sum_rescaled_var_range_weighted_rel", "sum_dual_weighted_plus1", "sum_rescaled_var_range_weighted_rel", "sum_rescaled_var_range_weighted_rel", "sum_rescaled_var_range_weighted_rel", "sum_rescaled_var_range_weighted_rel", "sum_rescaled_var_range_weighted_rel", "sum_rescaled_var_range_weighted_rel", "sum_rescaled_var_range_weighted_rel", "sum_rescaled_var_range_weighted_rel"], "LBImprovements": [2988.94, 1771.17, 835.161, 1822.09, 1170.25, 885.482, 859.102, 943.155, 923.605, 1098.41, 713.325, 670.093, 904.435, 442.9, 3605.64, 1280.76, 868.946, 1308.93, 625.837, 666.498, 1285.65, 770.962, 322.944, 377.283, 136.69, 156.004, 838.96, 2311.74, 74.4317, 129.842, 54.4462, 65.1861, 70.733, 27.708, 53.2039, 62.8598], "InfeasibleNodes": 0, "ElapsedTimeCoeffs": 0, "LinearizationTime": 0.94626, "NumberOfVariables": 5, "CallsToLinearSolver": 73, "LinearGenerationTime": 18.5537, "SDPCutsGenerationTime": 0, "CallsToNonLinearSolver": 9, "StrongBranchingExtraTime": 1598.75, "ElapsedTimeWeightedCoeffs": 0, "NodesDiscardedByFathoming": 0, "NodesDiscardedByTolerance": 37, "BoundFactorConstraintsTime": 45.7616, "ElapsedTimeVarsInConstraints": 0.000244011, "meanBTRelativeChangeRootNode": 0, "NumberOfBoundFactorConstraints": 11432, "NumberOfLAPACKConvergenceFailures": 0, "NumberOfRLTVariablesAfterLinearization": 785}