{"Itbt": 0, "Pace": 0.000000540232, "Depth": 22, "Degree": 4, "RPSTime": 0.0309546, "FBBTTime": 0, "OBBTTime": 0, "TotalTime": 0.455218, "Iterations": 39, "LinearTime": 0.218582, "LowerBound": -0.000370787, "TimeVector": [0.307538, 0.318228, 0.32843, 0.338648, 0.349258, 0.351575, 0.353778, 0.364058, 0.36653, 0.368784, 0.371134, 0.373503, 0.375846, 0.378151, 0.380493, 0.39018, 0.392535, 0.394789, 0.39696, 0.39908, 0.401391, 0.403599, 0.4058, 0.408061, 0.410251, 0.412521, 0.414761, 0.417017, 0.419307, 0.421596, 0.423835, 0.433266, 0.435526, 0.437751, 0.439992, 0.442052, 0.444097, 0.446099, 0.901316], "UpperBound": 0, "rootBTTime": 0, "LowerBounds": {"1": -733415, "2": -125854, "3": -55237.8, "4": -15293.4, "5": -7179.14, "6": -3884.97, "7": -1856.43, "8": -1829.54, "9": -1259.44, "10": -821.165, "11": -599.497, "12": -391.294, "13": -181.892, "14": -73.933, "15": -57.5555, "16": -29.2264, "17": -23.9351, "18": -14.6397, "19": -9.16552, "20": -5.73534, "21": -4.4997, "22": -4.48813, "23": -3.592, "24": -3.17664, "25": -1.46758, "26": -1.41636, "27": -0.905524, "28": -0.215852, "29": -0.0872171, "30": -0.016449, "31": -0.0113021, "32": -0.00615547, "33": -0.00356746, "34": -0.00351916, "35": -0.00349594, "36": -0.00347781, "37": -0.00347206, "38": -0.00340288, "39": -0.000370787}, "SolveResult": 0, "UpperBounds": {}, "MaxQueueSize": 5, "VisitedNodes": 79, "BranchingVars": [0, 0, 0, 0, 0, 1, 1, 1, 0, 0, 1, 0, 1, 1, 1, 0, 0, 1, 1, 1, 1, 0, 1, 0, 1, 0, 0, 0, 0, 0, 0, 0, 0, 0, 1, 1, 1, 1, 1], "NonLinearTime": 0.165831, "OptimalityGap": 0.000370787, "BranchingRules": ["eigen_cen_alternative_rel", "eigen_cen_alternative_rel", "eigen_cen_alternative_rel", "eigen_cen_alternative_rel", "eigen_cen_alternative_rel", "eigen_cen_alternative_rel", "eigen_cen_alternative_rel", "eigen_cen_alternative_rel", "eigen_cen_alternative_rel", "eigen_cen_alternative_rel", "eigen_cen_alternative_rel", "eigen_cen_alternative_rel", "eigen_cen_alternative_rel", "eigen_cen_alternative_rel", "eigen_cen_alternative_rel", "eigen_cen_alternative_rel", "eigen_cen_alternative_rel", "eigen_cen_alternative_rel", "eigen_cen_alternative_rel", "eigen_cen_alternative_rel", "eigen_cen_alternative_rel", "eigen_cen_alternative_rel", "eigen_cen_alternative_rel", "eigen_cen_alternative_rel", "eigen_cen_alternative_rel", "eigen_cen_alternative_rel", "eigen_cen_alternative_rel", "eigen_cen_alternative_rel", "eigen_cen_alternative_rel", "eigen_cen_alternative_rel", "eigen_cen_alternative_rel", "eigen_cen_alternative_rel", "eigen_cen_alternative_rel", "eigen_cen_alternative_rel", "eigen_cen_alternative_rel", "eigen_cen_alternative_rel", "eigen_cen_alternative_rel", "eigen_cen_alternative_rel", "eigen_cen_alternative_rel"], "LBImprovements": [607561, 70616.3, 39944.4, 8114.3, 3294.17, 2625.53, 2560, 2560, 659.941, 884.665, 208.203, 209.402, 107.959, 44.7066, 53.0558, 20.0608, 18.1998, 22.5, 4.6774, 4.82981, 5.33566, 3.02055, 0.415362, 1.76028, 1.72204, 3.33628, 0.689672, 0.128635, 0.0707681, 0.0051469, 0.00514666, 0.00258801, 0.0000482986, 0.0000232215, 0.00348562, 0.00348561, 0.0034856, 0.00348559, 0.00348562], "InfeasibleNodes": 6, "ElapsedTimeCoeffs": 0, "LinearizationTime": 0.000023443, "NumberOfVariables": 2, "CallsToLinearSolver": 79, "LinearGenerationTime": 0.0678671, "SDPCutsGenerationTime": 0, "CallsToNonLinearSolver": 9, "StrongBranchingExtraTime": 0.0590038, "ElapsedTimeWeightedCoeffs": 0, "NodesDiscardedByFathoming": 0, "NodesDiscardedByTolerance": 34, "BoundFactorConstraintsTime": 0.00243786, "ElapsedTimeVarsInConstraints": 0.00000498, "meanBTRelativeChangeRootNode": 0, "NumberOfBoundFactorConstraints": 14, "NumberOfLAPACKConvergenceFailures": 0, "NumberOfRLTVariablesAfterLinearization": 6}