{"Itbt": 0, "Pace": 0.0785256, "Depth": 11, "Degree": 4, "RPSTime": 12.6899, "FBBTTime": 0, "OBBTTime": 0, "TotalTime": 231.572, "Iterations": 62, "LinearTime": 31.3219, "LowerBound": 1150.13, "TimeVector": [4.46964, 8.41308, 12.8848, 16.6367, 20.466, 24.4706, 28.6873, 32.5167, 36.4814, 40.5184, 44.4228, 48.2191, 51.9627, 55.9044, 59.6835, 62.8384, 66.513, 70.1123, 73.9487, 77.6552, 81.8603, 85.4303, 89.2409, 92.9726, 96.8695, 100.47, 104.332, 108.316, 111.949, 115.976, 119.186, 122.557, 126.646, 130.198, 134.346, 138.087, 142.232, 145.779, 149.409, 152.53, 156.58, 159.899, 163.287, 166.895, 170.596, 173.888, 177.62, 181.215, 184.5, 188.49, 192.845, 196.778, 200.09, 203.531, 207.184, 210.859, 215.376, 218.912, 221.849, 225.13, 228.346, 234.788], "UpperBound": 1151.13, "rootBTTime": 0, "LowerBounds": {"1": 725.423, "2": 864.845, "3": 889.12, "4": 905.83, "5": 963.647, "6": 983.313, "7": 1000.45, "8": 1032.9, "9": 1035.59, "10": 1040.49, "11": 1043.11, "12": 1045.33, "13": 1054.52, "14": 1057.04, "15": 1071.82, "16": 1072.55, "17": 1072.91, "18": 1074.15, "19": 1082.94, "20": 1092.5, "21": 1094.79, "22": 1100.87, "23": 1102.75, "24": 1104.09, "25": 1107.54, "26": 1110.27, "27": 1111.36, "28": 1112, "29": 1113.4, "30": 1118.2, "31": 1120.04, "32": 1124.64, "33": 1124.89, "34": 1128.34, "35": 1130.75, "36": 1131.02, "37": 1131.23, "38": 1133.14, "39": 1134.36, "40": 1136.85, "41": 1136.97, "42": 1137.26, "43": 1139.79, "44": 1140.79, "45": 1141, "46": 1141.04, "47": 1141.76, "48": 1142.12, "49": 1143.31, "50": 1143.94, "51": 1144.16, "52": 1145.14, "53": 1145.15, "54": 1145.99, "55": 1146.54, "56": 1146.76, "57": 1146.99, "58": 1148.61, "59": 1149.43, "60": 1149.49, "61": 1149.82, "62": 1150.13}, "SolveResult": 0, "UpperBounds": {"1": 1261.76, "3": 1151.13}, "MaxQueueSize": 20, "VisitedNodes": 125, "BranchingVars": [0, 10, 9, 11, 7, 3, 9, 6, 2, 9, 1, 10, 7, 10, 6, 3, 7, 10, 3, 6, 2, 11, 10, 11, 3, 3, 9, 3, 10, 9, 4, 7, 3, 10, 10, 3, 1, 8, 0, 10, 6, 9, 3, 8, 7, 6, 9, 9, 2, 2, 11, 10, 9, 9, 9, 2, 2, 9, 7, 11, 9, 3], "NonLinearTime": 0.143809, "OptimalityGap": 0.999553, "BranchingRules": ["sum_rescaled_var_range_weighted_rel", "sum_rescaled_var_range_weighted_rel", "sum_rescaled_var_range_weighted_rel", "sum_rescaled_var_range_weighted_rel", "sum_rescaled_var_range_weighted_rel", "sum_rescaled_var_range_weighted_rel", "sum_rescaled_var_range_weighted_rel", "sum_rescaled_var_range_weighted_rel", "sum_rescaled_var_range_weighted_rel", "sum_dual_weighted_plus1", "sum_rescaled_var_range_weighted_rel", "sum_rescaled_var_range_weighted_rel", "sum_rescaled_var_range_weighted_rel", "sum_rescaled_var_range_weighted_rel", "sum_rescaled_var_range_weighted_rel", "sum_rescaled_var_range_weighted_rel", "sum_dual_weighted_plus1", "sum_rescaled_var_range_weighted_rel", "sum_rescaled_var_range_weighted_rel", "sum_rescaled_var_range_weighted_rel", "sum_rescaled_var_range_weighted_rel", "sum_rescaled_var_range_weighted_rel", "sum_rescaled_var_range_weighted_rel", "sum_rescaled_var_range_weighted_rel", "sum_rescaled_var_range_weighted_rel", "sum_rescaled_var_range_weighted_rel", "sum_dual_weighted_plus1", "sum_rescaled_var_range_weighted_rel", "sum_rescaled_var_range_weighted_rel", "sum_rescaled_var_range_weighted_rel", "sum_rescaled_var_range_weighted_rel", "sum_rescaled_var_range_weighted_rel", "sum_rescaled_var_range_weighted_rel", "sum_rescaled_var_range_weighted_rel", "sum_rescaled_var_range_weighted_rel", "sum_rescaled_var_range_weighted_rel", "sum_rescaled_var_range_weighted_rel", "sum_rescaled_var_range_weighted_rel", "sum_rescaled_var_range_weighted_rel", "sum_rescaled_var_range_weighted_rel", "sum_rescaled_var_range_weighted_rel", "sum_dual_weighted_plus1", "sum_rescaled_var_range_weighted_rel", "sum_rescaled_var_range_weighted_rel", "sum_rescaled_var_range_weighted_rel", "sum_rescaled_var_range_weighted_rel", "sum_rescaled_var_range_weighted_rel", "sum_dual_weighted_plus1", "sum_rescaled_var_range_weighted_rel", "sum_rescaled_var_range_weighted_rel", "sum_rescaled_var_range_weighted_rel", "sum_rescaled_var_range_weighted_rel", "sum_rescaled_var_range_weighted_rel", "sum_rescaled_var_range_weighted_rel", "sum_dual_weighted_plus1", "sum_rescaled_var_range_weighted_rel", "sum_rescaled_var_range_weighted_rel", "sum_rescaled_var_range_weighted_rel", "sum_rescaled_var_range_weighted_rel", "sum_rescaled_var_range_weighted_rel", "sum_dual_weighted_plus1", "sum_rescaled_var_range_weighted_rel"], "LBImprovements": [139.422, 40.9845, 94.1933, 57.8176, 71.9468, 49.5904, 44.8813, 41.2442, 36.2246, 54.2986, 93.8517, 27.577, 28.4184, 35.4585, 40.1815, 61.8038, 27.9642, 54.1891, 19.8073, 40.6354, 30.094, 19.1665, 38.2926, 6.1831, 23.2102, 14.369, 58.1409, 48.9835, 33.3697, 62.5522, 19.7515, 12.2068, 50.4616, 8.92775, 27.11, 10.7354, 37.8515, 20.7666, 51.4581, 8.30281, 43.1862, 18.0532, 10.0286, 18.2423, 34.1446, 8.45266, 10.6683, 8.00731, 3.23289, 19.1122, 64.1344, 8.90565, 4.27931, 3.91904, 23.5625, 9.27636, 20.2957, 9.15166, 1.21192, 13.6487, 8.96954, 0.915909], "InfeasibleNodes": 0, "ElapsedTimeCoeffs": 0, "LinearizationTime": 0.0730715, "NumberOfVariables": 12, "CallsToLinearSolver": 125, "LinearGenerationTime": 0.741787, "SDPCutsGenerationTime": 0, "CallsToNonLinearSolver": 9, "StrongBranchingExtraTime": 198.222, "ElapsedTimeWeightedCoeffs": 0, "NodesDiscardedByFathoming": 0, "NodesDiscardedByTolerance": 63, "BoundFactorConstraintsTime": 1.6031, "ElapsedTimeVarsInConstraints": 0.000126149, "meanBTRelativeChangeRootNode": 0, "NumberOfBoundFactorConstraints": 1870, "NumberOfLAPACKConvergenceFailures": 0, "NumberOfRLTVariablesAfterLinearization": 489}