{"Itbt": 0, "Pace": 0.0448224, "Depth": 13, "Degree": 4, "RPSTime": 11.3368, "FBBTTime": 0, "OBBTTime": 0, "TotalTime": 196.981, "Iterations": 146, "LinearTime": 26.7567, "LowerBound": 1443.72, "TimeVector": [1.99932, 3.43211, 4.76743, 6.28702, 7.72646, 9.07479, 10.4468, 11.9371, 13.4159, 14.9573, 16.2844, 17.7117, 19.0998, 20.476, 21.9706, 23.3999, 24.8983, 26.3135, 27.6854, 29.0114, 30.4821, 31.9031, 33.2999, 34.9001, 36.1995, 37.613, 38.9823, 40.3417, 41.6767, 42.969, 44.3341, 45.8447, 47.154, 48.539, 49.9475, 51.3284, 52.8288, 54.3661, 55.6798, 57.0038, 58.4012, 59.7461, 61.1762, 62.5688, 64.0605, 65.4955, 66.7729, 68.1002, 69.5156, 70.9448, 72.3838, 73.7832, 75.0973, 76.583, 77.9517, 79.2888, 80.5304, 81.9696, 83.4943, 84.8274, 86.2094, 87.5081, 88.719, 90.1007, 91.3775, 92.8224, 94.019, 95.2419, 96.5417, 97.8783, 99.2041, 100.543, 101.89, 103.321, 104.79, 106.013, 107.499, 108.748, 110.132, 111.463, 112.865, 114.07, 115.398, 116.751, 118.037, 119.415, 120.717, 122.023, 123.227, 124.661, 126, 127.251, 128.54, 129.822, 131.167, 132.39, 133.708, 135.027, 136.386, 137.742, 139.037, 140.418, 141.894, 143.19, 144.376, 145.565, 146.827, 148.045, 149.469, 150.904, 152.314, 153.671, 155.091, 156.309, 157.526, 158.625, 159.794, 161.163, 162.354, 163.657, 164.866, 166.259, 167.488, 168.63, 169.756, 170.925, 172.088, 173.469, 174.55, 175.922, 177.335, 178.729, 180.078, 181.524, 182.91, 184.255, 185.547, 186.876, 188.065, 189.218, 190.505, 191.82, 193.118, 194.428, 195.762, 209.832], "UpperBound": 1445.08, "rootBTTime": 0, "LowerBounds": {"1": 803.792, "2": 917.055, "3": 984.024, "4": 1029.6, "5": 1035.15, "6": 1061.55, "7": 1133.44, "8": 1145.14, "9": 1157.57, "10": 1162.2, "11": 1184.24, "12": 1185.81, "13": 1204.33, "14": 1214.48, "15": 1241.8, "16": 1265.08, "17": 1276.58, "18": 1282.53, "19": 1284.69, "20": 1293.23, "21": 1301.01, "22": 1303.58, "23": 1308.62, "24": 1308.85, "25": 1320.15, "26": 1340.13, "27": 1342.3, "28": 1342.69, "29": 1343.18, "30": 1346.66, "31": 1350.03, "32": 1351.31, "33": 1352.48, "34": 1362.89, "35": 1365.75, "36": 1372.6, "37": 1373.43, "38": 1374.87, "39": 1378.51, "40": 1379.19, "41": 1385.85, "42": 1390.9, "43": 1397.32, "44": 1399.66, "45": 1400.16, "46": 1400.47, "47": 1400.6, "48": 1402.24, "49": 1402.6, "50": 1407.26, "51": 1409.39, "52": 1411.98, "53": 1412.11, "54": 1413.36, "55": 1413.64, "56": 1414.2, "57": 1415.72, "58": 1416.03, "59": 1416.63, "60": 1417.92, "61": 1418.18, "62": 1418.75, "63": 1418.86, "64": 1419.02, "65": 1422.76, "66": 1425.17, "67": 1425.42, "68": 1425.5, "69": 1425.96, "70": 1426.08, "71": 1426.21, "72": 1426.4, "73": 1426.5, "74": 1428.02, "75": 1428.82, "76": 1429.48, "77": 1430.5, "78": 1431.46, "79": 1431.8, "80": 1431.9, "81": 1431.98, "82": 1432.09, "83": 1433.03, "84": 1433.22, "85": 1433.63, "86": 1435.95, "87": 1436.3, "88": 1436.53, "89": 1436.63, "90": 1436.81, "91": 1436.98, "92": 1437.11, "93": 1437.41, "94": 1437.43, "95": 1437.44, "96": 1437.75, "97": 1437.76, "98": 1438.2, "99": 1438.97, "100": 1438.97, "101": 1439.25, "102": 1439.45, "103": 1439.67, "104": 1439.7, "105": 1439.71, "106": 1439.73, "107": 1440.02, "108": 1440.08, "109": 1440.23, "110": 1440.83, "111": 1440.97, "112": 1441.11, "113": 1441.13, "114": 1441.17, "115": 1441.18, "116": 1441.21, "117": 1441.27, "118": 1441.43, "119": 1441.48, "120": 1441.55, "121": 1441.62, "122": 1441.64, "123": 1441.74, "124": 1441.77, "125": 1441.82, "126": 1441.89, "127": 1441.92, "128": 1441.97, "129": 1442.05, "130": 1442.26, "131": 1442.3, "132": 1442.36, "133": 1442.88, "134": 1443.02, "135": 1443.06, "136": 1443.09, "137": 1443.25, "138": 1443.27, "139": 1443.28, "140": 1443.29, "141": 1443.34, "142": 1443.37, "143": 1443.43, "144": 1443.44, "145": 1443.51, "146": 1443.72}, "SolveResult": 0, "UpperBounds": {"1": 1445.08}, "MaxQueueSize": 37, "VisitedNodes": 293, "BranchingVars": [7, 6, 1, 10, 11, 11, 9, 10, 11, 1, 6, 10, 4, 1, 1, 1, 10, 10, 5, 6, 1, 10, 4, 7, 2, 9, 6, 9, 9, 9, 4, 9, 11, 7, 9, 7, 9, 9, 9, 10, 11, 11, 10, 9, 4, 9, 4, 1, 4, 10, 4, 4, 4, 10, 1, 9, 10, 11, 11, 4, 5, 4, 0, 6, 4, 6, 6, 6, 10, 1, 6, 6, 5, 1, 3, 9, 3, 10, 4, 1, 3, 10, 10, 0, 0, 10, 0, 6, 6, 1, 11, 9, 6, 10, 10, 1, 0, 3, 10, 1, 0, 11, 11, 3, 9, 6, 0, 8, 10, 10, 9, 10, 11, 11, 11, 9, 6, 6, 9, 6, 11, 5, 1, 6, 11, 11, 11, 6, 6, 6, 1, 6, 6, 11, 9, 6, 1, 6, 3, 9, 11, 0, 10, 9, 9, 0], "NonLinearTime": 0.280347, "OptimalityGap": 1.35668,