{"Itbt": 0, "Pace": 0.0873557, "Depth": 14, "Degree": 4, "RPSTime": 12.5432, "FBBTTime": 0, "OBBTTime": 0, "TotalTime": 220.611, "Iterations": 164, "LinearTime": 29.798, "LowerBound": 1457.58, "TimeVector": [1.73172, 3.1951, 4.73319, 6.12652, 7.66933, 9.14452, 10.62, 11.8989, 13.3348, 14.8762, 16.3342, 17.7656, 19.1466, 20.6225, 21.9373, 23.364, 24.6501, 26.0848, 27.5191, 28.9286, 30.315, 31.7817, 33.1532, 34.4126, 35.8506, 37.285, 38.719, 40.2815, 41.6892, 43.0516, 44.617, 46.059, 47.4815, 48.7516, 50.0855, 51.5381, 52.9842, 54.3292, 55.6827, 56.9757, 58.3509, 59.8321, 61.3018, 62.7255, 64.0287, 65.3799, 66.8913, 68.2153, 69.8164, 71.2632, 72.5342, 73.9428, 75.2221, 76.5755, 77.8343, 79.4785, 80.853, 82.0569, 83.3782, 84.7473, 86.1339, 87.4731, 88.9377, 90.2578, 91.7625, 93.1027, 94.3534, 95.7684, 97.0726, 98.2841, 99.7581, 101.083, 102.438, 103.788, 105.071, 106.533, 107.908, 109.426, 110.604, 111.887, 113.137, 114.442, 115.691, 117.141, 118.354, 119.484, 120.84, 122.24, 123.559, 125.003, 126.307, 127.617, 128.972, 130.288, 131.787, 133.253, 134.623, 135.852, 137.188, 138.719, 139.988, 141.084, 142.47, 143.916, 145.265, 146.554, 147.783, 149.081, 150.392, 151.696, 152.965, 154.176, 155.56, 156.853, 158.067, 159.298, 160.577, 161.777, 162.955, 164.176, 165.428, 166.739, 167.991, 169.12, 170.553, 171.865, 173.128, 174.402, 175.655, 177.032, 178.305, 179.755, 181.08, 182.297, 183.501, 184.92, 186.112, 187.378, 188.607, 189.877, 191.17, 192.643, 193.921, 194.983, 196.247, 197.424, 198.747, 200.055, 201.232, 202.603, 204.169, 205.283, 206.562, 208.01, 209.256, 210.673, 212.047, 213.413, 214.587, 215.815, 217.013, 218.189, 219.277, 225.301], "UpperBound": 1459.02, "rootBTTime": 0, "LowerBounds": {"1": 1093.51, "2": 1160.08, "3": 1173.35, "4": 1221.55, "5": 1231.49, "6": 1242.1, "7": 1249.87, "8": 1264.59, "9": 1279.02, "10": 1286.98, "11": 1294.1, "12": 1297.81, "13": 1306.41, "14": 1308.96, "15": 1313.87, "16": 1325.69, "17": 1342.5, "18": 1345.64, "19": 1349.02, "20": 1353.53, "21": 1353.57, "22": 1355.73, "23": 1357.46, "24": 1360.49, "25": 1363.7, "26": 1365.73, "27": 1368.01, "28": 1369.32, "29": 1369.6, "30": 1377.07, "31": 1377.07, "32": 1382.96, "33": 1384.06, "34": 1389.68, "35": 1394.52, "36": 1395.2, "37": 1395.22, "38": 1395.87, "39": 1398.26, "40": 1402.38, "41": 1404.94, "42": 1405.45, "43": 1408.53, "44": 1409.8, "45": 1410.32, "46": 1410.35, "47": 1410.53, "48": 1410.96, "49": 1412, "50": 1412.83, "51": 1412.93, "52": 1414.24, "53": 1414.39, "54": 1421.43, "55": 1421.77, "56": 1422.45, "57": 1423.76, "58": 1426.36, "59": 1426.77, "60": 1427.2, "61": 1428.15, "62": 1428.38, "63": 1429.22, "64": 1432.83, "65": 1433.84, "66": 1435.2, "67": 1435.47, "68": 1437.16, "69": 1437.59, "70": 1438.26, "71": 1440.25, "72": 1440.53, "73": 1440.83, "74": 1440.88, "75": 1441.14, "76": 1441.63, "77": 1442.1, "78": 1442.52, "79": 1442.97, "80": 1443.61, "81": 1444.28, "82": 1444.43, "83": 1444.51, "84": 1444.69, "85": 1444.96, "86": 1445.21, "87": 1446.07, "88": 1446.32, "89": 1446.47, "90": 1446.47, "91": 1446.66, "92": 1447.19, "93": 1447.71, "94": 1447.89, "95": 1448.26, "96": 1449.15, "97": 1449.22, "98": 1449.57, "99": 1449.63, "100": 1449.76, "101": 1450.24, "102": 1450.44, "103": 1450.74, "104": 1451.1, "105": 1451.6, "106": 1451.65, "107": 1452.31, "108": 1452.65, "109": 1452.66, "110": 1453.15, "111": 1453.35, "112": 1453.43, "113": 1453.68, "114": 1453.7, "115": 1453.79, "116": 1453.91, "117": 1454.39, "118": 1454.43, "119": 1454.55, "120": 1454.58, "121": 1454.62, "122": 1454.78, "123": 1454.82, "124": 1454.93, "125": 1455.03, "126": 1455.15, "127": 1455.33, "128": 1455.46, "129": 1455.48, "130": 1455.57, "131": 1455.6, "132": 1455.66, "133": 1455.7, "134": 1455.83, "135": 1455.85, "136": 1455.95, "137": 1455.97, "138": 1456.03, "139": 1456.19, "140": 1456.32, "141": 1456.57, "142": 1456.69, "143": 1456.81, "144": 1456.85, "145": 1456.85, "146": 1456.88, "147": 1456.88, "148": 1456.99, "149": 1456.99, "150": 1457.08, "151": 1457.09, "152": 1457.22, "153": 1457.23, "154": 1457.28, "155": 1457.35, "156": 1457.36, "157": 1457.37, "158": 1457.45, "159": 1457.45, "160": 1457.47, "161": 1457.48, "162": 1457.51, "163": 1457.51, "164": 1457.58}, "SolveResult": 0, "UpperBounds": {"1": 1459.02}, "MaxQueueSize": 40, "VisitedNodes": 329, "BranchingVars": [8, 1, 11, 0, 2, 2, 6, 9, 4, 1, 4, 1, 4, 11, 2, 11, 8, 9, 0, 9, 0, 5, 0, 0, 0, 4, 11, 2, 2, 3, 4, 3, 7, 0, 0, 2, 8, 0, 11, 3, 0, 4, 8, 8, 3, 6, 3, 4, 4, 4, 9, 0, 0, 4, 4, 11, 11, 0, 3, 0, 6, 3, 6, 1, 10, 7, 0, 9, 3, 7, 0, 7, 7, 8, 3, 5, 3, 6, 8, 3, 0, 6, 1, 1, 3, 3, 3, 11, 4, 8, 3, 11, 3, 7, 8, 2, 4, 3, 3, 3, 1, 7, 2, 7, 8, 8, 3, 4, 8, 1, 3, 3, 8, 8, 7, 8, 8, 8, 7, 4, 0, 0, 0, 1, 4, 8, 1, 8, 0, 8, 0, 6, 8, 4, 0, 8, 8, 0, 8, 8, 11, 6, 0, 4, 1, 1, 8, 8, 8, 8, 7, 8, 3, 0, 0, 7, 7, 2, 0, 10, 4, 0, 1, 7], "NonLinearTime": 0.229362, "OptimalityGap": 1.44724,