{"Itbt": 0, "Pace": 0.0155985, "Depth": 9, "Degree": 4, "RPSTime": 0.2091, "FBBTTime": 0, "OBBTTime": 0, "TotalTime": 1.47324, "Iterations": 28, "LinearTime": 0.238247, "LowerBound": -286.818, "TimeVector": [0.25839, 0.310536, 0.360988, 0.413809, 0.465904, 0.510581, 0.55087, 0.603208, 0.647422, 0.688501, 0.730426, 0.773378, 0.818707, 0.860468, 0.900312, 0.950983, 0.993513, 1.03771, 1.08124, 1.12099, 1.16158, 1.20745, 1.24894, 1.29184, 1.33385, 1.37617, 1.41841, 2.89165], "UpperBound": -286.72, "rootBTTime": 0, "LowerBounds": {"1": -315.872, "2": -308.091, "3": -304.007, "4": -302.229, "5": -300.071, "6": -298.907, "7": -292.57, "8": -292.33, "9": -291.16, "10": -290.628, "11": -290.601, "12": -289.909, "13": -289.502, "14": -289.107, "15": -289.106, "16": -289.041, "17": -288.654, "18": -288.597, "19": -288.558, "20": -288.163, "21": -288.015, "22": -287.809, "23": -287.8, "24": -287.5, "25": -287.493, "26": -287.164, "27": -287.056, "28": -286.818}, "SolveResult": 0, "UpperBounds": {"1": -283.871, "2": -286.72}, "MaxQueueSize": 9, "VisitedNodes": 57, "BranchingVars": [3, 9, 2, 3, 3, 3, 5, 2, 3, 3, 3, 2, 5, 5, 5, 3, 5, 5, 2, 9, 5, 2, 3, 3, 3, 2, 2, 5], "NonLinearTime": 0.182761, "OptimalityGap": 0.09761, "BranchingRules": ["sum_rescaled_var_range_weighted_rel", "sum_rescaled_var_range_weighted_rel", "sum_rescaled_var_range_weighted_rel", "sum_rescaled_var_range_weighted_rel", "sum_rescaled_var_range_weighted_rel", "sum_rescaled_var_range_weighted_rel", "sum_rescaled_var_range_weighted_rel", "sum_dual_weighted_plus1", "eigen_cen_alternative", "sum_dual_weighted_plus1", "sum_dual_weighted_plus1", "sum_dual_weighted_plus1", "sum_rescaled_var_range_weighted_rel", "sum_rescaled_var_range_weighted_rel", "sum_rescaled_var_range_weighted_rel", "sum_rescaled_var_range_weighted_rel", "sum_rescaled_var_range_weighted_rel", "sum_rescaled_var_range_weighted_rel", "sum_rescaled_var_range_weighted_rel", "sum_rescaled_var_range_weighted_rel", "sum_rescaled_var_range_weighted_rel", "sum_rescaled_var_range_weighted_rel", "sum_rescaled_var_range_weighted_rel", "sum_rescaled_var_range_weighted_rel", "sum_rescaled_var_range_weighted_rel", "sum_rescaled_var_range_weighted_rel", "sum_dual_weighted_plus1", "sum_rescaled_var_range_weighted_rel"], "LBImprovements": [7.78099, 4.08417, 1.7787, 9.65812, 7.74072, 7.74704, 1.94277, 1.72935, 2.50584, 2.46461, 1.49503, 3.43803, 1.69307, 2.39945, 1.09098, 1.54095, 0.0954008, 2.68382, 1.82113, 0.362648, 0.521748, 1.95108, 0.636006, 0.730275, 0.764093, 0.346467, 0.253805, 3.8886], "InfeasibleNodes": 0, "ElapsedTimeCoeffs": 0, "LinearizationTime": 0.000568961, "NumberOfVariables": 12, "CallsToLinearSolver": 57, "LinearGenerationTime": 0.0592206, "SDPCutsGenerationTime": 0, "CallsToNonLinearSolver": 8, "StrongBranchingExtraTime": 1.02002, "ElapsedTimeWeightedCoeffs": 0, "NodesDiscardedByFathoming": 0, "NodesDiscardedByTolerance": 29, "BoundFactorConstraintsTime": 0.012709, "ElapsedTimeVarsInConstraints": 0.000025323, "meanBTRelativeChangeRootNode": 0, "NumberOfBoundFactorConstraints": 100, "NumberOfLAPACKConvergenceFailures": 0, "NumberOfRLTVariablesAfterLinearization": 57}