{"Itbt": 0, "Pace": 0.000187826, "Depth": 7, "Degree": 2, "RPSTime": 0.00579455, "FBBTTime": 0, "OBBTTime": 0, "TotalTime": 0.112676, "Iterations": 27, "LinearTime": 0.0132653, "LowerBound": -600.104, "TimeVector": [0.0215573, 0.0337959, 0.0459803, 0.0553875, 0.0677534, 0.0684138, 0.0690945, 0.0815383, 0.0822066, 0.0828021, 0.0834485, 0.0840653, 0.0846643, 0.0852731, 0.0858233, 0.0950792, 0.0956932, 0.0961712, 0.0967982, 0.0974322, 0.0980462, 0.0986381, 0.099125, 0.0997094, 0.100342, 0.100965, 0.213641], "UpperBound": -600, "rootBTTime": 0, "LowerBounds": {"1": -1200, "4": -1198.07, "5": -1192.81, "6": -1169.07, "7": -1168.42, "8": -1166.67, "9": -1166.56, "10": -1165.3, "11": -1150.97, "12": -1128.2, "13": -1125.47, "14": -1088.58, "15": -1088.04, "16": -1064.85, "17": -1064.49, "18": -1024.75, "19": -900.949, "20": -899.695, "21": -838.541, "22": -838.109, "23": -837.461, "24": -676.888, "25": -606.17, "26": -604.624, "27": -600.104}, "SolveResult": 0, "UpperBounds": {"1": -400, "2": -600}, "MaxQueueSize": 5, "VisitedNodes": 55, "BranchingVars": [1, 2, 2, 0, 0, 2, 0, 2, 1, 0, 0, 1, 0, 2, 0, 2, 0, 0, 2, 0, 1, 0, 0, 0, 1, 2, 2], "NonLinearTime": 0.0936069, "OptimalityGap": 0.104406, "BranchingRules": ["sum_rescaled_var_range_weighted_rel", "sum_rescaled_var_range_weighted_rel", "sum_rescaled_var_range_weighted_rel", "sum_rescaled_var_range_weighted_rel", "sum_rescaled_var_range_weighted_rel", "sum_rescaled_var_range_weighted_rel", "sum_rescaled_var_range_weighted_rel", "sum_rescaled_var_range_weighted_rel", "sum_rescaled_var_range_weighted_rel", "sum_rescaled_var_range_weighted_rel", "sum_rescaled_var_range_weighted_rel", "sum_rescaled_var_range_weighted_rel", "sum_rescaled_var_range_weighted_rel", "sum_rescaled_var_range_weighted_rel", "sum_rescaled_var_range_weighted_rel", "sum_rescaled_var_range_weighted_rel", "sum_rescaled_var_range_weighted_rel", "sum_rescaled_var_range_weighted_rel", "sum_rescaled_var_range_weighted_rel", "sum_rescaled_var_range_weighted_rel", "sum_rescaled_var_range_weighted_rel", "sum_rescaled_var_range_weighted_rel", "sum_rescaled_var_range_weighted_rel", "sum_rescaled_var_range_weighted_rel", "sum_rescaled_var_range_weighted_rel", "sum_rescaled_var_range_weighted_rel", "sum_rescaled_var_range_weighted_rel"], "LBImprovements": [0, 7.18563, 1.92539, 359.533, 594.017, 0.651644, 845.544, 0.110375, 1.25694, 953.932, 250.023, 2.73043, 680.095, 0.542387, 721.373, 0.360813, 726.158, 710.153, 1.25395, 1238.47, 0.432572, 231.939, 349.588, 222.321, 1.54597, 4.51935, 7.90278], "InfeasibleNodes": 9, "ElapsedTimeCoeffs": 0, "LinearizationTime": 0.000007907, "NumberOfVariables": 9, "CallsToLinearSolver": 55, "LinearGenerationTime": 0.00284751, "SDPCutsGenerationTime": 0, "CallsToNonLinearSolver": 8, "StrongBranchingExtraTime": 0, "ElapsedTimeWeightedCoeffs": 0, "NodesDiscardedByFathoming": 0, "NodesDiscardedByTolerance": 19, "BoundFactorConstraintsTime": 0.000420698, "ElapsedTimeVarsInConstraints": 0, "meanBTRelativeChangeRootNode": 0, "NumberOfBoundFactorConstraints": 8, "NumberOfLAPACKConvergenceFailures": 0, "NumberOfRLTVariablesAfterLinearization": 2}