{"Itbt": 0, "Pace": 0.108065, "Depth": 15, "Degree": 5, "RPSTime": 84.6829, "FBBTTime": 0, "OBBTTime": 0, "TotalTime": 1320.21, "Iterations": 204, "LinearTime": 138.622, "LowerBound": 2573.8, "TimeVector": [8.02009, 15.324, 23.0208, 30.3793, 37.7728, 44.5944, 51.7611, 58.3717, 65.812, 73.2586, 80.6633, 87.4588, 94.8897, 101.499, 108.454, 115.489, 122.654, 129.774, 136.301, 143.8, 150.508, 157.848, 164.458, 171.949, 179.037, 185.477, 191.885, 198.263, 204.773, 211.964, 218.838, 226.034, 232.37, 238.884, 245.65, 252.516, 260.289, 267.822, 274.174, 280.975, 288.32, 295.299, 301.876, 308.934, 315.956, 323.613, 329.798, 336.809, 343.325, 349.582, 356.481, 362.763, 369.182, 375.696, 382.104, 388.552, 395.542, 402.646, 409.673, 415.896, 422.428, 429.702, 436.758, 443.413, 449.442, 455.598, 461.881, 467.74, 473.812, 479.859, 486.807, 493.442, 499.601, 507.083, 513.949, 520.616, 527.154, 533.768, 540.063, 546.879, 553.808, 560.848, 567.612, 573.706, 580.223, 585.53, 592.728, 598.856, 604.868, 611.296, 618.144, 624.038, 630.245, 636.942, 643.582, 650.239, 656.985, 662.797, 668.102, 674.052, 679.812, 686.658, 693.284, 700.019, 706.625, 712.78, 718.714, 724.12, 730.494, 736.805, 743.635, 750.244, 757.131, 763.203, 769.568, 776.519, 783.128, 788.787, 795.455, 802.541, 808.822, 815.968, 822.801, 830.374, 836.506, 842.996, 849.478, 856.171, 861.865, 868.443, 873.564, 880.3, 886.855, 892.445, 898.727, 904.119, 910.456, 916.627, 922.844, 928.608, 935.029, 941.237, 947.215, 952.985, 959.345, 966.07, 972.437, 979.151, 985.32, 992.715, 999.313, 1005.49, 1012.04, 1018.06, 1024.3, 1031.36, 1038.21, 1044.32, 1050.62, 1056.73, 1062.92, 1069.2, 1075.02, 1080.59, 1086.06, 1091.82, 1098.39, 1104.03, 1110.28, 1117.31, 1123.58, 1128.95, 1135.99, 1142.85, 1148.72, 1155.07, 1161.18, 1167.35, 1173.11, 1179.41, 1185.48, 1190.96, 1195.99, 1201.44, 1207.58, 1213.19, 1218.5, 1224.62, 1230.49, 1236.95, 1242.85, 1248.97, 1256.34, 1262.13, 1267.67, 1273.43, 1279.33, 1284.72, 1290.29, 1296.47, 1302.23, 1308.24, 1314.93, 1320.21], "UpperBound": 2576.31, "rootBTTime": 0, "LowerBounds": {"1": 1198.94, "2": 1716.57, "3": 1795.12, "4": 1931.3, "5": 2009.81, "6": 2064.42, "7": 2081.02, "8": 2100.87, "9": 2127.87, "10": 2162.34, "11": 2177.39, "12": 2189.61, "13": 2225.83, "14": 2246.82, "15": 2265.31, "16": 2277.34, "17": 2283.26, "18": 2286.77, "19": 2286.84, "20": 2293.8, "21": 2294.81, "22": 2299.32, "23": 2308.44, "24": 2310.9, "25": 2319.74, "26": 2325.45, "27": 2326.16, "28": 2365.23, "29": 2381.35, "30": 2383.95, "31": 2386.58, "32": 2391.37, "33": 2395.42, "34": 2396.18, "35": 2397.74, "36": 2403.88, "37": 2405.4, "38": 2409.91, "39": 2410.96, "40": 2412.93, "41": 2413.16, "42": 2414.2, "43": 2414.31, "44": 2415.1, "45": 2424.38, "46": 2426.86, "47": 2429.97, "48": 2439.17, "49": 2441.47, "50": 2455.64, "51": 2457.73, "52": 2458.63, "53": 2459.2, "54": 2463.39, "55": 2468.35, "56": 2471.93, "57": 2475.02, "58": 2476.17, "59": 2478.57, "60": 2479.29, "61": 2479.37, "62": 2481.71, "63": 2484.3, "64": 2485.09, "65": 2486.43, "66": 2487.81, "67": 2489.53, "68": 2491.32, "69": 2493.14, "70": 2494.05, "71": 2494.79, "72": 2496.49, "73": 2497.58, "74": 2497.98, "75": 2498.9, "76": 2500.24, "77": 2503.04, "78": 2503.59, "79": 2504.02, "80": 2509.01, "81": 2514.98, "82": 2516.76, "83": 2517.54, "84": 2517.57, "85": 2519.8, "86": 2521.01, "87": 2522, "88": 2522.76, "89": 2523.96, "90": 2525.5, "91": 2526.9, "92": 2527.11, "93": 2529.15, "94": 2529.69, "95": 2532.15, "96": 2533.65, "97": 2534.1, "98": 2534.2, "99": 2534.69, "100": 2536.34, "101": 2536.84, "102": 2538.63, "103": 2541.9, "104": 2542.53, "105": 2544.19, "106": 2544.92, "107": 2545.13, "108": 2545.35, "109": 2545.67, "110": 2545.98, "111": 2546.1, "112": 2546.82, "113": 2546.92, "114": 2547.32, "115": 2547.43, "116": 2547.67, "117": 2547.73, "118": 2548.36, "119": 2548.49, "120": 2548.69, "121": 2548.69, "122": 2549.14, "123": 2549.63, "124": 2549.75, "125": 2550.82, "126": 2550.87, "127": 2551.51, "128": 2552.4, "129": 2553.03, "130": 2553.5, "131": 2553.67, "132": 2553.84, "133": 2553.87, "134": 2553.91, "135": 2554.13, "136": 2554.5, "137": 2554.71, "138": 2554.75, "139": 2555.2, "140": 2555.61, "141": 2556.15, "142": 2556.18, "143": 2556.24, "144": 2556.35, "145": 2558.09, "146": 2558.14, "147": 2559.23, "148": 2559.32, "149": 2559.51, "150": 2559.8, "151": 2559.99, "152": 2560.15, "153": 2560.63, "154": 2560.84, "155": 2561.05, "156": 2561.09, "157": 2561.8, "158": 2562.12, "159": 2562.2, "160": 2563.46, "161": 2563.46, "162": 2563.85, "163": 2564.16, "164": 2564.51, "165": 2564.58, "166": 2564.84, "167": 2565.19, "168": 2565.72, "169": 2566.1, "170": 2566.15, "171": 2566.2, "172": 2566.23, "173": 2566.27, "174": 2566.57, "175": 2566.91, "176": 2566.95, "177": 2567.21, "178": 2567.4, "179": 2568.46, "180": 2568.46, "181": 2568.63, "182": 2568.98, "183": 2569.18, "184": 2569.2, "185": 2569.38, "186": 2569.51, "187": 2569.93, "188": 2569.98, "189": 2570.04, "190": 2570.1, "191": 2570.28, "192": 2570.69, "193": 2570.94, "194": 2572.19, "195": 2572.21, "196": 2572.66, "197": 2572.81, "198": 2572.88, "199": 2572.9, "200": 2573.1, "201": 2573.38, "202": 2573.45, "203": 2573.56, "204": 2573.8}, "SolveResult": 0, "UpperBounds": {"1": 2576.31}, "MaxQueueSize": 62, "VisitedNodes": 409, "BranchingVars": [1, 7, 7, 2, 4, 2, 7, 1, 7, 2, 4, 6, 4, 1, 1, 6, 4, 5, 0, 6, 0, 6, 2, 5, 5, 2, 5, 4, 5, 5, 5, 7, 5, 6, 5, 6, 6, 7, 7, 3, 3, 1, 0, 0, 5, 3, 5, 5, 0, 0, 5, 5, 5, 4, 0, 0, 2, 0, 0, 2, 4, 1, 5, 4, 2, 2, 5, 2, 1, 4, 0, 0, 5, 0, 5, 1, 2, 4, 2, 2, 5, 3, 1, 1, 7, 6, 6, 2, 7, 2, 4, 2, 7, 5, 5, 3, 6, 7, 7, 2, 7, 6, 2, 3, 6, 2, 7, 1, 6, 2, 6, 6, 7, 2, 6, 6, 4, 6, 3, 1, 6, 3, 2, 5, 4, 7, 7, 6, 6, 7, 6, 4, 7, 1, 7, 1, 2, 6, 1, 7, 6, 2, 7, 1, 7, 3, 7, 4, 1, 5, 2, 0, 2, 1, 7, 0, 1, 0, 7, 6, 3, 1, 0, 7, 1, 1, 1, 2, 1, 7, 3, 4, 7, 7, 1, 1, 1, 3, 6, 5, 7, 1, 1, 6, 7, 4, 3, 3, 3, 1, 1, 2, 7, 5, 6, 7, 7, 7, 5, 7, 5, 5, 3, 5], "NonLinearTime": 0.257376, "OptimalityGap": 2.50766,