{"Itbt": 0, "Pace": 0.0508146, "Depth": 10, "Degree": 5, "RPSTime": 15.1356, "FBBTTime": 0, "OBBTTime": 0, "TotalTime": 301.636, "Iterations": 38, "LinearTime": 32.7232, "LowerBound": 4194.03, "TimeVector": [8.88724, 17.5009, 25.3821, 33.8154, 42.2619, 50.3352, 58.3725, 66.4155, 74.459, 82.3309, 90.1459, 97.9923, 105.91, 114.261, 122.315, 130.048, 138.172, 145.855, 153.261, 161.244, 168.727, 177.619, 185.629, 193.279, 201.011, 209.141, 216.991, 224.801, 232.138, 239.284, 247.423, 255.915, 264.047, 271.07, 278.735, 285.662, 294.171, 301.636], "UpperBound": 4197.3, "rootBTTime": 0, "LowerBounds": {"1": 3510.87, "2": 3723.97, "3": 3795.46, "4": 3935.19, "5": 3943.94, "6": 3984.06, "7": 3999.98, "8": 4048.57, "9": 4057.42, "10": 4080.79, "11": 4085.21, "12": 4106.4, "13": 4108.71, "14": 4118.98, "15": 4128.97, "16": 4129.88, "17": 4130.7, "18": 4137.66, "19": 4151.06, "20": 4154.71, "21": 4160.51, "22": 4160.63, "23": 4162.21, "24": 4170.7, "25": 4171.21, "26": 4176.61, "27": 4178.85, "28": 4179.11, "29": 4180.88, "30": 4181.49, "31": 4185.57, "32": 4186.86, "33": 4187.99, "34": 4189.24, "35": 4190.43, "36": 4190.86, "37": 4192.55, "38": 4194.03}, "SolveResult": 0, "UpperBounds": {"1": 4197.3}, "MaxQueueSize": 13, "VisitedNodes": 77, "BranchingVars": [0, 3, 3, 6, 6, 6, 4, 1, 4, 4, 4, 4, 4, 4, 4, 6, 1, 6, 2, 1, 0, 2, 2, 2, 1, 1, 6, 2, 0, 3, 2, 0, 5, 6, 3, 3, 2, 4], "NonLinearTime": 0.252191, "OptimalityGap": 3.26787, "BranchingRules": ["sum_rescaled_var_range_weighted_rel", "sum_rescaled_var_range_weighted_rel", "sum_rescaled_var_range_weighted_rel", "sum_rescaled_var_range_weighted_rel", "sum_rescaled_var_range_weighted_rel", "sum_rescaled_var_range_weighted_rel", "sum_rescaled_var_range_weighted_rel", "sum_rescaled_var_range_weighted_rel", "sum_rescaled_var_range_weighted_rel", "sum_rescaled_var_range_weighted_rel", "sum_rescaled_var_range_weighted_rel", "sum_rescaled_var_range_weighted_rel", "sum_rescaled_var_range_weighted_rel", "sum_rescaled_var_range_weighted_rel", "sum_rescaled_var_range_weighted_rel", "sum_rescaled_var_range_weighted_rel", "sum_rescaled_var_range_weighted_rel", "sum_rescaled_var_range_weighted_rel", "sum_rescaled_var_range_weighted_rel", "sum_rescaled_var_range_weighted_rel", "sum_rescaled_var_range_weighted_rel", "sum_rescaled_var_range_weighted_rel", "sum_rescaled_var_range_weighted_rel", "sum_rescaled_var_range_weighted_rel", "sum_rescaled_var_range_weighted_rel", "sum_rescaled_var_range_weighted_rel", "sum_rescaled_var_range_weighted_rel", "sum_rescaled_var_range_weighted_rel", "sum_rescaled_var_range_weighted_rel", "sum_rescaled_var_range_weighted_rel", "sum_rescaled_var_range_weighted_rel", "sum_rescaled_var_range_weighted_rel", "sum_rescaled_var_range_weighted_rel", "sum_rescaled_var_range_weighted_rel", "sum_rescaled_var_range_weighted_rel", "sum_rescaled_var_range_weighted_rel", "sum_rescaled_var_range_weighted_rel", "sum_rescaled_var_range_weighted_rel"], "LBImprovements": [213.098, 211.224, 188.597, 113.376, 136.851, 124.658, 129.905, 57.8339, 73.2749, 73.9225, 132.411, 54.1037, 51.919, 67.8839, 56.5984, 87.6994, 45.9133, 88.9045, 56.7023, 50.9263, 10.6991, 65.7746, 18.6673, 65.2548, 7.63781, 62.7803, 11.5805, 15.3678, 19.1678, 7.74142, 39.9293, 45.3586, 31.0038, 8.59112, 2.36715, 4.0528, 74.3305, 1.51026], "InfeasibleNodes": 0, "ElapsedTimeCoeffs": 0, "LinearizationTime": 0.0605396, "NumberOfVariables": 8, "CallsToLinearSolver": 77, "LinearGenerationTime": 0.739121, "SDPCutsGenerationTime": 0, "CallsToNonLinearSolver": 9, "StrongBranchingExtraTime": 266.921, "ElapsedTimeWeightedCoeffs": 0, "NodesDiscardedByFathoming": 0, "NodesDiscardedByTolerance": 39, "BoundFactorConstraintsTime": 1.48586, "ElapsedTimeVarsInConstraints": 0.000113988, "meanBTRelativeChangeRootNode": 0, "NumberOfBoundFactorConstraints": 1686, "NumberOfLAPACKConvergenceFailures": 0, "NumberOfRLTVariablesAfterLinearization": 430}