{"Itbt": 0, "Pace": 0.0368907, "Depth": 12, "Degree": 5, "RPSTime": 15.1211, "FBBTTime": 0, "OBBTTime": 0, "TotalTime": 229.927, "Iterations": 82, "LinearTime": 24.3686, "LowerBound": 1483.89, "TimeVector": [3.45516, 6.42388, 9.22119, 12.2893, 15.2813, 18.3662, 21.0395, 24.0113, 26.9876, 30.0614, 33.2539, 36.1289, 38.9395, 41.875, 44.541, 47.5452, 50.1596, 53.2388, 55.9367, 58.8986, 61.6771, 64.5557, 67.2131, 70.2335, 72.9532, 75.6707, 78.1851, 80.933, 83.9281, 86.4864, 89.5572, 92.5281, 95.4848, 98.0876, 100.756, 103.499, 106.317, 109.049, 111.862, 114.218, 116.775, 119.612, 122.204, 125.109, 127.858, 130.761, 133.663, 136.634, 139.361, 141.813, 144.472, 147.387, 149.784, 152.157, 154.706, 157.896, 160.515, 163.267, 166.34, 169.046, 171.934, 174.823, 177.419, 180.392, 183.383, 186.33, 189.122, 191.752, 194.504, 197.253, 199.791, 202.692, 205.485, 208.215, 211.299, 213.833, 216.786, 219.565, 222.266, 224.934, 227.459, 237.821], "UpperBound": 1485.12, "rootBTTime": 0, "LowerBounds": {"1": 767.094, "2": 957.925, "3": 974.986, "4": 1109.22, "5": 1137.45, "6": 1141.32, "7": 1156.54, "8": 1241.66, "9": 1257.16, "10": 1279, "11": 1299.9, "12": 1305.96, "13": 1306.99, "14": 1317.67, "15": 1319.78, "16": 1324.88, "17": 1330.31, "18": 1337.45, "19": 1337.76, "20": 1378.25, "21": 1380.67, "22": 1388.93, "23": 1392.27, "24": 1404.04, "25": 1404.52, "26": 1411.25, "27": 1415.13, "28": 1417.28, "29": 1417.47, "30": 1417.5, "31": 1428.55, "32": 1430.71, "33": 1434.02, "34": 1434.33, "35": 1435.27, "36": 1443.18, "37": 1447.43, "38": 1448.03, "39": 1448.66, "40": 1450.94, "41": 1452.14, "42": 1452.35, "43": 1453.24, "44": 1454.18, "45": 1454.54, "46": 1455.16, "47": 1455.34, "48": 1456.65, "49": 1457.88, "50": 1458.74, "51": 1459.84, "52": 1464.99, "53": 1467.23, "54": 1467.28, "55": 1467.57, "56": 1469.92, "57": 1470.07, "58": 1471.37, "59": 1471.4, "60": 1471.53, "61": 1473.13, "62": 1474.18, "63": 1476.57, "64": 1476.65, "65": 1477.19, "66": 1477.43, "67": 1477.62, "68": 1477.82, "69": 1478.97, "70": 1479.29, "71": 1479.72, "72": 1479.87, "73": 1481.39, "74": 1481.65, "75": 1482.02, "76": 1482.07, "77": 1482.28, "78": 1483.01, "79": 1483.27, "80": 1483.36, "81": 1483.38, "82": 1483.89}, "SolveResult": 0, "UpperBounds": {"1": 1485.12}, "MaxQueueSize": 23, "VisitedNodes": 165, "BranchingVars": [5, 0, 7, 7, 7, 0, 0, 3, 3, 3, 1, 1, 1, 2, 1, 1, 1, 1, 1, 1, 1, 4, 2, 1, 4, 2, 2, 2, 1, 2, 2, 2, 2, 2, 2, 5, 4, 6, 2, 5, 4, 2, 2, 0, 6, 0, 6, 0, 0, 4, 4, 2, 2, 0, 6, 6, 4, 0, 1, 1, 1, 1, 0, 4, 2, 7, 1, 7, 7, 7, 4, 7, 5, 6, 0, 0, 5, 5, 1, 7, 4, 4], "NonLinearTime": 0.383265, "OptimalityGap": 1.23587, "BranchingRules": ["eigen_cen_alternative_rel", "eigen_cen_alternative_rel", "eigen_cen_alternative_rel", "eigen_cen_alternative_rel", "eigen_cen_alternative_rel", "eigen_cen_alternative_rel", "eigen_cen_alternative_rel", "eigen_cen_alternative_rel", "eigen_cen_alternative_rel", "eigen_cen_alternative_rel", "eigen_cen_alternative_rel", "eigen_cen_alternative_rel", "eigen_cen_alternative_rel", "eigen_cen_alternative_rel", "eigen_cen_alternative_rel", "eigen_cen_alternative_rel", "eigen_cen_alternative_rel", "eigen_cen_alternative_rel", "eigen_cen_alternative_rel", "eigen_cen_alternative_rel", "eigen_cen_alternative_rel", "eigen_cen_alternative_rel", "eigen_cen_alternative_rel", "eigen_cen_alternative_rel", "eigen_cen_alternative_rel", "eigen_cen_alternative_rel", "eigen_cen_alternative_rel", "eigen_cen_alternative_rel", "eigen_cen_alternative_rel", "eigen_cen_alternative_rel", "eigen_cen_alternative_rel", "eigen_cen_alternative_rel", "eigen_cen_alternative_rel", "eigen_cen_alternative_rel", "eigen_cen_alternative_rel", "eigen_cen_alternative_rel", "eigen_cen_alternative_rel", "eigen_cen_alternative_rel", "eigen_cen_alternative_rel", "eigen_cen_alternative_rel", "eigen_cen_alternative_rel", "eigen_cen_alternative_rel", "eigen_cen_alternative_rel", "eigen_cen_alternative_rel", "eigen_cen_alternative_rel", "eigen_cen_alternative_rel", "eigen_cen_alternative_rel", "eigen_cen_alternative_rel", "eigen_cen_alternative_rel", "eigen_cen_alternative_rel", "eigen_cen_alternative_rel", "eigen_cen_alternative_rel", "eigen_cen_alternative_rel", "eigen_cen_alternative_rel", "eigen_cen_alternative_rel", "eigen_cen_alternative_rel", "eigen_cen_alternative_rel", "eigen_cen_alternative_rel", "eigen_cen_alternative_rel", "eigen_cen_alternative_rel", "eigen_cen_alternative_rel", "eigen_cen_alternative_rel", "eigen_cen_alternative_rel", "eigen_cen_alternative_rel", "eigen_cen_alternative_rel", "eigen_cen_alternative_rel", "eigen_cen_alternative_rel", "eigen_cen_alternative_rel", "eigen_cen_alternative_rel", "eigen_cen_alternative_rel", "eigen_cen_alternative_rel", "eigen_cen_alternative_rel", "eigen_cen_alternative_rel", "eigen_cen_alternative_rel", "eigen_cen_alternative_rel", "eigen_cen_alternative_rel", "eigen_cen_alternative_rel", "eigen_cen_alternative_rel", "eigen_cen_alternative_rel", "eigen_cen_alternative_rel", "eigen_cen_alternative_rel", "eigen_cen_alternative_rel"], "LBImprovements": [190.83, 151.3, 166.332, 132.438, 141.554, 164.641, 150.458, 95.7916, 67.721, 99.2482, 165.088, 171.228, 85.2711, 86.3603, 95.3581, 64.0439, 104.02, 67.0688, 73.488, 69.7737, 71.6799, 39.6229, 67.5695, 269.738, 29.5007, 31.9226, 85.5775, 30.1566, 10000000000.0, 33.4444, 25.6283, 25.9398, 23.8523, 83.7644, 44.4575, 24.1059, 34.587, 68.6269, 22.7038, 33.5822, 29.9251, 76.4621, 113.241, 18.9512, 35.0074, 14.7654, 73.2012, 14.7504, 18.7788, 30.2319, 67.0954, 10000000000.0, 67.7144, 16.3414, 183.523, 14.7943, 16.1576, 21.5658, 16.8342, 5.90486, 6.15577, 4.79018, 22.4092, 9.70778, 10000000000.0, 7.82266, 9.71224, 6.06418, 2.41851, 2.99172, 23.2013, 5.54542, 1.96965, 30.8586, 28.066, 18.6249, 2.62217, 2.36717, 6.96243, 1.31768, 0.886761, 9.72435], "InfeasibleNodes": 11, "ElapsedTimeCoeffs": 0, "LinearizationTime": 0.0256579, "NumberOfVariables": 8, "CallsToLinearSolver": 165, "LinearGenerationTime": 0.842112, "SDPCutsGenerationTime": 0, "CallsToNonLinearSolver": 10, "StrongBranchingExtraTime": 203.484, "ElapsedTimeWeightedCoeffs": 0, "NodesDiscardedByFathoming": 0, "NodesDiscardedByTolerance": 72, "BoundFactorConstraintsTime": 1.40354, "ElapsedTimeVarsInConstraints": 0.000075196, "meanBTRelativeChangeRootNode": 0, "NumberOfBoundFactorConstraints": 947, "NumberOfLAPACKConvergenceFailures": 0, "NumberOfRLTVariablesAfterLinearization": 309}