{"Itbt": 0, "Pace": 0.0151344, "Depth": 9, "Degree": 6, "RPSTime": 1.87575, "FBBTTime": 0, "OBBTTime": 0, "TotalTime": 25.03, "Iterations": 33, "LinearTime": 23.0617, "LowerBound": 3062.17, "TimeVector": [1.2186, 1.88904, 2.61396, 3.31533, 4.06664, 4.75132, 5.45597, 6.23623, 6.93428, 7.66011, 8.31295, 9.01885, 9.61264, 11.2265, 11.9469, 12.6515, 13.3341, 13.9648, 14.6118, 15.4157, 16.133, 16.8433, 17.5656, 18.3336, 19.077, 19.7647, 20.5558, 21.2301, 21.9867, 22.8323, 23.5243, 24.2626, 49.2926], "UpperBound": 3064.81, "rootBTTime": 0, "LowerBounds": {"1": 1408.33, "2": 1799.73, "3": 2014.58, "4": 2311.97, "5": 2379.06, "6": 2432.56, "7": 2442.23, "8": 2633.94, "9": 2656.66, "10": 2722.29, "11": 2734.95, "12": 2742.41, "13": 2774.46, "14": 2813.92, "15": 2837.52, "16": 2872.33, "17": 2872.52, "18": 2879.13, "19": 2882.53, "20": 2962.78, "21": 2983.65, "22": 3014.12, "23": 3021.19, "24": 3026.68, "25": 3030.28, "26": 3030.62, "27": 3037.33, "28": 3041.51, "29": 3041.95, "30": 3046.4, "31": 3048.79, "32": 3058.72, "33": 3062.17}, "SolveResult": 0, "UpperBounds": {"1": 3064.81}, "MaxQueueSize": 8, "VisitedNodes": 67, "BranchingVars": [3, 5, 5, 1, 1, 1, 1, 0, 2, 0, 2, 4, 2, 4, 0, 0, 0, 0, 2, 2, 4, 4, 3, 2, 5, 3, 1, 1, 5, 3, 3, 3, 1], "NonLinearTime": 0.09257, "OptimalityGap": 2.6319, "BranchingRules": ["eigen_cen_alternative_rel", "eigen_cen_alternative_rel", "eigen_cen_alternative_rel", "eigen_cen_alternative_rel", "eigen_cen_alternative_rel", "eigen_cen_alternative_rel", "eigen_cen_alternative_rel", "eigen_cen_alternative_rel", "eigen_cen_alternative_rel", "eigen_cen_alternative_rel", "eigen_cen_alternative_rel", "eigen_cen_alternative_rel", "eigen_cen_alternative_rel", "eigen_cen_alternative_rel", "eigen_cen_alternative_rel", "eigen_cen_alternative_rel", "eigen_cen_alternative_rel", "eigen_cen_alternative_rel", "eigen_cen_alternative_rel", "eigen_cen_alternative_rel", "eigen_cen_alternative_rel", "eigen_cen_alternative_rel", "eigen_cen_alternative_rel", "eigen_cen_alternative_rel", "eigen_cen_alternative_rel", "eigen_cen_alternative_rel", "eigen_cen_alternative_rel", "eigen_cen_alternative_rel", "eigen_cen_alternative_rel", "eigen_cen_alternative_rel", "eigen_cen_alternative_rel", "eigen_cen_alternative_rel", "eigen_cen_alternative_rel"], "LBImprovements": [391.399, 512.244, 364.472, 321.968, 277.607, 302.39, 280.056, 469.74, 180.852, 240.493, 576.614, 129.919, 0, 0, 146.137, 201.648, 154.157, 142.066, 301.131, 304.438, 46.6299, 27.8302, 39.8871, 136.697, 7.0436, 0, 9.07887, 17.2102, 120.18, 16.6315, 22.653, 16.8698, 36.9624], "InfeasibleNodes": 11, "ElapsedTimeCoeffs": 0, "LinearizationTime": 0.0469557, "NumberOfVariables": 6, "CallsToLinearSolver": 67, "LinearGenerationTime": 0.817554, "SDPCutsGenerationTime": 0, "CallsToNonLinearSolver": 9, "StrongBranchingExtraTime": 0, "ElapsedTimeWeightedCoeffs": 0, "NodesDiscardedByFathoming": 0, "NodesDiscardedByTolerance": 23, "BoundFactorConstraintsTime": 1.55968, "ElapsedTimeVarsInConstraints": 0, "meanBTRelativeChangeRootNode": 0, "NumberOfBoundFactorConstraints": 1298, "NumberOfLAPACKConvergenceFailures": 0, "NumberOfRLTVariablesAfterLinearization": 364}