{"Itbt": 0, "Pace": 0.0452911, "Depth": 14, "Degree": 6, "RPSTime": 55.837, "FBBTTime": 0, "OBBTTime": 0, "TotalTime": 230.314, "Iterations": 118, "LinearTime": 174.141, "LowerBound": 15943.4, "TimeVector": [2.52474, 3.74421, 5.17605, 6.47709, 7.83595, 9.37372, 10.6926, 11.9256, 13.2227, 14.6048, 15.9235, 17.3546, 18.6783, 20.0529, 21.2886, 22.7225, 24.0666, 25.5867, 27.2023, 28.7008, 30.223, 31.718, 33.2303, 34.6079, 36.0319, 37.477, 38.8638, 40.4121, 41.859, 43.5049, 44.8866, 46.3251, 48.0577, 49.5223, 50.9591, 53.0624, 54.7034, 56.4914, 57.9202, 60.068, 61.5137, 62.9814, 64.6213, 66.4793, 67.8464, 69.4243, 70.9592, 72.6326, 74.1553, 75.7328, 77.27, 79.1664, 81.2153, 82.924, 84.7411, 86.4001, 89.0291, 90.876, 92.3752, 94.201, 95.7567, 97.7318, 99.3856, 101.443, 103.63, 105.258, 106.919, 108.564, 110.742, 112.913, 115.257, 117.988, 120.559, 122.376, 124.305, 127.512, 129.357, 131.364, 133.582, 136.644, 138.435, 140.577, 143.704, 147.788, 149.49, 151.946, 155.844, 158.23, 160.076, 161.762, 163.42, 165.294, 167.194, 172.456, 174.322, 176.078, 177.836, 180.524, 182.777, 184.499, 186.842, 190.454, 192.227, 194.153, 195.782, 197.72, 200.373, 203.932, 207.693, 210.248, 213.244, 217.483, 219.285, 221.148, 223.86, 225.755, 227.546, 240.377], "UpperBound": 15958.5, "rootBTTime": 0, "LowerBounds": {"1": 10858.2, "2": 11623.2, "3": 12590.1, "4": 13022.4, "5": 13530.5, "6": 13534.6, "7": 13773.4, "8": 13794.8, "9": 14022.1, "10": 14183, "11": 14222.8, "12": 14376.1, "13": 14472.2, "14": 14507, "15": 14696, "16": 14699.8, "17": 14778.9, "18": 14996.7, "19": 15009, "20": 15084, "21": 15103.5, "22": 15103.7, "23": 15123.5, "24": 15191.5, "25": 15298.6, "26": 15320.6, "27": 15337.5, "28": 15348.2, "29": 15384, "30": 15387.9, "31": 15390.2, "32": 15406.5, "33": 15450.9, "34": 15491.9, "35": 15526.7, "36": 15566.1, "37": 15569.8, "38": 15575.6, "39": 15580.4, "40": 15594.6, "41": 15628.1, "42": 15633.8, "43": 15675, "44": 15678.4, "45": 15693.1, "46": 15714.4, "47": 15720.1, "48": 15739.9, "49": 15744.2, "50": 15754.9, "51": 15757.3, "52": 15763.7, "53": 15768.5, "54": 15771.1, "55": 15771.9, "56": 15774.9, "57": 15781.3, "58": 15783.5, "59": 15799.2, "60": 15805.1, "61": 15819, "62": 15820.9, "63": 15823.7, "64": 15833.6, "65": 15840.3, "66": 15858.9, "67": 15869.6, "68": 15869.7, "69": 15874.2, "70": 15874.5, "71": 15874.6, "72": 15875.8, "73": 15883.6, "74": 15886, "75": 15887.3, "76": 15889.8, "77": 15891.8, "78": 15891.8, "79": 15892, "80": 15892.8, "81": 15896.8, "82": 15897.2, "83": 15900, "84": 15901.8, "85": 15902.4, "86": 15903.6, "87": 15904.1, "88": 15911.5, "89": 15914.8, "90": 15915, "91": 15916.9, "92": 15918.3, "93": 15920.8, "94": 15922.7, "95": 15924.6, "96": 15926.4, "97": 15927.2, "98": 15930.8, "99": 15931.2, "100": 15932, "101": 15932.6, "102": 15932.8, "103": 15933.1, "104": 15933.1, "105": 15933.3, "106": 15934.1, "107": 15934.9, "108": 15936.6, "109": 15937.4, "110": 15939.9, "111": 15940.5, "112": 15940.6, "113": 15940.6, "114": 15941, "115": 15941.3, "116": 15941.3, "117": 15942.4, "118": 15943.4}, "SolveResult": 0, "UpperBounds": {"1": 16136, "3": 15958.5}, "MaxQueueSize": 35, "VisitedNodes": 237, "BranchingVars": [3, 1, 5, 2, 2, 2, 0, 4, 0, 1, 1, 5, 1, 4, 2, 5, 0, 4, 5, 4, 5, 4, 4, 5, 4, 1, 2, 4, 1, 0, 1, 1, 0, 5, 1, 4, 4, 4, 1, 4, 0, 1, 0, 0, 1, 1, 0, 0, 0, 0, 5, 0, 1, 0, 0, 1, 4, 0, 0, 1, 1, 5, 4, 5, 0, 4, 4, 4, 4, 1, 1, 2, 2, 4, 1, 1, 0, 1, 2, 1, 1, 5, 1, 1, 1, 1, 1, 2, 2, 5, 1, 5, 1, 2, 0, 2, 0, 3, 2, 0, 0, 3, 4, 0, 0, 2, 3, 3, 4, 3, 0, 5, 1, 4, 3, 4, 0, 1], "NonLinearTime": 0.335718, "OptimalityGap": 15.1748, "BranchingRules": ["sum_rescaled_var_range_weighted", "sum_rescaled_var_range_weighted", "sum_rescaled_var_range_weighted", "sum_rescaled_var_range_weighted", "sum_rescaled_var_range_weighted", "sum_rescaled_var_range_weighted", "sum_rescaled_var_range_weighted", "sum_rescaled_var_range_weighted", "sum_rescaled_var_range_weighted", "sum_rescaled_var_range_weighted", "sum_rescaled_var_range_weighted", "sum_rescaled_var_range_weighted", "sum_rescaled_var_range_weighted", "sum_rescaled_var_range_weighted", "sum_rescaled_var_range_weighted", "sum_rescaled_var_range_weighted", "sum_rescaled_var_range_weighted", "sum_rescaled_var_range_weighted", "sum_rescaled_var_range_weighted", "sum_rescaled_var_range_weighted", "sum_rescaled_var_range_weighted", "sum_rescaled_var_range_weighted", "sum_rescaled_var_range_weighted", "sum_rescaled_var_range_weighted", "sum_rescaled_var_range_weighted", "sum_rescaled_var_range_weighted", "sum_rescaled_var_range_weighted", "sum_rescaled_var_range_weighted", "sum_rescaled_var_range_weighted", "sum_rescaled_var_range_weighted", "sum_rescaled_var_range_weighted", "sum_rescaled_var_range_weighted", "sum_rescaled_var_range_weighted", "sum_rescaled_var_range_weighted", "sum_rescaled_var_range_weighted", "sum_rescaled_var_range_weighted", "sum_rescaled_var_range_weighted", "sum_rescaled_var_range_weighted", "sum_rescaled_var_range_weighted", "sum_rescaled_var_range_weighted", "sum_rescaled_var_range_weighted", "sum_rescaled_var_range_weighted", "sum_rescaled_var_range_weighted", "sum_rescaled_var_range_weighted", "sum_rescaled_var_range_weighted", "sum_rescaled_var_range_weighted", "sum_rescaled_var_range_weighted", "sum_rescaled_var_range_weighted", "sum_rescaled_var_range_weighted", "sum_rescaled_var_range_weighted", "sum_rescaled_var_range_weighted", "sum_rescaled_var_range_weighted", "sum_rescaled_var_range_weighted", "sum_rescaled_var_range_weighted", "sum_rescaled_var_range_weighted", "sum_rescaled_var_range_weighted", "sum_rescaled_var_range_weighted", "sum_rescaled_var_range_weighted", "sum_rescaled_var_range_weighted", "sum_rescaled_var_range_weighted", "sum_rescaled_var_range_weighted", "sum_rescaled_var_range_weighted", "sum_rescaled_var_range_weighted", "sum_rescaled_var_range_weighted", "sum_rescaled_var_range_weighted", "sum_rescaled_var_range_weighted", "sum_rescaled_var_range_weighted", "sum_rescaled_var_range_weighted", "sum_rescaled_var_range_weighted", "sum_rescaled_var_range_weighted", "sum_rescaled_var_range_weighted", "sum_rescaled_var_range_weighted", "sum_rescaled_var_range_weighted", "sum_rescaled_var_range_weighted", "sum_rescaled_var_range_weighted", "sum_rescaled_var_range_weighted", "sum_rescaled_var_range_weighted", "sum_rescaled_var_range_weighted", "sum_rescaled_var_range_weighted", "sum_rescaled_var_range_weighted", "sum_rescaled_var_range_weighted", "sum_rescaled_var_range_weighted", "sum_rescaled_var_range_weighted", "sum_rescaled_var_range_weighted", "sum_rescaled_var_range_weighted", "sum_rescaled_var_range_weighted", "sum_rescaled_var_range_weighted", "sum_rescaled_var_range_weighted", "sum_rescaled_var_range_weighted", "sum_rescaled_var_range_weighted", "sum_rescaled_var_range_weighted", "sum_rescaled_var_range_weighted", "sum_rescaled_var_range_weighted", "sum_rescaled_var_range_weighted", "sum_rescaled_var_range_weighted", "sum_rescaled_var_range_weighted", "sum_rescaled_var_range_weighted", "sum_rescaled_var_range_weighted", "sum_rescaled_var_range_weighted", "sum_rescaled_var_range_weighted", "sum_rescaled_var_range_weighted", "sum_rescaled_var_range_weighted", "sum_rescaled_var_range_weighted", "sum_rescaled_var_range_weighted", "sum_rescaled_var_range_weighted", "sum_rescaled_var_range_weighted", "sum_rescaled_var_range_weighted", "sum_rescaled_var_range_weighted", "sum_rescaled_var_range_weighted", "sum_rescaled_var_range_weighted", "sum_rescaled_var_range_weighted", "sum_rescaled_var_range_weighted", "sum_rescaled_var_range_weighted", "sum_rescaled_var_range_weighted", "sum_rescaled_var_range_weighted", "sum_rescaled_var_range_weighted", "sum_rescaled_var_range_weighted", "sum_rescaled_var_range_weighted"],