{"Itbt": 0, "Pace": 0.046804, "Depth": 15, "Degree": 2, "RPSTime": 0.0319144, "FBBTTime": 0, "OBBTTime": 0, "TotalTime": 0.336274, "Iterations": 121, "LinearTime": 0.206562, "LowerBound": 135.937, "TimeVector": [0.0171804, 0.0313363, 0.042593, 0.0543383, 0.0657021, 0.0677137, 0.0695968, 0.0806419, 0.0826134, 0.0845937, 0.0865093, 0.0883996, 0.0902948, 0.0922655, 0.0940668, 0.105338, 0.107262, 0.109275, 0.111164, 0.113066, 0.115063, 0.11699, 0.118894, 0.120808, 0.122726, 0.124554, 0.126449, 0.128421, 0.130429, 0.13246, 0.134384, 0.145519, 0.147445, 0.14942, 0.151295, 0.153374, 0.155313, 0.157135, 0.158987, 0.16081, 0.162652, 0.164704, 0.166642, 0.168624, 0.170439, 0.172381, 0.174414, 0.176302, 0.178202, 0.180264, 0.182168, 0.183995, 0.185926, 0.187895, 0.189923, 0.19185, 0.193735, 0.195628, 0.197556, 0.199405, 0.201329, 0.203291, 0.205163, 0.216433, 0.218386, 0.22023, 0.222218, 0.224175, 0.226234, 0.228245, 0.230218, 0.232232, 0.234039, 0.235864, 0.237827, 0.239698, 0.241576, 0.243587, 0.245579, 0.24747, 0.249391, 0.251336, 0.253253, 0.255175, 0.257175, 0.259063, 0.260896, 0.262723, 0.264646, 0.266754, 0.26863, 0.270695, 0.27268, 0.274624, 0.276517, 0.278503, 0.280513, 0.282505, 0.284449, 0.286302, 0.288313, 0.290234, 0.292108, 0.294048, 0.29587, 0.297666, 0.299482, 0.301423, 0.303406, 0.30526, 0.307187, 0.309241, 0.311302, 0.313309, 0.315216, 0.317115, 0.31903, 0.321025, 0.323019, 0.324928, 0.661202], "UpperBound": 136.07, "rootBTTime": 0, "LowerBounds": {"1": 128.753, "2": 131.809, "3": 133.013, "4": 133.395, "5": 133.753, "6": 133.923, "7": 134.1, "8": 134.166, "9": 134.172, "10": 134.181, "11": 134.226, "12": 134.597, "13": 134.79, "14": 134.946, "15": 134.957, "16": 134.966, "17": 135.106, "18": 135.124, "19": 135.252, "20": 135.313, "21": 135.437, "22": 135.442, "23": 135.454, "24": 135.484, "25": 135.509, "26": 135.533, "27": 135.554, "28": 135.558, "29": 135.59, "30": 135.597, "31": 135.603, "32": 135.615, "33": 135.644, "34": 135.655, "35": 135.658, "36": 135.66, "37": 135.668, "38": 135.677, "39": 135.685, "40": 135.687, "41": 135.695, "42": 135.704, "43": 135.704, "44": 135.716, "45": 135.73, "46": 135.731, "47": 135.746, "48": 135.754, "49": 135.754, "50": 135.768, "51": 135.77, "52": 135.772, "53": 135.776, "54": 135.782, "55": 135.782, "56": 135.787, "57": 135.789, "58": 135.795, "59": 135.815, "60": 135.816, "61": 135.818, "62": 135.819, "63": 135.824, "64": 135.825, "65": 135.828, "66": 135.828, "67": 135.834, "68": 135.835, "69": 135.836, "70": 135.837, "71": 135.841, "72": 135.846, "73": 135.847, "74": 135.849, "75": 135.851, "76": 135.851, "77": 135.852, "78": 135.858, "79": 135.861, "80": 135.867, "81": 135.869, "82": 135.869, "83": 135.87, "84": 135.873, "85": 135.876, "86": 135.876, "87": 135.876, "88": 135.88, "89": 135.881, "90": 135.882, "91": 135.882, "92": 135.884, "93": 135.885, "94": 135.886, "95": 135.889, "96": 135.891, "97": 135.892, "98": 135.892, "99": 135.896, "100": 135.897, "101": 135.898, "102": 135.899, "103": 135.9, "104": 135.904, "105": 135.907, "106": 135.911, "107": 135.914, "108": 135.915, "109": 135.916, "110": 135.919, "111": 135.921, "112": 135.921, "113": 135.922, "114": 135.924, "115": 135.924, "116": 135.925, "117": 135.926, "118": 135.927, "119": 135.928, "120": 135.929, "121": 135.937}, "SolveResult": 0, "UpperBounds": {"1": 136.07}, "MaxQueueSize": 32, "VisitedNodes": 243, "BranchingVars": [0, 0, 1, 4, 4, 1, 0, 0, 0, 0, 0, 1, 0, 0, 0, 0, 1, 4, 0, 0, 1, 4, 1, 0, 1, 0, 4, 1, 0, 0, 4, 4, 4, 1, 0, 0, 4, 4, 0, 0, 0, 0, 0, 0, 2, 0, 0, 0, 0, 0, 4, 0, 2, 0, 0, 4, 4, 4, 0, 2, 4, 0, 0, 0, 1, 2, 0, 0, 0, 0, 0, 0, 0, 4, 0, 0, 4, 2, 0, 4, 1, 0, 2, 2, 0, 0, 0, 0, 0, 2, 4, 0, 0, 0, 4, 4, 2, 2, 0, 0, 0, 0, 0, 0, 0, 0, 0, 2, 0, 0, 0, 0, 0, 1, 0, 0, 4, 2, 0, 4, 0], "NonLinearTime": 0.0977675, "OptimalityGap": 0.133431, "BranchingRules": ["eigen_cen_alternative", "eigen_cen_alternative", "eigen_cen_alternative", "eigen_cen_alternative", "eigen_cen_alternative", "eigen_cen_alternative", "eigen_cen_alternative", "eigen_cen_alternative", "eigen_cen_alternative", "eigen_cen_alternative", "eigen_cen_alternative", "eigen_cen_alternative", "eigen_cen_alternative", "eigen_cen_alternative", "eigen_cen_alternative", "eigen_cen_alternative", "eigen_cen_alternative", "eigen_cen_alternative", "eigen_cen_alternative", "eigen_cen_alternative", "eigen_cen_alternative", "eigen_cen_alternative", "eigen_cen_alternative", "eigen_cen_alternative", "eigen_cen_alternative", "eigen_cen_alternative", "eigen_cen_alternative", "eigen_cen_alternative", "eigen_cen_alternative", "eigen_cen_alternative", "eigen_cen_alternative", "eigen_cen_alternative", "eigen_cen_alternative", "eigen_cen_alternative", "eigen_cen_alternative", "eigen_cen_alternative", "eigen_cen_alternative", "eigen_cen_alternative", "eigen_cen_alternative", "eigen_cen_alternative", "eigen_cen_alternative", "eigen_cen_alternative", "eigen_cen_alternative", "eigen_cen_alternative", "eigen_cen_alternative", "eigen_cen_alternative", "eigen_cen_alternative", "eigen_cen_alternative", "eigen_cen_alternative", "eigen_cen_alternative", "eigen_cen_alternative", "eigen_cen_alternative", "eigen_cen_alternative", "eigen_cen_alternative", "eigen_cen_alternative", "eigen_cen_alternative", "eigen_cen_alternative", "eigen_cen_alternative", "eigen_cen_alternative", "eigen_cen_alternative", "eigen_cen_alternative", "eigen_cen_alternative", "eigen_cen_alternative", "eigen_cen_alternative", "eigen_cen_alternative", "eigen_cen_alternative", "eigen_cen_alternative", "eigen_cen_alternative", "eigen_cen_alternative", "eigen_cen_alternative", "eigen_cen_alternative", "eigen_cen_alternative", "eigen_cen_alternative", "eigen_cen_alternative", "eigen_cen_alternative", "eigen_cen_alternative", "eigen_cen_alternative", "eigen_cen_alternative", "eigen_cen_alternative", "eigen_cen_alternative", "eigen_cen_alternative", "eigen_cen_alternative", "eigen_cen_alternative", "eigen_cen_alternative", "eigen_cen_alternative", "eigen_cen_alternative", "eigen_cen_alternative", "eigen_cen_alternative", "eigen_cen_alternative", "eigen_cen_alternative", "eigen_cen_alternative", "eigen_cen_alternative", "eigen_cen_alternative", "eigen_cen_alternative", "eigen_cen_alternative", "eigen_cen_alternative", "eigen_cen_alternative", "eigen_cen_alternative", "eigen_cen_alternative", "eigen_cen_alternative", "eigen_cen_alternative", "eigen_cen_alternative", "eigen_cen_alternative", "eigen_cen_alternative", "eigen_cen_alternative", "eigen_cen_alternative", "eigen_cen_alternative", "eigen_cen_alternative", "eigen_cen_alternative", "eigen_cen_alternative", "eigen_cen_alternative", "eigen_cen_alternative", "eigen_cen_alternative", "eigen_cen_alternative", "eigen_cen_alternative", "eigen_cen_alternative", "eigen_cen_alternative", "eigen_cen_alternative", "eigen_cen_alternative", "eigen_cen_alternative", "eigen_cen_alternative"],