{"Itbt": 0, "Pace": 1.02108, "Depth": 16, "Degree": 3, "RPSTime": 0.280193, "FBBTTime": 0, "OBBTTime": 0, "TotalTime": 1.65179, "Iterations": 135, "LinearTime": 0.289465, "LowerBound": -1.76665, "TimeVector": [0.308817, 0.327414, 0.345868, 0.364217, 0.382193, 0.391505, 0.401044, 0.419175, 0.427856, 0.437263, 0.446745, 0.455325, 0.464349, 0.47394, 0.483554, 0.501874, 0.511253, 0.519834, 0.529208, 0.538716, 0.547905, 0.557606, 0.566256, 0.57538, 0.584339, 0.593979, 0.603442, 0.61293, 0.622711, 0.632143, 0.642093, 0.660743, 0.670464, 0.680274, 0.689656, 0.699266, 0.708012, 0.717173, 0.727032, 0.736654, 0.746514, 0.755593, 0.764533, 0.774012, 0.783818, 0.793187, 0.80294, 0.812705, 0.822028, 0.831848, 0.841532, 0.851401, 0.860767, 0.870605, 0.880124, 0.889312, 0.898433, 0.90772, 0.917188, 0.926684, 0.936119, 0.945504, 0.954174, 0.972318, 0.981101, 0.990651, 1.00017, 1.00902, 1.01821, 1.02759, 1.0362, 1.04548, 1.05479, 1.06424, 1.07365, 1.08292, 1.09222, 1.10198, 1.1117, 1.12093, 1.13023, 1.13965, 1.14894, 1.15807, 1.16739, 1.17573, 1.18478, 1.19431, 1.20404, 1.21342, 1.22353, 1.23245, 1.2417, 1.25024, 1.25974, 1.26897, 1.27847, 1.288, 1.29759, 1.30685, 1.31594, 1.32529, 1.33448, 1.34391, 1.35326, 1.36257, 1.37253, 1.38188, 1.39188, 1.40134, 1.41079, 1.42021, 1.42934, 1.43881, 1.44847, 1.45777, 1.4667, 1.47597, 1.48519, 1.49443, 1.50372, 1.51268, 1.52093, 1.52968, 1.53902, 1.54856, 1.55812, 1.57678, 1.58649, 1.59593, 1.60529, 1.61448, 1.624, 1.63399, 3.28578], "UpperBound": -1.765, "rootBTTime": 0, "LowerBounds": {"1": -2.32346, "2": -2.25449, "3": -2.22324, "4": -2.17755, "5": -2.17609, "6": -2.0562, "7": -2.04727, "8": -2.04165, "9": -2.03491, "10": -2.02952, "11": -2.02477, "12": -2.02188, "14": -2.02184, "15": -2.02175, "16": -2.01802, "17": -2.01393, "18": -2.01393, "19": -2.01292, "20": -2.01144, "21": -2.00471, "22": -2.00255, "23": -2.00153, "24": -2.00153, "25": -1.99848, "26": -1.99241, "27": -1.98198, "28": -1.92647, "29": -1.92295, "30": -1.91888, "31": -1.90178, "32": -1.8903, "33": -1.88822, "34": -1.88591, "35": -1.88159, "36": -1.87581, "37": -1.87581, "38": -1.87226, "39": -1.86694, "40": -1.86633, "41": -1.86613, "42": -1.86613, "43": -1.86613, "45": -1.86484, "46": -1.83383, "47": -1.83282, "48": -1.83239, "49": -1.83134, "50": -1.83083, "51": -1.83076, "52": -1.83053, "53": -1.83032, "54": -1.82976, "55": -1.82817, "56": -1.82812, "57": -1.82812, "58": -1.82812, "59": -1.82551, "60": -1.8247, "61": -1.82252, "62": -1.82011, "63": -1.82, "65": -1.82, "67": -1.81825, "68": -1.816, "69": -1.81541, "70": -1.81269, "71": -1.80617, "72": -1.80617, "73": -1.80614, "74": -1.80597, "75": -1.80385, "76": -1.80228, "77": -1.80202, "78": -1.80173, "79": -1.8012, "80": -1.79701, "81": -1.79646, "82": -1.79638, "83": -1.79418, "84": -1.79413, "85": -1.793, "86": -1.79295, "88": -1.79241, "89": -1.78982, "90": -1.78669, "91": -1.78268, "92": -1.78217, "93": -1.77877, "94": -1.77877, "95": -1.77761, "96": -1.7752, "97": -1.77515, "98": -1.77501, "99": -1.77494, "100": -1.77484, "101": -1.77375, "102": -1.77348, "103": -1.77343, "104": -1.77184, "105": -1.77137, "106": -1.77108, "107": -1.77072, "108": -1.77072, "109": -1.7706, "110": -1.77055, "111": -1.77054, "112": -1.77045, "113": -1.77038, "114": -1.77036, "115": -1.77035, "116": -1.77024, "117": -1.77024, "118": -1.77018, "119": -1.76964, "120": -1.76944, "121": -1.76941, "122": -1.76896, "123": -1.76876, "124": -1.76876, "125": -1.76859, "126": -1.76842, "127": -1.76836, "128": -1.76822, "129": -1.76773, "130": -1.7675, "131": -1.76731, "132": -1.76727, "133": -1.76723, "134": -1.76722, "135": -1.76665}, "SolveResult": 0, "UpperBounds": {"1": -1.765}, "MaxQueueSize": 34, "VisitedNodes": 271, "BranchingVars": [5, 5, 0, 0, 0, 2, 5, 5, 2, 4, 6, 5, 5, 6, 0, 4, 4, 4, 4, 4, 4, 6, 4, 4, 4, 4, 4, 5, 6, 5, 0, 6, 0, 0, 3, 5, 5, 3, 4, 5, 4, 4, 4, 4, 4, 2, 6, 5, 4, 4, 0, 0, 2, 4, 4, 4, 4, 4, 4, 3, 4, 5, 4, 4, 4, 4, 4, 3, 3, 4, 4, 4, 5, 4, 4, 5, 4, 3, 4, 5, 4, 4, 4, 3, 3, 4, 4, 4, 4, 3, 4, 4, 3, 3, 4, 5, 5, 4, 4, 3, 5, 0, 5, 4, 4, 2, 6, 5, 3, 6, 0, 3, 3, 3, 3, 3, 3, 3, 3, 3, 3, 3, 3, 3, 6, 3, 3, 0, 0, 6, 0, 5, 3, 0, 0], "NonLinearTime": 0.237462, "OptimalityGap": 0.0016536,