{"Itbt": 0, "Pace": 0.0911504, "Depth": 25, "Degree": 2, "RPSTime": 0.568782, "FBBTTime": 0, "OBBTTime": 0, "TotalTime": 2.80816, "Iterations": 249, "LinearTime": 0.308303, "LowerBound": 5.2385, "TimeVector": [0.0171398, 0.0329915, 0.0488384, 0.0650577, 0.0817332, 0.0902328, 0.0992082, 0.116033, 0.125676, 0.134324, 0.143514, 0.153448, 0.163454, 0.173728, 0.184272, 0.20119, 0.210808, 0.220848, 0.232123, 0.241507, 0.252139, 0.26111, 0.270655, 0.28176, 0.291529, 0.303251, 0.312324, 0.323993, 0.333245, 0.342388, 0.352076, 0.369708, 0.379797, 0.392676, 0.403036, 0.413348, 0.42442, 0.433579, 0.445588, 0.455636, 0.465514, 0.475552, 0.486103, 0.497573, 0.507757, 0.518975, 0.529267, 0.54111, 0.552935, 0.562477, 0.573182, 0.583414, 0.594819, 0.603452, 0.613861, 0.626568, 0.637824, 0.649118, 0.660402, 0.672461, 0.683594, 0.695998, 0.707352, 0.724701, 0.734729, 0.745054, 0.756317, 0.767461, 0.780151, 0.791268, 0.802907, 0.81364, 0.825936, 0.834783, 0.845306, 0.856554, 0.868524, 0.877983, 0.889366, 0.902119, 0.913357, 0.924437, 0.934717, 0.944557, 0.956064, 0.966088, 0.976282, 0.986465, 0.999693, 1.01052, 1.0214, 1.03286, 1.04484, 1.0561, 1.06877, 1.0814, 1.09345, 1.10512, 1.11632, 1.12831, 1.1402, 1.15159, 1.16011, 1.17034, 1.18226, 1.19414, 1.20564, 1.21596, 1.2268, 1.23953, 1.25059, 1.2614, 1.2705, 1.28312, 1.29482, 1.3079, 1.31861, 1.33114, 1.34323, 1.35508, 1.3675, 1.37857, 1.38794, 1.40021, 1.41126, 1.42323, 1.43534, 1.45307, 1.46316, 1.47467, 1.48582, 1.49804, 1.50826, 1.52114, 1.531, 1.54201, 1.55328, 1.56235, 1.57342, 1.58516, 1.59701, 1.60711, 1.61885, 1.63057, 1.64306, 1.65283, 1.66322, 1.67568, 1.68833, 1.70092, 1.71171, 1.72307, 1.73384, 1.74547, 1.75799, 1.76976, 1.78297, 1.79474, 1.80573, 1.81681, 1.82665, 1.83631, 1.84819, 1.86026, 1.87253, 1.87993, 1.89247, 1.90311, 1.91259, 1.92386, 1.93543, 1.94662, 1.95895, 1.96963, 1.98109, 1.99326, 2.0027, 2.01599, 2.02653, 2.03659, 2.04874, 2.06057, 2.0709, 2.08092, 2.09108, 2.10299, 2.11416, 2.12481, 2.13592, 2.14896, 2.1613, 2.17345, 2.18277, 2.19328, 2.20478, 2.21379, 2.22437, 2.23482, 2.24659, 2.25683, 2.2695, 2.27975, 2.29105, 2.30349, 2.31469, 2.3258, 2.33825, 2.35068, 2.36167, 2.37363, 2.38435, 2.39408, 2.40597, 2.41702, 2.42786, 2.43978, 2.44986, 2.46034, 2.46969, 2.47948, 2.49008, 2.50217, 2.51385, 2.52477, 2.53635, 2.5479, 2.55888, 2.56923, 2.58105, 2.59276, 2.60466, 2.61461, 2.62549, 2.63726, 2.64875, 2.65901, 2.6706, 2.68065, 2.6936, 2.70462, 2.71525, 2.72501, 2.73597, 2.74624, 2.75652, 2.76583, 2.7766, 2.78891, 5.59707], "UpperBound": 5.2434, "rootBTTime": 0, "LowerBounds": {"1": 0, "9": 0.264221, "10": 1.29905, "11": 1.87537, "12": 1.92998, "13": 1.92998, "14": 1.9804, "15": 2.14222, "16": 2.39021, "17": 2.43055, "18": 2.46034, "19": 2.72149, "20": 2.74108, "21": 2.97121, "22": 3.38967, "23": 3.42161, "24": 3.42191, "25": 3.42981, "26": 3.44744, "27": 3.47148, "28": 3.49272, "29": 3.53144, "30": 3.56142, "31": 3.76177, "32": 3.82749, "33": 3.9059, "34": 4.01671, "35": 4.02483, "36": 4.03905, "37": 4.05452, "38": 4.05685, "39": 4.06684, "40": 4.09948, "41": 4.10215, "42": 4.14261, "43": 4.17484, "44": 4.21821, "45": 4.22999, "46": 4.23915, "47": 4.24067, "48": 4.2523, "49": 4.27714, "50": 4.2944, "51": 4.33543, "52": 4.38405, "53": 4.38661, "54": 4.42836, "55": 4.43039, "56": 4.43427, "57": 4.47182, "58": 4.48278, "59": 4.55908, "60": 4.56191, "61": 4.56758, "62": 4.59911, "63": 4.61341, "64": 4.61494, "65": 4.62112, "66": 4.62145, "67": 4.62801, "68": 4.62886, "69": 4.63014, "70": 4.63766, "71": 4.66891, "72": 4.67686, "73": 4.68033, "74": 4.68036, "75": 4.71974, "76": 4.75205, "77": 4.76403, "78": 4.77072, "79": 4.78559, "80": 4.79636, "81": 4.80103, "82": 4.80176, "83": 4.8121, "84": 4.83479, "85": 4.83501, "86": 4.83703, "87": 4.84109, "88": 4.84606, "89": 4.84647, "90": 4.851, "91": 4.86869, "92": 4.86935, "93": 4.88849, "94": 4.89623, "95": 4.89775, "96": 4.90549, "97": 4.90722, "98": 4.91726, "99": 4.92229, "100": 4.93544, "101": 4.93624, "102": 4.94621, "103": 4.94659, "104": 4.96193, "105": 4.9684, "106": 4.97478, "107": 4.99099, "108": 4.99252, "109": 5.00112, "110": 5.00236, "111": 5.00426, "112": 5.00509, "113": 5.00963, "114": 5.01288, "115": 5.01716, "116": 5.01904, "117": 5.02147, "118": 5.02524, "119": 5.02745, "120": 5.02864, "121": 5.03798, "122": 5.03891, "123": 5.04098, "124": 5.04833, "125": 5.05098, "126": 5.05145, "127": 5.05258, "128": 5.05987, "129": 5.05988, "130": 5.06258, "131": 5.06518, "132": 5.06943, "133": 5.07179, "134": 5.07474, "135": 5.07519, "136": 5.08248, "137": 5.08344, "138": 5.08733, "139": 5.08801, "140": 5.10488, "141": 5.11001, "142": 5.12221, "143": 5.12566, "144": 5.12625, "145": 5.12659, "146": 5.12778, "147": 5.12868, "148": 5.13124, "149": 5.13707, "150": 5.13889, "151": 5.13977, "152": 5.14255, "153": 5.15014, "154": 5.15023, "155": 5.1507, "156": 5.15906, "157": 5.16623, "158": 5.16629, "159": 5.1667, "160": 5.17033, "161": 5.17065, "162": 5.17148, "163": 5.17239, "164": 5.17289, "165": 5.17703, "166": 5.17992, "167": 5.18148, "168": 5.18363, "169": 5.18463, "170": 5.18826, "171": 5.18907, "172": 5.18977, "173": 5.19018, "174": 5.1921, "175": 5.19258, "176": 5.19531, "177": 5.19606, "178": 5.19808, "179": 5.19931, "180": 5.20142, "181": 5.20153, "182": 5.20195, "183": 5.20224, "184": 5.20311, "185": 5.20413, "186": 5.20438, "187": 5.20482, "188": 5.20587, "189": 5.20604, "190": 5.20651, "191": 5.20846, "192": 5.20854, "193": 5.20998, "194": 5.21007, "195": 5.2111, "196": 5.2128, "197": 5.21494, "198": 5.21553, "199": 5.21568, "200": 5.21945, "201": 5.22032, "202": 5.2205, "203": 5.22057, "204": 5.22148, "205": 5.22242, "206": 5.22257, "207": 5.2236, "208": 5.22438, "209": 5.22466, "210": 5.22476, "211": 5.22513, "212": 5.22524, "213": 5.2254, "214": 5.22623, "215": 5.22687, "216": 5.22687, "217": 5.22689, "218": 5.22717, "219": 5.22741, "220": 5.22857, "221": 5.22909, "222": 5.22948, "223": 5.23008, "224": 5.2301, "225": 5.23023, "226": 5.2305, "227": 5.23146, "228": 5.23183, "229": 5.23302, "230": 5.23305, "231": 5.23315, "232": 5.23323, "233": 5.23411, "234": 5.2346, "235": 5.2348, "236": 5.23526, "237": 5.23558, "238": 5.23565, "239": 5.23565, "240": 5.23603, "241": 5.23612, "242": 5.23618, "243": 5.23638, "244": 5.23665, "245": 5.23716, "246": 5.23738, "247": 5.23742, "248": 5.23771, "249": 5.2385}, "SolveResult": 0, "UpperBounds": {"1": 5.2434}, "MaxQueueSize": 40, "VisitedNodes": 499, "BranchingVars": [1, 0, 6, 0, 5, 4, 1, 3, 3, 3, 5, 4, 4, 6, 2, 1, 3, 6, 2, 3, 5, 2, 6, 5, 0, 0, 4, 0, 4, 2, 3, 4, 5, 5, 6, 5, 6, 2, 1, 0, 0, 2, 4, 0, 5, 5, 3, 2, 0, 4, 0, 2, 5, 3, 1, 4, 2, 5, 1, 1, 5, 2, 1, 6, 0, 5, 1, 4, 5, 3, 4, 4, 0, 3, 4, 5, 4, 3, 1, 2, 4, 5, 2, 3, 2, 3, 6, 1, 1, 6, 4, 3, 0, 5, 5, 2, 0, 5, 5, 2, 2, 2, 6, 5, 3, 0, 0, 2, 5, 6, 0, 5, 5, 6, 2, 1, 5, 1, 5, 0, 5, 4, 6, 5, 2, 4, 3, 6, 2, 6, 0, 0, 5, 0, 0, 4, 6, 6, 6, 5, 4, 3, 3, 3, 0, 6, 4, 0, 3, 0, 5, 0, 2, 5, 0, 0, 0, 2, 0, 4, 0, 2, 1, 2, 6, 5, 0, 4, 5, 0, 0, 2, 6, 5, 5, 4, 3, 0, 0, 3, 4, 0, 4, 5, 3, 3, 6, 5, 4, 5, 0, 5, 2, 4, 2, 2, 6, 2, 2, 2, 0, 3, 4, 0, 2, 2, 2, 2, 0, 0, 5, 2, 2, 2, 4, 2, 5, 6, 2, 2, 6, 3, 2, 3, 0, 4, 0, 3, 3, 0, 2, 6, 3, 0, 0, 6, 2, 6, 0, 2, 6, 6, 5, 2, 3, 3, 3, 2, 3], "NonLinearTime": 0.0831277, "OptimalityGap": 0.00490269,