{"Itbt": 0, "Pace": 0.0122142, "Depth": 16, "Degree": 2, "RPSTime": 0.0959205, "FBBTTime": 0, "OBBTTime": 0, "TotalTime": 1.07663, "Iterations": 41, "LinearTime": 0.328545, "LowerBound": 130.607, "TimeVector": [0.445741, 0.489056, 0.531211, 0.556391, 0.580767, 0.59302, 0.605897, 0.630471, 0.642244, 0.655544, 0.668754, 0.682284, 0.694269, 0.706725, 0.718428, 0.74275, 0.754942, 0.767618, 0.780268, 0.792125, 0.803658, 0.815664, 0.828098, 0.840208, 0.852041, 0.865255, 0.878136, 0.891121, 0.90455, 0.917469, 0.930194, 0.95406, 0.966491, 0.978381, 0.990436, 1.00287, 1.01472, 1.0263, 1.0384, 1.05181, 2.12843], "UpperBound": 130.706, "rootBTTime": 0, "LowerBounds": {"1": 78, "2": 78.0019, "3": 78.0019, "4": 118.505, "5": 122.127, "6": 123.378, "7": 123.789, "8": 123.789, "9": 123.789, "10": 124.454, "11": 124.721, "12": 124.812, "13": 125.161, "14": 125.379, "15": 125.38, "16": 125.38, "17": 125.748, "18": 125.92, "19": 126.592, "20": 126.592, "21": 127.475, "22": 127.475, "23": 128.308, "24": 128.308, "25": 128.308, "26": 129.796, "27": 129.828, "28": 129.85, "29": 129.866, "30": 129.891, "31": 129.915, "32": 129.933, "33": 129.994, "34": 129.994, "35": 130.105, "36": 130.158, "38": 130.255, "40": 130.407, "41": 130.607}, "SolveResult": 0, "UpperBounds": {"1": 540.534, "4": 130.706}, "MaxQueueSize": 7, "VisitedNodes": 83, "BranchingVars": [3, 1, 1, 3, 3, 3, 2, 0, 0, 3, 3, 1, 1, 2, 0, 0, 1, 3, 1, 1, 1, 1, 2, 0, 0, 3, 2, 3, 1, 9, 1, 2, 1, 1, 2, 1, 1, 1, 1, 3, 3], "NonLinearTime": 0.298043, "OptimalityGap": 0.0985899, "BranchingRules": ["sum_rescaled_var_range_weighted_rel", "sum_rescaled_var_range_weighted_rel", "sum_rescaled_var_range_weighted_rel", "sum_rescaled_var_range_weighted_rel", "sum_rescaled_var_range_weighted_rel", "sum_rescaled_var_range_weighted_rel", "sum_rescaled_var_range_weighted_rel", "sum_rescaled_var_range_weighted_rel", "sum_rescaled_var_range_weighted_rel", "sum_rescaled_var_range_weighted_rel", "sum_rescaled_var_range_weighted_rel", "sum_rescaled_var_range_weighted_rel", "sum_rescaled_var_range_weighted_rel", "sum_rescaled_var_range_weighted_rel", "sum_rescaled_var_range_weighted_rel", "sum_rescaled_var_range_weighted_rel", "sum_rescaled_var_range_weighted_rel", "sum_rescaled_var_range_weighted_rel", "sum_rescaled_var_range_weighted_rel", "sum_rescaled_var_range_weighted_rel", "sum_rescaled_var_range_weighted_rel", "sum_rescaled_var_range_weighted_rel", "sum_rescaled_var_range_weighted_rel", "sum_rescaled_var_range_weighted_rel", "sum_rescaled_var_range_weighted_rel", "sum_rescaled_var_range_weighted_rel", "sum_rescaled_var_range_weighted_rel", "sum_rescaled_var_range_weighted_rel", "sum_rescaled_var_range_weighted_rel", "sum_dual_weighted_plus1", "sum_rescaled_var_range_weighted_rel", "sum_rescaled_var_range_weighted_rel", "sum_rescaled_var_range_weighted_rel", "sum_rescaled_var_range_weighted_rel", "sum_rescaled_var_range_weighted_rel", "sum_rescaled_var_range_weighted_rel", "sum_rescaled_var_range_weighted_rel", "sum_rescaled_var_range_weighted_rel", "sum_rescaled_var_range_weighted_rel", "sum_rescaled_var_range_weighted_rel", "sum_rescaled_var_range_weighted_rel"], "LBImprovements": [0.00191105, 40.503, 73.6325, 3.62231, 1.25078, 0.411215, 0.000046265, 0.665087, 2.13043, 0.26682, 0.0908848, 4.98369, 4.94455, 0.000147247, 2.09533, 2.09533, 4.86432, 0.67178, 4.74644, 4.74644, 4.61629, 4.61629, 0.000137275, 1.94618, 1.94618, 0.0320216, 0.0226291, 0.0151302, 0.54111, 2.13128, 2.08996, 0.0606024, 2.07673, 2.08089, 0.0531063, 2.04989, 2.06216, 4.18474, 4.18474, 0.156082, 0.0442512], "InfeasibleNodes": 15, "ElapsedTimeCoeffs": 0, "LinearizationTime": 0.000086844, "NumberOfVariables": 41, "CallsToLinearSolver": 83, "LinearGenerationTime": 0.0957147, "SDPCutsGenerationTime": 0, "CallsToNonLinearSolver": 9, "StrongBranchingExtraTime": 0.434064, "ElapsedTimeWeightedCoeffs": 0, "NodesDiscardedByFathoming": 3, "NodesDiscardedByTolerance": 24, "BoundFactorConstraintsTime": 0.00224987, "ElapsedTimeVarsInConstraints": 0.000041493, "meanBTRelativeChangeRootNode": 0, "NumberOfBoundFactorConstraints": 48, "NumberOfLAPACKConvergenceFailures": 0, "NumberOfRLTVariablesAfterLinearization": 12}