{"Itbt": 0, "Pace": 0.124534, "Depth": 13, "Degree": 5, "RPSTime": 658.439, "FBBTTime": 0, "OBBTTime": 0, "TotalTime": 2345.56, "Iterations": 232, "LinearTime": 244.154, "LowerBound": 20343.1, "TimeVector": [9.80049, 17.7933, 26.1623, 34.386, 42.9672, 51.3382, 59.6082, 67.7447, 76.4394, 84.6764, 92.7673, 101.574, 110.563, 120.463, 129.345, 137.755, 146.418, 155.222, 164.091, 173.021, 181.764, 190.707, 200.87, 209.978, 219.641, 229.169, 238.302, 247.524, 257.487, 266.989, 276.643, 285.383, 294.76, 304.129, 314.08, 323.323, 332.012, 340.596, 349.67, 358.602, 367.609, 377.24, 386.4, 395.178, 405.404, 414.338, 424.181, 433.396, 443.428, 452.927, 464.325, 473.642, 482.942, 492.509, 502.387, 511.765, 520.723, 529.916, 539.706, 548.535, 557.438, 567.241, 576.359, 585.486, 594.301, 603.6, 613.986, 622.996, 632.102, 641.481, 650.94, 661.141, 670.388, 679.189, 688.06, 697.915, 707.434, 716.825, 726.5, 736.799, 746.027, 755.918, 764.779, 774.416, 784.118, 793.426, 803.064, 811.981, 821.054, 831.312, 840.663, 850.192, 859.538, 869.006, 878.034, 887.366, 895.875, 906.114, 915.771, 925.836, 935.918, 945.666, 955.818, 965.822, 975.699, 985.619, 995.385, 1005.82, 1015.94, 1025.67, 1035.02, 1043.92, 1053.82, 1063.45, 1074.48, 1083.45, 1093.3, 1103.72, 1113.41, 1123.23, 1132.26, 1142.5, 1152.85, 1163, 1172.97, 1182.46, 1194.45, 1204.41, 1214.67, 1224.87, 1234.08, 1245.92, 1255.27, 1264.86, 1275.24, 1284.85, 1294.68, 1304.74, 1315.01, 1325.05, 1335.34, 1346.47, 1357.09, 1366.6, 1376.44, 1386.12, 1396.65, 1405.94, 1415.77, 1425.82, 1435.25, 1445.54, 1457.95, 1467.94, 1478.23, 1488.71, 1499.94, 1510.38, 1525.75, 1535.95, 1545.05, 1555.5, 1565.9, 1576.28, 1587.21, 1598.12, 1608.28, 1619.56, 1632.66, 1642.82, 1653.28, 1664.42, 1674.47, 1685.96, 1696.67, 1707.23, 1719.03, 1729.11, 1739.48, 1750.86, 1762.59, 1773.94, 1784.49, 1794.73, 1805.12, 1816.3, 1827.81, 1837.96, 1848.69, 1865.17, 1876.12, 1885.51, 1896.38, 1907.55, 1918.23, 1928.24, 1939.52, 1949.92, 1960.34, 1972.16, 1982, 1991.63, 2003.69, 2013.3, 2026.27, 2037.22, 2047.89, 2059.64, 2069.18, 2079.47, 2090.06, 2099.87, 2111.84, 2122.55, 2133.54, 2144.03, 2155.75, 2167.78, 2178.26, 2189.5, 2202.96, 2214.29, 2227.72, 2238.48, 2251.98, 2262.3, 2275.45, 2285.83, 2303.22, 2315.55, 2334.2, 2345.56], "UpperBound": 20363, "rootBTTime": 0, "LowerBounds": {"1": 17616.3, "2": 18420.4, "3": 18509.5, "4": 18958.3, "5": 19078.7, "6": 19153.6, "7": 19258.3, "8": 19417.6, "9": 19500.5, "10": 19502.5, "11": 19562.7, "12": 19624.7, "13": 19700, "14": 19710.2, "15": 19717.5, "16": 19730.8, "17": 19755.2, "18": 19757.6, "19": 19793.3, "20": 19822.1, "21": 19822.2, "22": 19843.4, "23": 19850.6, "24": 19861.4, "25": 19887, "26": 19916, "27": 19920.6, "28": 19920.9, "29": 19929.3, "30": 19935.5, "31": 19939.9, "32": 19940.9, "33": 19959.1, "34": 19963.8, "35": 19965, "36": 19966, "37": 19974, "38": 19979.3, "39": 19980.1, "40": 19982, "41": 19982.4, "42": 19983.5, "43": 19995.9, "44": 20007.5, "45": 20024.9, "46": 20037.9, "47": 20051.7, "48": 20057.8, "49": 20072.9, "50": 20087, "51": 20087.7, "52": 20099.7, "53": 20104.7, "54": 20105, "55": 20111.7, "56": 20115.8, "57": 20118.3, "58": 20123.5, "59": 20123.5, "60": 20127.7, "61": 20128.4, "62": 20130.7, "63": 20139.7, "64": 20141.5, "65": 20148.3, "66": 20148.7, "67": 20148.9, "68": 20150.6, "69": 20151.4, "70": 20152, "71": 20164, "72": 20168.7, "73": 20168.9, "74": 20169.1, "75": 20170.1, "76": 20171.8, "77": 20174.9, "78": 20175.3, "79": 20176.4, "80": 20178, "81": 20178.3, "82": 20187, "83": 20190.5, "84": 20192.3, "85": 20200, "86": 20200.9, "87": 20202, "88": 20203.2, "89": 20203.7, "90": 20204.8, "91": 20205.6, "92": 20205.9, "93": 20206, "94": 20216.7, "95": 20220.1, "96": 20225.1, "97": 20226.1, "98": 20227, "99": 20228.4, "100": 20230.1, "101": 20233.6, "102": 20235.7, "103": 20236.3, "104": 20237.5, "105": 20238.1, "106": 20239, "107": 20239.6, "108": 20241, "109": 20241.7, "110": 20242.6, "111": 20243.3, "112": 20244.7, "113": 20248.5, "114": 20249, "115": 20251.5, "116": 20253.4, "117": 20254.1, "118": 20254.4, "119": 20256.5, "120": 20256.9, "121": 20259.2, "122": 20260.5, "123": 20263.7, "124": 20266, "125": 20266.8, "126": 20271.6, "127": 20272.1, "128": 20278.4, "129": 20279.4, "130": 20283.2, "131": 20284.3, "132": 20284.5, "133": 20286, "134": 20287.3, "135": 20289.5, "136": 20289.7, "137": 20289.8, "138": 20290, "139": 20290.6, "140": 20290.9, "141": 20291.2, "142": 20291.2, "143": 20291.9, "144": 20292.8, "145": 20293.1, "146": 20293.2, "147": 20294.4, "148": 20295.5, "149": 20296.1, "150": 20296.1, "151": 20297.6, "152": 20297.7, "153": 20298.4, "154": 20298.4, "155": 20299.5, "156": 20300.1, "157": 20302.3, "158": 20302.8, "159": 20303.2, "160": 20303.8, "161": 20303.9, "162": 20304.2, "163": 20304.2, "164": 20304.8, "165": 20304.9, "166": 20306.5, "167": 20307.4, "168": 20307.5, "169": 20308.8, "170": 20309, "171": 20310.3, "172": 20311.3, "173": 20311.4, "174": 20313.2, "175": 20313.2, "176": 20313.3, "177": 20313.9, "178": 20313.9, "179": 20314.4, "180": 20315.2, "181": 20315.4, "182": 20317.3, "183": 20317.6, "184": 20318, "185": 20318.3, "186": 20319.2, "187": 20319.8, "188": 20319.8, "189": 20319.9, "190": 20320.2, "191": 20320.3, "192": 20320.8, "193": 20321.1, "194": 20321.4, "195": 20323.1, "196": 20323.8, "197": 20323.9, "198": 20324, "199": 20324.2, "200": 20324.7, "201": 20325.9, "202": 20326.8, "203": 20327.7, "204": 20328, "205": 20328.8, "206": 20329.8, "207": 20331.4, "208": 20331.5, "209": 20331.6, "210": 20331.7, "211": 20331.8, "212": 20332, "213": 20332.9, "214": 20333.2, "215": 20333.4, "216": 20334.1, "217": 20334.5, "218": 20334.8, "219": 20336.2, "220": 20336.8, "221": 20337.2, "222": 20337.8, "223": 20338.2, "224": 20338.6, "225": 20339.3, "226": 20339.4, "227": 20340.2, "228": 20340.3, "229": 20341.6, "230": 20341.8, "231": 20342, "232": 20343.1}, "SolveResult": 0, "UpperBounds": {"1": 20473.6, "2": 20363}, "MaxQueueSize": 77, "VisitedNodes": 465, "BranchingVars": [5, 3, 3, 7, 0, 0, 0, 6, 6, 7, 6, 6, 5, 0, 7, 0, 7, 2, 5, 5, 1, 4, 3, 5, 6, 4, 0, 5, 3, 3, 4, 6, 2, 7, 3, 1, 3, 5, 7, 6, 1, 3, 6, 6, 7, 2, 6, 4, 2, 3, 2, 1, 3, 1, 2, 1, 3, 2, 2, 6, 2, 1, 1, 2, 6, 2, 2, 2, 1, 6, 7, 2, 2, 2, 2, 7, 2, 1, 2, 2, 2, 2, 2, 7, 5, 2, 2, 2, 2, 1, 3, 2, 7, 1, 0, 1, 1, 1, 4, 1, 1, 1, 3, 5, 7, 2, 1, 1, 1, 3, 1, 1, 1, 7, 5, 1, 1, 7, 1, 1, 7, 1, 1, 4, 2, 2, 7, 7, 3, 7, 5, 7, 7, 4, 4, 2, 7, 1, 7, 7, 1, 4, 7, 5, 3, 7, 1, 7, 7, 3, 1, 1, 2, 7, 1, 5, 2, 7, 0, 4, 7, 7, 3, 7, 0, 7, 3, 7, 7, 7, 2, 7, 7, 7, 3, 7, 7, 7, 7, 0, 7, 7, 3, 2, 1, 1, 2, 7, 5, 0, 7, 1, 1, 5, 7, 1, 4, 4, 4, 4, 1, 5, 5, 7, 0, 4, 4, 3, 5, 1, 5, 7, 6, 2, 7, 3, 4, 4, 7, 7, 4, 3, 0, 4, 4, 6, 4, 3, 6, 6, 7, 4], "NonLinearTime": 0.273077, "OptimalityGap": 19.915,