{"Itbt": 0, "Pace": 0.0229274, "Depth": 11, "Degree": 5, "RPSTime": 2.79451, "FBBTTime": 0, "OBBTTime": 0, "TotalTime": 23.273, "Iterations": 117, "LinearTime": 2.94865, "LowerBound": 283.399, "TimeVector": [0.218656, 0.406668, 0.611821, 0.828783, 1.03805, 1.25298, 1.45158, 1.64882, 1.82648, 2.02928, 2.24393, 2.46175, 2.65805, 2.86815, 3.0475, 3.26732, 3.45923, 3.67928, 3.90878, 4.10155, 4.29268, 4.47071, 4.66739, 4.86356, 5.04335, 5.26001, 5.43259, 5.62247, 5.79665, 5.99337, 6.21155, 6.42577, 6.61787, 6.80515, 6.98764, 7.1664, 7.33752, 7.51052, 7.67514, 7.87939, 8.08292, 8.25876, 8.45474, 8.65512, 8.86472, 9.07284, 9.27081, 9.49574, 9.69193, 9.90173, 10.0935, 10.2657, 10.4583, 10.6448, 10.8353, 11.0318, 11.2184, 11.4158, 11.6269, 11.8076, 11.9919, 12.1759, 12.3945, 12.6076, 12.8157, 12.9798, 13.1711, 13.3407, 13.5391, 13.7232, 13.9571, 14.1323, 14.3404, 14.5313, 14.7251, 14.9603, 15.1365, 15.3535, 15.5622, 15.7705, 15.9708, 16.183, 16.3856, 16.5847, 16.7774, 16.9864, 17.195, 17.4136, 17.6238, 17.8236, 18.0303, 18.2049, 18.3838, 18.5724, 18.7579, 18.9765, 19.1922, 19.3612, 19.5521, 19.7481, 19.9332, 20.1279, 20.3051, 20.5343, 20.7563, 20.9836, 21.1931, 21.4037, 21.6001, 21.8235, 22.017, 22.2144, 22.4274, 22.6403, 22.8507, 23.0563, 46.3293], "UpperBound": 283.659, "rootBTTime": 0, "LowerBounds": {"1": 133.08, "2": 156.636, "3": 180.68, "4": 185.707, "5": 193.782, "6": 198.693, "7": 209.544, "8": 212.729, "9": 212.951, "10": 218.669, "11": 224.114, "12": 231.488, "13": 239.014, "14": 242.989, "15": 244.307, "16": 247.964, "17": 249.21, "18": 252.343, "19": 252.692, "20": 253.601, "21": 253.967, "22": 255.07, "23": 255.56, "24": 258.595, "25": 259.667, "26": 260.124, "27": 260.154, "28": 261.424, "29": 262.826, "30": 263.032, "31": 263.572, "32": 264.877, "33": 265.142, "34": 265.712, "35": 265.782, "36": 267.179, "37": 268.509, "38": 268.96, "39": 269.122, "40": 269.647, "41": 270.019, "42": 270.239, "43": 270.667, "44": 271.384, "45": 271.512, "46": 271.703, "47": 271.877, "48": 272.07, "49": 272.457, "50": 273.261, "51": 273.303, "52": 273.383, "53": 273.426, "54": 274.074, "55": 274.271, "56": 274.271, "57": 274.317, "58": 275.03, "59": 275.035, "60": 276.156, "61": 276.221, "62": 276.342, "63": 276.512, "64": 276.614, "65": 277.124, "66": 277.276, "67": 278.367, "68": 278.367, "69": 278.474, "70": 278.878, "71": 278.954, "72": 279.16, "73": 279.225, "74": 279.436, "75": 279.436, "76": 279.766, "77": 279.766, "78": 280.12, "79": 280.297, "80": 280.33, "81": 280.378, "82": 280.574, "83": 280.574, "84": 280.771, "85": 280.921, "86": 281.155, "87": 281.185, "88": 281.521, "89": 281.568, "90": 281.786, "91": 281.874, "92": 282.219, "93": 282.231, "94": 282.263, "95": 282.304, "96": 282.325, "97": 282.368, "98": 282.409, "99": 282.454, "100": 282.468, "101": 282.534, "102": 282.603, "103": 282.805, "104": 282.805, "105": 282.871, "106": 282.889, "107": 282.978, "108": 282.98, "109": 282.982, "110": 283.024, "111": 283.142, "112": 283.175, "113": 283.184, "114": 283.184, "115": 283.206, "116": 283.215, "117": 283.399}, "SolveResult": 0, "UpperBounds": {"1": 283.659}, "MaxQueueSize": 34, "VisitedNodes": 235, "BranchingVars": [2, 0, 1, 5, 3, 3, 4, 4, 4, 3, 6, 1, 7, 7, 4, 5, 6, 7, 7, 5, 6, 0, 7, 2, 5, 5, 2, 3, 1, 2, 7, 3, 7, 4, 2, 2, 6, 4, 4, 2, 2, 4, 3, 2, 1, 6, 2, 6, 2, 7, 7, 1, 1, 3, 4, 4, 2, 4, 4, 2, 6, 6, 7, 7, 6, 6, 4, 4, 6, 6, 6, 5, 6, 7, 4, 2, 2, 7, 7, 6, 6, 4, 4, 6, 5, 6, 4, 7, 2, 2, 4, 4, 1, 4, 4, 4, 2, 4, 4, 5, 4, 7, 4, 4, 7, 5, 5, 7, 4, 3, 6, 7, 7, 7, 7, 7, 1], "NonLinearTime": 0.0915004, "OptimalityGap": 0.260027, "BranchingRules": ["sum_rescaled_var_range_weighted_rel", "sum_rescaled_var_range_weighted_rel", "sum_rescaled_var_range_weighted_rel", "eigen_cen_alternative", "sum_rescaled_var_range_weighted_rel", "sum_rescaled_var_range_weighted_rel", "sum_rescaled_var_range_weighted_rel", "sum_rescaled_var_range_weighted_rel", "sum_rescaled_var_range_weighted_rel", "sum_dual_weighted_plus1", "sum_rescaled_var_range_weighted_rel", "sum_rescaled_var_range_weighted_rel", "sum_dual_weighted_plus1", "sum_rescaled_var_range_weighted_rel", "sum_rescaled_var_range_weighted_rel", "sum_dual_weighted_plus1", "sum_rescaled_var_range_weighted_rel", "sum_rescaled_var_range_weighted_rel", "sum_rescaled_var_range_weighted_rel", "sum_rescaled_var_range_weighted_rel", "sum_rescaled_var_range_weighted_rel", "sum_rescaled_var_range_weighted_rel", "sum_dual_weighted_plus1", "sum_dual_weighted_plus1", "sum_dual_weighted_plus1", "sum_dual_weighted_plus1", "sum_dual_weighted_plus1", "sum_dual_weighted_plus1", "sum_rescaled_var_range_weighted_rel", "sum_rescaled_var_range_weighted_rel", "sum_rescaled_var_range_weighted_rel", "sum_rescaled_var_range_weighted_rel", "sum_dual_weighted_plus1", "sum_rescaled_var_range_weighted_rel", "sum_rescaled_var_range_weighted_rel", "sum_rescaled_var_range_weighted_rel", "sum_rescaled_var_range_weighted_rel", "sum_rescaled_var_range_weighted_rel", "sum_rescaled_var_range_weighted_rel", "sum_dual_weighted_plus1", "sum_dual_weighted_plus1", "sum_rescaled_var_range_weighted_rel", "sum_dual_weighted_plus1", "sum_rescaled_var_range_weighted_rel", "sum_rescaled_var_range_weighted_rel", "sum_rescaled_var_range_weighted_rel", "sum_dual_weighted_plus1", "sum_rescaled_var_range_weighted_rel", "sum_rescaled_var_range_weighted_rel", "sum_rescaled_var_range_weighted_rel", "sum_rescaled_var_range_weighted_rel", "sum_rescaled_var_range_weighted_rel", "sum_rescaled_var_range_weighted_rel", "sum_rescaled_var_range_weighted_rel", "sum_rescaled_var_range_weighted_rel", "sum_rescaled_var_range_weighted_rel", "sum_rescaled_var_range_weighted_rel", "sum_rescaled_var_range_weighted_rel", "sum_rescaled_var_range_weighted_rel", "sum_dual_weighted_plus1", "sum_rescaled_var_range_weighted_rel", "sum_rescaled_var_range_weighted_rel", "sum_dual_weighted_plus1", "sum_rescaled_var_range_weighted_rel", "sum_rescaled_var_range_weighted_rel", "sum_rescaled_var_range_weighted_rel", "sum_rescaled_var_range_weighted_rel", "sum_rescaled_var_range_weighted_rel", "sum_rescaled_var_range_weighted_rel", "sum_rescaled_var_range_weighted_rel", "sum_rescaled_var_range_weighted_rel", "sum_dual_weighted_plus1", "sum_rescaled_var_range_weighted_rel", "sum_rescaled_var_range_weighted_rel", "sum_dual_weighted_plus1", "sum_rescaled_var_range_weighted_rel", "sum_rescaled_var_range_weighted_rel", "sum_rescaled_var_range_weighted_rel", "sum_rescaled_var_range_weighted_rel", "sum_rescaled_var_range_weighted_rel", "sum_rescaled_var_range_weighted_rel", "sum_rescaled_var_range_weighted_rel", "sum_rescaled_var_range_weighted_rel", "sum_rescaled_var_range_weighted_rel", "sum_rescaled_var_range_weighted_rel", "sum_rescaled_var_range_weighted_rel", "sum_dual_weighted_plus1_rel", "sum_rescaled_var_range_weighted_rel", "sum_dual_weighted_plus1", "sum_dual_weighted_plus1", "sum_dual_weighted_plus1_rel", "sum_rescaled_var_range_weighted_rel", "sum_rescaled_var_range_weighted_rel", "sum_dual_weighted_plus1_rel", "sum_dual_weighted_plus1_rel", "sum_rescaled_var_range_weighted_rel", "sum_dual_weighted_plus1", "sum_rescaled_var_range_weighted_rel", "sum_rescaled_var_range_weighted_rel", "sum_rescaled_var_range_weighted_rel", "sum_dual_weighted_plus1_rel", "sum_dual_weighted_plus1", "sum_rescaled_var_range_weighted_rel", "sum_rescaled_var_range_weighted_rel", "sum_rescaled_var_range_weighted_rel", "sum_rescaled_var_range_weighted_rel", "sum_rescaled_var_range_weighted_rel", "sum_dual_weighted_plus1", "sum_dual_weighted_plus1_rel", "sum_rescaled_var_range_weighted_rel", "sum_rescaled_var_range_weighted_rel", "sum_dual_weighted_plus1_rel", "sum_rescaled_var_range_weighted_rel", "sum_rescaled_var_range_weighted_rel", "sum_dual_weighted_plus1_rel", "sum_rescaled_var_range_weighted_rel", "sum_dual_weighted_plus1_rel"],