{"Itbt": 0, "Pace": 0.0378862, "Depth": 11, "Degree": 5, "RPSTime": 8.85066, "FBBTTime": 0, "OBBTTime": 0, "TotalTime": 128.97, "Iterations": 61, "LinearTime": 17.3421, "LowerBound": 954.036, "TimeVector": [2.54715, 4.68, 6.99343, 8.9883, 11.2074, 13.4976, 15.662, 17.9405, 19.7981, 22.5178, 24.4104, 26.3161, 28.1133, 29.9767, 32.3268, 34.7462, 37.0095, 39.2919, 41.2653, 43.5313, 45.8113, 48.1603, 49.9764, 51.8707, 53.6497, 55.6244, 57.6951, 59.6146, 61.5364, 63.6013, 65.6674, 67.9724, 69.9031, 71.8807, 73.9799, 76.13, 78.4339, 80.6123, 82.797, 84.8023, 86.8652, 89.0603, 91.1853, 93.5043, 95.5657, 97.6402, 99.8745, 101.833, 104.134, 106.252, 108.487, 110.657, 112.6, 114.69, 116.655, 118.624, 120.541, 122.651, 124.739, 127.051, 128.97], "UpperBound": 954.989, "rootBTTime": 0, "LowerBounds": {"1": 456.158, "2": 578.37, "3": 692.072, "4": 723.388, "5": 752.424, "6": 772.292, "7": 781.9, "8": 799.548, "9": 825.364, "10": 853.619, "11": 854.679, "12": 855.301, "13": 863.654, "14": 867.199, "15": 868.336, "16": 885.972, "17": 887.128, "18": 887.81, "19": 887.86, "20": 896.256, "21": 899.001, "22": 902.891, "23": 918.84, "24": 929.496, "25": 929.992, "26": 930.774, "27": 936.109, "28": 938.336, "29": 939.543, "30": 941.563, "31": 942.46, "32": 942.977, "33": 945.39, "34": 946.573, "35": 946.631, "36": 946.942, "37": 947.389, "38": 947.468, "39": 947.61, "40": 948.638, "41": 950.507, "42": 950.554, "43": 950.588, "44": 951.162, "45": 951.311, "46": 951.687, "47": 951.95, "48": 952.111, "49": 952.111, "50": 952.164, "51": 952.3, "52": 952.38, "53": 952.477, "54": 952.987, "55": 953.245, "56": 953.295, "57": 953.434, "58": 953.527, "59": 953.994, "60": 953.995, "61": 954.036}, "SolveResult": 0, "UpperBounds": {"1": 954.989}, "MaxQueueSize": 15, "VisitedNodes": 123, "BranchingVars": [1, 0, 5, 2, 0, 2, 2, 0, 5, 7, 2, 7, 0, 0, 7, 6, 6, 6, 6, 6, 7, 6, 7, 3, 3, 5, 5, 7, 6, 7, 7, 7, 2, 1, 1, 1, 0, 5, 1, 1, 1, 7, 0, 2, 7, 2, 0, 0, 0, 2, 1, 6, 6, 6, 2, 0, 7, 2, 2, 7, 1], "NonLinearTime": 0.229195, "OptimalityGap": 0.952981, "BranchingRules": ["sum_rescaled_var_range_weighted_rel", "sum_rescaled_var_range_weighted_rel", "sum_rescaled_var_range_weighted_rel", "sum_rescaled_var_range_weighted_rel", "sum_rescaled_var_range_weighted_rel", "sum_rescaled_var_range_weighted_rel", "sum_rescaled_var_range_weighted_rel", "sum_rescaled_var_range_weighted_rel", "sum_rescaled_var_range_weighted_rel", "sum_rescaled_var_range_weighted_rel", "sum_rescaled_var_range_weighted_rel", "sum_rescaled_var_range_weighted_rel", "sum_rescaled_var_range_weighted_rel", "sum_rescaled_var_range_weighted_rel", "sum_rescaled_var_range_weighted_rel", "sum_rescaled_var_range_weighted_rel", "sum_rescaled_var_range_weighted_rel", "sum_rescaled_var_range_weighted_rel", "sum_rescaled_var_range_weighted_rel", "sum_rescaled_var_range_weighted_rel", "sum_rescaled_var_range_weighted_rel", "sum_rescaled_var_range_weighted_rel", "sum_dual_weighted_plus1", "sum_rescaled_var_range_weighted_rel", "sum_rescaled_var_range_weighted_rel", "sum_rescaled_var_range_weighted_rel", "sum_rescaled_var_range_weighted_rel", "sum_rescaled_var_range_weighted_rel", "eigen_cen_alternative", "sum_dual_weighted_plus1", "sum_rescaled_var_range_weighted_rel", "sum_rescaled_var_range_weighted_rel", "sum_rescaled_var_range_weighted_rel", "sum_rescaled_var_range_weighted_rel", "sum_rescaled_var_range_weighted_rel", "sum_rescaled_var_range_weighted_rel", "sum_rescaled_var_range_weighted_rel", "sum_rescaled_var_range_weighted_rel", "sum_rescaled_var_range_weighted_rel", "sum_rescaled_var_range_weighted_rel", "sum_rescaled_var_range_weighted_rel", "sum_rescaled_var_range_weighted_rel", "sum_rescaled_var_range_weighted_rel", "sum_dual_weighted_plus1", "sum_rescaled_var_range_weighted_rel", "sum_dual_weighted_plus1", "sum_rescaled_var_range_weighted_rel", "sum_rescaled_var_range_weighted_rel", "sum_rescaled_var_range_weighted_rel", "sum_dual_weighted_plus1", "sum_rescaled_var_range_weighted_rel", "sum_dual_weighted_plus1", "sum_dual_weighted_plus1", "sum_dual_weighted_plus1", "sum_rescaled_var_range_weighted_rel", "sum_rescaled_var_range_weighted_rel", "sum_rescaled_var_range_weighted_rel", "sum_rescaled_var_range_weighted_rel", "sum_dual_weighted_plus1", "sum_rescaled_var_range_weighted_rel", "sum_dual_weighted_plus1"], "LBImprovements": [122.212, 145.018, 60.3518, 101.976, 29.4761, 222.292, 71.7189, 68.7885, 38.2892, 42.6373, 74.8166, 32.5091, 55.1862, 92.1764, 17.6358, 155.611, 156.4, 42.9641, 66.1621, 58.3485, 88.7443, 44.5777, 26.5506, 8.8403, 24.0437, 11.6861, 10.4635, 24.646, 25.5113, 24.861, 4.48232, 4.41208, 12.6525, 6.86129, 3.92318, 4.21995, 3.1184, 14.88, 2.97832, 3.47359, 3.48713, 1.39579, 2.65718, 3.09204, 1.06813, 3.29357, 1.03685, 2.70185, 2.70185, 2.40918, 2.4212, 1.87534, 1.64076, 1.43692, 2.48234, 1.45667, 2.95661, 2.16482, 2.37195, 2.9198, 9.42467], "InfeasibleNodes": 1, "ElapsedTimeCoeffs": 0, "LinearizationTime": 0.0259211, "NumberOfVariables": 8, "CallsToLinearSolver": 123, "LinearGenerationTime": 0.670993, "SDPCutsGenerationTime": 0, "CallsToNonLinearSolver": 9, "StrongBranchingExtraTime": 110.108, "ElapsedTimeWeightedCoeffs": 0, "NodesDiscardedByFathoming": 0, "NodesDiscardedByTolerance": 61, "BoundFactorConstraintsTime": 1.07329, "ElapsedTimeVarsInConstraints": 0.000067393, "meanBTRelativeChangeRootNode": 0, "NumberOfBoundFactorConstraints": 974, "NumberOfLAPACKConvergenceFailures": 0, "NumberOfRLTVariablesAfterLinearization": 301}