{"Itbt": 0, "Pace": 0.053466, "Depth": 9, "Degree": 5, "RPSTime": 12.5455, "FBBTTime": 0, "OBBTTime": 0, "TotalTime": 250.333, "Iterations": 40, "LinearTime": 34.366, "LowerBound": 4193.39, "TimeVector": [6.82662, 13.4876, 19.6684, 25.7631, 32.5274, 39.1139, 45.7275, 52.4193, 58.6916, 64.3535, 70.5085, 77.1234, 83.2604, 89.7879, 96.0348, 102.274, 108.355, 115.257, 121.587, 127.612, 134.057, 141.211, 147.837, 154.104, 160.199, 166.224, 172.114, 178.3, 184.433, 190.547, 196.775, 202.389, 208.361, 214.618, 221.178, 227.084, 233.435, 239.265, 244.702, 273.856], "UpperBound": 4197.3, "rootBTTime": 0, "LowerBounds": {"1": 3510.87, "2": 3684.36, "3": 3813.7, "4": 3828.14, "5": 3918.93, "6": 3921.27, "7": 3994.16, "8": 3996.96, "9": 4006.95, "10": 4052.65, "11": 4070.66, "12": 4073.24, "13": 4079.17, "14": 4088.32, "15": 4088.44, "16": 4096.52, "17": 4115.24, "18": 4126.61, "19": 4127.34, "20": 4132.41, "21": 4145.16, "22": 4146.33, "23": 4151.93, "24": 4158.47, "25": 4165.04, "26": 4166.64, "27": 4170.1, "28": 4170.26, "29": 4170.54, "30": 4171.1, "31": 4172.48, "32": 4173.41, "33": 4176.23, "34": 4178.93, "35": 4179.62, "36": 4183.35, "37": 4184.15, "38": 4186.61, "39": 4191.24, "40": 4193.39}, "SolveResult": 0, "UpperBounds": {"1": 4197.3}, "MaxQueueSize": 15, "VisitedNodes": 81, "BranchingVars": [6, 3, 0, 4, 0, 3, 0, 0, 4, 2, 4, 1, 2, 2, 2, 1, 4, 5, 6, 6, 3, 3, 6, 1, 1, 3, 2, 1, 1, 3, 4, 1, 2, 1, 4, 3, 3, 0, 0, 3], "NonLinearTime": 0.248817, "OptimalityGap": 3.9066, "BranchingRules": ["sum_rescaled_var_range_weighted_rel", "sum_rescaled_var_range_weighted_rel", "sum_rescaled_var_range_weighted_rel", "sum_rescaled_var_range_weighted_rel", "sum_dual_weighted_plus1", "sum_dual_weighted_plus1", "sum_rescaled_var_range_weighted_rel", "sum_rescaled_var_range_weighted_rel", "sum_rescaled_var_range_weighted_rel", "sum_rescaled_var_range_weighted_rel", "sum_rescaled_var_range_weighted_rel", "sum_dual_weighted_plus1", "sum_rescaled_var_range_weighted_rel", "sum_dual_weighted_plus1", "sum_rescaled_var_range_weighted_rel", "sum_dual_weighted_plus1", "sum_rescaled_var_range_weighted_rel", "sum_rescaled_var_range_weighted_rel", "sum_rescaled_var_range_weighted_rel", "sum_rescaled_var_range_weighted_rel", "sum_dual_weighted_plus1", "sum_rescaled_var_range_weighted_rel", "sum_rescaled_var_range_weighted_rel", "sum_dual_weighted_plus1", "sum_rescaled_var_range_weighted_rel", "sum_rescaled_var_range_weighted_rel", "sum_dual_weighted_plus1", "sum_rescaled_var_range_weighted_rel", "sum_rescaled_var_range_weighted_rel", "sum_rescaled_var_range_weighted_rel", "sum_rescaled_var_range_weighted_rel", "eigen_cen_alternative", "sum_dual_weighted_plus1", "sum_dual_weighted_plus1", "sum_rescaled_var_range_weighted_rel", "sum_dual_weighted_plus1", "sum_rescaled_var_range_weighted_rel", "sum_rescaled_var_range_weighted_rel", "sum_rescaled_var_range_weighted_rel", "eigen_cen_alternative"], "LBImprovements": [173.484, 143.788, 107.571, 166.018, 169.39, 149.395, 58.4869, 76.2783, 138.202, 73.9575, 99.4391, 54.0983, 79.3028, 106.957, 43.9621, 75.9585, 60.988, 38.4304, 39.2951, 38.1384, 134.769, 144.119, 31.4162, 70.4025, 31.4009, 19.9704, 75.0489, 61.1455, 33.7142, 28.3372, 47.7678, 43.9631, 71.9786, 51.1852, 48.7888, 26.282, 23.5248, 6.48935, 6.69951, 1.44287], "InfeasibleNodes": 0, "ElapsedTimeCoeffs": 0, "LinearizationTime": 0.0604867, "NumberOfVariables": 8, "CallsToLinearSolver": 81, "LinearGenerationTime": 0.732972, "SDPCutsGenerationTime": 0, "CallsToNonLinearSolver": 9, "StrongBranchingExtraTime": 213.841, "ElapsedTimeWeightedCoeffs": 0, "NodesDiscardedByFathoming": 0, "NodesDiscardedByTolerance": 41, "BoundFactorConstraintsTime": 1.6132, "ElapsedTimeVarsInConstraints": 0.000115777, "meanBTRelativeChangeRootNode": 0, "NumberOfBoundFactorConstraints": 1686, "NumberOfLAPACKConvergenceFailures": 0, "NumberOfRLTVariablesAfterLinearization": 430}