{"Itbt": 0, "Pace": 16273.3, "Depth": 0, "Degree": 3, "RPSTime": 10.1333, "FBBTTime": 0, "OBBTTime": 0, "TotalTime": 16.2733, "Iterations": 1, "LinearTime": 6.05469, "LowerBound": -179769000000000000000000000000000000000000000000000000000000000000000000000000000000000000000000000000000000000000000000000000000000000000000000000000000000000000000000000000000000000000000000000000000000000000000000000000000000000000000000000000000000000000000000000000000000000000000000000000000000000000000, "TimeVector": [16.2733], "UpperBound": 179769000000000000000000000000000000000000000000000000000000000000000000000000000000000000000000000000000000000000000000000000000000000000000000000000000000000000000000000000000000000000000000000000000000000000000000000000000000000000000000000000000000000000000000000000000000000000000000000000000000000000000, "rootBTTime": 0, "LowerBounds": {"1": -179769000000000000000000000000000000000000000000000000000000000000000000000000000000000000000000000000000000000000000000000000000000000000000000000000000000000000000000000000000000000000000000000000000000000000000000000000000000000000000000000000000000000000000000000000000000000000000000000000000000000000000}, "SolveResult": 200, "UpperBounds": {"1": 179769000000000000000000000000000000000000000000000000000000000000000000000000000000000000000000000000000000000000000000000000000000000000000000000000000000000000000000000000000000000000000000000000000000000000000000000000000000000000000000000000000000000000000000000000000000000000000000000000000000000000000}, "MaxQueueSize": 0, "VisitedNodes": 1, "BranchingVars": [], "NonLinearTime": 0.0840129, "OptimalityGap": 179769313486231570000000000000000000000000000000000000000000000000000000000000000000000000000000000000000000000000000000000000000000000000000000000000000000000000000000000000000000000000000000000000000000000000000000000000000000000000000000000000000000000000000000000000000000000000000000000000000000000000000, "BranchingRules": [], "LBImprovements": [], "InfeasibleNodes": 0, "ElapsedTimeCoeffs": 0, "LinearizationTime": 5.59666, "NumberOfVariables": 2370, "CallsToLinearSolver": 1, "LinearGenerationTime": 0.0436478, "SDPCutsGenerationTime": 0, "CallsToNonLinearSolver": 2, "StrongBranchingExtraTime": 0, "ElapsedTimeWeightedCoeffs": 0, "NodesDiscardedByFathoming": 0, "NodesDiscardedByTolerance": 0, "BoundFactorConstraintsTime": 1.23664, "ElapsedTimeVarsInConstraints": 0.0424697, "meanBTRelativeChangeRootNode": 0, "NumberOfBoundFactorConstraints": 13228, "NumberOfLAPACKConvergenceFailures": 0, "NumberOfRLTVariablesAfterLinearization": 3574}