{"Itbt": 0, "Pace": 0.0346927, "Depth": 10, "Degree": 3, "RPSTime": 0.282886, "FBBTTime": 0, "OBBTTime": 0, "TotalTime": 2.1098, "Iterations": 50, "LinearTime": 0.179981, "LowerBound": 128.383, "TimeVector": [0.258037, 0.302191, 0.347827, 0.392191, 0.436403, 0.472022, 0.507552, 0.551625, 0.587743, 0.624123, 0.659328, 0.696042, 0.73049, 0.76791, 0.803935, 0.849082, 0.885746, 0.921598, 0.957646, 0.995543, 1.03185, 1.06754, 1.10436, 1.14066, 1.1779, 1.21671, 1.25243, 1.28956, 1.32502, 1.36199, 1.39638, 1.44041, 1.47692, 1.514, 1.54966, 1.5861, 1.62216, 1.65875, 1.69581, 1.73272, 1.76981, 1.80609, 1.84219, 1.87966, 1.91463, 1.95138, 1.98724, 2.02529, 2.06422, 4.17402], "UpperBound": 128.479, "rootBTTime": 0, "LowerBounds": {"1": 116.764, "2": 122.275, "3": 122.692, "4": 124.848, "5": 124.913, "6": 125.246, "7": 125.772, "8": 125.869, "9": 126.124, "10": 126.26, "11": 126.454, "12": 126.86, "13": 127.02, "14": 127.205, "15": 127.256, "16": 127.453, "17": 127.455, "18": 127.463, "19": 127.573, "20": 127.583, "21": 127.591, "22": 127.61, "23": 127.63, "24": 127.696, "25": 127.727, "26": 127.845, "27": 127.861, "28": 127.897, "29": 127.97, "30": 128, "31": 128.021, "32": 128.032, "33": 128.033, "34": 128.08, "35": 128.111, "36": 128.135, "37": 128.168, "38": 128.176, "39": 128.209, "40": 128.215, "41": 128.226, "42": 128.265, "43": 128.277, "44": 128.292, "45": 128.295, "46": 128.307, "47": 128.309, "48": 128.309, "49": 128.309, "50": 128.383}, "SolveResult": 0, "UpperBounds": {"1": 128.479}, "MaxQueueSize": 13, "VisitedNodes": 101, "BranchingVars": [1, 4, 10, 10, 3, 2, 2, 1, 0, 9, 1, 7, 5, 2, 9, 2, 7, 5, 5, 7, 10, 1, 0, 5, 9, 10, 9, 0, 5, 7, 9, 10, 5, 5, 1, 7, 7, 7, 10, 7, 5, 7, 1, 7, 9, 7, 7, 7, 5, 7], "NonLinearTime": 0.202895, "OptimalityGap": 0.0959793, "BranchingRules": ["eigen_cen_alternative_rel", "eigen_cen_alternative_rel", "eigen_cen_alternative_rel", "eigen_cen_alternative_rel", "eigen_cen_alternative_rel", "eigen_cen_alternative_rel", "eigen_cen_alternative_rel", "eigen_cen_alternative_rel", "eigen_cen_alternative_rel", "eigen_cen_alternative_rel", "eigen_cen_alternative_rel", "eigen_cen_alternative_rel", "eigen_cen_alternative_rel", "eigen_cen_alternative_rel", "eigen_cen_alternative_rel", "eigen_cen_alternative_rel", "eigen_cen_alternative_rel", "eigen_cen_alternative_rel", "eigen_cen_alternative_rel", "eigen_cen_alternative_rel", "eigen_cen_alternative_rel", "eigen_cen_alternative_rel", "eigen_cen_alternative_rel", "eigen_cen_alternative_rel", "eigen_cen_alternative_rel", "eigen_cen_alternative_rel", "eigen_cen_alternative_rel", "eigen_cen_alternative_rel", "eigen_cen_alternative_rel", "eigen_cen_alternative_rel", "eigen_cen_alternative_rel", "eigen_cen_alternative_rel", "eigen_cen_alternative_rel", "eigen_cen_alternative_rel", "eigen_cen_alternative_rel", "eigen_cen_alternative_rel", "eigen_cen_alternative_rel", "eigen_cen_alternative_rel", "eigen_cen_alternative_rel", "eigen_cen_alternative_rel", "eigen_cen_alternative_rel", "eigen_cen_alternative_rel", "eigen_cen_alternative_rel", "eigen_cen_alternative_rel", "eigen_cen_alternative_rel", "eigen_cen_alternative_rel", "eigen_cen_alternative_rel", "eigen_cen_alternative_rel", "eigen_cen_alternative_rel", "eigen_cen_alternative_rel"], "LBImprovements": [5.51095, 2.57289, 4.16845, 2.35791, 0.333482, 0.622926, 0.488314, 1.15087, 1.48664, 1.31296, 1.0088, 2.07281, 0.841215, 0.377956, 0.439692, 0.273487, 1.91945, 0.672201, 0.272161, 1.07393, 0.408751, 0.795975, 1.45306, 0.569276, 0.306718, 0.461695, 0.307049, 1.9636, 0.245328, 0.111504, 0.461661, 0.351662, 0.764611, 1.0751, 0.180661, 0.141055, 0.140437, 0.0332839, 0.301405, 0.310085, 0.236821, 0.395086, 0.288654, 0.0175026, 0.036444, 0.220456, 0.279056, 0.149249, 0.139121, 0.0827227], "InfeasibleNodes": 0, "ElapsedTimeCoeffs": 0, "LinearizationTime": 0.000085892, "NumberOfVariables": 16, "CallsToLinearSolver": 101, "LinearGenerationTime": 0.059281, "SDPCutsGenerationTime": 0, "CallsToNonLinearSolver": 9, "StrongBranchingExtraTime": 1.70664, "ElapsedTimeWeightedCoeffs": 0, "NodesDiscardedByFathoming": 0, "NodesDiscardedByTolerance": 51, "BoundFactorConstraintsTime": 0.00315988, "ElapsedTimeVarsInConstraints": 0.000044824, "meanBTRelativeChangeRootNode": 0, "NumberOfBoundFactorConstraints": 36, "NumberOfLAPACKConvergenceFailures": 0, "NumberOfRLTVariablesAfterLinearization": 16}