{"Itbt": 0, "Pace": 0.00191906, "Depth": 8, "Degree": 2, "RPSTime": 0.00261712, "FBBTTime": 0, "OBBTTime": 0, "TotalTime": 0.0567975, "Iterations": 8, "LinearTime": 0.00334637, "LowerBound": 201.014, "TimeVector": [0.012565, 0.0201384, 0.0276492, 0.0349861, 0.0421246, 0.0426515, 0.0431, 0.0998974], "UpperBound": 201.159, "rootBTTime": 0, "LowerBounds": {"1": 171.419, "2": 182.541, "3": 188.662, "4": 196.215, "5": 198.755, "6": 200.01, "7": 200.578, "8": 201.014}, "SolveResult": 0, "UpperBounds": {"1": 179769000000000000000000000000000000000000000000000000000000000000000000000000000000000000000000000000000000000000000000000000000000000000000000000000000000000000000000000000000000000000000000000000000000000000000000000000000000000000000000000000000000000000000000000000000000000000000000000000000000000000000, "2": 201.159}, "MaxQueueSize": 1, "VisitedNodes": 17, "BranchingVars": [0, 0, 1, 1, 0, 1, 0, 1], "NonLinearTime": 0.0508283, "OptimalityGap": 0.145316, "BranchingRules": ["sum_dual_weighted_plus1", "sum_dual_weighted_plus1", "sum_dual_weighted_plus1", "sum_dual_weighted_plus1", "sum_dual_weighted_plus1", "sum_dual_weighted_plus1", "sum_dual_weighted_plus1", "sum_dual_weighted_plus1"], "LBImprovements": [11.1224, 6.12083, 7.55277, 2.54015, 1.25495, 0.56783, 0.307952, 0.128556], "InfeasibleNodes": 8, "ElapsedTimeCoeffs": 0, "LinearizationTime": 0.000008682, "NumberOfVariables": 3, "CallsToLinearSolver": 17, "LinearGenerationTime": 0.000914492, "SDPCutsGenerationTime": 0, "CallsToNonLinearSolver": 7, "StrongBranchingExtraTime": 0, "ElapsedTimeWeightedCoeffs": 0, "NodesDiscardedByFathoming": 0, "NodesDiscardedByTolerance": 1, "BoundFactorConstraintsTime": 0.000201649, "ElapsedTimeVarsInConstraints": 0.000005491, "meanBTRelativeChangeRootNode": 0, "NumberOfBoundFactorConstraints": 10, "NumberOfLAPACKConvergenceFailures": 0, "NumberOfRLTVariablesAfterLinearization": 3}