{"Itbt": 0, "Pace": 0.000116206, "Depth": 26, "Degree": 2, "RPSTime": 0.0349196, "FBBTTime": 0, "OBBTTime": 0, "TotalTime": 0.260952, "Iterations": 81, "LinearTime": 0.131847, "LowerBound": -1196.37, "TimeVector": [0.0163158, 0.0290701, 0.0400705, 0.0520685, 0.0643817, 0.0667101, 0.0686619, 0.0791478, 0.0810516, 0.083227, 0.0853825, 0.0875462, 0.0894965, 0.0916802, 0.0940075, 0.104157, 0.106295, 0.108309, 0.110286, 0.112237, 0.11434, 0.116327, 0.118286, 0.12024, 0.122269, 0.124276, 0.126265, 0.128272, 0.130228, 0.132207, 0.134191, 0.144981, 0.147015, 0.149001, 0.151002, 0.152997, 0.154978, 0.156889, 0.158933, 0.160848, 0.162732, 0.164719, 0.166736, 0.168644, 0.170642, 0.172548, 0.174548, 0.176586, 0.17854, 0.180567, 0.182585, 0.184527, 0.186557, 0.188516, 0.190555, 0.192537, 0.194561, 0.196713, 0.198692, 0.200646, 0.202681, 0.204675, 0.206678, 0.218209, 0.220229, 0.222213, 0.224239, 0.226278, 0.22828, 0.230268, 0.232269, 0.234245, 0.236238, 0.238303, 0.240333, 0.242384, 0.244355, 0.246375, 0.248342, 0.250454, 0.511405], "UpperBound": -1195.23, "rootBTTime": 0, "LowerBounds": {"1": -3441.95, "2": -2627.66, "3": -2110, "4": -2070.45, "5": -1823.9, "6": -1638.33, "7": -1623.66, "8": -1500.86, "9": -1436.17, "10": -1399.95, "11": -1318.77, "12": -1307.03, "13": -1300.91, "14": -1292.79, "15": -1253.79, "16": -1238.12, "17": -1228.61, "18": -1221.39, "19": -1220.36, "20": -1219.29, "21": -1219.23, "22": -1218.18, "23": -1217.03, "24": -1215.84, "25": -1214.62, "26": -1213.38, "27": -1212.38, "28": -1212.11, "29": -1211.3, "30": -1210.83, "31": -1210.18, "32": -1209.99, "33": -1209.52, "34": -1209.01, "35": -1208.21, "36": -1207.81, "37": -1206.88, "38": -1206.85, "39": -1206.58, "40": -1206.25, "41": -1205.59, "42": -1205.54, "43": -1205.32, "44": -1204.88, "45": -1204.19, "46": -1204.11, "47": -1204.03, "48": -1203.49, "49": -1203.3, "50": -1202.84, "51": -1202.72, "52": -1202.44, "53": -1202.36, "54": -1201.55, "55": -1201.49, "56": -1201.39, "57": -1201.18, "58": -1200.89, "59": -1200.62, "60": -1200.18, "61": -1200.13, "62": -1200.04, "63": -1199.97, "64": -1199.66, "65": -1199.53, "66": -1198.82, "67": -1198.78, "68": -1198.72, "69": -1198.68, "70": -1198.67, "71": -1198.05, "72": -1197.88, "73": -1197.66, "74": -1197.44, "75": -1197.42, "76": -1197.31, "77": -1197.23, "78": -1197.22, "79": -1196.63, "80": -1196.63, "81": -1196.37}, "SolveResult": 0, "UpperBounds": {"1": -1195.23}, "MaxQueueSize": 21, "VisitedNodes": 163, "BranchingVars": [7, 6, 6, 5, 5, 4, 7, 5, 7, 7, 4, 4, 5, 4, 7, 6, 6, 5, 5, 5, 6, 5, 5, 5, 5, 5, 5, 5, 5, 5, 5, 6, 5, 5, 5, 5, 5, 7, 5, 7, 7, 5, 5, 7, 5, 7, 5, 5, 7, 5, 5, 7, 5, 7, 5, 5, 5, 6, 7, 7, 5, 5, 5, 7, 7, 7, 5, 5, 5, 7, 7, 7, 7, 5, 5, 5, 7, 7, 7, 3, 7], "NonLinearTime": 0.0941615, "OptimalityGap": 1.14033, "BranchingRules": ["sum_dual_weighted_plus1", "sum_dual_weighted_plus1", "sum_dual_weighted_plus1", "sum_dual_weighted_plus1", "sum_dual_weighted_plus1", "sum_dual_weighted_plus1", "sum_dual_weighted_plus1", "sum_dual_weighted_plus1", "sum_dual_weighted_plus1", "sum_dual_weighted_plus1", "sum_dual_weighted_plus1", "sum_dual_weighted_plus1", "sum_dual_weighted_plus1", "sum_dual_weighted_plus1", "sum_dual_weighted_plus1", "sum_dual_weighted_plus1", "sum_dual_weighted_plus1", "sum_dual_weighted_plus1", "sum_dual_weighted_plus1", "sum_dual_weighted_plus1", "sum_dual_weighted_plus1", "sum_dual_weighted_plus1", "sum_dual_weighted_plus1", "sum_dual_weighted_plus1", "sum_dual_weighted_plus1", "sum_dual_weighted_plus1", "sum_dual_weighted_plus1", "sum_dual_weighted_plus1", "sum_dual_weighted_plus1", "sum_dual_weighted_plus1", "sum_dual_weighted_plus1", "sum_dual_weighted_plus1", "sum_dual_weighted_plus1", "sum_dual_weighted_plus1", "sum_dual_weighted_plus1", "sum_dual_weighted_plus1", "sum_dual_weighted_plus1", "sum_dual_weighted_plus1", "sum_dual_weighted_plus1", "sum_dual_weighted_plus1", "sum_dual_weighted_plus1", "sum_dual_weighted_plus1", "sum_dual_weighted_plus1", "sum_dual_weighted_plus1", "sum_dual_weighted_plus1", "sum_dual_weighted_plus1", "sum_dual_weighted_plus1", "sum_dual_weighted_plus1", "sum_dual_weighted_plus1", "sum_dual_weighted_plus1", "sum_dual_weighted_plus1", "sum_dual_weighted_plus1", "sum_dual_weighted_plus1", "sum_dual_weighted_plus1", "sum_dual_weighted_plus1", "sum_dual_weighted_plus1", "sum_dual_weighted_plus1", "sum_dual_weighted_plus1", "sum_dual_weighted_plus1", "sum_dual_weighted_plus1", "sum_dual_weighted_plus1", "sum_dual_weighted_plus1", "sum_dual_weighted_plus1", "sum_dual_weighted_plus1", "sum_dual_weighted_plus1", "sum_dual_weighted_plus1", "sum_dual_weighted_plus1", "sum_dual_weighted_plus1", "sum_dual_weighted_plus1", "sum_dual_weighted_plus1", "sum_dual_weighted_plus1", "sum_dual_weighted_plus1", "sum_dual_weighted_plus1", "sum_dual_weighted_plus1", "sum_dual_weighted_plus1", "sum_dual_weighted_plus1", "sum_dual_weighted_plus1", "sum_dual_weighted_plus1", "sum_dual_weighted_plus1", "sum_dual_weighted_plus1", "sum_dual_weighted_plus1"], "LBImprovements": [814.292, 557.209, 609.133, 432.125, 387.727, 238.374, 304.887, 443.742, 287.102, 161.829, 152.392, 246.518, 421.206, 282.409, 208.068, 9.51128, 9.37752, 1.02462, 1.07163, 1.11403, 9.24229, 1.15209, 1.18607, 1.21624, 1.24282, 1.26604, 1.07755, 1.28612, 1.12327, 1.30326, 1.16441, 9.10586, 1.31763, 1.20123, 1.32944, 1.23402, 1.33883, 6.66798, 1.26302, 6.7233, 6.77728, 1.34599, 1.28846, 6.82993, 1.35105, 6.8813, 1.31057, 1.12919, 6.93142, 1.35416, 1.32956, 6.98032, 1.17365, 7.02802, 1.35546, 1.34564, 1.21355, 8.96846, 7.07456, 6.5335, 1.35507, 1.35898, 1.24918, 7.11997, 6.58748, 6.64015, 1.35311, 1.2808, 1.36977, 7.16427, 6.69153, 6.70029, 7.20748, 1.30866, 1.34971, 1.37819, 6.74166, 6.75561, 7.24965, 0.527564, 6.80958], "InfeasibleNodes": 0, "ElapsedTimeCoeffs": 0, "LinearizationTime": 0.000387519, "NumberOfVariables": 8, "CallsToLinearSolver": 163, "LinearGenerationTime": 0.03751, "SDPCutsGenerationTime": 0, "CallsToNonLinearSolver": 10, "StrongBranchingExtraTime": 0, "ElapsedTimeWeightedCoeffs": 0, "NodesDiscardedByFathoming": 0, "NodesDiscardedByTolerance": 82, "BoundFactorConstraintsTime": 0.0141538, "ElapsedTimeVarsInConstraints": 0.000008878, "meanBTRelativeChangeRootNode": 0, "NumberOfBoundFactorConstraints": 136, "NumberOfLAPACKConvergenceFailures": 0, "NumberOfRLTVariablesAfterLinearization": 36}