{"Itbt": 0, "Pace": 0.000825212, "Depth": 24, "Degree": 2, "RPSTime": 0.00907768, "FBBTTime": 0, "OBBTTime": 0, "TotalTime": 0.123704, "Iterations": 40, "LinearTime": 0.0286879, "LowerBound": -795.547, "TimeVector": [0.0155381, 0.0266711, 0.0377476, 0.0484266, 0.0591127, 0.0600342, 0.060921, 0.0710357, 0.0719073, 0.0727878, 0.0736229, 0.0745103, 0.0753576, 0.0762268, 0.0771165, 0.0867212, 0.0876369, 0.088515, 0.0893691, 0.0902386, 0.0910997, 0.0919885, 0.0928774, 0.0937184, 0.094574, 0.0954238, 0.0962784, 0.0971036, 0.0979857, 0.0988326, 0.0997148, 0.10886, 0.109794, 0.110686, 0.111544, 0.112391, 0.113222, 0.114028, 0.114866, 0.23857], "UpperBound": -794.856, "rootBTTime": 0, "LowerBounds": {"1": -945.451, "2": -925.325, "3": -856.609, "4": -851.18, "5": -851.085, "6": -840.48, "7": -823.032, "8": -820.58, "9": -819.153, "10": -818.516, "11": -812.008, "12": -810.526, "13": -809.756, "14": -809.276, "15": -808.221, "16": -808.115, "17": -806.74, "18": -805.591, "19": -804.636, "20": -803.842, "21": -803.482, "22": -801.994, "23": -800.73, "24": -800.489, "25": -799.846, "26": -799.657, "27": -799.313, "28": -798.872, "29": -798.747, "30": -798.508, "31": -798.208, "32": -797.974, "33": -797.96, "34": -797.319, "35": -796.715, "36": -796.513, "37": -796.346, "38": -796.209, "39": -796.096, "40": -795.547}, "SolveResult": 0, "UpperBounds": {"1": -480.662, "2": -794.856}, "MaxQueueSize": 3, "VisitedNodes": 81, "BranchingVars": [3, 4, 4, 3, 4, 4, 4, 2, 4, 4, 2, 2, 2, 2, 4, 2, 2, 2, 2, 4, 2, 2, 2, 2, 2, 2, 2, 2, 2, 2, 2, 2, 4, 4, 2, 2, 2, 2, 2, 4], "NonLinearTime": 0.0859249, "OptimalityGap": 0.690819, "BranchingRules": ["sum_dual_weighted_plus1", "sum_dual_weighted_plus1", "sum_dual_weighted_plus1", "sum_dual_weighted_plus1", "sum_dual_weighted_plus1", "sum_dual_weighted_plus1", "sum_dual_weighted_plus1", "sum_dual_weighted_plus1", "sum_dual_weighted_plus1", "sum_dual_weighted_plus1", "sum_dual_weighted_plus1", "sum_dual_weighted_plus1", "sum_dual_weighted_plus1", "sum_dual_weighted_plus1", "sum_dual_weighted_plus1", "sum_dual_weighted_plus1", "sum_dual_weighted_plus1", "sum_dual_weighted_plus1", "sum_dual_weighted_plus1", "sum_dual_weighted_plus1", "sum_dual_weighted_plus1", "sum_dual_weighted_plus1", "sum_dual_weighted_plus1", "sum_dual_weighted_plus1", "sum_dual_weighted_plus1", "sum_dual_weighted_plus1", "sum_dual_weighted_plus1", "sum_dual_weighted_plus1", "sum_dual_weighted_plus1", "sum_dual_weighted_plus1", "sum_dual_weighted_plus1", "sum_dual_weighted_plus1", "sum_dual_weighted_plus1", "sum_dual_weighted_plus1", "sum_dual_weighted_plus1", "sum_dual_weighted_plus1", "sum_dual_weighted_plus1", "sum_dual_weighted_plus1", "sum_dual_weighted_plus1", "sum_dual_weighted_plus1"], "LBImprovements": [20.126, 74.1455, 16.1297, 0.0946122, 28.0527, 19.9001, 11.0239, 2.06313, 25.4866, 8.76024, 1.48237, 1.24959, 1.64119, 1.05563, 4.73868, 1.37533, 1.1483, 0.955805, 0.793549, 3.35277, 1.48789, 1.26389, 1.07303, 0.643705, 0.532988, 0.910574, 0.440672, 0.363907, 0.772411, 0.300216, 0.247469, 0.654995, 1.24507, 2.14782, 0.202236, 0.16657, 0.137132, 0.112853, 0.0928441, 0.456858], "InfeasibleNodes": 0, "ElapsedTimeCoeffs": 0, "LinearizationTime": 0.000025044, "NumberOfVariables": 10, "CallsToLinearSolver": 81, "LinearGenerationTime": 0.00737408, "SDPCutsGenerationTime": 0, "CallsToNonLinearSolver": 9, "StrongBranchingExtraTime": 0, "ElapsedTimeWeightedCoeffs": 0, "NodesDiscardedByFathoming": 0, "NodesDiscardedByTolerance": 41, "BoundFactorConstraintsTime": 0.000730615, "ElapsedTimeVarsInConstraints": 0.000021108, "meanBTRelativeChangeRootNode": 0, "NumberOfBoundFactorConstraints": 20, "NumberOfLAPACKConvergenceFailures": 0, "NumberOfRLTVariablesAfterLinearization": 5}