{"Itbt": 0, "Pace": 37.4115, "Depth": 2, "Degree": 2, "RPSTime": 0.00137219, "FBBTTime": 0, "OBBTTime": 0, "TotalTime": 0.0374115, "Iterations": 2, "LinearTime": 0.00241032, "LowerBound": 0, "TimeVector": [0.0213021, 0.0587134], "UpperBound": 0, "rootBTTime": 0, "LowerBounds": {"1": 0}, "SolveResult": 0, "UpperBounds": {"1": 179769000000000000000000000000000000000000000000000000000000000000000000000000000000000000000000000000000000000000000000000000000000000000000000000000000000000000000000000000000000000000000000000000000000000000000000000000000000000000000000000000000000000000000000000000000000000000000000000000000000000000000, "2": 0}, "MaxQueueSize": 0, "VisitedNodes": 5, "BranchingVars": [6, 7], "NonLinearTime": 0.0336251, "OptimalityGap": 0, "BranchingRules": ["sum_dual_weighted_plus1", "sum_dual_weighted_plus1"], "LBImprovements": [0, 0], "InfeasibleNodes": 0, "ElapsedTimeCoeffs": 0, "LinearizationTime": 0.00004571, "NumberOfVariables": 8, "CallsToLinearSolver": 5, "LinearGenerationTime": 0.000607074, "SDPCutsGenerationTime": 0, "CallsToNonLinearSolver": 3, "StrongBranchingExtraTime": 0, "ElapsedTimeWeightedCoeffs": 0, "NodesDiscardedByFathoming": 3, "NodesDiscardedByTolerance": 0, "BoundFactorConstraintsTime": 0.000153727, "ElapsedTimeVarsInConstraints": 0.000012592, "meanBTRelativeChangeRootNode": 0, "NumberOfBoundFactorConstraints": 36, "NumberOfLAPACKConvergenceFailures": 0, "NumberOfRLTVariablesAfterLinearization": 11}