{"Itbt": 0, "Pace": 0.0795463, "Depth": 11, "Degree": 6, "RPSTime": 89.4523, "FBBTTime": 0, "OBBTTime": 0, "TotalTime": 600.098, "Iterations": 95, "LinearTime": 510.457, "LowerBound": 36098.6, "TimeVector": [4.63997, 7.20369, 10.0638, 12.8191, 16.3537, 19.392, 22.2745, 26.4331, 31.117, 35.5617, 39.6473, 43.375, 48.0733, 51.7796, 57.0178, 64.6457, 69.8356, 77.6418, 82.9011, 93.2683, 101.575, 107.948, 118.321, 123.904, 127.403, 131.182, 135.968, 139.616, 146.8, 155.37, 163.637, 168.951, 174.618, 178.752, 183.816, 191.455, 196.559, 202.748, 207.619, 215.256, 220.274, 226.845, 231.175, 236.067, 244.064, 251.454, 258.322, 263.856, 267.352, 271.616, 279.262, 287.83, 292.936, 299.086, 304.46, 310.193, 315.13, 323.78, 328.665, 346.478, 352.404, 360.74, 368.144, 374.942, 383.159, 391.613, 401.523, 405.377, 413.656, 420.634, 426.69, 436.428, 444.945, 452.437, 459.465, 467.058, 471.35, 484.673, 490.217, 495.246, 501.328, 508.797, 516.487, 525.225, 533.281, 542.95, 548.874, 554.176, 559.026, 565.716, 576.048, 579.79, 588.738, 593.5, 613.808], "UpperBound": 36532.6, "rootBTTime": 0, "LowerBounds": {"1": 28555.9, "2": 30364.2, "3": 31404.1, "4": 31675.2, "5": 32701.7, "6": 32733.7, "7": 33465.3, "8": 33503.6, "9": 33878.8, "10": 33962.8, "11": 33998.7, "12": 34129.8, "13": 34158.6, "14": 34306.2, "15": 34402.4, "16": 34421.6, "17": 34593.6, "18": 34610.3, "19": 34776.8, "20": 34779.4, "21": 34785.1, "22": 34827.7, "23": 34924.4, "24": 35026.7, "25": 35086.1, "26": 35140, "27": 35165.7, "28": 35186.9, "29": 35248.5, "30": 35282.4, "31": 35331.3, "32": 35354.4, "33": 35377.1, "34": 35404.6, "35": 35416, "36": 35423.7, "37": 35427.1, "38": 35489.5, "39": 35492.9, "40": 35516.3, "41": 35529.8, "42": 35543.3, "43": 35572.2, "44": 35575.5, "45": 35598.8, "46": 35609.6, "47": 35626.7, "48": 35635.5, "49": 35655.6, "50": 35659.5, "51": 35662.2, "52": 35674.9, "53": 35709.3, "54": 35738.8, "55": 35757.9, "56": 35770.3, "57": 35783.5, "58": 35784.2, "59": 35819.2, "60": 35838.8, "61": 35842.3, "62": 35846.1, "63": 35851.3, "64": 35855.3, "65": 35877.4, "66": 35890.5, "67": 35893.8, "68": 35931.8, "69": 35946.1, "70": 35958.8, "71": 35964.2, "72": 35966.3, "73": 35975.4, "74": 35996.8, "75": 35997.7, "76": 36005.7, "77": 36011.9, "78": 36014, "79": 36015, "80": 36016.9, "81": 36017.6, "82": 36025.6, "83": 36027.6, "84": 36042.2, "85": 36043.6, "86": 36047.8, "87": 36048.8, "88": 36053.1, "89": 36057.9, "90": 36060.8, "91": 36062.4, "92": 36062.9, "93": 36087, "94": 36092.7, "95": 36098.6}, "SolveResult": 402, "UpperBounds": {"1": 36532.6}, "MaxQueueSize": 83, "VisitedNodes": 191, "BranchingVars": [2, 1, 1, 0, 2, 2, 2, 4, 4, 3, 4, 4, 0, 2, 0, 4, 2, 4, 4, 0, 0, 2, 3, 5, 2, 3, 5, 4, 3, 3, 2, 0, 5, 5, 5, 3, 5, 0, 2, 5, 5, 2, 3, 0, 5, 2, 5, 5, 2, 5, 2, 2, 3, 3, 5, 0, 3, 2, 5, 5, 5, 0, 2, 2, 5, 5, 2, 5, 0, 2, 5, 5, 4, 3, 3, 2, 1, 2, 0, 5, 5, 2, 5, 1, 3, 0, 0, 1, 5, 2, 3, 3, 3, 5, 0], "NonLinearTime": 0.188716, "OptimalityGap": 433.922, "BranchingRules": ["eigen_cen_alternative_rel", "eigen_cen_alternative_rel", "eigen_cen_alternative_rel", "eigen_cen_alternative_rel", "eigen_cen_alternative_rel", "eigen_cen_alternative_rel", "eigen_cen_alternative_rel", "eigen_cen_alternative_rel", "eigen_cen_alternative_rel", "eigen_cen_alternative_rel", "eigen_cen_alternative_rel", "eigen_cen_alternative_rel", "eigen_cen_alternative_rel", "eigen_cen_alternative_rel", "eigen_cen_alternative_rel", "eigen_cen_alternative_rel", "eigen_cen_alternative_rel", "eigen_cen_alternative_rel", "eigen_cen_alternative_rel", "eigen_cen_alternative_rel", "eigen_cen_alternative_rel", "eigen_cen_alternative_rel", "eigen_cen_alternative_rel", "eigen_cen_alternative_rel", "eigen_cen_alternative_rel", "eigen_cen_alternative_rel", "eigen_cen_alternative_rel", "eigen_cen_alternative_rel", "eigen_cen_alternative_rel", "eigen_cen_alternative_rel", "eigen_cen_alternative_rel", "eigen_cen_alternative_rel", "eigen_cen_alternative_rel", "eigen_cen_alternative_rel", "eigen_cen_alternative_rel", "eigen_cen_alternative_rel", "eigen_cen_alternative_rel", "eigen_cen_alternative_rel", "eigen_cen_alternative_rel", "eigen_cen_alternative_rel", "eigen_cen_alternative_rel", "eigen_cen_alternative_rel", "eigen_cen_alternative_rel", "eigen_cen_alternative_rel", "eigen_cen_alternative_rel", "eigen_cen_alternative_rel", "eigen_cen_alternative_rel", "eigen_cen_alternative_rel", "eigen_cen_alternative_rel", "eigen_cen_alternative_rel", "eigen_cen_alternative_rel", "eigen_cen_alternative_rel", "eigen_cen_alternative_rel", "eigen_cen_alternative_rel", "eigen_cen_alternative_rel", "eigen_cen_alternative_rel", "eigen_cen_alternative_rel", "eigen_cen_alternative_rel", "eigen_cen_alternative_rel", "eigen_cen_alternative_rel", "eigen_cen_alternative_rel", "eigen_cen_alternative_rel", "eigen_cen_alternative_rel", "eigen_cen_alternative_rel", "eigen_cen_alternative_rel", "eigen_cen_alternative_rel", "eigen_cen_alternative_rel", "eigen_cen_alternative_rel", "eigen_cen_alternative_rel", "eigen_cen_alternative_rel", "eigen_cen_alternative_rel", "eigen_cen_alternative_rel", "eigen_cen_alternative_rel", "eigen_cen_alternative_rel", "eigen_cen_alternative_rel", "eigen_cen_alternative_rel", "eigen_cen_alternative_rel", "eigen_cen_alternative_rel", "eigen_cen_alternative_rel", "eigen_cen_alternative_rel", "eigen_cen_alternative_rel", "eigen_cen_alternative_rel", "eigen_cen_alternative_rel", "eigen_cen_alternative_rel", "eigen_cen_alternative_rel", "eigen_cen_alternative_rel", "eigen_cen_alternative_rel", "eigen_cen_alternative_rel", "eigen_cen_alternative_rel", "eigen_cen_alternative_rel", "eigen_cen_alternative_rel", "eigen_cen_alternative_rel", "eigen_cen_alternative_rel", "eigen_cen_alternative_rel", "eigen_cen_alternative_rel"], "LBImprovements": [1808.35, 1310.97, 2725.7, 1026.51, 801.893, 1145.12, 1145.02, 459.261, 906.281, 343.397, 403.697, 1359.64, 1028.31, 720.466, 522.061, 1005.51, 654.857, 475.83, 795.315, 763.96, 638.618, 549.461, 406.891, 377.907, 196.292, 352.913, 573.1, 1368.74, 281.366, 475.49, 304.162, 611.936, 407.088, 257.637, 210.736, 415.063, 569.683, 352.823, 384.547, 377.437, 325.46, 500.239, 444.765, 587.262, 488.105, 417.985, 156.783, 362.207, 407.275, 346.256, 183.804, 342.773, 409.287, 207.37, 414.656, 255.328, 228.449, 263.524, 238.706, 433.936, 489.789, 316.787, 424.218, 295.643, 313.22, 453.917, 370.623, 212.917, 270.165, 209.746, 608.861, 439.906, 257.042, 421.816, 197.575, 284.348, 334.631, 242.16, 158.964, 569.717, 294.771, 220.225, 304.823, 161.074, 312.302, 238.045, 153.356, 305.813, 208.865, 247.796, 365.141, 378.636, 276.145, 611.433, 165.941], "InfeasibleNodes": 1, "ElapsedTimeCoeffs": 0, "LinearizationTime": 1.0377, "NumberOfVariables": 6, "CallsToLinearSolver": 191, "LinearGenerationTime": 26.2112, "SDPCutsGenerationTime": 0, "CallsToNonLinearSolver": 10, "StrongBranchingExtraTime": 0, "ElapsedTimeWeightedCoeffs": 0, "NodesDiscardedByFathoming": 0, "NodesDiscardedByTolerance": 13, "BoundFactorConstraintsTime": 85.6985, "ElapsedTimeVarsInConstraints": 0, "meanBTRelativeChangeRootNode": 0, "NumberOfBoundFactorConstraints": 12369, "NumberOfLAPACKConvergenceFailures": 0, "NumberOfRLTVariablesAfterLinearization": 916}