{"Itbt": 0, "Pace": 0.00622786, "Depth": 7, "Degree": 6, "RPSTime": 0.0867597, "FBBTTime": 0, "OBBTTime": 0, "TotalTime": 0.651069, "Iterations": 29, "LinearTime": 0.49454, "LowerBound": 269.473, "TimeVector": [0.0510623, 0.078792, 0.106852, 0.134445, 0.16643, 0.185695, 0.206402, 0.23319, 0.253339, 0.273143, 0.290568, 0.307535, 0.325525, 0.343567, 0.362035, 0.38867, 0.406718, 0.424577, 0.445066, 0.464626, 0.485123, 0.504215, 0.523893, 0.543855, 0.565215, 0.584875, 0.60484, 0.625343, 1.27641], "UpperBound": 269.623, "rootBTTime": 0, "LowerBounds": {"1": 164.933, "2": 183.416, "3": 193.599, "4": 202.548, "5": 211.122, "6": 231.654, "7": 234.787, "8": 237.168, "9": 237.447, "10": 248.051, "11": 251.519, "12": 252.992, "13": 253.517, "14": 256.366, "15": 257.792, "16": 258.525, "17": 259.697, "18": 259.697, "19": 261.827, "20": 265.516, "21": 266.613, "22": 266.73, "23": 266.873, "24": 267.04, "25": 267.04, "26": 268.391, "27": 269.005, "28": 269.225, "29": 269.473}, "SolveResult": 0, "UpperBounds": {"1": 269.623}, "MaxQueueSize": 11, "VisitedNodes": 59, "BranchingVars": [3, 1, 2, 2, 0, 0, 2, 2, 1, 0, 5, 5, 5, 5, 5, 4, 5, 5, 5, 3, 3, 3, 3, 3, 3, 5, 3, 1, 1], "NonLinearTime": 0.0697571, "OptimalityGap": 0.150374, "BranchingRules": ["eigen_cen_alternative_rel", "eigen_cen_alternative_rel", "eigen_cen_alternative_rel", "eigen_cen_alternative_rel", "eigen_cen_alternative_rel", "eigen_cen_alternative_rel", "eigen_cen_alternative_rel", "eigen_cen_alternative_rel", "eigen_cen_alternative_rel", "eigen_cen_alternative_rel", "eigen_cen_alternative_rel", "eigen_cen_alternative_rel", "eigen_cen_alternative_rel", "eigen_cen_alternative_rel", "eigen_cen_alternative_rel", "eigen_cen_alternative_rel", "eigen_cen_alternative_rel", "eigen_cen_alternative_rel", "eigen_cen_alternative_rel", "eigen_cen_alternative_rel", "eigen_cen_alternative_rel", "eigen_cen_alternative_rel", "eigen_cen_alternative_rel", "eigen_cen_alternative_rel", "eigen_cen_alternative_rel", "eigen_cen_alternative_rel", "eigen_cen_alternative_rel", "eigen_cen_alternative_rel", "eigen_cen_alternative_rel"], "LBImprovements": [18.4834, 19.1324, 43.8484, 29.1056, 23.6648, 26.1375, 16.7318, 15.8248, 35.1183, 11.6461, 13.9971, 13.7376, 13.5228, 12.6396, 17.8309, 3.30196, 15.7343, 15.8006, 18.3429, 3.70905, 3.04467, 3.15397, 2.60657, 3.1961, 3.1961, 20.4466, 3.92077, 0.248047, 0.248047], "InfeasibleNodes": 0, "ElapsedTimeCoeffs": 0, "LinearizationTime": 0.00159035, "NumberOfVariables": 6, "CallsToLinearSolver": 59, "LinearGenerationTime": 0.0570834, "SDPCutsGenerationTime": 0, "CallsToNonLinearSolver": 8, "StrongBranchingExtraTime": 0, "ElapsedTimeWeightedCoeffs": 0, "NodesDiscardedByFathoming": 0, "NodesDiscardedByTolerance": 30, "BoundFactorConstraintsTime": 0.0564472, "ElapsedTimeVarsInConstraints": 0, "meanBTRelativeChangeRootNode": 0, "NumberOfBoundFactorConstraints": 154, "NumberOfLAPACKConvergenceFailures": 0, "NumberOfRLTVariablesAfterLinearization": 86}