{"Itbt": 0, "Pace": 0.112672, "Depth": 16, "Degree": 6, "RPSTime": 91.0885, "FBBTTime": 0, "OBBTTime": 0, "TotalTime": 559.416, "Iterations": 185, "LinearTime": 468.145, "LowerBound": 14815.5, "TimeVector": [2.20791, 3.43436, 4.85905, 6.0682, 8.3967, 9.78469, 11.5406, 12.9603, 14.5124, 15.9398, 17.6976, 19.4496, 21.104, 23.6318, 25.0361, 26.4414, 28.8558, 31.6223, 33.0064, 36.0005, 37.4617, 39.3864, 41.0024, 42.7398, 45.4039, 46.718, 48.2188, 49.6131, 51.9565, 53.5879, 57.0358, 59.9123, 62.0367, 64.2309, 65.7228, 67.6111, 68.9822, 70.4957, 72.3053, 74.3339, 75.9879, 77.9118, 80.6424, 83.6666, 86.3503, 88.5011, 91.0707, 92.5226, 94.5191, 96.82, 100.397, 102.749, 104.964, 108.227, 111.068, 113.856, 115.429, 118.254, 120.073, 122.922, 124.401, 125.937, 129.255, 130.817, 132.406, 135.491, 137.943, 140.49, 143.189, 144.618, 147.267, 148.88, 151.214, 153.698, 156.275, 159.151, 161.619, 165.239, 167.428, 171.213, 173.832, 175.875, 177.59, 181.155, 184.613, 186.333, 190.619, 193.139, 195.298, 197.005, 201.066, 204.045, 206.962, 209.239, 212.386, 213.933, 216.901, 219.133, 222.41, 226.094, 229.055, 231.342, 235.853, 238.895, 243.022, 247.902, 249.439, 252.218, 256.416, 258.913, 261.265, 263.028, 265.572, 269.446, 272.792, 276.733, 279.566, 281.662, 284.874, 287.439, 291.53, 295.283, 298.704, 301.27, 305.455, 309.037, 310.787, 313.256, 315.59, 319.963, 324.627, 328.732, 330.862, 334.344, 337.712, 343.072, 344.984, 348.398, 352.09, 356.024, 362.672, 367.051, 372.457, 377.416, 379.927, 384.805, 389.925, 394.238, 399.281, 404.334, 409.003, 414.659, 419.067, 423.23, 428.08, 431.791, 437.296, 442.079, 444.254, 449.752, 454.456, 457.63, 462.631, 468.017, 471.596, 476.758, 480.752, 484.846, 490.015, 494.972, 500.102, 504.298, 509.049, 513.644, 517.934, 522.626, 527.089, 532.115, 536.288, 539.917, 542.534, 545.058, 549.442, 555.325, 574.824], "UpperBound": 14829.7, "rootBTTime": 0, "LowerBounds": {"1": 9850.57, "2": 10654.9, "3": 11416.5, "4": 11838.2, "5": 12063.5, "6": 12563.3, "7": 12621.6, "8": 12717.2, "9": 12842.2, "10": 13159.8, "11": 13248.6, "12": 13262.1, "13": 13328.8, "14": 13353, "15": 13372.8, "16": 13507.6, "17": 13547.7, "18": 13636.8, "19": 13663.5, "20": 13756.4, "21": 13761.2, "22": 13804, "23": 13899, "24": 13911, "25": 13912.5, "26": 13924.3, "27": 13948.6, "28": 13985.3, "29": 14007, "30": 14049.1, "31": 14079.2, "32": 14098.9, "33": 14118.5, "34": 14123.7, "35": 14146.1, "36": 14151.9, "37": 14156, "38": 14167.8, "39": 14185.9, "40": 14186.8, "41": 14188.6, "42": 14216.9, "43": 14249.4, "44": 14255.7, "45": 14256.2, "46": 14256.5, "47": 14261.3, "48": 14294.2, "49": 14298.6, "50": 14300.9, "51": 14307.1, "52": 14315.1, "53": 14360, "54": 14373.3, "55": 14374.1, "56": 14391.7, "57": 14426.1, "58": 14427.9, "59": 14458.9, "60": 14463.5, "61": 14468.5, "62": 14468.5, "63": 14491.8, "64": 14491.8, "65": 14499.2, "66": 14500.8, "67": 14506.9, "68": 14515.6, "69": 14527.1, "70": 14534.4, "71": 14535.9, "72": 14546.1, "73": 14546.2, "74": 14549.6, "75": 14555.9, "76": 14564.5, "77": 14564.7, "78": 14587.2, "79": 14595.4, "80": 14598, "81": 14605.1, "82": 14611.6, "83": 14624.7, "84": 14627.5, "85": 14647.2, "86": 14647.6, "87": 14647.7, "88": 14660.7, "89": 14661.3, "90": 14664.5, "91": 14682.6, "92": 14685.3, "93": 14691.8, "94": 14692.5, "95": 14694, "96": 14696.7, "97": 14698.4, "98": 14699.2, "99": 14699.7, "100": 14702.4, "101": 14706.5, "102": 14712.6, "103": 14713.1, "104": 14713.4, "105": 14714.1, "106": 14718.6, "107": 14719.1, "108": 14721.7, "109": 14723.9, "110": 14724.5, "111": 14733.1, "112": 14733.2, "113": 14736.5, "114": 14739.2, "115": 14739.5, "116": 14739.6, "117": 14739.7, "118": 14740.5, "119": 14744.1, "120": 14747.9, "121": 14754.6, "122": 14754.6, "123": 14755.6, "124": 14757.4, "125": 14758.7, "126": 14759.9, "127": 14760, "128": 14760.9, "129": 14765.9, "130": 14767.2, "131": 14768.9, "132": 14771.4, "133": 14774.4, "134": 14778.5, "135": 14781.7, "136": 14783.3, "137": 14785.2, "138": 14786.1, "139": 14787.2, "140": 14787.3, "141": 14787.4, "142": 14787.6, "143": 14788.3, "144": 14788.6, "145": 14788.6, "146": 14789.8, "147": 14792.9, "148": 14793.5, "149": 14793.6, "150": 14794.2, "151": 14795, "152": 14795.2, "153": 14795.9, "154": 14799.6, "155": 14799.8, "156": 14799.8, "157": 14800.3, "158": 14800.8, "159": 14801.4, "160": 14802.7, "161": 14803.4, "162": 14803.6, "163": 14804.3, "164": 14804.9, "165": 14805.2, "166": 14805.2, "167": 14805.4, "168": 14806.2, "169": 14806.2, "170": 14806.4, "171": 14806.8, "172": 14807.3, "173": 14807.5, "174": 14808, "175": 14808.4, "176": 14808.9, "177": 14810.2, "178": 14810.9, "179": 14811.5, "180": 14811.6, "181": 14811.7, "182": 14812, "183": 14812.1, "184": 14813.9, "185": 14815.5}, "SolveResult": 0, "UpperBounds": {"1": 14829.7}, "MaxQueueSize": 53, "VisitedNodes": 371, "BranchingVars": [4, 3, 2, 3, 0, 2, 0, 0, 0, 4, 5, 0, 0, 3, 2, 5, 3, 3, 5, 5, 5, 3, 3, 3, 4, 2, 4, 0, 5, 5, 4, 1, 4, 3, 1, 5, 4, 2, 0, 4, 3, 5, 1, 4, 4, 1, 1, 4, 3, 4, 1, 3, 3, 1, 1, 4, 3, 1, 1, 4, 1, 5, 1, 1, 0, 3, 4, 1, 3, 1, 1, 4, 4, 4, 1, 1, 0, 2, 0, 1, 2, 4, 1, 3, 2, 1, 2, 1, 3, 1, 5, 1, 1, 4, 3, 5, 3, 1, 0, 1, 5, 1, 5, 4, 5, 2, 0, 4, 2, 4, 0, 1, 2, 4, 1, 5, 2, 0, 5, 3, 4, 2, 2, 3, 4, 4, 1, 4, 4, 4, 1, 4, 3, 0, 0, 1, 0, 5, 2, 0, 4, 4, 2, 2, 5, 4, 2, 4, 1, 1, 0, 0, 2, 4, 0, 2, 0, 0, 5, 2, 4, 4, 2, 0, 1, 0, 0, 3, 0, 0, 4, 1, 0, 0, 1, 1, 0, 0, 1, 5, 3, 2, 3, 3, 5], "NonLinearTime": 0.181552, "OptimalityGap": 14.1499,