{"Itbt": 0, "Pace": 0.00794219, "Depth": 18, "Degree": 6, "RPSTime": 0.183269, "FBBTTime": 0, "OBBTTime": 0, "TotalTime": 0.9854, "Iterations": 38, "LinearTime": 0.721935, "LowerBound": 252.846, "TimeVector": [0.050387, 0.0819751, 0.112187, 0.139717, 0.171913, 0.192779, 0.216111, 0.251477, 0.276918, 0.299413, 0.321214, 0.343686, 0.368223, 0.391868, 0.416795, 0.447308, 0.468355, 0.492386, 0.514316, 0.535805, 0.559382, 0.583184, 0.603107, 0.627107, 0.651203, 0.675221, 0.695697, 0.719195, 0.739365, 0.763145, 0.785804, 0.815856, 0.840167, 0.86443, 0.885288, 0.909768, 0.955521, 1.94092], "UpperBound": 253.099, "rootBTTime": 0, "LowerBounds": {"1": 128.775, "2": 151.851, "3": 161.395, "4": 175.453, "5": 196.475, "6": 200.243, "7": 202.63, "8": 211.004, "9": 223.57, "10": 225.804, "11": 228.787, "12": 237.592, "13": 239.427, "14": 240.82, "15": 240.94, "16": 241.018, "17": 242.004, "18": 244.522, "19": 248.652, "20": 248.779, "21": 249.982, "22": 250.016, "23": 250.314, "24": 250.326, "25": 250.626, "26": 250.924, "27": 251.134, "28": 251.68, "29": 251.819, "30": 251.872, "31": 251.937, "32": 252.125, "33": 252.23, "34": 252.462, "35": 252.684, "36": 252.794, "37": 252.796, "38": 252.846}, "SolveResult": 0, "UpperBounds": {"1": 253.099}, "MaxQueueSize": 6, "VisitedNodes": 77, "BranchingVars": [2, 4, 4, 0, 0, 4, 3, 3, 3, 3, 2, 3, 0, 3, 0, 0, 0, 3, 2, 3, 3, 3, 0, 4, 0, 3, 2, 3, 0, 0, 3, 4, 0, 4, 0, 3, 2, 2], "NonLinearTime": 0.0801809, "OptimalityGap": 0.252919, "BranchingRules": ["eigen_cen_alternative_rel", "eigen_cen_alternative_rel", "eigen_cen_alternative_rel", "eigen_cen_alternative_rel", "eigen_cen_alternative_rel", "eigen_cen_alternative_rel", "eigen_cen_alternative_rel", "eigen_cen_alternative_rel", "eigen_cen_alternative_rel", "eigen_cen_alternative_rel", "eigen_cen_alternative_rel", "eigen_cen_alternative_rel", "eigen_cen_alternative_rel", "eigen_cen_alternative_rel", "eigen_cen_alternative_rel", "eigen_cen_alternative_rel", "eigen_cen_alternative_rel", "eigen_cen_alternative_rel", "eigen_cen_alternative_rel", "eigen_cen_alternative_rel", "eigen_cen_alternative_rel", "eigen_cen_alternative_rel", "eigen_cen_alternative_rel", "eigen_cen_alternative_rel", "eigen_cen_alternative_rel", "eigen_cen_alternative_rel", "eigen_cen_alternative_rel", "eigen_cen_alternative_rel", "eigen_cen_alternative_rel", "eigen_cen_alternative_rel", "eigen_cen_alternative_rel", "eigen_cen_alternative_rel", "eigen_cen_alternative_rel", "eigen_cen_alternative_rel", "eigen_cen_alternative_rel", "eigen_cen_alternative_rel", "eigen_cen_alternative_rel", "eigen_cen_alternative_rel"], "LBImprovements": [23.0755, 23.6026, 35.0793, 24.7898, 29.3297, 10.761, 277.499, 50.4078, 5.21675, 24.522, 8.80513, 1.83522, 16.6576, 0.120233, 10.9325, 7.76102, 6.64789, 19.9109, 1.32959, 0, 0.332556, 4.48945, 0.820104, 7.13656, 4.74631, 1.30611, 0.545848, 0.139298, 0.305485, 0, 0.524791, 0.558871, 0.979265, 0.383312, 0.152744, 0.00236306, 0, 0.0792596], "InfeasibleNodes": 23, "ElapsedTimeCoeffs": 0, "LinearizationTime": 0.00193552, "NumberOfVariables": 6, "CallsToLinearSolver": 77, "LinearGenerationTime": 0.0933631, "SDPCutsGenerationTime": 0, "CallsToNonLinearSolver": 9, "StrongBranchingExtraTime": 0, "ElapsedTimeWeightedCoeffs": 0, "NodesDiscardedByFathoming": 0, "NodesDiscardedByTolerance": 16, "BoundFactorConstraintsTime": 0.133817, "ElapsedTimeVarsInConstraints": 0, "meanBTRelativeChangeRootNode": 0, "NumberOfBoundFactorConstraints": 148, "NumberOfLAPACKConvergenceFailures": 0, "NumberOfRLTVariablesAfterLinearization": 92}