{"Itbt": 0, "Pace": 0.0480147, "Depth": 13, "Degree": 6, "RPSTime": 62.8321, "FBBTTime": 0, "OBBTTime": 0, "TotalTime": 244.157, "Iterations": 131, "LinearTime": 181.096, "LowerBound": 15943.2, "TimeVector": [2.12714, 3.40568, 4.73865, 6.02296, 7.35273, 8.52619, 9.78055, 11.1607, 12.518, 13.8364, 15.3397, 16.667, 18.0416, 19.4872, 21.1449, 22.6077, 23.9106, 25.2418, 26.5776, 28.1762, 29.7043, 31.4831, 32.761, 34.0952, 35.4536, 36.7749, 38.5482, 40.3694, 41.8682, 43.1795, 44.6148, 46.1954, 47.4953, 49.0033, 50.521, 52.5102, 53.8753, 55.7939, 57.1813, 58.9842, 60.7814, 63.8215, 65.6166, 67.0773, 69.8388, 71.2509, 73.4583, 75.8696, 77.3959, 79.1225, 80.7117, 82.3562, 84.0879, 86.4038, 88.0761, 89.9155, 91.7338, 93.385, 95.2899, 97.2622, 99.4322, 101.004, 103.04, 104.603, 106.214, 107.689, 109.248, 110.677, 112.469, 114.634, 118.193, 119.983, 121.641, 123.867, 125.52, 127.446, 129.4, 132.742, 134.619, 136.22, 138.02, 140.39, 142.301, 144.136, 145.817, 148.194, 149.862, 152.141, 153.895, 155.647, 157.341, 159.237, 160.797, 162.337, 164.064, 166.148, 168.375, 170.034, 171.909, 173.588, 175.357, 177.335, 179.477, 181.233, 183.149, 184.873, 186.811, 190.231, 192.241, 194.473, 196.192, 198.517, 200.658, 202.614, 204.597, 207.346, 209.616, 212.196, 215.862, 217.83, 220.029, 221.861, 223.503, 225.573, 228.191, 230.362, 234.391, 236.672, 238.576, 242.478, 268.805], "UpperBound": 15958.5, "rootBTTime": 0, "LowerBounds": {"1": 10858.2, "2": 11623.2, "3": 12335.2, "4": 12590.1, "5": 13043.8, "6": 13291.3, "7": 13485.4, "8": 13609.4, "9": 13629.7, "10": 13721.4, "11": 14048.5, "12": 14126.5, "13": 14325.4, "14": 14414.8, "15": 14496.1, "16": 14551.3, "17": 14582.3, "18": 14590, "19": 14596.7, "20": 14631, "21": 14771, "22": 14790.7, "23": 14792.6, "24": 14821.9, "25": 14823.4, "26": 14893.1, "27": 14927, "28": 14934.3, "29": 14942.6, "30": 14958, "31": 14964.9, "32": 14967.5, "33": 15113.8, "34": 15130.6, "35": 15235.5, "36": 15263.1, "37": 15322.8, "38": 15357, "39": 15428.9, "40": 15446.5, "41": 15449.5, "42": 15450.3, "43": 15455.5, "44": 15457.5, "45": 15461.6, "46": 15470.6, "47": 15478.2, "48": 15478.5, "49": 15483.9, "50": 15522.8, "51": 15541.6, "52": 15542.3, "53": 15547.5, "54": 15554.9, "55": 15590, "56": 15590.3, "57": 15602.5, "58": 15603.7, "59": 15608.4, "60": 15667.6, "61": 15706.4, "62": 15729.4, "63": 15731.7, "64": 15761, "65": 15762.7, "66": 15767.2, "67": 15794.8, "68": 15811, "69": 15813.7, "70": 15820.3, "71": 15822.1, "72": 15825.2, "73": 15846, "74": 15846, "75": 15848.6, "76": 15850.1, "77": 15856.8, "78": 15860, "79": 15860.6, "80": 15863.7, "81": 15867.5, "82": 15867.9, "83": 15869.9, "84": 15872.4, "85": 15875.1, "86": 15877, "87": 15879.7, "88": 15888.4, "89": 15893.8, "90": 15894.7, "91": 15896.8, "92": 15898.3, "93": 15900.4, "94": 15901.9, "95": 15906.2, "96": 15907.2, "97": 15908.1, "98": 15908.2, "99": 15910.6, "100": 15911.2, "101": 15912.4, "102": 15912.9, "103": 15913.3, "104": 15916.9, "105": 15919.7, "106": 15924.8, "107": 15926.1, "108": 15926.2, "109": 15926.7, "110": 15928.7, "111": 15928.9, "112": 15929.6, "113": 15932, "114": 15932.2, "115": 15932.5, "116": 15934.3, "117": 15935.1, "118": 15935.9, "119": 15936.2, "120": 15936.7, "121": 15937.2, "122": 15937.3, "123": 15937.4, "124": 15938.4, "125": 15940.2, "126": 15940.9, "127": 15941.4, "128": 15941.6, "129": 15941.7, "130": 15942.1, "131": 15943.2}, "SolveResult": 0, "UpperBounds": {"1": 16136, "4": 15958.5}, "MaxQueueSize": 33, "VisitedNodes": 263, "BranchingVars": [3, 0, 1, 4, 0, 0, 1, 2, 2, 2, 4, 2, 2, 4, 0, 4, 1, 2, 1, 4, 5, 0, 2, 1, 1, 1, 1, 2, 1, 1, 5, 5, 2, 5, 5, 0, 5, 5, 4, 5, 5, 5, 5, 1, 5, 1, 5, 5, 5, 5, 5, 2, 5, 0, 0, 5, 5, 5, 5, 5, 0, 1, 5, 1, 1, 1, 1, 4, 4, 0, 5, 5, 0, 4, 4, 0, 5, 1, 4, 4, 1, 4, 1, 4, 1, 1, 1, 3, 4, 5, 4, 5, 0, 4, 5, 2, 2, 1, 5, 5, 0, 2, 1, 0, 3, 1, 2, 1, 1, 1, 1, 5, 1, 5, 5, 2, 5, 1, 0, 1, 5, 5, 5, 5, 3, 3, 0, 2, 2, 4, 1], "NonLinearTime": 0.228055, "OptimalityGap": 15.3306, "BranchingRules": ["eigen_cen_alternative_rel", "eigen_cen_alternative_rel", "eigen_cen_alternative_rel", "eigen_cen_alternative_rel", "eigen_cen_alternative_rel", "eigen_cen_alternative_rel", "eigen_cen_alternative_rel", "eigen_cen_alternative_rel", "eigen_cen_alternative_rel", "eigen_cen_alternative_rel", "eigen_cen_alternative_rel", "eigen_cen_alternative_rel", "eigen_cen_alternative_rel", "eigen_cen_alternative_rel", "eigen_cen_alternative_rel", "eigen_cen_alternative_rel", "eigen_cen_alternative_rel", "eigen_cen_alternative_rel", "eigen_cen_alternative_rel", "eigen_cen_alternative_rel", "eigen_cen_alternative_rel", "eigen_cen_alternative_rel", "eigen_cen_alternative_rel", "eigen_cen_alternative_rel", "eigen_cen_alternative_rel", "eigen_cen_alternative_rel", "eigen_cen_alternative_rel", "eigen_cen_alternative_rel", "eigen_cen_alternative_rel", "eigen_cen_alternative_rel", "eigen_cen_alternative_rel", "eigen_cen_alternative_rel", "eigen_cen_alternative_rel", "eigen_cen_alternative_rel", "eigen_cen_alternative_rel", "eigen_cen_alternative_rel", "eigen_cen_alternative_rel", "eigen_cen_alternative_rel", "eigen_cen_alternative_rel", "eigen_cen_alternative_rel", "eigen_cen_alternative_rel", "eigen_cen_alternative_rel", "eigen_cen_alternative_rel", "eigen_cen_alternative_rel", "eigen_cen_alternative_rel", "eigen_cen_alternative_rel", "eigen_cen_alternative_rel", "eigen_cen_alternative_rel", "eigen_cen_alternative_rel", "eigen_cen_alternative_rel", "eigen_cen_alternative_rel", "eigen_cen_alternative_rel", "eigen_cen_alternative_rel", "eigen_cen_alternative_rel", "eigen_cen_alternative_rel", "eigen_cen_alternative_rel", "eigen_cen_alternative_rel", "eigen_cen_alternative_rel", "eigen_cen_alternative_rel", "eigen_cen_alternative_rel", "eigen_cen_alternative_rel", "eigen_cen_alternative_rel", "eigen_cen_alternative_rel", "eigen_cen_alternative_rel", "eigen_cen_alternative_rel", "eigen_cen_alternative_rel", "eigen_cen_alternative_rel", "eigen_cen_alternative_rel", "eigen_cen_alternative_rel", "eigen_cen_alternative_rel", "eigen_cen_alternative_rel", "eigen_cen_alternative_rel", "eigen_cen_alternative_rel", "eigen_cen_alternative_rel", "eigen_cen_alternative_rel", "eigen_cen_alternative_rel", "eigen_cen_alternative_rel", "eigen_cen_alternative_rel", "eigen_cen_alternative_rel", "eigen_cen_alternative_rel", "eigen_cen_alternative_rel", "eigen_cen_alternative_rel", "eigen_cen_alternative_rel", "eigen_cen_alternative_rel", "eigen_cen_alternative_rel", "eigen_cen_alternative_rel", "eigen_cen_alternative_rel", "eigen_cen_alternative_rel", "eigen_cen_alternative_rel", "eigen_cen_alternative_rel", "eigen_cen_alternative_rel", "eigen_cen_alternative_rel", "eigen_cen_alternative_rel", "eigen_cen_alternative_rel", "eigen_cen_alternative_rel", "eigen_cen_alternative_rel", "eigen_cen_alternative_rel", "eigen_cen_alternative_rel", "eigen_cen_alternative_rel", "eigen_cen_alternative_rel", "eigen_cen_alternative_rel", "eigen_cen_alternative_rel", "eigen_cen_alternative_rel", "eigen_cen_alternative_rel", "eigen_cen_alternative_rel", "eigen_cen_alternative_rel", "eigen_cen_alternative_rel", "eigen_cen_alternative_rel", "eigen_cen_alternative_rel", "eigen_cen_alternative_rel", "eigen_cen_alternative_rel", "eigen_cen_alternative_rel", "eigen_cen_alternative_rel", "eigen_cen_alternative_rel", "eigen_cen_alternative_rel", "eigen_cen_alternative_rel", "eigen_cen_alternative_rel", "eigen_cen_alternative_rel", "eigen_cen_alternative_rel", "eigen_cen_alternative_rel", "eigen_cen_alternative_rel", "eigen_cen_alternative_rel", "eigen_cen_alternative_rel", "eigen_cen_alternative_rel", "eigen_cen_alternative_rel", "eigen_cen_alternative_rel", "eigen_cen_alternative_rel", "eigen_cen_alternative_rel", "eigen_cen_alternative_rel", "eigen_cen_alternative_rel", "eigen_cen_alternative_rel"],