{"Itbt": 0, "Pace": 0.139838, "Depth": 11, "Degree": 6, "RPSTime": 97.4453, "FBBTTime": 0, "OBBTTime": 0, "TotalTime": 600.614, "Iterations": 203, "LinearTime": 502.988, "LowerBound": 15608.2, "TimeVector": [2.39367, 3.65331, 4.98747, 6.29631, 7.67776, 9.06072, 10.5221, 12.0366, 13.5386, 14.9417, 18.4118, 20.0098, 21.7762, 23.4235, 24.8086, 26.3102, 27.9339, 29.5739, 31.1947, 32.8312, 34.3285, 38.4792, 40.0438, 41.5447, 43.077, 45.7497, 48.2795, 50.3582, 52.5602, 54.109, 56.2542, 60.5975, 62.8156, 64.4502, 66.1522, 68.4166, 70.4048, 71.9989, 73.6019, 76.3019, 77.8695, 79.3665, 81.8859, 84.5619, 87.8798, 89.3722, 92.8275, 95.2282, 97.2143, 98.781, 101.644, 105.831, 107.515, 109.919, 112.55, 115.8, 118.4, 120.585, 122.081, 124.118, 126.848, 129.483, 132.089, 134.458, 136.959, 139.558, 141.713, 143.31, 146.915, 149.395, 151.696, 153.556, 156.968, 160.585, 163.804, 167.258, 170.479, 172.534, 175.396, 178.436, 182.179, 183.94, 187.235, 191.79, 194.196, 196.997, 200.349, 204.529, 208.009, 209.503, 211.88, 215.094, 218.034, 220.315, 224.553, 228.144, 231.459, 234.885, 238.165, 240.662, 242.447, 245.342, 249.382, 255.049, 258.52, 261.66, 264.193, 267.815, 270.163, 272.674, 275.785, 280.169, 283.844, 287.074, 289.078, 292.518, 295.816, 299.232, 302.297, 305.724, 307.665, 311.956, 315.263, 319.529, 323.645, 327.363, 329.913, 333.674, 337.092, 338.615, 342.66, 345.823, 349.357, 352.069, 354.471, 357.853, 360.341, 365.594, 369.307, 373.363, 377.749, 381.555, 385.549, 389.064, 393.778, 396.504, 398.647, 401.935, 404.804, 408.108, 411.941, 416.767, 419.769, 422.515, 427.045, 430.809, 435.952, 438.066, 441.118, 444.918, 447.42, 451.474, 454.345, 457.47, 460.184, 464.984, 468.792, 471.994, 476.289, 478.858, 481.918, 485.482, 490.078, 492.891, 496.43, 500.615, 504.659, 506.694, 509.863, 513.953, 517.057, 522.489, 529.766, 534.258, 538.328, 542.206, 545.703, 548.769, 553.837, 559.548, 562.142, 565.29, 568.934, 571.347, 576.7, 580.402, 583.723, 586.53, 589.231, 593.25, 596.846, 599.089, 602.856], "UpperBound": 15640.6, "rootBTTime": 0, "LowerBounds": {"1": 11317.5, "2": 11996.2, "3": 12712.6, "4": 12939, "5": 13394.3, "6": 13728.6, "7": 13735.1, "8": 13740.5, "9": 14171.9, "10": 14187.9, "11": 14309.5, "12": 14432.6, "13": 14446.4, "14": 14458.6, "15": 14471.9, "16": 14491, "17": 14500.3, "18": 14516.6, "19": 14657.1, "20": 14728.4, "21": 14757.3, "22": 14758.6, "23": 14771.1, "24": 14907.7, "25": 14907.8, "26": 14929.7, "27": 14961.7, "28": 14965, "29": 14974.7, "30": 14979.1, "31": 14990.6, "32": 14996.3, "33": 15016, "34": 15035.9, "35": 15063.8, "36": 15099.8, "37": 15101.4, "38": 15167.6, "39": 15192.2, "40": 15203.1, "41": 15211.2, "42": 15218.9, "43": 15219.2, "44": 15231.1, "45": 15237.7, "46": 15260.9, "47": 15273.4, "48": 15275.3, "49": 15280.7, "50": 15287.7, "51": 15299.8, "52": 15300.8, "53": 15304.8, "54": 15312.8, "55": 15333.6, "56": 15345, "57": 15345.6, "58": 15349.5, "59": 15355.3, "60": 15363.8, "61": 15364.3, "62": 15367.2, "63": 15367.7, "64": 15377.6, "65": 15387, "66": 15387.3, "67": 15398.1, "68": 15401.8, "69": 15417.6, "70": 15424.8, "71": 15428.9, "72": 15430.5, "73": 15435.1, "74": 15438.3, "75": 15439.9, "76": 15444.7, "77": 15446.7, "78": 15455.3, "79": 15461.4, "80": 15467.2, "81": 15470.1, "82": 15471.9, "83": 15472, "84": 15473.9, "85": 15475.9, "86": 15477.9, "87": 15485.2, "88": 15486, "89": 15493.3, "90": 15494.3, "91": 15497.9, "92": 15500.7, "93": 15504.6, "94": 15505.2, "95": 15513.4, "96": 15517.2, "97": 15517.2, "98": 15521, "99": 15522.6, "100": 15524.3, "101": 15525.1, "102": 15525.4, "103": 15525.4, "104": 15525.8, "105": 15526.9, "106": 15528.7, "107": 15531.3, "108": 15531.8, "109": 15538.7, "110": 15539.6, "111": 15541.2, "112": 15541.6, "113": 15542, "114": 15543, "115": 15545.1, "116": 15545.7, "117": 15546.9, "118": 15547, "119": 15547.3, "120": 15548.2, "121": 15548.6, "122": 15553, "123": 15553.7, "124": 15553.9, "125": 15558, "126": 15558.3, "127": 15566.2, "128": 15566.8, "129": 15568.1, "130": 15569.1, "131": 15569.2, "132": 15569.4, "133": 15570.1, "134": 15570.1, "135": 15570.3, "136": 15572, "137": 15572.1, "138": 15572.1, "139": 15573, "140": 15573.2, "141": 15573.4, "142": 15573.6, "143": 15575, "144": 15576.7, "145": 15576.7, "146": 15577.7, "147": 15578.5, "148": 15578.9, "149": 15579.8, "150": 15580.1, "151": 15580.6, "152": 15581, "153": 15581.4, "154": 15581.6, "155": 15582.1, "156": 15583.2, "157": 15586, "158": 15586.5, "159": 15590, "160": 15590.2, "161": 15591.1, "162": 15591.4, "163": 15592.8, "164": 15592.8, "165": 15593.3, "166": 15593.7, "167": 15594, "168": 15595.2, "169": 15597.9, "170": 15598.6, "171": 15599, "172": 15599.6, "173": 15600.1, "174": 15600.3, "175": 15600.5, "176": 15600.6, "177": 15601.1, "178": 15601.9, "179": 15601.9, "180": 15602, "181": 15602.4, "182": 15603.2, "183": 15603.6, "184": 15604, "185": 15604.1, "186": 15604.6, "187": 15604.6, "188": 15604.8, "189": 15605.3, "190": 15605.3, "191": 15605.4, "192": 15605.4, "193": 15605.6, "194": 15606.2, "195": 15606.3, "196": 15606.6, "197": 15606.7, "198": 15606.7, "199": 15607.2, "200": 15607.4, "201": 15607.6, "202": 15607.6, "203": 15608.2}, "SolveResult": 402, "UpperBounds": {"1": 15640.6}, "MaxQueueSize": 82, "VisitedNodes": 407, "BranchingVars": [5, 2, 2, 0, 1, 3, 2, 0, 1, 0, 5, 1, 5, 3, 2, 1, 4, 1, 0, 2, 1, 5, 4, 0, 2, 3, 3, 1, 3, 1, 2, 3, 2, 1, 5, 3, 3, 0, 3, 4, 4, 5, 4, 4, 2, 3, 4, 2, 5, 3, 4, 4, 2, 4, 4, 2, 4, 4, 1, 1, 4, 4, 2, 4, 5, 3, 1, 4, 4, 4, 4, 0, 1, 0, 0, 2, 2, 0, 1, 4, 2, 2, 4, 1, 5, 4, 0, 3, 0, 1, 2, 0, 5, 5, 5, 2, 2, 1, 2, 4, 4, 5, 1, 4, 0, 1, 0, 0, 0, 3, 2, 5, 1, 3, 3, 4, 5, 1, 4, 2, 1, 3, 5, 1, 1, 0, 4, 3, 1, 3, 5, 5, 5, 2, 5, 5, 1, 5, 5, 1, 2, 5, 1, 1, 2, 3, 5, 3, 2, 1, 1, 5, 0, 2, 2, 5, 5, 3, 5, 1, 3, 5, 5, 5, 5, 1, 4, 2, 0, 0, 5, 1, 1, 1, 1, 2, 1, 4, 5, 3, 1, 1, 0, 3, 5, 1, 3, 5, 2, 1, 2, 0, 5, 1, 5, 0, 1, 2, 2, 3, 5, 0, 2], "NonLinearTime": 0.180486, "OptimalityGap": 32.3617,