{"Itbt": 0, "Pace": 0.745742, "Depth": 8, "Degree": 4, "RPSTime": 0.238571, "FBBTTime": 0, "OBBTTime": 0, "TotalTime": 1.60564, "Iterations": 21, "LinearTime": 0.182205, "LowerBound": 25.0678, "TimeVector": [0.297509, 0.366225, 0.431501, 0.504493, 0.580073, 0.642906, 0.708488, 0.781077, 0.844831, 0.89903, 0.961828, 1.02515, 1.08983, 1.14409, 1.20497, 1.28051, 1.34727, 1.41221, 1.47602, 1.54186, 3.1475], "UpperBound": 25.0912, "rootBTTime": 0, "LowerBounds": {"1": 24.5235, "2": 24.8976, "3": 24.9459, "4": 24.9459, "7": 24.9698, "8": 24.9844, "9": 24.9987, "10": 25.0053, "11": 25.0128, "12": 25.0332, "13": 25.0397, "14": 25.0424, "15": 25.0502, "16": 25.051, "17": 25.0565, "18": 25.0618, "19": 25.0631, "20": 25.0654, "21": 25.0678}, "SolveResult": 0, "UpperBounds": {"1": 25.0912}, "MaxQueueSize": 7, "VisitedNodes": 43, "BranchingVars": [5, 7, 8, 7, 8, 8, 0, 0, 8, 8, 0, 8, 0, 8, 8, 8, 0, 8, 8, 8, 8], "NonLinearTime": 0.204963, "OptimalityGap": 0.023448, "BranchingRules": ["sum_dual_weighted_plus1_rel", "sum_dual_weighted_plus1_rel", "sum_dual_weighted_plus1_rel", "sum_dual_weighted_plus1_rel", "sum_dual_weighted_plus1_rel", "sum_dual_weighted_plus1_rel", "sum_dual_weighted_plus1_rel", "sum_dual_weighted_plus1_rel", "sum_dual_weighted_plus1_rel", "sum_dual_weighted_plus1_rel", "sum_dual_weighted_plus1_rel", "sum_dual_weighted_plus1_rel", "sum_dual_weighted_plus1_rel", "sum_dual_weighted_plus1_rel", "sum_dual_weighted_plus1_rel", "sum_dual_weighted_plus1_rel", "sum_dual_weighted_plus1_rel", "sum_dual_weighted_plus1_rel", "sum_dual_weighted_plus1_rel", "sum_dual_weighted_plus1_rel", "sum_dual_weighted_plus1_rel"], "LBImprovements": [0.374096, 0.0482791, 0.059422, 0, 0.0239518, 0.0528704, 0.0633393, 0.151214, 0.0140839, 0.0370702, 0.0269315, 0.0286451, 0.0112879, 0.0230991, 0.017544, 0.0173121, 0.0266427, 0.0107957, 0.0126799, 0.00586363, 0.0143829], "InfeasibleNodes": 1, "ElapsedTimeCoeffs": 0, "LinearizationTime": 0.000467451, "NumberOfVariables": 12, "CallsToLinearSolver": 43, "LinearGenerationTime": 0.0365791, "SDPCutsGenerationTime": 0, "CallsToNonLinearSolver": 8, "StrongBranchingExtraTime": 1.19899, "ElapsedTimeWeightedCoeffs": 0, "NodesDiscardedByFathoming": 0, "NodesDiscardedByTolerance": 21, "BoundFactorConstraintsTime": 0.00487769, "ElapsedTimeVarsInConstraints": 0.000028858, "meanBTRelativeChangeRootNode": 0, "NumberOfBoundFactorConstraints": 86, "NumberOfLAPACKConvergenceFailures": 0, "NumberOfRLTVariablesAfterLinearization": 51}