{"Itbt": 0, "Pace": 0.00905329, "Depth": 16, "Degree": 2, "RPSTime": 0.0977173, "FBBTTime": 0, "OBBTTime": 0, "TotalTime": 0.905308, "Iterations": 41, "LinearTime": 0.156754, "LowerBound": 130.607, "TimeVector": [0.278736, 0.321877, 0.364031, 0.389122, 0.413609, 0.425772, 0.438569, 0.463267, 0.474959, 0.488153, 0.501273, 0.514722, 0.526695, 0.539, 0.550596, 0.57494, 0.586986, 0.599576, 0.61201, 0.623515, 0.634771, 0.6466, 0.65894, 0.670916, 0.682565, 0.695579, 0.708185, 0.721015, 0.73413, 0.74688, 0.759547, 0.78336, 0.795737, 0.807453, 0.819424, 0.831751, 0.843692, 0.855151, 0.867186, 0.880532, 1.78584], "UpperBound": 130.706, "rootBTTime": 0, "LowerBounds": {"1": 78, "2": 78.0019, "3": 78.0019, "4": 118.505, "5": 122.127, "6": 123.378, "7": 123.789, "8": 123.789, "9": 123.789, "10": 124.454, "11": 124.721, "12": 124.812, "13": 125.161, "14": 125.379, "15": 125.38, "16": 125.38, "17": 125.748, "18": 125.92, "19": 126.592, "20": 126.592, "21": 127.475, "22": 127.475, "23": 128.308, "24": 128.308, "25": 128.308, "26": 129.796, "27": 129.828, "28": 129.85, "29": 129.866, "30": 129.891, "31": 129.915, "32": 129.933, "33": 129.994, "34": 129.994, "35": 130.105, "36": 130.158, "38": 130.255, "40": 130.407, "41": 130.607}, "SolveResult": 0, "UpperBounds": {"1": 540.534, "4": 130.706}, "MaxQueueSize": 7, "VisitedNodes": 83, "BranchingVars": [3, 1, 1, 3, 3, 3, 2, 0, 0, 3, 3, 1, 1, 2, 0, 0, 1, 3, 1, 1, 1, 1, 2, 0, 0, 3, 2, 3, 1, 9, 1, 2, 1, 1, 2, 1, 1, 1, 1, 3, 3], "NonLinearTime": 0.3028, "OptimalityGap": 0.0985899, "BranchingRules": ["sum_dual_weighted_plus1_rel", "sum_dual_weighted_plus1_rel", "sum_dual_weighted_plus1_rel", "sum_dual_weighted_plus1_rel", "sum_dual_weighted_plus1_rel", "sum_dual_weighted_plus1_rel", "sum_dual_weighted_plus1_rel", "sum_dual_weighted_plus1_rel", "sum_dual_weighted_plus1_rel", "sum_dual_weighted_plus1_rel", "sum_dual_weighted_plus1_rel", "sum_dual_weighted_plus1_rel", "sum_dual_weighted_plus1_rel", "sum_rescaled_var_range_weighted_rel", "sum_dual_weighted_plus1_rel", "sum_dual_weighted_plus1_rel", "sum_dual_weighted_plus1_rel", "sum_dual_weighted_plus1_rel", "sum_dual_weighted_plus1_rel", "sum_dual_weighted_plus1_rel", "sum_dual_weighted_plus1_rel", "sum_dual_weighted_plus1_rel", "sum_rescaled_var_range_weighted_rel", "sum_dual_weighted_plus1_rel", "sum_dual_weighted_plus1_rel", "sum_dual_weighted_plus1_rel", "sum_dual_weighted_plus1_rel", "sum_dual_weighted_plus1_rel", "sum_dual_weighted_plus1_rel", "sum_dual_weighted_plus1_rel", "sum_dual_weighted_plus1_rel", "sum_dual_weighted_plus1_rel", "sum_dual_weighted_plus1_rel", "sum_dual_weighted_plus1_rel", "sum_dual_weighted_plus1_rel", "sum_dual_weighted_plus1_rel", "sum_dual_weighted_plus1_rel", "sum_dual_weighted_plus1_rel", "sum_dual_weighted_plus1_rel", "sum_dual_weighted_plus1_rel", "sum_dual_weighted_plus1_rel"], "LBImprovements": [0.00191105, 40.503, 73.6325, 3.62231, 1.25078, 0.411215, 0.000046265, 0.665087, 2.13043, 0.26682, 0.0908848, 4.98369, 4.94455, 0.000147247, 2.09533, 2.09533, 4.86432, 0.67178, 4.74644, 4.74644, 4.61629, 4.61629, 0.000137275, 1.94618, 1.94618, 0.0320216, 0.0226291, 0.0151302, 0.54111, 2.13128, 2.08996, 0.0606024, 2.07673, 2.08089, 0.0531063, 2.04989, 2.06216, 4.18474, 4.18474, 0.156082, 0.0442512], "InfeasibleNodes": 15, "ElapsedTimeCoeffs": 0, "LinearizationTime": 0.000084503, "NumberOfVariables": 41, "CallsToLinearSolver": 83, "LinearGenerationTime": 0.0679439, "SDPCutsGenerationTime": 0, "CallsToNonLinearSolver": 9, "StrongBranchingExtraTime": 0.429033, "ElapsedTimeWeightedCoeffs": 0, "NodesDiscardedByFathoming": 3, "NodesDiscardedByTolerance": 24, "BoundFactorConstraintsTime": 0.00227102, "ElapsedTimeVarsInConstraints": 0.000040003, "meanBTRelativeChangeRootNode": 0, "NumberOfBoundFactorConstraints": 48, "NumberOfLAPACKConvergenceFailures": 0, "NumberOfRLTVariablesAfterLinearization": 12}