{"Itbt": 0, "Pace": 0.0167358, "Depth": 12, "Degree": 3, "RPSTime": 0.503925, "FBBTTime": 0, "OBBTTime": 0, "TotalTime": 4.76161, "Iterations": 66, "LinearTime": 0.407737, "LowerBound": 105.604, "TimeVector": [0.606988, 0.677671, 0.748979, 0.81778, 0.890876, 0.951134, 1.01417, 1.08448, 1.14677, 1.20929, 1.27583, 1.33797, 1.3968, 1.45938, 1.52389, 1.59723, 1.66217, 1.72348, 1.78785, 1.84873, 1.91416, 1.97449, 2.03357, 2.0972, 2.15758, 2.22146, 2.28566, 2.35211, 2.41865, 2.4818, 2.54238, 2.61751, 2.67924, 2.74151, 2.80472, 2.86604, 2.9284, 2.99051, 3.05546, 3.11626, 3.18134, 3.2477, 3.31388, 3.37896, 3.44026, 3.49978, 3.56311, 3.62196, 3.68911, 3.74935, 3.81068, 3.87497, 3.93687, 3.99673, 4.05326, 4.11916, 4.17954, 4.23903, 4.30211, 4.36464, 4.42391, 4.48445, 4.54716, 4.62069, 4.68792, 9.44954], "UpperBound": 105.7, "rootBTTime": 0, "LowerBounds": {"1": 53.2872, "2": 75.0552, "3": 85.0267, "4": 87.3898, "5": 87.4179, "6": 93.9976, "7": 94.2587, "8": 96.3196, "9": 100.001, "10": 100.223, "11": 100.314, "12": 101.09, "13": 101.272, "14": 101.327, "15": 101.528, "16": 101.817, "17": 102.355, "18": 102.853, "19": 102.854, "20": 103.051, "21": 103.061, "22": 103.13, "23": 103.288, "24": 103.593, "25": 104.123, "26": 104.168, "27": 104.174, "28": 104.301, "29": 104.314, "30": 104.424, "31": 104.474, "32": 104.49, "33": 104.586, "34": 104.6, "35": 104.636, "36": 104.641, "37": 104.872, "38": 104.9, "39": 104.907, "40": 104.932, "41": 105.005, "42": 105.12, "43": 105.128, "44": 105.175, "45": 105.197, "46": 105.21, "47": 105.292, "48": 105.297, "49": 105.313, "50": 105.324, "51": 105.331, "52": 105.36, "53": 105.37, "54": 105.392, "55": 105.429, "56": 105.484, "57": 105.506, "58": 105.527, "59": 105.528, "60": 105.548, "61": 105.553, "62": 105.555, "63": 105.555, "64": 105.557, "65": 105.572, "66": 105.604}, "SolveResult": 0, "UpperBounds": {"1": 105.7}, "MaxQueueSize": 17, "VisitedNodes": 133, "BranchingVars": [9, 3, 3, 10, 10, 9, 9, 10, 8, 11, 10, 8, 10, 3, 11, 11, 8, 11, 9, 3, 3, 9, 5, 9, 11, 9, 3, 11, 11, 5, 11, 8, 10, 11, 4, 5, 3, 5, 4, 11, 10, 4, 8, 3, 11, 11, 3, 3, 11, 2, 11, 8, 2, 5, 8, 9, 8, 8, 3, 3, 9, 3, 4, 8, 5, 8], "NonLinearTime": 0.433, "OptimalityGap": 0.0963552, "BranchingRules": ["sum_dual_weighted_plus1_rel", "sum_dual_weighted_plus1_rel", "sum_dual_weighted_plus1_rel", "sum_dual_weighted_plus1_rel", "sum_dual_weighted_plus1_rel", "sum_dual_weighted_plus1_rel", "sum_dual_weighted_plus1_rel", "sum_dual_weighted_plus1_rel", "sum_dual_weighted_plus1_rel", "sum_dual_weighted_plus1_rel", "sum_dual_weighted_plus1_rel", "sum_dual_weighted_plus1_rel", "sum_dual_weighted_plus1_rel", "sum_dual_weighted_plus1_rel", "sum_dual_weighted_plus1_rel", "sum_dual_weighted_plus1_rel", "sum_dual_weighted_plus1_rel", "sum_dual_weighted_plus1_rel", "sum_dual_weighted_plus1_rel", "sum_dual_weighted_plus1_rel", "sum_dual_weighted_plus1_rel", "sum_dual_weighted_plus1_rel", "sum_dual_weighted_plus1_rel", "sum_dual_weighted_plus1_rel", "sum_dual_weighted_plus1_rel", "sum_dual_weighted_plus1_rel", "sum_dual_weighted_plus1_rel", "sum_dual_weighted_plus1_rel", "sum_dual_weighted_plus1_rel", "sum_dual_weighted_plus1_rel", "sum_dual_weighted_plus1_rel", "sum_dual_weighted_plus1_rel", "sum_dual_weighted_plus1_rel", "sum_dual_weighted_plus1_rel", "sum_dual_weighted_plus1_rel", "sum_dual_weighted_plus1_rel", "sum_dual_weighted_plus1_rel", "sum_dual_weighted_plus1_rel", "sum_dual_weighted_plus1_rel", "sum_dual_weighted_plus1_rel", "sum_dual_weighted_plus1_rel", "sum_dual_weighted_plus1_rel", "sum_dual_weighted_plus1_rel", "sum_dual_weighted_plus1_rel", "sum_dual_weighted_plus1_rel", "sum_dual_weighted_plus1_rel", "sum_dual_weighted_plus1_rel", "sum_dual_weighted_plus1_rel", "sum_dual_weighted_plus1_rel", "sum_dual_weighted_plus1_rel", "sum_dual_weighted_plus1_rel", "sum_dual_weighted_plus1_rel", "sum_dual_weighted_plus1_rel", "sum_dual_weighted_plus1_rel", "sum_dual_weighted_plus1_rel", "sum_dual_weighted_plus1_rel", "sum_dual_weighted_plus1_rel", "sum_dual_weighted_plus1_rel", "sum_dual_weighted_plus1_rel", "sum_dual_weighted_plus1_rel", "sum_dual_weighted_plus1_rel", "sum_dual_weighted_plus1_rel", "sum_dual_weighted_plus1_rel", "sum_dual_weighted_plus1_rel", "sum_dual_weighted_plus1_rel", "sum_dual_weighted_plus1_rel"], "LBImprovements": [21.768, 12.3346, 11.2929, 6.60778, 12.8053, 7.53081, 6.05542, 4.76996, 2.85201, 2.63111, 1.50318, 2.19864, 3.15231, 2.84128, 4.77425, 1.24399, 0.695847, 4.8155, 3.04151, 1.42295, 1.57491, 6.50292, 1.29763, 0.896556, 1.20117, 0.959477, 2.45224, 0.818594, 0.860909, 2.41231, 0.426281, 0.442535, 1.18784, 0.948101, 1.42359, 0.568546, 0.498587, 0.396686, 0.650243, 0.359734, 0.308608, 0.851269, 0.50967, 1.00862, 4.15271, 0.317836, 0.523697, 0.132043, 0.25838, 2.42826, 0.2728, 0.312169, 0.366602, 0.677841, 0.123682, 7.55345, 0.192434, 0.0936779, 0.0531791, 0.649535, 0.0719484, 0.0770726, 0.221687, 0.729945, 0.176417, 0.0716406], "InfeasibleNodes": 0, "ElapsedTimeCoeffs": 0, "LinearizationTime": 0.000207873, "NumberOfVariables": 16, "CallsToLinearSolver": 133, "LinearGenerationTime": 0.114083, "SDPCutsGenerationTime": 0, "CallsToNonLinearSolver": 10, "StrongBranchingExtraTime": 3.88603, "ElapsedTimeWeightedCoeffs": 0, "NodesDiscardedByFathoming": 0, "NodesDiscardedByTolerance": 67, "BoundFactorConstraintsTime": 0.00852596, "ElapsedTimeVarsInConstraints": 0.000063464, "meanBTRelativeChangeRootNode": 0, "NumberOfBoundFactorConstraints": 64, "NumberOfLAPACKConvergenceFailures": 0, "NumberOfRLTVariablesAfterLinearization": 30}