{"Itbt": 0, "Pace": 0.0198893, "Depth": 9, "Degree": 3, "RPSTime": 167.519, "FBBTTime": 0, "OBBTTime": 0, "TotalTime": 556.513, "Iterations": 92, "LinearTime": 24.2174, "LowerBound": 9243.46, "TimeVector": [7.27417, 12.6338, 18.107, 23.4399, 29.098, 34.48, 39.9596, 45.4601, 50.8821, 56.5059, 61.9464, 67.3931, 72.859, 78.4358, 83.9977, 89.6177, 95.0752, 100.7, 106.26, 111.847, 117.448, 123.101, 128.966, 134.621, 140.148, 145.85, 151.555, 157.416, 163.021, 168.664, 174.558, 180.238, 186.019, 191.832, 197.499, 203.059, 208.78, 214.567, 220.276, 226.019, 231.721, 237.673, 243.431, 249.052, 255.346, 261.298, 268.048, 273.661, 280.01, 285.939, 291.675, 297.679, 304.016, 310.9, 316.934, 322.825, 328.872, 335.04, 341.819, 348.017, 354.162, 360.512, 368.125, 374.205, 381.234, 387.317, 393.456, 399.678, 407.389, 413.319, 419.474, 425.946, 432.136, 439.213, 445.372, 451.837, 457.994, 464.167, 471.879, 478.049, 484.357, 491.87, 498.087, 504.667, 511.842, 518.027, 524.782, 531.215, 538.89, 544.912, 550.7, 575.998], "UpperBound": 9251.53, "rootBTTime": 0, "LowerBounds": {"1": 7474.89, "2": 7969.41, "3": 8247.76, "4": 8306.34, "5": 8479.23, "6": 8495.9, "7": 8534.81, "8": 8547.44, "9": 8553.98, "10": 8682.93, "11": 8713.34, "12": 8745.4, "13": 8746.73, "14": 8748.47, "15": 8753.19, "16": 8759.44, "17": 8854.83, "18": 8867.96, "19": 8869.8, "20": 8871.12, "21": 8879.99, "22": 8897.35, "23": 8902.68, "24": 8916.8, "25": 8926.7, "26": 8930.74, "27": 8932.63, "28": 8966.93, "29": 8975.76, "30": 8990.67, "31": 9005.07, "32": 9017.45, "33": 9025.1, "34": 9031.22, "35": 9037.52, "36": 9043.38, "37": 9043.83, "38": 9050.11, "39": 9050.35, "40": 9057.7, "41": 9067.16, "42": 9070.23, "43": 9078.35, "44": 9079.66, "45": 9080.34, "46": 9092.17, "47": 9092.62, "48": 9103.14, "49": 9106.37, "50": 9106.42, "51": 9117.4, "52": 9140.11, "53": 9140.39, "54": 9145.68, "55": 9146.42, "56": 9149.1, "57": 9150.01, "58": 9159.25, "59": 9162.86, "60": 9163.97, "61": 9164.34, "62": 9167.29, "63": 9168.44, "64": 9171.52, "65": 9174.65, "66": 9175.17, "67": 9176.2, "68": 9181.58, "69": 9182.3, "70": 9192.46, "71": 9197.26, "72": 9197.29, "73": 9200.68, "74": 9200.77, "75": 9201.02, "76": 9202.53, "77": 9208.92, "78": 9211.78, "79": 9212.09, "80": 9214.88, "81": 9215.77, "82": 9218.09, "83": 9226.95, "84": 9229.57, "85": 9229.93, "86": 9231.38, "87": 9234.68, "88": 9234.93, "89": 9234.97, "90": 9235.11, "91": 9235.51, "92": 9243.46}, "SolveResult": 0, "UpperBounds": {"1": 9462.9, "3": 9251.53}, "MaxQueueSize": 38, "VisitedNodes": 185, "BranchingVars": [0, 13, 11, 12, 8, 3, 14, 1, 2, 12, 12, 12, 11, 3, 14, 14, 3, 3, 15, 1, 11, 14, 14, 8, 2, 3, 9, 4, 14, 14, 8, 4, 2, 11, 11, 9, 4, 15, 12, 4, 9, 3, 4, 8, 4, 10, 9, 4, 9, 4, 11, 11, 4, 4, 9, 9, 12, 14, 9, 12, 6, 9, 4, 9, 9, 4, 3, 9, 4, 8, 3, 11, 4, 4, 8, 3, 2, 9, 10, 9, 9, 9, 4, 8, 9, 14, 10, 9, 11, 2, 14, 15], "NonLinearTime": 0.541751, "OptimalityGap": 8.07261, "BranchingRules": ["eigen_cen_alternative_rel", "eigen_cen_alternative_rel", "eigen_cen_alternative_rel", "eigen_cen_alternative_rel", "eigen_cen_alternative_rel", "eigen_cen_alternative_rel", "eigen_cen_alternative_rel", "eigen_cen_alternative_rel", "eigen_cen_alternative_rel", "eigen_cen_alternative_rel", "eigen_cen_alternative_rel", "eigen_cen_alternative_rel", "eigen_cen_alternative_rel", "eigen_cen_alternative_rel", "eigen_cen_alternative_rel", "eigen_cen_alternative_rel", "eigen_cen_alternative_rel", "eigen_cen_alternative_rel", "eigen_cen_alternative_rel", "eigen_cen_alternative_rel", "eigen_cen_alternative_rel", "eigen_cen_alternative_rel", "eigen_cen_alternative_rel", "eigen_cen_alternative_rel", "eigen_cen_alternative_rel", "eigen_cen_alternative_rel", "eigen_cen_alternative_rel", "eigen_cen_alternative_rel", "eigen_cen_alternative_rel", "eigen_cen_alternative_rel", "eigen_cen_alternative_rel", "eigen_cen_alternative_rel", "eigen_cen_alternative_rel", "eigen_cen_alternative_rel", "eigen_cen_alternative_rel", "eigen_cen_alternative_rel", "eigen_cen_alternative_rel", "eigen_cen_alternative_rel", "eigen_cen_alternative_rel", "eigen_cen_alternative_rel", "eigen_cen_alternative_rel", "eigen_cen_alternative_rel", "eigen_cen_alternative_rel", "eigen_cen_alternative_rel", "eigen_cen_alternative_rel", "eigen_cen_alternative_rel", "eigen_cen_alternative_rel", "eigen_cen_alternative_rel", "eigen_cen_alternative_rel", "eigen_cen_alternative_rel", "eigen_cen_alternative_rel", "eigen_cen_alternative_rel", "eigen_cen_alternative_rel", "eigen_cen_alternative_rel", "eigen_cen_alternative_rel", "eigen_cen_alternative_rel", "eigen_cen_alternative_rel", "eigen_cen_alternative_rel", "eigen_cen_alternative_rel", "eigen_cen_alternative_rel", "eigen_cen_alternative_rel", "eigen_cen_alternative_rel", "eigen_cen_alternative_rel", "eigen_cen_alternative_rel", "eigen_cen_alternative_rel", "eigen_cen_alternative_rel", "eigen_cen_alternative_rel", "eigen_cen_alternative_rel", "eigen_cen_alternative_rel", "eigen_cen_alternative_rel", "eigen_cen_alternative_rel", "eigen_cen_alternative_rel", "eigen_cen_alternative_rel", "eigen_cen_alternative_rel", "eigen_cen_alternative_rel", "eigen_cen_alternative_rel", "eigen_cen_alternative_rel", "eigen_cen_alternative_rel", "eigen_cen_alternative_rel", "eigen_cen_alternative_rel", "eigen_cen_alternative_rel", "eigen_cen_alternative_rel", "eigen_cen_alternative_rel", "eigen_cen_alternative_rel", "eigen_cen_alternative_rel", "eigen_cen_alternative_rel", "eigen_cen_alternative_rel", "eigen_cen_alternative_rel", "eigen_cen_alternative_rel", "eigen_cen_alternative_rel", "eigen_cen_alternative_rel", "eigen_cen_alternative_rel"], "LBImprovements": [494.528, 278.35, 231.467, 228.469, 203.698, 249.495, 213.653, 211.999, 192.756, 185.028, 157.789, 230.366, 150.611, 184.161, 163.615, 207.491, 188.555, 199.206, 209.86, 146.324, 145.111, 146.483, 102.394, 140.898, 123.413, 147.616, 159.546, 183.077, 188.579, 210.009, 101.347, 141.805, 142.193, 115.202, 171.398, 192.128, 132.373, 90.2766, 176.6, 139.554, 164.216, 104.418, 137.415, 185.18, 116.947, 137.401, 75.8232, 111.748, 94.4045, 96.1067, 181.709, 154.052, 77.7071, 84.2556, 104.6, 123.096, 179.67, 135.37, 80.5937, 171.347, 177.94, 110.332, 43.647, 127.519, 80.0805, 119.984, 129.346, 81.0921, 52.6724, 150.826, 124.638, 100.531, 189.629, 83.6089, 153.136, 86.3265, 131.636, 103.689, 34.9218, 117.384, 119.42, 51.0298, 148.664, 124.152, 70.4851, 157.883, 83.1156, 91.9544, 9.95669, 110.986, 170.039, 123.277], "InfeasibleNodes": 0, "ElapsedTimeCoeffs": 0, "LinearizationTime": 0.459264, "NumberOfVariables": 16, "CallsToLinearSolver": 185, "LinearGenerationTime": 2.83714, "SDPCutsGenerationTime": 0, "CallsToNonLinearSolver": 10, "StrongBranchingExtraTime": 521.337, "ElapsedTimeWeightedCoeffs": 0, "NodesDiscardedByFathoming": 0, "NodesDiscardedByTolerance": 93, "BoundFactorConstraintsTime": 9.28651, "ElapsedTimeVarsInConstraints": 0.000640394, "meanBTRelativeChangeRootNode": 0, "NumberOfBoundFactorConstraints": 5984, "NumberOfLAPACKConvergenceFailures": 0, "NumberOfRLTVariablesAfterLinearization": 952}