{"Itbt": 0, "Pace": 0.0788604, "Depth": 12, "Degree": 5, "RPSTime": 208.149, "FBBTTime": 0, "OBBTTime": 0, "TotalTime": 600.695, "Iterations": 179, "LinearTime": 392.214, "LowerBound": 47625.6, "TimeVector": [4.8728, 7.46204, 9.80194, 12.4598, 15.2325, 17.8052, 20.7519, 23.519, 26.3263, 29.5434, 32.472, 35.1935, 38.1424, 41.3484, 44.6438, 47.7495, 50.9926, 53.9553, 57.1228, 60.1508, 63.3463, 66.3374, 69.6892, 72.935, 77.1405, 80.297, 83.6395, 86.903, 89.8131, 92.8155, 96.1448, 99.2745, 102.433, 106.562, 109.566, 112.702, 117.012, 120.061, 123.428, 126.516, 129.651, 132.752, 136.49, 139.341, 142.186, 145.313, 148.622, 152.362, 156.391, 159.433, 162.387, 165.365, 170.018, 172.847, 176.077, 178.825, 182.663, 185.598, 188.758, 191.895, 195.229, 198.741, 201.775, 205.19, 208.201, 211.19, 214.749, 218.139, 221.255, 224.809, 227.829, 230.79, 233.485, 236.508, 239.536, 242.745, 245.719, 249.726, 252.648, 255.781, 259.187, 262.014, 265.082, 268.233, 271.12, 274.921, 277.798, 281.285, 284.75, 287.636, 291.003, 294.649, 297.631, 300.863, 304.146, 310.567, 313.607, 318.214, 321.614, 324.85, 328.173, 331.221, 334.296, 337.481, 340.464, 343.581, 346.754, 349.846, 352.535, 356.124, 359.221, 362.866, 365.744, 368.681, 372.112, 375.286, 378.352, 383.26, 386.422, 389.936, 393.253, 396.541, 399.801, 403.417, 407.184, 410.093, 413.129, 416.436, 419.396, 422.574, 426.834, 430.144, 433.684, 436.863, 439.842, 443.568, 447.236, 450.205, 454.741, 457.706, 461.414, 464.521, 468.084, 471.335, 474.456, 477.815, 480.618, 483.625, 486.72, 489.925, 493.738, 497.293, 501.293, 504.581, 507.765, 511.391, 515.412, 518.368, 522.007, 526.033, 529.246, 532.865, 536.012, 539.759, 544.234, 548.409, 551.952, 555.081, 559.72, 563.773, 568.496, 571.694, 574.932, 581.934, 585.699, 589.688, 594.247, 597.925, 623.688], "UpperBound": 47796.4, "rootBTTime": 0, "LowerBounds": {"1": 40017.3, "2": 41286.7, "3": 42481.7, "4": 42795.1, "5": 43516.3, "6": 43816, "7": 43983, "8": 44194.3, "9": 44270.1, "10": 44532.7, "11": 44712.2, "12": 44839.8, "13": 45019.2, "14": 45120.1, "15": 45192.3, "16": 45218.9, "17": 45249.6, "18": 45264.6, "19": 45314.5, "20": 45329.2, "21": 45354.3, "22": 45403.1, "23": 45423.9, "24": 45537.7, "25": 45684.5, "26": 45740.9, "27": 45809.4, "28": 45822.5, "29": 45882.1, "30": 45952.3, "31": 45952.6, "32": 45959.6, "33": 46015.2, "34": 46051.6, "35": 46100.6, "36": 46110.3, "37": 46149.6, "38": 46157, "39": 46223.1, "40": 46256.3, "41": 46301.5, "42": 46323.4, "43": 46415.1, "44": 46438.7, "45": 46477.8, "46": 46485.9, "47": 46521.4, "48": 46523.3, "49": 46523.3, "50": 46545.6, "51": 46562.6, "52": 46564.5, "53": 46566.5, "54": 46577.8, "55": 46581.2, "56": 46634.2, "57": 46658.8, "58": 46685.7, "59": 46689.9, "60": 46690.1, "61": 46707.6, "62": 46733.1, "63": 46733.8, "64": 46780.8, "65": 46813.6, "66": 46822.2, "67": 46827.9, "68": 46828.8, "69": 46837.2, "70": 46865.4, "71": 46878.8, "72": 46898.1, "73": 46918.9, "74": 46922.1, "75": 46922.6, "76": 46923.3, "77": 46937.6, "78": 46940.8, "79": 46944, "80": 46961.5, "81": 46961.5, "82": 46984.1, "83": 47004.1, "84": 47013.6, "85": 47039.2, "86": 47057.4, "87": 47080, "88": 47082.2, "89": 47087.1, "90": 47093.4, "91": 47097, "92": 47106.2, "93": 47118.6, "94": 47136.2, "95": 47167.4, "96": 47168.3, "97": 47169.3, "98": 47198.6, "99": 47200.9, "100": 47201.2, "101": 47224.6, "102": 47225.8, "103": 47233, "104": 47234, "105": 47235.3, "106": 47254.4, "107": 47255.7, "108": 47259.5, "109": 47265.2, "110": 47273.4, "111": 47283.9, "112": 47293, "113": 47301.8, "114": 47329.5, "115": 47343, "116": 47354, "117": 47357.1, "118": 47371.6, "119": 47372.3, "120": 47374.4, "121": 47383, "122": 47385.8, "123": 47391.4, "124": 47405.2, "125": 47412.3, "126": 47414.9, "127": 47426.5, "128": 47432.2, "129": 47436.5, "130": 47443.2, "131": 47446, "132": 47446.3, "133": 47450, "134": 47465.1, "135": 47467.6, "136": 47478, "137": 47483.9, "138": 47484.8, "139": 47490.2, "140": 47490.6, "141": 47499.1, "142": 47513.5, "143": 47516.5, "144": 47523.8, "145": 47526.7, "146": 47527.4, "147": 47528.9, "148": 47532.7, "149": 47535, "150": 47536.4, "151": 47540.2, "152": 47540.7, "153": 47547.4, "154": 47556.6, "155": 47561.9, "156": 47562.4, "157": 47567.8, "158": 47568.3, "159": 47573.4, "160": 47575.8, "161": 47580, "162": 47580.5, "163": 47581.9, "164": 47583.8, "165": 47583.8, "166": 47586.1, "167": 47586.6, "168": 47589.8, "169": 47594, "170": 47597.5, "171": 47598.7, "172": 47604.3, "173": 47606.5, "174": 47608.9, "175": 47615.5, "176": 47619.3, "177": 47623.3, "178": 47624.7, "179": 47625.6}, "SolveResult": 402, "UpperBounds": {"1": 47796.4}, "MaxQueueSize": 65, "VisitedNodes": 359, "BranchingVars": [5, 2, 3, 3, 4, 4, 4, 3, 7, 7, 0, 2, 2, 7, 2, 2, 7, 6, 7, 6, 4, 2, 7, 2, 2, 7, 2, 6, 4, 6, 6, 7, 7, 6, 6, 1, 6, 6, 5, 1, 6, 5, 1, 6, 1, 1, 6, 1, 6, 1, 6, 6, 1, 1, 1, 1, 4, 6, 1, 1, 6, 5, 6, 4, 1, 6, 2, 1, 1, 2, 1, 6, 0, 6, 1, 6, 1, 1, 6, 1, 1, 1, 5, 1, 6, 6, 6, 5, 6, 1, 6, 1, 1, 1, 6, 1, 7, 1, 6, 6, 5, 2, 6, 1, 0, 1, 2, 1, 1, 1, 6, 2, 1, 6, 1, 6, 1, 0, 1, 0, 0, 0, 1, 1, 0, 3, 1, 4, 6, 5, 5, 7, 7, 2, 0, 5, 0, 7, 0, 3, 7, 5, 3, 0, 3, 3, 0, 1, 1, 5, 5, 0, 1, 5, 7, 1, 2, 1, 3, 3, 3, 3, 0, 6, 2, 6, 2, 0, 2, 6, 2, 4, 0, 2, 2, 6, 4, 3, 7], "NonLinearTime": 0.33263, "OptimalityGap": 170.762,