{"Itbt": 0, "Pace": 0.0432985, "Depth": 12, "Degree": 5, "RPSTime": 2.0809, "FBBTTime": 0, "OBBTTime": 0, "TotalTime": 31.0318, "Iterations": 98, "LinearTime": 28.8495, "LowerBound": 1483.79, "TimeVector": [0.521784, 0.840658, 1.20154, 1.52931, 1.85948, 2.15412, 2.48736, 2.81506, 3.16586, 3.44309, 3.74679, 4.09913, 4.45345, 4.77799, 5.07609, 5.40932, 5.70752, 6.01046, 6.32358, 6.63337, 6.95426, 7.25735, 7.5742, 7.90371, 8.22376, 8.58449, 8.90987, 9.21826, 9.4974, 9.79532, 10.0967, 10.4122, 10.7, 11.0154, 11.3282, 11.6145, 11.9058, 12.2093, 12.4925, 12.8087, 13.0989, 13.4308, 13.7594, 14.0436, 14.3729, 14.7309, 15.0278, 15.3247, 15.616, 15.9349, 16.2506, 16.5713, 16.8584, 17.166, 17.4476, 17.7628, 18.0562, 18.3623, 18.6654, 18.9603, 19.2325, 19.5402, 19.8531, 20.1917, 20.5292, 20.8378, 21.1742, 21.4671, 21.7846, 22.0658, 22.3671, 22.7027, 23.0031, 23.2889, 23.6106, 23.9257, 24.2264, 24.5784, 24.8765, 25.1586, 25.44, 25.7315, 26.0437, 26.3678, 26.6806, 27.0405, 27.3639, 27.693, 28.03, 28.4016, 28.7204, 29.0305, 29.342, 29.6865, 30.0234, 30.3514, 30.6723, 31.6807], "UpperBound": 1485.12, "rootBTTime": 0, "LowerBounds": {"1": 767.094, "2": 933.054, "3": 976.149, "4": 1028.74, "5": 1103.79, "6": 1142.16, "7": 1143.4, "8": 1158.88, "9": 1159.74, "10": 1195.42, "11": 1210.3, "12": 1233.68, "13": 1274.8, "14": 1280.8, "15": 1281.8, "16": 1293.97, "17": 1300.2, "18": 1302.53, "19": 1305.05, "20": 1309.81, "21": 1334.86, "22": 1338.53, "23": 1348.56, "24": 1357.88, "25": 1357.93, "26": 1363.9, "27": 1368.2, "28": 1370, "29": 1374.62, "30": 1390.27, "31": 1390.71, "32": 1390.86, "33": 1392.83, "34": 1393.06, "35": 1409.1, "36": 1409.3, "37": 1414.24, "38": 1414.56, "39": 1414.7, "40": 1416.52, "41": 1417.47, "42": 1417.91, "43": 1420.42, "44": 1428.22, "45": 1429.83, "46": 1432.4, "47": 1432.94, "48": 1434.45, "49": 1444.25, "50": 1444.69, "51": 1445.33, "52": 1445.84, "53": 1447.73, "54": 1448.64, "55": 1450.5, "56": 1451.78, "57": 1454.72, "58": 1455.52, "59": 1455.76, "60": 1456.72, "61": 1459.96, "62": 1460.84, "63": 1462.52, "64": 1462.72, "65": 1463.84, "66": 1464.01, "67": 1464.21, "68": 1464.22, "69": 1465.31, "70": 1467.56, "71": 1469.37, "72": 1470.68, "73": 1470.98, "74": 1471.65, "75": 1471.76, "76": 1472.08, "77": 1472.38, "78": 1472.8, "79": 1473.87, "80": 1474.34, "81": 1475.73, "82": 1476.13, "83": 1476.42, "84": 1476.67, "85": 1477.93, "86": 1478.1, "87": 1478.36, "88": 1479.1, "89": 1480.12, "90": 1480.43, "91": 1481.39, "92": 1482.3, "93": 1482.4, "94": 1482.4, "95": 1483.06, "96": 1483.15, "97": 1483.27, "98": 1483.79}, "SolveResult": 0, "UpperBounds": {"1": 1485.12}, "MaxQueueSize": 31, "VisitedNodes": 197, "BranchingVars": [0, 4, 5, 1, 1, 3, 2, 3, 6, 5, 5, 3, 1, 6, 6, 7, 3, 2, 1, 2, 3, 3, 7, 3, 1, 1, 7, 3, 1, 2, 1, 2, 7, 1, 7, 7, 2, 2, 7, 2, 2, 7, 7, 2, 7, 2, 4, 6, 2, 7, 7, 2, 2, 2, 6, 4, 0, 7, 7, 7, 2, 6, 0, 0, 7, 1, 0, 1, 0, 0, 1, 0, 7, 6, 0, 7, 0, 7, 7, 0, 6, 7, 7, 6, 0, 0, 0, 0, 1, 0, 4, 1, 4, 0, 5, 1, 7, 4], "NonLinearTime": 0.101353, "OptimalityGap": 1.33808, "BranchingRules": ["eigen_cen_alternative_rel", "eigen_cen_alternative_rel", "eigen_cen_alternative_rel", "eigen_cen_alternative_rel", "eigen_cen_alternative_rel", "eigen_cen_alternative_rel", "eigen_cen_alternative_rel", "eigen_cen_alternative_rel", "eigen_cen_alternative_rel", "eigen_cen_alternative_rel", "eigen_cen_alternative_rel", "eigen_cen_alternative_rel", "eigen_cen_alternative_rel", "eigen_cen_alternative_rel", "eigen_cen_alternative_rel", "eigen_cen_alternative_rel", "eigen_cen_alternative_rel", "eigen_cen_alternative_rel", "eigen_cen_alternative_rel", "eigen_cen_alternative_rel", "eigen_cen_alternative_rel", "eigen_cen_alternative_rel", "eigen_cen_alternative_rel", "eigen_cen_alternative_rel", "eigen_cen_alternative_rel", "eigen_cen_alternative_rel", "eigen_cen_alternative_rel", "eigen_cen_alternative_rel", "eigen_cen_alternative_rel", "eigen_cen_alternative_rel", "eigen_cen_alternative_rel", "eigen_cen_alternative_rel", "eigen_cen_alternative_rel", "eigen_cen_alternative_rel", "eigen_cen_alternative_rel", "eigen_cen_alternative_rel", "eigen_cen_alternative_rel", "eigen_cen_alternative_rel", "eigen_cen_alternative_rel", "eigen_cen_alternative_rel", "eigen_cen_alternative_rel", "eigen_cen_alternative_rel", "eigen_cen_alternative_rel", "eigen_cen_alternative_rel", "eigen_cen_alternative_rel", "eigen_cen_alternative_rel", "eigen_cen_alternative_rel", "eigen_cen_alternative_rel", "eigen_cen_alternative_rel", "eigen_cen_alternative_rel", "eigen_cen_alternative_rel", "eigen_cen_alternative_rel", "eigen_cen_alternative_rel", "eigen_cen_alternative_rel", "eigen_cen_alternative_rel", "eigen_cen_alternative_rel", "eigen_cen_alternative_rel", "eigen_cen_alternative_rel", "eigen_cen_alternative_rel", "eigen_cen_alternative_rel", "eigen_cen_alternative_rel", "eigen_cen_alternative_rel", "eigen_cen_alternative_rel", "eigen_cen_alternative_rel", "eigen_cen_alternative_rel", "eigen_cen_alternative_rel", "eigen_cen_alternative_rel", "eigen_cen_alternative_rel", "eigen_cen_alternative_rel", "eigen_cen_alternative_rel", "eigen_cen_alternative_rel", "eigen_cen_alternative_rel", "eigen_cen_alternative_rel", "eigen_cen_alternative_rel", "eigen_cen_alternative_rel", "eigen_cen_alternative_rel", "eigen_cen_alternative_rel", "eigen_cen_alternative_rel", "eigen_cen_alternative_rel", "eigen_cen_alternative_rel", "eigen_cen_alternative_rel", "eigen_cen_alternative_rel", "eigen_cen_alternative_rel", "eigen_cen_alternative_rel", "eigen_cen_alternative_rel", "eigen_cen_alternative_rel", "eigen_cen_alternative_rel", "eigen_cen_alternative_rel", "eigen_cen_alternative_rel", "eigen_cen_alternative_rel", "eigen_cen_alternative_rel", "eigen_cen_alternative_rel", "eigen_cen_alternative_rel", "eigen_cen_alternative_rel", "eigen_cen_alternative_rel", "eigen_cen_alternative_rel", "eigen_cen_alternative_rel", "eigen_cen_alternative_rel"], "LBImprovements": [165.959, 43.0952, 167.252, 113.42, 91.6278, 138.634, 90.2776, 115.92, 142.793, 104.781, 124.559, 124.253, 73.764, 152.144, 165.938, 69.9382, 90.069, 67.47, 87.7862, 80.8967, 79.8479, 76.0267, 65.6823, 136.246, 51.1687, 68.4935, 60.022, 106.423, 55.2132, 72.2454, 65.0564, 73.1557, 76.5403, 67.7752, 76.0135, 337.025, 30.4487, 57.8241, 49.5016, 46.1982, 56.8767, 116.299, 74.718, 26.4956, 70.7131, 39.2579, 88.8034, 11.386, 27.5134, 33.2393, 19.9789, 25.1494, 78.0189, 71.0691, 9.46364, 76.6358, 18.077, 15.1577, 127.1, 129.168, 25.4101, 17.5258, 29.0336, 42.7521, 217.613, 22.2889, 37.5245, 11.9074, 19.411, 33.3702, 449.536, 11.7214, 37.9445, 24.4077, 24.3758, 26.3644, 42.7454, 9.50618, 6.2427, 47.9046, 12.8117, 18.6394, 129.528, 38.7957, 20.2923, 50.313, 44.9972, 0, 1.26942, 16.4478, 1.88511, 1.30438, 1.38687, 1.95207, 1.79064, 1.04798, 0.717971, 0.831467], "InfeasibleNodes": 6, "ElapsedTimeCoeffs": 0, "LinearizationTime": 0.0270219, "NumberOfVariables": 8, "CallsToLinearSolver": 197, "LinearGenerationTime": 1.05457, "SDPCutsGenerationTime": 0, "CallsToNonLinearSolver": 10, "StrongBranchingExtraTime": 0, "ElapsedTimeWeightedCoeffs": 0, "NodesDiscardedByFathoming": 0, "NodesDiscardedByTolerance": 93, "BoundFactorConstraintsTime": 1.73055, "ElapsedTimeVarsInConstraints": 0, "meanBTRelativeChangeRootNode": 0, "NumberOfBoundFactorConstraints": 947, "NumberOfLAPACKConvergenceFailures": 0, "NumberOfRLTVariablesAfterLinearization": 309}