{"Itbt": 0, "Pace": 0.106487, "Depth": 11, "Degree": 5, "RPSTime": 170.167, "FBBTTime": 0, "OBBTTime": 0, "TotalTime": 600.038, "Iterations": 154, "LinearTime": 429.589, "LowerBound": 44843.7, "TimeVector": [4.84638, 7.17462, 9.67581, 11.998, 14.7537, 17.4166, 20.3315, 22.7512, 25.2834, 28.401, 31.341, 34.1567, 37.0877, 39.7451, 42.9201, 47.5152, 50.6205, 53.216, 55.9884, 61.6736, 65.1485, 68.4727, 71.4967, 74.3894, 77.3816, 80.4154, 83.4975, 87.1143, 90.4589, 93.5412, 97.3294, 100.493, 103.473, 109.298, 112.348, 118.033, 120.835, 123.647, 126.547, 129.937, 135.611, 138.859, 141.801, 145.066, 150.856, 156.267, 159.387, 162.978, 166.411, 170.26, 173.094, 176.479, 179.632, 183.093, 186.531, 189.211, 194.466, 197.463, 201.759, 204.726, 216.758, 219.682, 222.518, 225.672, 228.941, 235.31, 238.038, 240.885, 245.462, 250.207, 253.339, 256.024, 258.935, 262.015, 265.604, 268.461, 272.11, 275.89, 279.054, 283.294, 286.456, 290.144, 293.07, 296.5, 301.456, 304.217, 316.079, 336.715, 340.058, 342.975, 346.636, 350.082, 353.407, 356.322, 359.55, 362.587, 365.475, 369.224, 372.524, 379.727, 382.647, 385.525, 389.02, 393.579, 414.209, 417.149, 420.197, 423.263, 429.085, 432.505, 435.768, 439.84, 442.738, 446.103, 449.537, 452.952, 458.691, 463.882, 467.433, 470.423, 477.726, 480.47, 483.732, 486.941, 490.78, 494.078, 498.165, 501.249, 504.578, 509.072, 513.879, 518.161, 520.89, 523.572, 527.092, 530.899, 534.157, 537.714, 542.928, 546.847, 549.863, 552.998, 556.607, 559.72, 562.469, 565.825, 569.26, 574.844, 577.722, 585.08, 587.945, 592.043, 595.424, 620.618], "UpperBound": 45558.5, "rootBTTime": 0, "LowerBounds": {"1": 39209.2, "2": 39642.5, "3": 40406, "4": 40968.8, "5": 41470.5, "6": 41534.8, "7": 42162.2, "8": 42231.3, "9": 42378.9, "10": 42485.6, "11": 42518.1, "12": 42647.3, "13": 42686.5, "14": 42690.1, "15": 42881.9, "16": 43077.1, "17": 43147.1, "18": 43177.6, "19": 43178.3, "20": 43210.4, "21": 43288.8, "22": 43340, "23": 43351.7, "24": 43425.5, "25": 43458.9, "26": 43470, "27": 43584.5, "28": 43597.9, "29": 43600.7, "30": 43612.7, "31": 43616.2, "32": 43619.3, "33": 43629.7, "34": 43671.9, "35": 43672.1, "36": 43723.7, "37": 43771.9, "38": 43772.7, "39": 43834.4, "40": 43861, "41": 43872.8, "42": 43891.6, "43": 43931.1, "44": 43947.9, "45": 43964.4, "46": 43983.4, "47": 43986.8, "48": 44065.2, "49": 44081.4, "50": 44082.5, "51": 44094.5, "52": 44102.9, "53": 44136.6, "54": 44139.7, "55": 44147.8, "56": 44161.4, "57": 44173, "58": 44173.7, "59": 44182.7, "60": 44192.7, "61": 44201.5, "62": 44206.5, "63": 44215.4, "64": 44237.4, "65": 44246.9, "66": 44255.5, "67": 44275.6, "68": 44282.4, "69": 44304.4, "70": 44332.6, "71": 44353.1, "72": 44360.3, "73": 44377.8, "74": 44387.8, "75": 44391.1, "76": 44394.2, "77": 44407.4, "78": 44415.3, "79": 44422.9, "80": 44433, "81": 44433.1, "82": 44436.5, "83": 44448.8, "84": 44450.2, "85": 44450.9, "86": 44467, "87": 44476.9, "88": 44477.8, "89": 44484.7, "90": 44497.8, "91": 44498.2, "92": 44522.1, "93": 44526.2, "94": 44530.6, "95": 44548.4, "96": 44551, "97": 44552.6, "98": 44553.6, "99": 44571, "100": 44578.3, "101": 44579.1, "102": 44584.7, "103": 44605.4, "104": 44620.2, "105": 44624.4, "106": 44628.5, "107": 44634, "108": 44640.6, "109": 44650.5, "110": 44653, "111": 44653.9, "112": 44658.8, "113": 44662.1, "114": 44668.9, "115": 44671.5, "116": 44677.2, "117": 44678.7, "118": 44682, "119": 44684, "120": 44686.6, "121": 44690.2, "122": 44694.6, "123": 44706, "124": 44706.2, "125": 44709.2, "126": 44713.9, "127": 44715.2, "128": 44720.1, "129": 44726.9, "130": 44729.7, "131": 44739.8, "132": 44743.5, "133": 44744.9, "134": 44745.2, "135": 44747.5, "136": 44751, "137": 44769.9, "138": 44770.8, "139": 44778.2, "140": 44787.3, "141": 44792.8, "142": 44798, "143": 44800.5, "144": 44801.7, "145": 44803.2, "146": 44816.9, "147": 44822.5, "148": 44823.4, "149": 44824.3, "150": 44827.2, "151": 44831.3, "152": 44833.3, "153": 44834.3, "154": 44843.7}, "SolveResult": 402, "UpperBounds": {"1": 45558.5}, "MaxQueueSize": 139, "VisitedNodes": 309, "BranchingVars": [5, 6, 0, 7, 7, 7, 7, 6, 6, 2, 0, 0, 0, 0, 0, 2, 3, 3, 3, 6, 2, 3, 0, 2, 1, 3, 0, 0, 2, 2, 2, 0, 3, 2, 2, 3, 4, 3, 4, 4, 3, 2, 0, 4, 3, 4, 2, 2, 3, 4, 4, 3, 2, 2, 6, 2, 4, 3, 4, 7, 4, 2, 3, 4, 2, 2, 2, 2, 3, 6, 2, 3, 3, 3, 3, 1, 7, 2, 2, 6, 5, 4, 4, 4, 4, 3, 6, 6, 4, 2, 7, 3, 4, 2, 1, 4, 3, 4, 1, 5, 4, 3, 5, 4, 1, 4, 4, 2, 1, 1, 5, 2, 4, 7, 7, 1, 1, 6, 1, 3, 4, 2, 7, 5, 1, 1, 5, 1, 3, 1, 1, 1, 4, 4, 1, 5, 4, 1, 4, 1, 1, 4, 4, 6, 4, 4, 6, 7, 1, 4, 1, 1, 4, 1], "NonLinearTime": 0.282299, "OptimalityGap": 714.792,