{"Itbt": 0, "Pace": 0.000276384, "Depth": 12, "Degree": 2, "RPSTime": 0.0244705, "FBBTTime": 0, "OBBTTime": 0, "TotalTime": 0.452971, "Iterations": 66, "LinearTime": 0.113857, "LowerBound": -4395.95, "TimeVector": [0.0557407, 0.0865513, 0.113517, 0.155869, 0.185063, 0.187035, 0.189019, 0.218719, 0.220658, 0.222694, 0.224798, 0.226958, 0.228899, 0.230864, 0.232849, 0.274186, 0.276116, 0.27821, 0.280125, 0.282059, 0.284083, 0.286088, 0.288175, 0.290181, 0.292166, 0.29414, 0.296059, 0.298231, 0.300443, 0.30247, 0.304549, 0.331566, 0.333682, 0.335904, 0.338032, 0.340162, 0.342282, 0.344273, 0.346174, 0.348266, 0.350458, 0.352363, 0.354385, 0.356476, 0.358496, 0.36069, 0.362861, 0.364882, 0.366818, 0.368783, 0.370918, 0.373052, 0.375012, 0.377056, 0.379231, 0.381325, 0.383324, 0.385335, 0.387281, 0.389187, 0.391207, 0.393167, 0.395102, 0.42118, 0.423232, 0.876203], "UpperBound": -4391.83, "rootBTTime": 0, "LowerBounds": {"1": -6034.87, "4": -5973.98, "5": -5766.29, "6": -5643.19, "7": -5571.64, "8": -5535.58, "9": -5521.86, "10": -5490.87, "11": -5426.48, "12": -5419.06, "13": -5386.05, "14": -5352.5, "15": -5175.57, "16": -5080.35, "17": -5035.64, "18": -5022.72, "19": -5014.91, "20": -4980.02, "21": -4969.41, "22": -4928.63, "23": -4917.36, "24": -4917.16, "25": -4874.71, "26": -4824, "27": -4820.97, "28": -4816.52, "29": -4811.98, "30": -4753.77, "31": -4707.29, "32": -4689.15, "33": -4672.97, "34": -4662.95, "35": -4647.77, "36": -4645.05, "37": -4638.65, "38": -4600.67, "39": -4582.74, "40": -4578.93, "41": -4578.38, "42": -4554.19, "43": -4550.96, "44": -4550.96, "45": -4532.34, "46": -4520.55, "47": -4494.84, "48": -4493.8, "49": -4487.54, "53": -4485.02, "54": -4467.94, "55": -4438.99, "56": -4420.78, "57": -4405.31, "64": -4398.28, "66": -4395.95}, "SolveResult": 0, "UpperBounds": {"1": -4391.83}, "MaxQueueSize": 16, "VisitedNodes": 133, "BranchingVars": [0, 2, 5, 4, 1, 0, 1, 5, 4, 1, 3, 5, 1, 4, 5, 0, 0, 1, 5, 1, 2, 0, 4, 5, 4, 3, 1, 4, 3, 5, 2, 1, 5, 5, 3, 5, 1, 4, 0, 4, 5, 5, 1, 3, 5, 1, 1, 5, 4, 2, 2, 2, 1, 5, 4, 1, 2, 0, 2, 2, 0, 0, 0, 4, 4, 5], "NonLinearTime": 0.314625, "OptimalityGap": 4.12886, "BranchingRules": ["eigen_cen_alternative", "eigen_cen_alternative", "eigen_cen_alternative", "eigen_cen_alternative", "eigen_cen_alternative", "eigen_cen_alternative", "eigen_cen_alternative", "eigen_cen_alternative", "eigen_cen_alternative", "eigen_cen_alternative", "eigen_cen_alternative", "eigen_cen_alternative", "eigen_cen_alternative", "eigen_cen_alternative", "eigen_cen_alternative", "eigen_cen_alternative", "eigen_cen_alternative", "eigen_cen_alternative", "eigen_cen_alternative", "eigen_cen_alternative", "eigen_cen_alternative", "eigen_cen_alternative", "eigen_cen_alternative", "eigen_cen_alternative", "eigen_cen_alternative", "eigen_cen_alternative", "eigen_cen_alternative", "eigen_cen_alternative", "eigen_cen_alternative", "eigen_cen_alternative", "eigen_cen_alternative", "eigen_cen_alternative", "eigen_cen_alternative", "eigen_cen_alternative", "eigen_cen_alternative", "eigen_cen_alternative", "eigen_cen_alternative", "eigen_cen_alternative", "eigen_cen_alternative", "eigen_cen_alternative", "eigen_cen_alternative", "eigen_cen_alternative", "eigen_cen_alternative", "eigen_cen_alternative", "eigen_cen_alternative", "eigen_cen_alternative", "eigen_cen_alternative", "eigen_cen_alternative", "eigen_cen_alternative", "eigen_cen_alternative", "eigen_cen_alternative", "eigen_cen_alternative", "eigen_cen_alternative", "eigen_cen_alternative", "eigen_cen_alternative", "eigen_cen_alternative", "eigen_cen_alternative", "eigen_cen_alternative", "eigen_cen_alternative", "eigen_cen_alternative", "eigen_cen_alternative", "eigen_cen_alternative", "eigen_cen_alternative", "eigen_cen_alternative", "eigen_cen_alternative", "eigen_cen_alternative"], "LBImprovements": [0, 60.8918, 268.585, 438.396, 339.809, 121.328, 185.592, 512.867, 30.9935, 71.8023, 609.954, 598.096, 210.484, 383.085, 784.608, 162.986, 107.01, 268.946, 202.921, 156.02, 324.367, 280.855, 0.197667, 422.322, 167.425, 241.262, 148.001, 886.616, 578.891, 361.764, 18.1417, 26.2011, 304.515, 264.975, 226.988, 309.664, 60.2685, 49.7074, 0, 110.99, 247.043, 399.356, 0.00000000000181899, 65.9434, 377.708, 164.492, 172.962, 1950.74, 0, 0, 0, 48.5575, 254.347, 239.21, 89.0191, 71.5314, 0, 0, 0, 0, 20.7069, 7.02225, 9.35175, 0, 4.0627, 406.435], "InfeasibleNodes": 22, "ElapsedTimeCoeffs": 0, "LinearizationTime": 0.000170834, "NumberOfVariables": 34, "CallsToLinearSolver": 133, "LinearGenerationTime": 0.030399, "SDPCutsGenerationTime": 0, "CallsToNonLinearSolver": 10, "StrongBranchingExtraTime": 0, "ElapsedTimeWeightedCoeffs": 0, "NodesDiscardedByFathoming": 0, "NodesDiscardedByTolerance": 45, "BoundFactorConstraintsTime": 0.00437304, "ElapsedTimeVarsInConstraints": 0, "meanBTRelativeChangeRootNode": 0, "NumberOfBoundFactorConstraints": 72, "NumberOfLAPACKConvergenceFailures": 0, "NumberOfRLTVariablesAfterLinearization": 18}