{"Itbt": 0, "Pace": 0.00579692, "Depth": 6, "Degree": 2, "RPSTime": 0.0171014, "FBBTTime": 0, "OBBTTime": 0, "TotalTime": 0.484644, "Iterations": 23, "LinearTime": 0.0619473, "LowerBound": -878.329, "TimeVector": [0.053734, 0.0947629, 0.132655, 0.170151, 0.205564, 0.208638, 0.211802, 0.263215, 0.26637, 0.269574, 0.27296, 0.276357, 0.279322, 0.282492, 0.285706, 0.321052, 0.324375, 0.327597, 0.330685, 0.334039, 0.337405, 0.340624, 0.825267], "UpperBound": -877.646, "rootBTTime": 0, "LowerBounds": {"1": -961.932, "2": -956.774, "3": -955.028, "5": -946.91, "6": -945.238, "7": -944.16, "8": -944.025, "9": -938.666, "10": -932.942, "11": -931.091, "12": -931.005, "13": -930.78, "14": -926.622, "15": -920.086, "16": -919.306, "17": -919.057, "18": -913.57, "19": -913.01, "20": -911.586, "21": -907.721, "22": -902.647, "23": -878.329}, "SolveResult": 0, "UpperBounds": {"1": -877.646}, "MaxQueueSize": 8, "VisitedNodes": 47, "BranchingVars": [3, 5, 2, 2, 5, 0, 2, 2, 0, 0, 0, 0, 0, 0, 1, 0, 0, 2, 0, 2, 0, 0, 0], "NonLinearTime": 0.405583, "OptimalityGap": 0.683725, "BranchingRules": ["eigen_cen_alternative", "eigen_cen_alternative", "eigen_cen_alternative", "eigen_cen_alternative", "eigen_cen_alternative", "eigen_cen_alternative", "eigen_cen_alternative", "eigen_cen_alternative", "eigen_cen_alternative", "eigen_cen_alternative", "eigen_cen_alternative", "eigen_cen_alternative", "eigen_cen_alternative", "eigen_cen_alternative", "eigen_cen_alternative", "eigen_cen_alternative", "eigen_cen_alternative", "eigen_cen_alternative", "eigen_cen_alternative", "eigen_cen_alternative", "eigen_cen_alternative", "eigen_cen_alternative", "eigen_cen_alternative"], "LBImprovements": [5.15854, 1.74528, 9.79084, 16.3622, 2.74985, 18.6154, 13.0696, 13.0202, 25.6566, 58.1039, 12.0334, 10.9189, 52.4506, 18.9007, 0.779408, 189.965, 57.841, 10.9233, 59.6921, 10.5198, 67.4706, 81.2832, 87.2434], "InfeasibleNodes": 0, "ElapsedTimeCoeffs": 0, "LinearizationTime": 0.000707459, "NumberOfVariables": 58, "CallsToLinearSolver": 47, "LinearGenerationTime": 0.0179672, "SDPCutsGenerationTime": 0, "CallsToNonLinearSolver": 8, "StrongBranchingExtraTime": 0, "ElapsedTimeWeightedCoeffs": 0, "NodesDiscardedByFathoming": 0, "NodesDiscardedByTolerance": 24, "BoundFactorConstraintsTime": 0.00358906, "ElapsedTimeVarsInConstraints": 0, "meanBTRelativeChangeRootNode": 0, "NumberOfBoundFactorConstraints": 160, "NumberOfLAPACKConvergenceFailures": 0, "NumberOfRLTVariablesAfterLinearization": 40}