{"Itbt": 0, "Pace": 0.0489518, "Depth": 8, "Degree": 5, "RPSTime": 14.5648, "FBBTTime": 0, "OBBTTime": 0, "TotalTime": 286.68, "Iterations": 36, "LinearTime": 31.3935, "LowerBound": 4193.27, "TimeVector": [9.03964, 17.6378, 25.5384, 33.9969, 42.4489, 50.5118, 58.5902, 66.6528, 74.6878, 82.5542, 90.3441, 98.1735, 106.074, 114.424, 122.468, 130.217, 138.324, 145.971, 153.352, 161.29, 168.817, 177.704, 185.686, 193.341, 201.491, 208.645, 216.637, 223.643, 231.789, 240.273, 247.204, 255.398, 263.144, 270.581, 279.066, 310.348], "UpperBound": 4197.3, "rootBTTime": 0, "LowerBounds": {"1": 3510.87, "2": 3723.97, "3": 3795.46, "4": 3935.19, "5": 3943.94, "6": 3984.06, "7": 3999.98, "8": 4048.57, "9": 4057.42, "10": 4080.79, "11": 4085.21, "12": 4106.4, "13": 4108.71, "14": 4118.98, "15": 4128.97, "16": 4129.88, "17": 4130.7, "18": 4137.66, "19": 4151.06, "20": 4154.71, "21": 4160.51, "22": 4160.63, "23": 4162.21, "24": 4170.7, "25": 4176.61, "26": 4177.12, "27": 4181.81, "28": 4185.45, "29": 4185.57, "30": 4186.86, "31": 4187.8, "32": 4187.99, "33": 4188.07, "34": 4191.92, "35": 4192.55, "36": 4193.27}, "SolveResult": 0, "UpperBounds": {"1": 4197.3}, "MaxQueueSize": 13, "VisitedNodes": 73, "BranchingVars": [0, 3, 3, 6, 6, 6, 4, 1, 4, 4, 4, 4, 4, 4, 4, 6, 1, 6, 2, 1, 6, 2, 6, 2, 1, 3, 0, 0, 2, 0, 0, 3, 3, 1, 2, 2], "NonLinearTime": 0.33096, "OptimalityGap": 4.03013, "BranchingRules": ["sum_dual_weighted_plus1_rel", "sum_dual_weighted_plus1_rel", "sum_dual_weighted_plus1_rel", "sum_dual_weighted_plus1_rel", "sum_dual_weighted_plus1_rel", "sum_dual_weighted_plus1_rel", "sum_dual_weighted_plus1_rel", "sum_dual_weighted_plus1_rel", "sum_dual_weighted_plus1_rel", "sum_dual_weighted_plus1_rel", "sum_dual_weighted_plus1_rel", "sum_dual_weighted_plus1_rel", "sum_dual_weighted_plus1_rel", "sum_dual_weighted_plus1_rel", "sum_dual_weighted_plus1_rel", "sum_dual_weighted_plus1_rel", "sum_dual_weighted_plus1_rel", "sum_dual_weighted_plus1_rel", "sum_dual_weighted_plus1_rel", "sum_dual_weighted_plus1_rel", "sum_dual_weighted_plus1_rel", "sum_dual_weighted_plus1_rel", "sum_dual_weighted_plus1_rel", "sum_dual_weighted_plus1_rel", "sum_dual_weighted_plus1_rel", "sum_dual_weighted_plus1_rel", "sum_dual_weighted_plus1_rel", "sum_dual_weighted_plus1_rel", "sum_dual_weighted_plus1_rel", "sum_dual_weighted_plus1_rel", "sum_dual_weighted_plus1_rel", "sum_dual_weighted_plus1_rel", "sum_dual_weighted_plus1_rel", "sum_dual_weighted_plus1_rel", "sum_dual_weighted_plus1_rel", "sum_dual_weighted_plus1_rel"], "LBImprovements": [213.098, 211.224, 188.597, 113.376, 136.851, 124.658, 129.905, 57.8339, 73.2749, 73.9225, 132.411, 54.1037, 51.919, 67.8839, 56.5984, 87.6994, 45.9133, 88.9045, 56.7023, 50.9263, 16.6076, 65.7746, 30.6266, 65.2548, 62.7803, 8.33082, 6.26841, 8.28642, 39.9293, 45.3586, 9.31223, 39.4513, 5.48013, 5.36318, 74.3305, 12.4054], "InfeasibleNodes": 0, "ElapsedTimeCoeffs": 0, "LinearizationTime": 0.0611641, "NumberOfVariables": 8, "CallsToLinearSolver": 73, "LinearGenerationTime": 0.732813, "SDPCutsGenerationTime": 0, "CallsToNonLinearSolver": 9, "StrongBranchingExtraTime": 253.275, "ElapsedTimeWeightedCoeffs": 0, "NodesDiscardedByFathoming": 0, "NodesDiscardedByTolerance": 37, "BoundFactorConstraintsTime": 1.4168, "ElapsedTimeVarsInConstraints": 0.000118275, "meanBTRelativeChangeRootNode": 0, "NumberOfBoundFactorConstraints": 1686, "NumberOfLAPACKConvergenceFailures": 0, "NumberOfRLTVariablesAfterLinearization": 430}