{"Itbt": 0, "Pace": 0.0160181, "Depth": 18, "Degree": 5, "RPSTime": 0.940101, "FBBTTime": 0, "OBBTTime": 0, "TotalTime": 5.71186, "Iterations": 86, "LinearTime": 0.590713, "LowerBound": 190.373, "TimeVector": [0.275917, 0.348449, 0.42183, 0.49437, 0.564153, 0.62408, 0.685022, 0.754747, 0.816971, 0.880164, 0.943235, 1.00808, 1.06683, 1.12693, 1.18678, 1.26002, 1.32081, 1.38299, 1.44462, 1.50428, 1.56666, 1.62622, 1.69133, 1.74547, 1.80859, 1.87226, 1.9365, 2.00003, 2.06317, 2.12599, 2.19355, 2.26033, 2.3252, 2.38931, 2.45187, 2.51135, 2.57529, 2.63858, 2.70541, 2.76664, 2.82743, 2.89258, 2.95596, 3.02027, 3.08678, 3.14603, 3.21127, 3.27507, 3.34714, 3.39983, 3.45216, 3.50469, 3.55671, 3.60872, 3.66052, 3.71404, 3.77017, 3.82721, 3.88195, 3.93393, 3.99184, 4.05067, 4.10815, 4.18454, 4.25237, 4.3216, 4.38963, 4.45297, 4.52438, 4.59805, 4.66798, 4.73695, 4.80498, 4.86676, 4.93494, 5.00455, 5.09021, 5.16131, 5.23327, 5.29666, 5.36646, 5.43532, 5.4994, 5.57272, 5.64056, 11.3524], "UpperBound": 190.554, "rootBTTime": 0, "LowerBounds": {"1": 133.67, "2": 161.251, "3": 161.366, "4": 167.62, "5": 168.301, "6": 170.573, "7": 171.617, "8": 175.253, "9": 175.282, "10": 175.914, "11": 178.296, "12": 179.404, "13": 180.391, "14": 180.717, "15": 180.813, "16": 180.966, "17": 181.389, "18": 181.891, "19": 182.816, "20": 182.82, "21": 183.762, "22": 184.552, "23": 184.719, "24": 184.753, "25": 184.894, "26": 184.999, "27": 185.466, "28": 185.58, "31": 186.002, "32": 186.378, "33": 186.415, "34": 186.557, "35": 186.688, "36": 186.797, "37": 186.961, "38": 187.498, "39": 187.61, "40": 187.634, "41": 187.768, "42": 188.65, "43": 188.65, "44": 188.875, "45": 189.223, "46": 189.256, "47": 189.369, "48": 189.565, "49": 189.719, "50": 189.75, "57": 189.75, "61": 189.75, "64": 189.795, "65": 189.902, "66": 189.902, "67": 189.93, "68": 189.989, "69": 190.048, "70": 190.137, "71": 190.208, "72": 190.24, "73": 190.27, "75": 190.279, "76": 190.29, "79": 190.29, "80": 190.29, "81": 190.29, "82": 190.29, "83": 190.312, "84": 190.329, "85": 190.338, "86": 190.373}, "SolveResult": 0, "UpperBounds": {"1": 190.554}, "MaxQueueSize": 16, "VisitedNodes": 173, "BranchingVars": [0, 1, 3, 5, 7, 3, 1, 6, 3, 3, 6, 1, 5, 6, 2, 7, 7, 1, 7, 5, 7, 7, 6, 1, 6, 7, 7, 2, 4, 6, 5, 6, 6, 7, 7, 7, 6, 6, 5, 6, 6, 5, 5, 2, 7, 7, 7, 2, 1, 2, 7, 6, 6, 7, 6, 6, 2, 6, 7, 7, 7, 6, 6, 6, 1, 6, 3, 3, 3, 1, 6, 1, 3, 6, 6, 2, 7, 3, 6, 3, 3, 3, 2, 6, 3, 6], "NonLinearTime": 0.202507, "OptimalityGap": 0.18036, "BranchingRules": ["sum_rescaled_var_range_weighted_rel", "sum_rescaled_var_range_weighted_rel", "sum_rescaled_var_range_weighted_rel", "sum_rescaled_var_range_weighted_rel", "sum_rescaled_var_range_weighted_rel", "sum_rescaled_var_range_weighted_rel", "sum_rescaled_var_range_weighted_rel", "sum_rescaled_var_range_weighted_rel", "sum_rescaled_var_range_weighted_rel", "sum_rescaled_var_range_weighted_rel", "sum_rescaled_var_range_weighted_rel", "sum_rescaled_var_range_weighted_rel", "sum_rescaled_var_range_weighted_rel", "sum_rescaled_var_range_weighted_rel", "sum_rescaled_var_range_weighted_rel", "sum_rescaled_var_range_weighted_rel", "sum_rescaled_var_range_weighted_rel", "sum_rescaled_var_range_weighted_rel", "sum_rescaled_var_range_weighted_rel", "sum_rescaled_var_range_weighted_rel", "sum_rescaled_var_range_weighted_rel", "sum_rescaled_var_range_weighted_rel", "sum_rescaled_var_range_weighted_rel", "sum_rescaled_var_range_weighted_rel", "sum_rescaled_var_range_weighted_rel", "sum_rescaled_var_range_weighted_rel", "sum_rescaled_var_range_weighted_rel", "sum_rescaled_var_range_weighted_rel", "sum_rescaled_var_range_weighted_rel", "sum_rescaled_var_range_weighted_rel", "sum_rescaled_var_range_weighted_rel", "sum_rescaled_var_range_weighted_rel", "sum_rescaled_var_range_weighted_rel", "sum_rescaled_var_range_weighted_rel", "sum_rescaled_var_range_weighted_rel", "sum_rescaled_var_range_weighted_rel", "sum_rescaled_var_range_weighted_rel", "sum_rescaled_var_range_weighted_rel", "sum_rescaled_var_range_weighted_rel", "sum_rescaled_var_range_weighted_rel", "sum_rescaled_var_range_weighted_rel", "sum_rescaled_var_range_weighted_rel", "sum_rescaled_var_range_weighted_rel", "sum_rescaled_var_range_weighted_rel", "sum_rescaled_var_range_weighted_rel", "sum_rescaled_var_range_weighted_rel", "sum_rescaled_var_range_weighted_rel", "sum_rescaled_var_range_weighted_rel", "sum_rescaled_var_range_weighted_rel", "sum_rescaled_var_range_weighted_rel", "sum_rescaled_var_range_weighted_rel", "sum_rescaled_var_range_weighted_rel", "sum_rescaled_var_range_weighted_rel", "sum_rescaled_var_range_weighted_rel", "sum_rescaled_var_range_weighted_rel", "sum_rescaled_var_range_weighted_rel", "sum_rescaled_var_range_weighted_rel", "sum_rescaled_var_range_weighted_rel", "sum_rescaled_var_range_weighted_rel", "sum_rescaled_var_range_weighted_rel", "sum_rescaled_var_range_weighted_rel", "sum_rescaled_var_range_weighted_rel", "sum_rescaled_var_range_weighted_rel", "sum_rescaled_var_range_weighted_rel", "sum_rescaled_var_range_weighted_rel", "sum_rescaled_var_range_weighted_rel", "sum_rescaled_var_range_weighted_rel", "sum_rescaled_var_range_weighted_rel", "sum_rescaled_var_range_weighted_rel", "sum_rescaled_var_range_weighted_rel", "sum_rescaled_var_range_weighted_rel", "sum_rescaled_var_range_weighted_rel", "sum_rescaled_var_range_weighted_rel", "sum_rescaled_var_range_weighted_rel", "sum_rescaled_var_range_weighted_rel", "sum_rescaled_var_range_weighted_rel", "sum_rescaled_var_range_weighted_rel", "sum_rescaled_var_range_weighted_rel", "sum_rescaled_var_range_weighted_rel", "sum_rescaled_var_range_weighted_rel", "sum_rescaled_var_range_weighted_rel", "sum_rescaled_var_range_weighted_rel", "sum_rescaled_var_range_weighted_rel", "sum_rescaled_var_range_weighted_rel", "sum_rescaled_var_range_weighted_rel", "sum_rescaled_var_range_weighted_rel"], "LBImprovements": [27.581, 6.36844, 6.93479, 7.66259, 6.95179, 12.2431, 8.77434, 5.5604, 5.4344, 3.49034, 24.5681, 4.3578, 4.16012, 8.53895, 4.18561, 5.0366, 5.57185, 3.68872, 5.83319, 7.55321, 0.957239, 3.0826, 6.3975, 4.99707, 21.8044, 10.4174, 0.948947, 0, 5.10612, 0.977299, 7.95333, 0.309906, 14.6683, 4.1756, 8.64877, 3.89628, 5.66793, 4.47008, 8.04289, 2.67818, 1.10731, 5.67965, 13.3939, 0.347865, 0.495981, 18.4705, 0.767301, 10000000000.0, 0.183456, 0, 0.0000000000000852651, 3.26496, 2.23392, 0, 3.26496, 3.26496, 0, 0, 2.04107, 10000000000.0, 0, 3.26496, 1.55864, 0.10647, 0.028061, 0.145462, 0.277914, 0.387534, 0.356914, 0.261139, 0.0322826, 0.029811, 0, 0.263524, 0.011357, 0, 0.0000897063, 0.143484, 0.00014554, 0.143128, 0.143611, 0.14306, 0.14377, 0.145296, 0.170888, 0.326371], "InfeasibleNodes": 12, "ElapsedTimeCoeffs": 0, "LinearizationTime": 0.000605114, "NumberOfVariables": 8, "CallsToLinearSolver": 173, "LinearGenerationTime": 0.116729, "SDPCutsGenerationTime": 0, "CallsToNonLinearSolver": 10, "StrongBranchingExtraTime": 4.80356, "ElapsedTimeWeightedCoeffs": 0, "NodesDiscardedByFathoming": 0, "NodesDiscardedByTolerance": 75, "BoundFactorConstraintsTime": 0.0605207, "ElapsedTimeVarsInConstraints": 0.000022951, "meanBTRelativeChangeRootNode": 0, "NumberOfBoundFactorConstraints": 86, "NumberOfLAPACKConvergenceFailures": 0, "NumberOfRLTVariablesAfterLinearization": 55}