{"Itbt": 0, "Pace": 0.0147811, "Depth": 18, "Degree": 5, "RPSTime": 2.0252, "FBBTTime": 0, "OBBTTime": 0, "TotalTime": 12.6046, "Iterations": 170, "LinearTime": 1.36996, "LowerBound": -60.9169, "TimeVector": [0.426663, 0.507384, 0.58557, 0.664458, 0.747844, 0.814629, 0.884135, 0.961502, 1.02908, 1.10434, 1.17342, 1.24453, 1.31137, 1.38072, 1.44957, 1.52228, 1.58982, 1.66041, 1.7285, 1.79253, 1.85881, 1.92622, 1.99718, 2.06987, 2.14062, 2.20864, 2.28014, 2.35374, 2.42192, 2.49026, 2.56065, 2.64023, 2.71194, 2.77848, 2.85245, 2.92519, 2.99685, 3.06603, 3.1337, 3.20136, 3.27351, 3.34432, 3.41315, 3.48478, 3.55673, 3.62659, 3.69678, 3.76647, 3.83168, 3.9007, 3.97266, 4.04395, 4.11291, 4.17857, 4.24783, 4.31529, 4.39, 4.45807, 4.53267, 4.6027, 4.67357, 4.74413, 4.8143, 4.89197, 4.9637, 5.03105, 5.09997, 5.16789, 5.23637, 5.30661, 5.3779, 5.44549, 5.51206, 5.58444, 5.65588, 5.72551, 5.79481, 5.86486, 5.93857, 6.01239, 6.08164, 6.15449, 6.22471, 6.29821, 6.36791, 6.44128, 6.51423, 6.58258, 6.65085, 6.72037, 6.78695, 6.8548, 6.92886, 7.00351, 7.07112, 7.1413, 7.21004, 7.28127, 7.35238, 7.42364, 7.49695, 7.56679, 7.63713, 7.70847, 7.78056, 7.85058, 7.9215, 7.99813, 8.07349, 8.14855, 8.21664, 8.28878, 8.3614, 8.42886, 8.49984, 8.57552, 8.65263, 8.72278, 8.79288, 8.86507, 8.93786, 9.01004, 9.0822, 9.15577, 9.22678, 9.3046, 9.37992, 9.46227, 9.53544, 9.61138, 9.68216, 9.75481, 9.82769, 9.90351, 9.97684, 10.0552, 10.1299, 10.2025, 10.2757, 10.3471, 10.4213, 10.4952, 10.5724, 10.644, 10.7179, 10.7897, 10.8726, 10.946, 11.0195, 11.0951, 11.1742, 11.2485, 11.3234, 11.3923, 11.467, 11.546, 11.6278, 11.7054, 11.7794, 11.8531, 11.927, 11.9999, 12.0717, 12.1473, 12.2185, 12.2993, 12.372, 12.4472, 12.5243, 25.1289], "UpperBound": -60.8582, "rootBTTime": 0, "LowerBounds": {"1": -182.285, "2": -155.894, "3": -144.105, "4": -144.065, "5": -136.457, "6": -131.962, "7": -131.937, "8": -120.998, "9": -115.579, "10": -113.609, "11": -113.55, "12": -113.315, "13": -113.103, "14": -111.425, "15": -110.452, "16": -104.823, "17": -103.122, "18": -102.86, "19": -99.6128, "20": -99.3101, "21": -98.79, "22": -98.4308, "23": -97.5993, "24": -96.3455, "25": -94.5039, "26": -92.4277, "27": -90.9403, "28": -89.6627, "29": -86.2991, "30": -85.5566, "31": -85.4449, "32": -84.8985, "33": -84.7575, "34": -84.5497, "35": -84.4882, "36": -83.561, "37": -83.5467, "38": -82.8812, "39": -81.7128, "40": -80.1991, "41": -79.0457, "42": -77.6644, "43": -77.445, "44": -77.1251, "45": -75.767, "46": -75.1334, "47": -74.9447, "48": -74.8746, "49": -74.544, "50": -73.7499, "51": -72.6654, "52": -72.1325, "53": -72.0326, "54": -71.5252, "55": -71.4673, "56": -71.211, "57": -71.0547, "58": -70.9893, "59": -70.981, "60": -70.8615, "61": -70.5736, "62": -70.3633, "63": -70.0704, "64": -69.868, "65": -69.7277, "66": -68.8937, "67": -68.8697, "68": -68.8444, "69": -68.5594, "70": -68.4998, "71": -68.4721, "72": -68.2554, "73": -68.1376, "74": -67.985, "75": -67.9439, "76": -67.3104, "77": -67.2362, "78": -67.1392, "79": -67.0658, "80": -66.9532, "81": -66.6013, "82": -66.4935, "83": -65.5124, "84": -65.3784, "85": -65.369, "86": -65.2785, "87": -64.9628, "88": -64.9575, "89": -64.7401, "90": -64.2908, "91": -64.1165, "92": -64.1073, "93": -64.0501, "94": -64.0235, "95": -63.6138, "96": -63.59, "97": -63.5791, "98": -63.5637, "99": -63.5027, "100": -63.4644, "101": -63.2677, "102": -63.2017, "103": -63.1464, "104": -63.0683, "105": -63.0417, "106": -62.9689, "107": -62.875, "108": -62.6792, "109": -62.6695, "110": -62.5563, "111": -62.5175, "112": -62.4384, "113": -62.3957, "114": -62.3687, "115": -62.3321, "116": -62.2719, "117": -62.2605, "118": -62.2311, "119": -62.1414, "120": -62.1191, "121": -62.1033, "122": -62.0449, "123": -62.0053, "124": -61.7386, "125": -61.7168, "126": -61.7149, "127": -61.6546, "128": -61.5909, "129": -61.5611, "130": -61.5272, "131": -61.4809, "132": -61.3934, "133": -61.3516, "134": -61.3079, "135": -61.3056, "136": -61.3029, "137": -61.2732, "138": -61.2645, "139": -61.2542, "140": -61.2348, "141": -61.1724, "142": -61.1213, "143": -61.1059, "144": -61.1053, "145": -61.1051, "146": -61.0759, "147": -61.0589, "148": -61.0583, "149": -61.031, "150": -61.0303, "151": -61.0294, "152": -61.0258, "153": -61.022, "154": -60.9996, "155": -60.9957, "156": -60.9928, "157": -60.9743, "158": -60.9728, "159": -60.9631, "160": -60.9546, "161": -60.9469, "162": -60.9461, "163": -60.9461, "164": -60.9407, "165": -60.9407, "166": -60.9406, "167": -60.9336, "168": -60.9268, "169": -60.9264, "170": -60.9169}, "SolveResult": 0, "UpperBounds": {"1": -60.8582}, "MaxQueueSize": 30, "VisitedNodes": 341, "BranchingVars": [6, 0, 7, 7, 7, 6, 6, 4, 4, 4, 6, 4, 4, 4, 4, 7, 6, 1, 6, 4, 6, 4, 4, 4, 4, 4, 6, 4, 4, 4, 4, 4, 4, 4, 4, 4, 4, 4, 5, 5, 5, 5, 4, 4, 5, 5, 4, 5, 0, 4, 5, 4, 4, 6, 4, 4, 4, 4, 6, 5, 5, 5, 4, 6, 4, 4, 6, 4, 4, 4, 4, 4, 4, 1, 5, 4, 4, 4, 5, 4, 4, 1, 6, 4, 7, 5, 5, 4, 4, 5, 4, 4, 4, 4, 4, 4, 6, 7, 7, 5, 4, 6, 0, 4, 4, 4, 7, 4, 4, 1, 4, 1, 7, 3, 4, 0, 4, 5, 5, 5, 0, 1, 4, 4, 4, 4, 0, 7, 7, 4, 0, 7, 4, 4, 7, 6, 6, 0, 7, 4, 0, 6, 5, 6, 6, 7, 6, 5, 5, 5, 6, 5, 6, 7, 4, 4, 5, 4, 5, 5, 4, 7, 7, 7, 7, 5, 7, 4, 7, 4], "NonLinearTime": 0.222949, "OptimalityGap": 0.0586721,