{"Itbt": 0, "Pace": 1.15025, "Depth": 15, "Degree": 3, "RPSTime": 0.562149, "FBBTTime": 0, "OBBTTime": 0, "TotalTime": 3.1696, "Iterations": 138, "LinearTime": 0.287165, "LowerBound": -1.76636, "TimeVector": [0.387412, 0.417161, 0.445789, 0.474493, 0.502015, 0.522049, 0.542954, 0.571289, 0.591479, 0.611774, 0.631593, 0.65269, 0.672976, 0.693066, 0.713337, 0.741606, 0.761363, 0.779699, 0.799056, 0.817152, 0.836055, 0.855752, 0.874042, 0.894329, 0.914528, 0.934618, 0.954845, 0.975379, 0.995208, 1.01506, 1.03334, 1.06168, 1.08203, 1.10222, 1.12243, 1.14058, 1.16012, 1.18034, 1.19858, 1.21815, 1.23775, 1.25736, 1.2779, 1.29848, 1.31855, 1.33813, 1.35843, 1.37672, 1.39676, 1.41725, 1.4371, 1.45692, 1.4765, 1.49663, 1.51678, 1.53662, 1.55668, 1.57655, 1.59459, 1.6126, 1.63276, 1.65287, 1.67269, 1.70135, 1.72114, 1.74141, 1.76125, 1.78096, 1.80057, 1.81825, 1.83599, 1.85588, 1.87382, 1.89256, 1.91032, 1.92971, 1.94945, 1.96912, 1.98909, 2.00886, 2.0287, 2.04828, 2.0688, 2.08886, 2.10884, 2.12881, 2.14901, 2.1689, 2.18863, 2.20889, 2.22895, 2.24889, 2.26852, 2.28683, 2.30663, 2.32417, 2.34348, 2.36324, 2.38293, 2.40251, 2.42235, 2.44154, 2.46085, 2.48088, 2.50087, 2.52095, 2.54138, 2.562, 2.58325, 2.60305, 2.62239, 2.64232, 2.663, 2.683, 2.70208, 2.71981, 2.73954, 2.75906, 2.77852, 2.79816, 2.81813, 2.83803, 2.8582, 2.87783, 2.89495, 2.91347, 2.93319, 2.96103, 2.98101, 3.00107, 3.02117, 3.04114, 3.06049, 3.0799, 3.09971, 3.11993, 3.14037, 6.30997], "UpperBound": -1.765, "rootBTTime": 0, "LowerBounds": {"1": -2.32346, "2": -2.25449, "3": -2.17755, "4": -2.0562, "5": -2.03491, "6": -1.91401, "7": -1.91179, "8": -1.90348, "9": -1.90281, "10": -1.90217, "11": -1.89705, "12": -1.8959, "13": -1.89554, "14": -1.89335, "15": -1.89186, "16": -1.89096, "17": -1.88888, "18": -1.88569, "19": -1.88569, "20": -1.88335, "21": -1.88335, "22": -1.8793, "23": -1.8793, "24": -1.87187, "25": -1.86854, "26": -1.86782, "27": -1.86732, "28": -1.86703, "29": -1.86584, "30": -1.86379, "31": -1.86218, "32": -1.86218, "33": -1.86126, "34": -1.8599, "35": -1.8599, "36": -1.85708, "37": -1.85708, "38": -1.85333, "39": -1.85111, "40": -1.85111, "41": -1.84872, "42": -1.83197, "43": -1.82314, "44": -1.81752, "45": -1.81414, "46": -1.81375, "47": -1.81375, "48": -1.8103, "49": -1.8103, "50": -1.80997, "51": -1.80971, "52": -1.80896, "53": -1.80896, "54": -1.80895, "55": -1.80837, "56": -1.8082, "57": -1.8076, "58": -1.8076, "59": -1.8076, "60": -1.8076, "61": -1.80414, "62": -1.80345, "63": -1.80184, "64": -1.80156, "65": -1.80156, "66": -1.80091, "67": -1.80083, "68": -1.80074, "70": -1.80074, "71": -1.80074, "72": -1.80062, "73": -1.79967, "74": -1.79967, "75": -1.79967, "76": -1.79967, "77": -1.79836, "78": -1.79836, "79": -1.79766, "80": -1.79684, "81": -1.79584, "82": -1.79584, "83": -1.79328, "84": -1.792, "85": -1.78909, "86": -1.78909, "87": -1.78867, "88": -1.78621, "89": -1.78555, "90": -1.78106, "91": -1.78043, "92": -1.77935, "93": -1.77898, "94": -1.77898, "95": -1.7786, "96": -1.77665, "98": -1.77581, "99": -1.77577, "100": -1.77557, "101": -1.7749, "102": -1.77476, "103": -1.77474, "104": -1.77474, "105": -1.77442, "106": -1.77439, "107": -1.77414, "108": -1.77354, "109": -1.77285, "110": -1.77224, "111": -1.77203, "112": -1.77203, "113": -1.7712, "114": -1.7712, "115": -1.77111, "116": -1.77111, "117": -1.77061, "118": -1.77032, "119": -1.77032, "120": -1.76961, "121": -1.7696, "122": -1.7696, "123": -1.76908, "124": -1.76874, "125": -1.76855, "126": -1.76855, "127": -1.76852, "128": -1.76852, "129": -1.76846, "130": -1.76816, "131": -1.76779, "132": -1.76746, "133": -1.76742, "134": -1.76742, "135": -1.76742, "136": -1.76717, "137": -1.76714, "138": -1.76636}, "SolveResult": 0, "UpperBounds": {"1": -1.765}, "MaxQueueSize": 35, "VisitedNodes": 277, "BranchingVars": [5, 0, 0, 3, 3, 2, 4, 2, 5, 5, 6, 4, 5, 4, 4, 4, 4, 5, 5, 4, 4, 4, 4, 5, 5, 4, 4, 6, 4, 4, 5, 5, 6, 4, 4, 4, 4, 4, 4, 4, 4, 4, 6, 5, 5, 4, 4, 5, 5, 6, 2, 6, 6, 6, 3, 6, 6, 6, 6, 6, 3, 3, 3, 4, 4, 5, 3, 4, 4, 4, 4, 5, 4, 4, 4, 4, 4, 4, 4, 3, 3, 3, 4, 2, 4, 4, 4, 4, 4, 4, 4, 4, 4, 4, 3, 4, 4, 4, 4, 4, 2, 3, 6, 6, 3, 4, 4, 6, 4, 2, 3, 3, 3, 3, 3, 3, 3, 3, 3, 2, 4, 4, 4, 2, 4, 4, 6, 6, 4, 3, 4, 2, 3, 3, 0, 2, 0, 0], "NonLinearTime": 0.311823, "OptimalityGap": 0.00136457,