{"Itbt": 0, "Pace": 0.00196345, "Depth": 8, "Degree": 2, "RPSTime": 0.00255505, "FBBTTime": 0, "OBBTTime": 0, "TotalTime": 0.0580724, "Iterations": 8, "LinearTime": 0.00321146, "LowerBound": 200.994, "TimeVector": [0.0124836, 0.0200722, 0.0274194, 0.0348436, 0.0420849, 0.0425564, 0.0429764, 0.101049], "UpperBound": 201.159, "rootBTTime": 0, "LowerBounds": {"1": 171.419, "2": 182.541, "3": 190.513, "4": 196.118, "5": 198.507, "6": 199.992, "7": 200.507, "8": 200.994}, "SolveResult": 0, "UpperBounds": {"1": 179769000000000000000000000000000000000000000000000000000000000000000000000000000000000000000000000000000000000000000000000000000000000000000000000000000000000000000000000000000000000000000000000000000000000000000000000000000000000000000000000000000000000000000000000000000000000000000000000000000000000000000, "2": 201.159}, "MaxQueueSize": 1, "VisitedNodes": 17, "BranchingVars": [0, 1, 0, 1, 0, 1, 0, 1], "NonLinearTime": 0.0523002, "OptimalityGap": 0.165074, "BranchingRules": ["sum_rescaled_var_range_weighted_rel", "sum_rescaled_var_range_weighted_rel", "sum_rescaled_var_range_weighted_rel", "sum_rescaled_var_range_weighted_rel", "sum_rescaled_var_range_weighted_rel", "sum_rescaled_var_range_weighted_rel", "sum_rescaled_var_range_weighted_rel", "sum_rescaled_var_range_weighted_rel"], "LBImprovements": [11.1224, 7.97208, 5.60542, 2.38871, 1.4847, 0.514937, 0.373729, 0.113716], "InfeasibleNodes": 8, "ElapsedTimeCoeffs": 0, "LinearizationTime": 0.000008865, "NumberOfVariables": 3, "CallsToLinearSolver": 17, "LinearGenerationTime": 0.000891889, "SDPCutsGenerationTime": 0, "CallsToNonLinearSolver": 7, "StrongBranchingExtraTime": 0, "ElapsedTimeWeightedCoeffs": 0, "NodesDiscardedByFathoming": 0, "NodesDiscardedByTolerance": 1, "BoundFactorConstraintsTime": 0.000189956, "ElapsedTimeVarsInConstraints": 0, "meanBTRelativeChangeRootNode": 0, "NumberOfBoundFactorConstraints": 10, "NumberOfLAPACKConvergenceFailures": 0, "NumberOfRLTVariablesAfterLinearization": 3}