{"Itbt": 0, "Pace": 0.00000933455, "Depth": 11, "Degree": 4, "RPSTime": 0.00505749, "FBBTTime": 0, "OBBTTime": 0, "TotalTime": 0.0745759, "Iterations": 19, "LinearTime": 0.00837331, "LowerBound": -118.768, "TimeVector": [0.0107498, 0.0191806, 0.0273962, 0.0361733, 0.0442241, 0.044853, 0.0454046, 0.0540894, 0.0546629, 0.0552604, 0.0557727, 0.0562846, 0.0567947, 0.0573683, 0.0579465, 0.0656656, 0.0662471, 0.0667979, 0.141374], "UpperBound": -118.705, "rootBTTime": 0, "LowerBounds": {"1": -8108, "2": -2953.09, "3": -763.68, "4": -252.945, "5": -184.542, "6": -138.923, "7": -138.174, "8": -137.925, "9": -124.007, "10": -121.262, "11": -120.58, "12": -120.541, "13": -119.928, "14": -119.19, "15": -118.936, "16": -118.902, "17": -118.889, "18": -118.877, "19": -118.768}, "SolveResult": 0, "UpperBounds": {"1": -86.4222, "2": -118.705}, "MaxQueueSize": 4, "VisitedNodes": 39, "BranchingVars": [0, 0, 0, 0, 0, 0, 1, 1, 1, 0, 1, 1, 1, 0, 0, 1, 1, 1, 0], "NonLinearTime": 0.061137, "OptimalityGap": 0.0627292, "BranchingRules": ["sum_dual_weighted_plus1_rel", "sum_dual_weighted_plus1_rel", "sum_dual_weighted_plus1_rel", "sum_dual_weighted_plus1_rel", "sum_dual_weighted_plus1_rel", "sum_dual_weighted_plus1_rel", "sum_dual_weighted_plus1_rel", "sum_dual_weighted_plus1_rel", "sum_dual_weighted_plus1_rel", "sum_dual_weighted_plus1_rel", "sum_dual_weighted_plus1_rel", "sum_dual_weighted_plus1_rel", "sum_dual_weighted_plus1_rel", "sum_dual_weighted_plus1_rel", "sum_dual_weighted_plus1_rel", "sum_dual_weighted_plus1_rel", "sum_dual_weighted_plus1_rel", "sum_dual_weighted_plus1_rel", "sum_dual_weighted_plus1_rel"], "LBImprovements": [5154.91, 2189.41, 510.735, 68.4025, 45.6194, 0.748527, 16.9118, 19.4851, 6.68587, 0.720983, 1.70352, 1.35119, 1.25756, 0.288103, 0.0587436, 0.134515, 0.370475, 0.143998, 1.11987], "InfeasibleNodes": 0, "ElapsedTimeCoeffs": 0, "LinearizationTime": 0.000015688, "NumberOfVariables": 2, "CallsToLinearSolver": 39, "LinearGenerationTime": 0.00208737, "SDPCutsGenerationTime": 0, "CallsToNonLinearSolver": 8, "StrongBranchingExtraTime": 0, "ElapsedTimeWeightedCoeffs": 0, "NodesDiscardedByFathoming": 0, "NodesDiscardedByTolerance": 20, "BoundFactorConstraintsTime": 0.000760414, "ElapsedTimeVarsInConstraints": 0.000003873, "meanBTRelativeChangeRootNode": 0, "NumberOfBoundFactorConstraints": 8, "NumberOfLAPACKConvergenceFailures": 0, "NumberOfRLTVariablesAfterLinearization": 4}