{"Itbt": 0, "Pace": 0.0189277, "Depth": 10, "Degree": 7, "RPSTime": 3.73091, "FBBTTime": 0, "OBBTTime": 0, "TotalTime": 45.4951, "Iterations": 56, "LinearTime": 41.6752, "LowerBound": 4525.61, "TimeVector": [1.29617, 2.10334, 2.83523, 3.56644, 4.36668, 5.24091, 5.93113, 6.74341, 7.56256, 8.36523, 9.04938, 9.78712, 10.5227, 11.2191, 11.8878, 12.6351, 13.3908, 14.0966, 14.7865, 15.4796, 16.0636, 16.8691, 17.6134, 18.3645, 19.1706, 19.8587, 20.631, 21.3532, 22.0521, 22.8184, 23.5946, 24.269, 25.0083, 25.7434, 26.427, 27.3201, 28.094, 28.7012, 29.3878, 30.108, 30.817, 31.5071, 32.3143, 32.9075, 33.6463, 34.3342, 35.0556, 36.0268, 36.8286, 37.5391, 38.3383, 40.321, 41.2422, 42.4591, 43.3082, 58.6952], "UpperBound": 4527.95, "rootBTTime": 0, "LowerBounds": {"1": 2121.99, "2": 2753.58, "3": 3174.26, "4": 3374.94, "5": 3392.35, "6": 3606.42, "7": 3684.85, "8": 3693.68, "9": 3749.32, "10": 3891.58, "11": 3927, "12": 3959.43, "13": 4074.37, "14": 4089.93, "15": 4135.55, "16": 4142.83, "17": 4216.82, "18": 4219.97, "19": 4241.04, "20": 4280.26, "21": 4290.04, "22": 4309.84, "23": 4363.88, "24": 4392.09, "25": 4397.69, "26": 4410.58, "27": 4416.05, "28": 4426.8, "29": 4468.25, "30": 4472.68, "31": 4475.31, "32": 4475.73, "33": 4479.78, "34": 4480.18, "35": 4481.65, "36": 4485.3, "37": 4485.46, "38": 4485.88, "39": 4485.88, "40": 4487.99, "41": 4496.9, "42": 4502.83, "43": 4503.24, "44": 4512.08, "45": 4513.2, "46": 4513.44, "47": 4514.79, "48": 4514.9, "49": 4517.04, "50": 4519.76, "51": 4520.09, "52": 4521.64, "53": 4521.9, "54": 4522.52, "55": 4523.19, "56": 4525.61}, "SolveResult": 0, "UpperBounds": {"1": 4527.95}, "MaxQueueSize": 21, "VisitedNodes": 113, "BranchingVars": [3, 1, 1, 0, 2, 2, 2, 4, 0, 0, 2, 0, 2, 2, 4, 0, 4, 4, 4, 2, 2, 4, 4, 4, 0, 4, 2, 2, 0, 4, 0, 0, 0, 4, 0, 4, 2, 0, 0, 2, 0, 0, 2, 4, 1, 2, 2, 0, 2, 1, 1, 3, 1, 3, 3, 0], "NonLinearTime": 0.0889367, "OptimalityGap": 2.34003, "BranchingRules": ["sum_dual_weighted_plus1_rel", "sum_dual_weighted_plus1_rel", "sum_dual_weighted_plus1_rel", "sum_dual_weighted_plus1_rel", "sum_dual_weighted_plus1_rel", "sum_dual_weighted_plus1_rel", "sum_dual_weighted_plus1_rel", "sum_dual_weighted_plus1_rel", "sum_dual_weighted_plus1_rel", "sum_dual_weighted_plus1_rel", "sum_dual_weighted_plus1_rel", "sum_dual_weighted_plus1_rel", "sum_dual_weighted_plus1_rel", "sum_dual_weighted_plus1_rel", "sum_dual_weighted_plus1_rel", "sum_dual_weighted_plus1_rel", "sum_dual_weighted_plus1_rel", "sum_dual_weighted_plus1_rel", "sum_dual_weighted_plus1_rel", "sum_dual_weighted_plus1_rel", "sum_dual_weighted_plus1_rel", "sum_dual_weighted_plus1_rel", "sum_dual_weighted_plus1_rel", "sum_dual_weighted_plus1_rel", "sum_dual_weighted_plus1_rel", "sum_dual_weighted_plus1_rel", "sum_dual_weighted_plus1_rel", "sum_dual_weighted_plus1_rel", "sum_dual_weighted_plus1_rel", "sum_dual_weighted_plus1_rel", "sum_dual_weighted_plus1_rel", "sum_dual_weighted_plus1_rel", "sum_dual_weighted_plus1_rel", "sum_dual_weighted_plus1_rel", "sum_dual_weighted_plus1_rel", "sum_dual_weighted_plus1_rel", "sum_dual_weighted_plus1_rel", "sum_dual_weighted_plus1_rel", "sum_dual_weighted_plus1_rel", "sum_dual_weighted_plus1_rel", "sum_dual_weighted_plus1_rel", "sum_dual_weighted_plus1_rel", "sum_dual_weighted_plus1_rel", "sum_dual_weighted_plus1_rel", "sum_dual_weighted_plus1_rel", "sum_dual_weighted_plus1_rel", "sum_dual_weighted_plus1_rel", "sum_dual_weighted_plus1_rel", "sum_dual_weighted_plus1_rel", "sum_dual_weighted_plus1_rel", "sum_dual_weighted_plus1_rel", "sum_dual_weighted_plus1_rel", "sum_dual_weighted_plus1_rel", "sum_dual_weighted_plus1_rel", "sum_dual_weighted_plus1_rel", "sum_dual_weighted_plus1_rel"], "LBImprovements": [631.59, 621.361, 432.161, 309.904, 356.967, 353.005, 405.087, 586.572, 325.046, 593.716, 545.68, 257.397, 235.471, 151.103, 280.504, 267.746, 258.909, 255.339, 255.86, 117.436, 195.839, 193.397, 173.463, 174.004, 87.7716, 170.924, 103.71, 106.234, 60.7142, 204.742, 153.075, 39.0525, 33.6599, 326.251, 165.133, 210.399, 29.4327, 47.4288, 47.4288, 39.6093, 56.7823, 105.565, 35.1314, 202.196, 20.3001, 23.7147, 35.5333, 7.00202, 3.0472, 15.5869, 1.54934, 1.68409, 3.70997, 3.77734, 4.74298, 0], "InfeasibleNodes": 6, "ElapsedTimeCoeffs": 0, "LinearizationTime": 0.0345892, "NumberOfVariables": 5, "CallsToLinearSolver": 113, "LinearGenerationTime": 1.64068, "SDPCutsGenerationTime": 0, "CallsToNonLinearSolver": 9, "StrongBranchingExtraTime": 0, "ElapsedTimeWeightedCoeffs": 0, "NodesDiscardedByFathoming": 0, "NodesDiscardedByTolerance": 51, "BoundFactorConstraintsTime": 3.02429, "ElapsedTimeVarsInConstraints": 0.000037367, "meanBTRelativeChangeRootNode": 0, "NumberOfBoundFactorConstraints": 906, "NumberOfLAPACKConvergenceFailures": 0, "NumberOfRLTVariablesAfterLinearization": 299}