{"Itbt": 0, "Pace": 1.06828, "Depth": 23, "Degree": 2, "RPSTime": 0.146937, "FBBTTime": 0, "OBBTTime": 0, "TotalTime": 1.40977, "Iterations": 71, "LinearTime": 0.521411, "LowerBound": 0.857769, "TimeVector": [0.690346, 0.715457, 0.746253, 0.771703, 0.80095, 0.808065, 0.815325, 0.83488, 0.84393, 0.852357, 0.859302, 0.868173, 0.875571, 0.882733, 0.89123, 0.912597, 0.920054, 0.926993, 0.935851, 0.943238, 0.952152, 0.960215, 0.967228, 0.975909, 0.983309, 0.991221, 0.999695, 1.00817, 1.01651, 1.02482, 1.0326, 1.05317, 1.06219, 1.07067, 1.07861, 1.08609, 1.09433, 1.10304, 1.1106, 1.11926, 1.12812, 1.13685, 1.14583, 1.15465, 1.16194, 1.17055, 1.17902, 1.18823, 1.19661, 1.20539, 1.21365, 1.22111, 1.22985, 1.23838, 1.24608, 1.25464, 1.26263, 1.27043, 1.27874, 1.28671, 1.29392, 1.30218, 1.3104, 1.33492, 1.34308, 1.35146, 1.35976, 1.36815, 1.37644, 1.38471, 2.79447], "UpperBound": 0.858407, "rootBTTime": 0, "LowerBounds": {"1": 0, "51": 0.115601, "52": 0.23577, "53": 0.249006, "54": 0.249967, "55": 0.250704, "56": 0.251961, "57": 0.306746, "58": 0.394659, "59": 0.512075, "60": 0.512496, "61": 0.621084, "62": 0.670285, "63": 0.768409, "64": 0.790045, "65": 0.806083, "66": 0.809616, "67": 0.840672, "68": 0.844841, "69": 0.85419, "70": 0.855983, "71": 0.857769}, "SolveResult": 0, "UpperBounds": {"1": 0.858407}, "MaxQueueSize": 7, "VisitedNodes": 143, "BranchingVars": [0, 2, 2, 4, 4, 6, 6, 2, 0, 2, 2, 4, 4, 4, 6, 6, 6, 2, 2, 2, 0, 4, 4, 4, 2, 4, 4, 6, 6, 4, 6, 6, 4, 2, 4, 2, 6, 6, 2, 2, 4, 4, 2, 6, 0, 6, 4, 0, 6, 6, 4, 6, 4, 4, 2, 4, 4, 2, 6, 2, 2, 4, 6, 2, 2, 4, 2, 4, 4, 2, 4], "NonLinearTime": 0.372437, "OptimalityGap": 0.000638239, "BranchingRules": ["sum_rescaled_var_range_weighted_rel", "sum_rescaled_var_range_weighted_rel", "sum_rescaled_var_range_weighted_rel", "sum_rescaled_var_range_weighted_rel", "sum_rescaled_var_range_weighted_rel", "sum_rescaled_var_range_weighted_rel", "sum_rescaled_var_range_weighted_rel", "sum_rescaled_var_range_weighted_rel", "sum_rescaled_var_range_weighted_rel", "sum_rescaled_var_range_weighted_rel", "sum_rescaled_var_range_weighted_rel", "sum_rescaled_var_range_weighted_rel", "sum_rescaled_var_range_weighted_rel", "sum_rescaled_var_range_weighted_rel", "sum_rescaled_var_range_weighted_rel", "sum_rescaled_var_range_weighted_rel", "sum_rescaled_var_range_weighted_rel", "sum_rescaled_var_range_weighted_rel", "sum_rescaled_var_range_weighted_rel", "sum_rescaled_var_range_weighted_rel", "sum_rescaled_var_range_weighted_rel", "sum_rescaled_var_range_weighted_rel", "sum_rescaled_var_range_weighted_rel", "sum_rescaled_var_range_weighted_rel", "sum_rescaled_var_range_weighted_rel", "sum_rescaled_var_range_weighted_rel", "sum_rescaled_var_range_weighted_rel", "sum_rescaled_var_range_weighted_rel", "sum_rescaled_var_range_weighted_rel", "sum_rescaled_var_range_weighted_rel", "sum_rescaled_var_range_weighted_rel", "sum_rescaled_var_range_weighted_rel", "sum_rescaled_var_range_weighted_rel", "sum_rescaled_var_range_weighted_rel", "sum_rescaled_var_range_weighted_rel", "sum_rescaled_var_range_weighted_rel", "sum_rescaled_var_range_weighted_rel", "sum_rescaled_var_range_weighted_rel", "sum_rescaled_var_range_weighted_rel", "sum_rescaled_var_range_weighted_rel", "sum_rescaled_var_range_weighted_rel", "sum_rescaled_var_range_weighted_rel", "sum_rescaled_var_range_weighted_rel", "sum_rescaled_var_range_weighted_rel", "sum_rescaled_var_range_weighted_rel", "sum_rescaled_var_range_weighted_rel", "sum_rescaled_var_range_weighted_rel", "sum_rescaled_var_range_weighted_rel", "sum_rescaled_var_range_weighted_rel", "sum_rescaled_var_range_weighted_rel", "sum_rescaled_var_range_weighted_rel", "sum_rescaled_var_range_weighted_rel", "sum_rescaled_var_range_weighted_rel", "sum_dual_weighted_plus1", "sum_rescaled_var_range_weighted_rel", "sum_rescaled_var_range_weighted_rel", "sum_rescaled_var_range_weighted_rel", "sum_rescaled_var_range_weighted_rel", "sum_rescaled_var_range_weighted_rel", "sum_rescaled_var_range_weighted_rel", "sum_rescaled_var_range_weighted_rel", "sum_rescaled_var_range_weighted_rel", "sum_rescaled_var_range_weighted_rel", "sum_rescaled_var_range_weighted_rel", "sum_rescaled_var_range_weighted_rel", "sum_rescaled_var_range_weighted_rel", "sum_rescaled_var_range_weighted_rel", "sum_rescaled_var_range_weighted_rel", "sum_dual_weighted_plus1", "sum_rescaled_var_range_weighted_rel", "sum_rescaled_var_range_weighted_rel"], "LBImprovements": [0, 0, 0, 0, 0, 0, 0, 0, 0, 0, 0, 0, 0, 0, 0, 0, 0, 0, 0, 0, 0, 0, 0, 0, 0, 0, 0, 0.249967, 0, 0, 0, 0.306746, 0, 0, 0, 0, 0, 0, 0, 0, 0.23577, 0, 0, 0.115601, 0, 0, 0, 0, 0.251961, 0.249006, 0.279058, 0, 0.557077, 0.371117, 0, 0.260535, 0.205329, 0, 0.15821, 0, 0, 0.0981239, 0.0216359, 0.0195707, 0, 0.031056, 0.00416986, 0.00934848, 0.00179318, 0.000884352, 0.00090166], "InfeasibleNodes": 71, "ElapsedTimeCoeffs": 0, "LinearizationTime": 0.000174801, "NumberOfVariables": 12, "CallsToLinearSolver": 143, "LinearGenerationTime": 0.145945, "SDPCutsGenerationTime": 0, "CallsToNonLinearSolver": 10, "StrongBranchingExtraTime": 0.492356, "ElapsedTimeWeightedCoeffs": 0, "NodesDiscardedByFathoming": 0, "NodesDiscardedByTolerance": 1, "BoundFactorConstraintsTime": 0.00556138, "ElapsedTimeVarsInConstraints": 0.000024501, "meanBTRelativeChangeRootNode": 0, "NumberOfBoundFactorConstraints": 76, "NumberOfLAPACKConvergenceFailures": 0, "NumberOfRLTVariablesAfterLinearization": 21}