{"Itbt": 0, "Pace": 0.0180169, "Depth": 12, "Degree": 3, "RPSTime": 0.0217416, "FBBTTime": 0, "OBBTTime": 0, "TotalTime": 0.208863, "Iterations": 56, "LinearTime": 0.103662, "LowerBound": 128.355, "TimeVector": [0.0202656, 0.0311378, 0.0425745, 0.0531759, 0.063719, 0.0658855, 0.0679493, 0.0789105, 0.0810747, 0.0833092, 0.085443, 0.0874959, 0.0895649, 0.0916224, 0.0937855, 0.104804, 0.106901, 0.10895, 0.111029, 0.11331, 0.11534, 0.117546, 0.119772, 0.121926, 0.124052, 0.126102, 0.128261, 0.130641, 0.132872, 0.134928, 0.136908, 0.147175, 0.149413, 0.151524, 0.1537, 0.155936, 0.158088, 0.160314, 0.162403, 0.164503, 0.166724, 0.168871, 0.170977, 0.173353, 0.175539, 0.177815, 0.179885, 0.182177, 0.184491, 0.1867, 0.189033, 0.191399, 0.193517, 0.195731, 0.198188, 0.407051], "UpperBound": 128.479, "rootBTTime": 0, "LowerBounds": {"1": 116.764, "2": 122.275, "3": 122.692, "4": 123.085, "5": 123.534, "6": 123.553, "7": 123.849, "8": 124.185, "9": 124.23, "10": 125.224, "11": 125.948, "12": 126.088, "13": 126.129, "14": 126.178, "15": 126.385, "16": 126.464, "17": 126.593, "18": 126.703, "19": 126.717, "20": 126.997, "21": 127.088, "22": 127.106, "23": 127.165, "24": 127.176, "25": 127.222, "26": 127.227, "27": 127.518, "28": 127.519, "29": 127.579, "30": 127.602, "31": 127.758, "32": 127.787, "33": 127.838, "34": 127.924, "35": 127.937, "36": 127.939, "37": 127.995, "38": 128.036, "39": 128.055, "40": 128.117, "41": 128.142, "42": 128.195, "43": 128.199, "44": 128.2, "45": 128.201, "46": 128.23, "47": 128.239, "48": 128.245, "49": 128.25, "50": 128.252, "51": 128.263, "52": 128.28, "53": 128.303, "54": 128.324, "55": 128.325, "56": 128.355}, "SolveResult": 0, "UpperBounds": {"1": 128.479}, "MaxQueueSize": 14, "VisitedNodes": 113, "BranchingVars": [1, 3, 3, 2, 7, 2, 7, 4, 4, 9, 9, 1, 10, 7, 0, 0, 0, 0, 10, 1, 0, 7, 0, 10, 0, 10, 1, 0, 1, 0, 0, 0, 4, 4, 4, 7, 10, 0, 10, 10, 6, 0, 0, 1, 0, 1, 1, 1, 1, 1, 6, 1, 6, 6, 4, 0], "NonLinearTime": 0.0834415, "OptimalityGap": 0.124087, "BranchingRules": ["eigen_cen_alternative_rel", "eigen_cen_alternative_rel", "eigen_cen_alternative_rel", "eigen_cen_alternative_rel", "eigen_cen_alternative_rel", "eigen_cen_alternative_rel", "eigen_cen_alternative_rel", "eigen_cen_alternative_rel", "eigen_cen_alternative_rel", "eigen_cen_alternative_rel", "eigen_cen_alternative_rel", "eigen_cen_alternative_rel", "eigen_cen_alternative_rel", "eigen_cen_alternative_rel", "eigen_cen_alternative_rel", "eigen_cen_alternative_rel", "eigen_cen_alternative_rel", "eigen_cen_alternative_rel", "eigen_cen_alternative_rel", "eigen_cen_alternative_rel", "eigen_cen_alternative_rel", "eigen_cen_alternative_rel", "eigen_cen_alternative_rel", "eigen_cen_alternative_rel", "eigen_cen_alternative_rel", "eigen_cen_alternative_rel", "eigen_cen_alternative_rel", "eigen_cen_alternative_rel", "eigen_cen_alternative_rel", "eigen_cen_alternative_rel", "eigen_cen_alternative_rel", "eigen_cen_alternative_rel", "eigen_cen_alternative_rel", "eigen_cen_alternative_rel", "eigen_cen_alternative_rel", "eigen_cen_alternative_rel", "eigen_cen_alternative_rel", "eigen_cen_alternative_rel", "eigen_cen_alternative_rel", "eigen_cen_alternative_rel", "eigen_cen_alternative_rel", "eigen_cen_alternative_rel", "eigen_cen_alternative_rel", "eigen_cen_alternative_rel", "eigen_cen_alternative_rel", "eigen_cen_alternative_rel", "eigen_cen_alternative_rel", "eigen_cen_alternative_rel", "eigen_cen_alternative_rel", "eigen_cen_alternative_rel", "eigen_cen_alternative_rel", "eigen_cen_alternative_rel", "eigen_cen_alternative_rel", "eigen_cen_alternative_rel", "eigen_cen_alternative_rel", "eigen_cen_alternative_rel"], "LBImprovements": [5.51095, 0.809956, 3.48658, 0.449597, 1.69028, 0.632305, 2.23909, 2.1999, 2.36306, 0.905043, 1.22806, 0.99955, 1.3885, 1.81643, 2.00542, 2.74033, 2.1297, 3.00719, 0.448697, 1.55384, 1.02948, 2.08708, 0.413936, 0.61096, 0.616098, 0.292165, 0.406221, 1.33039, 0.357829, 1.02622, 1.23733, 1.18403, 0.362343, 0.270608, 0.262255, 0.203892, 1.19466, 0.989018, 1.04793, 0.53147, 0.137074, 0.0348206, 0.164749, 0.255717, 0.224443, 0.140073, 0.0641441, 0.110696, 0.108111, 0.0968832, 1.22647, 0.0450221, 0.146107, 1.64498, 0.0420556, 0.117204], "InfeasibleNodes": 0, "ElapsedTimeCoeffs": 0, "LinearizationTime": 0.000086673, "NumberOfVariables": 16, "CallsToLinearSolver": 113, "LinearGenerationTime": 0.0191164, "SDPCutsGenerationTime": 0, "CallsToNonLinearSolver": 9, "StrongBranchingExtraTime": 0, "ElapsedTimeWeightedCoeffs": 0, "NodesDiscardedByFathoming": 0, "NodesDiscardedByTolerance": 57, "BoundFactorConstraintsTime": 0.00337902, "ElapsedTimeVarsInConstraints": 0, "meanBTRelativeChangeRootNode": 0, "NumberOfBoundFactorConstraints": 36, "NumberOfLAPACKConvergenceFailures": 0, "NumberOfRLTVariablesAfterLinearization": 16}