{"Itbt": 0, "Pace": 0.0093415, "Depth": 15, "Degree": 3, "RPSTime": 0.0562793, "FBBTTime": 0, "OBBTTime": 0, "TotalTime": 0.488656, "Iterations": 107, "LinearTime": 0.330717, "LowerBound": 105.596, "TimeVector": [0.025748, 0.0394081, 0.0526034, 0.0657762, 0.0798011, 0.0832902, 0.0867905, 0.099601, 0.103337, 0.106935, 0.110481, 0.114241, 0.118232, 0.121798, 0.125237, 0.137616, 0.140951, 0.144349, 0.147935, 0.15171, 0.155719, 0.159508, 0.162968, 0.16673, 0.170057, 0.173977, 0.177426, 0.180954, 0.18467, 0.188389, 0.19194, 0.205125, 0.208735, 0.212174, 0.215826, 0.219194, 0.222997, 0.226614, 0.230072, 0.23328, 0.23699, 0.240145, 0.243592, 0.246786, 0.250144, 0.253648, 0.257168, 0.26028, 0.26354, 0.267248, 0.270801, 0.274678, 0.278553, 0.281755, 0.285125, 0.288787, 0.292084, 0.295463, 0.299066, 0.302511, 0.30573, 0.309346, 0.312907, 0.325196, 0.328886, 0.332426, 0.336317, 0.340126, 0.343859, 0.347568, 0.351059, 0.354526, 0.358188, 0.361606, 0.365042, 0.368467, 0.371853, 0.375517, 0.379183, 0.382926, 0.386415, 0.389792, 0.39361, 0.397287, 0.400718, 0.40411, 0.407738, 0.411365, 0.415403, 0.418874, 0.422385, 0.426104, 0.429633, 0.433559, 0.436796, 0.440522, 0.443886, 0.447079, 0.450685, 0.454054, 0.458382, 0.46189, 0.465232, 0.469255, 0.473301, 0.476765, 0.965421], "UpperBound": 105.7, "rootBTTime": 0, "LowerBounds": {"1": 53.2872, "2": 75.0552, "3": 83.436, "4": 85.0267, "5": 90.8806, "6": 92.4545, "7": 93.6976, "8": 93.8503, "9": 95.2358, "10": 97.3647, "11": 97.3904, "12": 98.4999, "13": 98.5541, "14": 98.7997, "15": 99.0481, "16": 99.2972, "17": 99.4091, "18": 99.5819, "19": 99.875, "20": 100.57, "21": 100.777, "22": 101.223, "23": 101.302, "24": 101.467, "25": 101.944, "26": 102.208, "27": 102.224, "28": 102.438, "29": 102.502, "30": 102.836, "31": 102.884, "32": 103.28, "33": 103.372, "34": 103.394, "35": 103.583, "36": 103.708, "37": 103.779, "38": 103.796, "39": 103.872, "40": 103.903, "41": 103.918, "42": 104.003, "43": 104.038, "44": 104.055, "45": 104.059, "46": 104.071, "47": 104.078, "48": 104.085, "49": 104.11, "50": 104.403, "51": 104.425, "52": 104.458, "53": 104.463, "54": 104.466, "55": 104.659, "56": 104.662, "57": 104.729, "58": 104.784, "59": 104.784, "60": 104.867, "61": 104.895, "62": 104.94, "63": 104.983, "64": 105.011, "65": 105.034, "66": 105.066, "67": 105.093, "68": 105.157, "69": 105.215, "70": 105.215, "71": 105.226, "72": 105.244, "73": 105.263, "74": 105.268, "75": 105.273, "76": 105.283, "77": 105.287, "78": 105.327, "79": 105.338, "80": 105.346, "81": 105.367, "82": 105.381, "83": 105.392, "84": 105.412, "85": 105.424, "86": 105.425, "87": 105.435, "88": 105.445, "89": 105.447, "90": 105.449, "91": 105.465, "92": 105.469, "93": 105.482, "94": 105.501, "95": 105.517, "96": 105.521, "97": 105.53, "98": 105.539, "99": 105.54, "100": 105.552, "101": 105.557, "102": 105.562, "103": 105.567, "104": 105.569, "105": 105.582, "106": 105.588, "107": 105.596}, "SolveResult": 0, "UpperBounds": {"1": 105.7}, "MaxQueueSize": 26, "VisitedNodes": 215, "BranchingVars": [9, 9, 10, 10, 10, 10, 4, 10, 8, 9, 8, 4, 10, 3, 4, 10, 8, 3, 10, 8, 4, 9, 9, 9, 3, 8, 9, 3, 8, 4, 10, 10, 3, 8, 10, 8, 10, 4, 10, 3, 10, 3, 4, 4, 3, 8, 3, 3, 4, 4, 11, 9, 8, 11, 8, 10, 11, 11, 3, 2, 3, 9, 10, 9, 9, 3, 4, 9, 10, 4, 10, 9, 10, 10, 10, 8, 3, 8, 9, 10, 4, 4, 8, 10, 3, 5, 9, 9, 8, 10, 11, 4, 4, 9, 6, 9, 11, 8, 9, 11, 10, 10, 11, 10, 10, 1, 1], "NonLinearTime": 0.101631, "OptimalityGap": 0.104012, "BranchingRules": ["eigen_cen_alternative_rel", "eigen_cen_alternative_rel", "eigen_cen_alternative_rel", "eigen_cen_alternative_rel", "eigen_cen_alternative_rel", "eigen_cen_alternative_rel", "eigen_cen_alternative_rel", "eigen_cen_alternative_rel", "eigen_cen_alternative_rel", "eigen_cen_alternative_rel", "eigen_cen_alternative_rel", "eigen_cen_alternative_rel", "eigen_cen_alternative_rel", "eigen_cen_alternative_rel", "eigen_cen_alternative_rel", "eigen_cen_alternative_rel", "eigen_cen_alternative_rel", "eigen_cen_alternative_rel", "eigen_cen_alternative_rel", "eigen_cen_alternative_rel", "eigen_cen_alternative_rel", "eigen_cen_alternative_rel", "eigen_cen_alternative_rel", "eigen_cen_alternative_rel", "eigen_cen_alternative_rel", "eigen_cen_alternative_rel", "eigen_cen_alternative_rel", "eigen_cen_alternative_rel", "eigen_cen_alternative_rel", "eigen_cen_alternative_rel", "eigen_cen_alternative_rel", "eigen_cen_alternative_rel", "eigen_cen_alternative_rel", "eigen_cen_alternative_rel", "eigen_cen_alternative_rel", "eigen_cen_alternative_rel", "eigen_cen_alternative_rel", "eigen_cen_alternative_rel", "eigen_cen_alternative_rel", "eigen_cen_alternative_rel", "eigen_cen_alternative_rel", "eigen_cen_alternative_rel", "eigen_cen_alternative_rel", "eigen_cen_alternative_rel", "eigen_cen_alternative_rel", "eigen_cen_alternative_rel", "eigen_cen_alternative_rel", "eigen_cen_alternative_rel", "eigen_cen_alternative_rel", "eigen_cen_alternative_rel", "eigen_cen_alternative_rel", "eigen_cen_alternative_rel", "eigen_cen_alternative_rel", "eigen_cen_alternative_rel", "eigen_cen_alternative_rel", "eigen_cen_alternative_rel", "eigen_cen_alternative_rel", "eigen_cen_alternative_rel", "eigen_cen_alternative_rel", "eigen_cen_alternative_rel", "eigen_cen_alternative_rel", "eigen_cen_alternative_rel", "eigen_cen_alternative_rel", "eigen_cen_alternative_rel", "eigen_cen_alternative_rel", "eigen_cen_alternative_rel", "eigen_cen_alternative_rel", "eigen_cen_alternative_rel", "eigen_cen_alternative_rel", "eigen_cen_alternative_rel", "eigen_cen_alternative_rel", "eigen_cen_alternative_rel", "eigen_cen_alternative_rel", "eigen_cen_alternative_rel", "eigen_cen_alternative_rel", "eigen_cen_alternative_rel", "eigen_cen_alternative_rel", "eigen_cen_alternative_rel", "eigen_cen_alternative_rel", "eigen_cen_alternative_rel", "eigen_cen_alternative_rel", "eigen_cen_alternative_rel", "eigen_cen_alternative_rel", "eigen_cen_alternative_rel", "eigen_cen_alternative_rel", "eigen_cen_alternative_rel", "eigen_cen_alternative_rel", "eigen_cen_alternative_rel", "eigen_cen_alternative_rel", "eigen_cen_alternative_rel", "eigen_cen_alternative_rel", "eigen_cen_alternative_rel", "eigen_cen_alternative_rel", "eigen_cen_alternative_rel", "eigen_cen_alternative_rel", "eigen_cen_alternative_rel", "eigen_cen_alternative_rel", "eigen_cen_alternative_rel", "eigen_cen_alternative_rel", "eigen_cen_alternative_rel", "eigen_cen_alternative_rel", "eigen_cen_alternative_rel", "eigen_cen_alternative_rel", "eigen_cen_alternative_rel", "eigen_cen_alternative_rel", "eigen_cen_alternative_rel", "eigen_cen_alternative_rel"], "LBImprovements": [21.768, 8.38086, 10.2615, 5.85386, 4.35521, 9.01233, 0.152677, 3.54014, 2.12892, 2.51026, 1.4093, 2.72318, 3.65437, 4.59441, 0.249101, 1.27323, 2.53486, 5.28547, 2.5632, 0.731416, 4.86213, 2.8484, 1.58221, 2.31223, 3.74478, 1.16346, 1.83106, 2.83454, 2.56347, 1.06682, 1.15369, 3.09997, 5.39603, 0.313881, 1.80938, 0.164242, 2.61662, 0.121292, 0.586024, 2.81831, 0.545391, 0.781223, 0.0472848, 0.928214, 0.669611, 3.06125, 1.14754, 1.78948, 2.71019, 0.934761, 1.32774, 0.326178, 0.198806, 0.193029, 0.235359, 0.371714, 0.753295, 0.733406, 0.542246, 0.347651, 0.910699, 2.19419, 1.03348, 1.01801, 0.347552, 4.28683, 0.121429, 0.266823, 1.47377, 0.568657, 0.199364, 0.359563, 0.181751, 0.960759, 0.743029, 0.257182, 0.873278, 0.0856888, 2.85218, 0.100888, 0.101548, 0.0680725, 3.39051, 0.210763, 0.363221, 0.270806, 0.133843, 0.107279, 0.191675, 0.164312, 0.17281, 0.35272, 0.177521, 0.020644, 0.0127575, 0.0353743, 0.058606, 0.0271281, 0.530178, 0.101259, 0.0757464, 0.172143, 0.021784, 0.0788331, 0.232428, 0.0331901, 0.0364733], "InfeasibleNodes": 0, "ElapsedTimeCoeffs": 0, "LinearizationTime": 0.000212973, "NumberOfVariables": 16, "CallsToLinearSolver": 215, "LinearGenerationTime": 0.0467827, "SDPCutsGenerationTime": 0, "CallsToNonLinearSolver": 10, "StrongBranchingExtraTime": 0, "ElapsedTimeWeightedCoeffs": 0, "NodesDiscardedByFathoming": 0, "NodesDiscardedByTolerance": 108,