{"Itbt": 0, "Pace": 0.0117227, "Depth": 17, "Degree": 3, "RPSTime": 0.0436612, "FBBTTime": 0, "OBBTTime": 0, "TotalTime": 0.353777, "Iterations": 110, "LinearTime": 0.215916, "LowerBound": 35.3873, "TimeVector": [0.0189465, 0.0296959, 0.040262, 0.0508402, 0.0615094, 0.0636063, 0.0660086, 0.0822824, 0.0846177, 0.0869204, 0.0890502, 0.0912304, 0.0935146, 0.0956902, 0.0978668, 0.108221, 0.110519, 0.112942, 0.11521, 0.117562, 0.119607, 0.121922, 0.12408, 0.126557, 0.128935, 0.131193, 0.133803, 0.136276, 0.138536, 0.140927, 0.143141, 0.153822, 0.156192, 0.158631, 0.16081, 0.163323, 0.16561, 0.16788, 0.170119, 0.172411, 0.174572, 0.176873, 0.179084, 0.181463, 0.183744, 0.185933, 0.188233, 0.190535, 0.192857, 0.195272, 0.197544, 0.200031, 0.202295, 0.204615, 0.206873, 0.209225, 0.211655, 0.213964, 0.216224, 0.218367, 0.220695, 0.222952, 0.225218, 0.236382, 0.238778, 0.241017, 0.243258, 0.245812, 0.248101, 0.250476, 0.252732, 0.254982, 0.257311, 0.25968, 0.26205, 0.264388, 0.266934, 0.26928, 0.271547, 0.273936, 0.276275, 0.278498, 0.280768, 0.283187, 0.285542, 0.288056, 0.290262, 0.292646, 0.294876, 0.29725, 0.299601, 0.302064, 0.30434, 0.306583, 0.309014, 0.311288, 0.313928, 0.316258, 0.318794, 0.321151, 0.323377, 0.32575, 0.328086, 0.330647, 0.333066, 0.335597, 0.33801, 0.340587, 0.342937, 0.696714], "UpperBound": 35.4199, "rootBTTime": 0, "LowerBounds": {"1": 5.20959, "2": 11.1197, "3": 12.0496, "4": 22.9096, "5": 25.2156, "6": 26.9898, "7": 28.2649, "8": 28.9753, "9": 30.1478, "10": 30.8201, "11": 31.756, "12": 32.5354, "13": 32.8612, "14": 33.0346, "15": 33.0808, "16": 33.5887, "17": 33.7102, "18": 33.7827, "19": 33.8674, "20": 33.9585, "21": 33.999, "22": 34.0328, "23": 34.233, "24": 34.2546, "25": 34.3966, "26": 34.4044, "27": 34.4285, "28": 34.537, "29": 34.5645, "30": 34.5828, "31": 34.6214, "32": 34.6268, "33": 34.6372, "34": 34.6512, "35": 34.6934, "36": 34.753, "37": 34.7574, "38": 34.7747, "39": 34.7759, "40": 34.794, "41": 34.8236, "42": 34.8877, "43": 34.9066, "44": 34.9098, "45": 34.9113, "46": 34.9491, "47": 34.9549, "48": 34.9636, "49": 34.9649, "50": 35.0065, "51": 35.0203, "52": 35.0239, "53": 35.0452, "54": 35.0585, "55": 35.076, "56": 35.0793, "57": 35.0996, "58": 35.1052, "59": 35.1219, "60": 35.1622, "61": 35.1624, "62": 35.1663, "63": 35.1676, "64": 35.1794, "65": 35.1839, "66": 35.1972, "67": 35.2152, "68": 35.2283, "69": 35.2302, "70": 35.2584, "71": 35.2613, "72": 35.2623, "73": 35.2628, "74": 35.2644, "75": 35.2733, "76": 35.2754, "77": 35.2783, "78": 35.2785, "79": 35.2806, "80": 35.2835, "81": 35.2836, "82": 35.2861, "83": 35.2906, "84": 35.2911, "85": 35.3145, "86": 35.3215, "87": 35.3217, "88": 35.3382, "89": 35.341, "90": 35.3418, "91": 35.3451, "92": 35.3455, "93": 35.3512, "94": 35.3573, "95": 35.3575, "96": 35.3582, "97": 35.3583, "98": 35.3595, "99": 35.3607, "100": 35.3641, "101": 35.3692, "102": 35.372, "103": 35.3731, "104": 35.3762, "105": 35.3802, "106": 35.3804, "107": 35.3814, "108": 35.3819, "109": 35.3829, "110": 35.3873}, "SolveResult": 0, "UpperBounds": {"1": 35.4199}, "MaxQueueSize": 20, "VisitedNodes": 221, "BranchingVars": [9, 1, 1, 0, 0, 1, 1, 0, 1, 1, 3, 0, 0, 0, 0, 8, 0, 0, 0, 0, 2, 0, 9, 0, 1, 1, 1, 0, 7, 8, 1, 0, 0, 3, 1, 1, 1, 8, 1, 1, 1, 2, 1, 0, 8, 7, 5, 1, 3, 1, 1, 1, 8, 9, 1, 1, 7, 5, 1, 5, 1, 9, 5, 1, 1, 9, 5, 1, 5, 7, 5, 1, 1, 1, 1, 1, 1, 7, 5, 1, 1, 1, 1, 1, 1, 1, 1, 1, 1, 7, 7, 9, 1, 8, 1, 1, 1, 1, 1, 5, 1, 1, 1, 1, 8, 1, 5, 5, 7, 1], "NonLinearTime": 0.0941731, "OptimalityGap": 0.0325364, "BranchingRules": ["eigen_cen_alternative_rel", "eigen_cen_alternative_rel", "eigen_cen_alternative_rel", "eigen_cen_alternative_rel", "eigen_cen_alternative_rel", "eigen_cen_alternative_rel", "eigen_cen_alternative_rel", "eigen_cen_alternative_rel", "eigen_cen_alternative_rel", "eigen_cen_alternative_rel", "eigen_cen_alternative_rel", "eigen_cen_alternative_rel", "eigen_cen_alternative_rel", "eigen_cen_alternative_rel", "eigen_cen_alternative_rel", "eigen_cen_alternative_rel", "eigen_cen_alternative_rel", "eigen_cen_alternative_rel", "eigen_cen_alternative_rel", "eigen_cen_alternative_rel", "eigen_cen_alternative_rel", "eigen_cen_alternative_rel", "eigen_cen_alternative_rel", "eigen_cen_alternative_rel", "eigen_cen_alternative_rel", "eigen_cen_alternative_rel", "eigen_cen_alternative_rel", "eigen_cen_alternative_rel", "eigen_cen_alternative_rel", "eigen_cen_alternative_rel", "eigen_cen_alternative_rel", "eigen_cen_alternative_rel", "eigen_cen_alternative_rel", "eigen_cen_alternative_rel", "eigen_cen_alternative_rel", "eigen_cen_alternative_rel", "eigen_cen_alternative_rel", "eigen_cen_alternative_rel", "eigen_cen_alternative_rel", "eigen_cen_alternative_rel", "eigen_cen_alternative_rel", "eigen_cen_alternative_rel", "eigen_cen_alternative_rel", "eigen_cen_alternative_rel", "eigen_cen_alternative_rel", "eigen_cen_alternative_rel", "eigen_cen_alternative_rel", "eigen_cen_alternative_rel", "eigen_cen_alternative_rel", "eigen_cen_alternative_rel", "eigen_cen_alternative_rel", "eigen_cen_alternative_rel", "eigen_cen_alternative_rel", "eigen_cen_alternative_rel", "eigen_cen_alternative_rel", "eigen_cen_alternative_rel", "eigen_cen_alternative_rel", "eigen_cen_alternative_rel", "eigen_cen_alternative_rel", "eigen_cen_alternative_rel", "eigen_cen_alternative_rel", "eigen_cen_alternative_rel", "eigen_cen_alternative_rel", "eigen_cen_alternative_rel", "eigen_cen_alternative_rel", "eigen_cen_alternative_rel", "eigen_cen_alternative_rel", "eigen_cen_alternative_rel", "eigen_cen_alternative_rel", "eigen_cen_alternative_rel", "eigen_cen_alternative_rel", "eigen_cen_alternative_rel", "eigen_cen_alternative_rel", "eigen_cen_alternative_rel", "eigen_cen_alternative_rel", "eigen_cen_alternative_rel", "eigen_cen_alternative_rel", "eigen_cen_alternative_rel", "eigen_cen_alternative_rel", "eigen_cen_alternative_rel", "eigen_cen_alternative_rel", "eigen_cen_alternative_rel", "eigen_cen_alternative_rel", "eigen_cen_alternative_rel", "eigen_cen_alternative_rel", "eigen_cen_alternative_rel", "eigen_cen_alternative_rel", "eigen_cen_alternative_rel", "eigen_cen_alternative_rel", "eigen_cen_alternative_rel", "eigen_cen_alternative_rel", "eigen_cen_alternative_rel", "eigen_cen_alternative_rel", "eigen_cen_alternative_rel", "eigen_cen_alternative_rel", "eigen_cen_alternative_rel", "eigen_cen_alternative_rel", "eigen_cen_alternative_rel", "eigen_cen_alternative_rel", "eigen_cen_alternative_rel", "eigen_cen_alternative_rel", "eigen_cen_alternative_rel", "eigen_cen_alternative_rel", "eigen_cen_alternative_rel", "eigen_cen_alternative_rel", "eigen_cen_alternative_rel", "eigen_cen_alternative_rel", "eigen_cen_alternative_rel", "eigen_cen_alternative_rel", "eigen_cen_alternative_rel"], "LBImprovements": [5.91015, 14.0958, 10.86, 4.0802, 4.93228, 4.76618, 4.59629, 7.45041, 2.38755, 3.13843, 1.27855, 1.17478, 1.17161, 0.554143, 4.62539, 0.410279, 0.686426, 0.471975, 1.08169, 1.30595, 0.234028, 0.588579, 0.460398, 0.173892, 1.53762, 0.792826, 0.671087, 0.350623, 0.0727205, 0.170169, 0.0053772, 0.279853, 0.13743, 1.1653, 0.100568, 1.04682, 1.32587, 0.270533, 0.510207, 0.115836, 0.131351, 0.291721, 0.00468144, 0.0966748, 0.351, 0.109317, 0.124411, 0.112396, 0.479314, 0.307954, 0.0848802, 0.138552, 0.117045, 0.485281, 0.462361, 0.135854, 0.575887, 0.24606, 0.136483, 0.121287, 0.0677792, 0.463555, 0.060672, 0.598802, 0.137786, 0.393499, 0.0476027, 0.147892, 0.138987, 0.016965, 0.0796949, 0.0183261, 0.0789889, 0.365589, 0.126268, 0.0818912, 0.0671562, 0.0121211, 0.128831, 0.0546522, 0.287646, 0.692802, 0.104891, 0.0672318, 0.0306771, 0.103588, 0.0704815, 0.0349452, 0.0486389, 0.0157383, 0.0143756, 0.0477473, 0.0128621, 0.0311814, 0.0540678, 0.0331778, 0.0364691, 0.0219308, 0.0211567, 0.0944438, 0.02076, 0.046955, 0.0142073, 0.00790633, 0.0352423, 0.0227156, 0.0549737, 0.0645715, 0.01856, 0.0237778], "InfeasibleNodes": 2, "ElapsedTimeCoeffs": 0, "LinearizationTime": 0.000108143, "NumberOfVariables": 16, "CallsToLinearSolver": 221,