{"Itbt": 0, "Pace": 0.417077, "Depth": 24, "Degree": 2, "RPSTime": 0.0519291, "FBBTTime": 0, "OBBTTime": 0, "TotalTime": 0.591653, "Iterations": 256, "LinearTime": 0.224311, "LowerBound": -1.58243, "TimeVector": [0.0379679, 0.200576, 0.231292, 0.242231, 0.254685, 0.255822, 0.256926, 0.268068, 0.269235, 0.270299, 0.271347, 0.272445, 0.273526, 0.274601, 0.275664, 0.287361, 0.288484, 0.289505, 0.290626, 0.291676, 0.292759, 0.293786, 0.294915, 0.296051, 0.29708, 0.298232, 0.29929, 0.300295, 0.30133, 0.302326, 0.303342, 0.31366, 0.314861, 0.315941, 0.31704, 0.318136, 0.319181, 0.320159, 0.321245, 0.3223, 0.323399, 0.324585, 0.325674, 0.326745, 0.32784, 0.328862, 0.32998, 0.331032, 0.332136, 0.33328, 0.334363, 0.335549, 0.336559, 0.337685, 0.338823, 0.340008, 0.341091, 0.342197, 0.343239, 0.344357, 0.345382, 0.346606, 0.347796, 0.360541, 0.36176, 0.362806, 0.363923, 0.365043, 0.366068, 0.367211, 0.368213, 0.369251, 0.370303, 0.371382, 0.372507, 0.373634, 0.374685, 0.375731, 0.376825, 0.377879, 0.378811, 0.379809, 0.38085, 0.381971, 0.38306, 0.384071, 0.385189, 0.386348, 0.387423, 0.388437, 0.389564, 0.390607, 0.391718, 0.392836, 0.393892, 0.394941, 0.396064, 0.397151, 0.398286, 0.3994, 0.400542, 0.401627, 0.402617, 0.403776, 0.404816, 0.405864, 0.406894, 0.40794, 0.409037, 0.410175, 0.411242, 0.412359, 0.413379, 0.414411, 0.415435, 0.416606, 0.417688, 0.418815, 0.419888, 0.421012, 0.422161, 0.423277, 0.424393, 0.425609, 0.426543, 0.427573, 0.42868, 0.439192, 0.440355, 0.441442, 0.442432, 0.443524, 0.444639, 0.445831, 0.446901, 0.448064, 0.449164, 0.450156, 0.451248, 0.452344, 0.453476, 0.454589, 0.455712, 0.456788, 0.457849, 0.458959, 0.460027, 0.461093, 0.46218, 0.463142, 0.464262, 0.465207, 0.466245, 0.467389, 0.468482, 0.469597, 0.470782, 0.471843, 0.472904, 0.474044, 0.475152, 0.476184, 0.477293, 0.478443, 0.47946, 0.480356, 0.481456, 0.4825, 0.483531, 0.484656, 0.485746, 0.486777, 0.487815, 0.488936, 0.490102, 0.491216, 0.492254, 0.493267, 0.494262, 0.495314, 0.496452, 0.497455, 0.498485, 0.49944, 0.500483, 0.501509, 0.50262, 0.503717, 0.504715, 0.505769, 0.506662, 0.507534, 0.508583, 0.509694, 0.510665, 0.511594, 0.512594, 0.51375, 0.514823, 0.515909, 0.516841, 0.51762, 0.51864, 0.519669, 0.520801, 0.521825, 0.522847, 0.523824, 0.524987, 0.525943, 0.52692, 0.527929, 0.529022, 0.53018, 0.531183, 0.532299, 0.533381, 0.534461, 0.535516, 0.536547, 0.53763, 0.538688, 0.539679, 0.540668, 0.541694, 0.542799, 0.54382, 0.544833, 0.545932, 0.54708, 0.548109, 0.549136, 0.550117, 0.551122, 0.552022, 0.553049, 0.553997, 0.554952, 0.555897, 0.556831, 0.557785, 0.558851, 0.559884, 0.560929, 0.561982, 0.563047, 0.564029, 0.565077, 0.565972, 0.56694, 0.56799, 0.569125, 0.570103, 0.571096, 0.572125, 1.16378], "UpperBound": -1.58114, "rootBTTime": 0, "LowerBounds": {"1": -3, "6": -2.88185, "7": -2.84466, "8": -2.76259, "9": -2.73156, "10": -2.70861, "11": -2.70475, "12": -2.69635, "13": -2.67446, "14": -2.58877, "15": -2.47341, "16": -2.40903, "17": -2.38063, "18": -2.37551, "21": -2.35806, "22": -2.30313, "23": -2.28571, "25": -2.27245, "26": -2.25644, "27": -2.22416, "28": -2.22359, "29": -2.21185, "30": -2.18204, "31": -2.17551, "32": -2.16226, "33": -2.14703, "34": -2.11593, "35": -2.10221, "36": -2.08024, "39": -2.07414, "40": -2.06945, "41": -2.05277, "42": -1.95321, "43": -1.94728, "44": -1.91444, "45": -1.91394, "46": -1.90829, "47": -1.88863, "50": -1.88596, "51": -1.87949, "52": -1.87922, "53": -1.86536, "54": -1.86362, "57": -1.85859, "58": -1.85557, "59": -1.85484, "60": -1.85273, "61": -1.85156, "62": -1.84254, "63": -1.83703, "64": -1.83484, "65": -1.83434, "66": -1.82432, "67": -1.81889, "68": -1.81218, "69": -1.80783, "70": -1.80177, "71": -1.79993, "72": -1.79895, "73": -1.79752, "74": -1.79604, "75": -1.78788, "76": -1.7853, "77": -1.78156, "78": -1.77829, "79": -1.77178, "80": -1.77069, "82": -1.77069, "83": -1.76817, "84": -1.76449, "85": -1.76426, "86": -1.76357, "87": -1.76225, "88": -1.76204, "89": -1.75998, "90": -1.7567, "91": -1.75662, "92": -1.75505, "93": -1.74731, "96": -1.74196, "97": -1.74071, "98": -1.72985, "99": -1.72558, "101": -1.72385, "102": -1.72306, "103": -1.72284, "104": -1.7202, "105": -1.71874, "106": -1.71868, "107": -1.71214, "108": -1.71211, "109": -1.70966, "110": -1.7096, "113": -1.70793, "114": -1.70722, "115": -1.70671, "116": -1.70139, "117": -1.69948, "118": -1.69819, "119": -1.69615, "120": -1.69563, "121": -1.69446, "122": -1.69311, "123": -1.69175, "124": -1.68693, "125": -1.68668, "126": -1.68356, "127": -1.68269, "128": -1.6795, "129": -1.67836, "130": -1.67751, "131": -1.67612, "132": -1.67385, "133": -1.67316, "134": -1.67182, "135": -1.66925, "136": -1.66516, "137": -1.66473, "138": -1.66457, "139": -1.65856, "140": -1.65116, "141": -1.65082, "142": -1.65068, "143": -1.65005, "144": -1.64808, "145": -1.64508, "146": -1.64174, "147": -1.63901, "148": -1.63887, "149": -1.63676, "150": -1.6367, "151": -1.63503, "152": -1.63486, "153": -1.63387, "154": -1.63187, "155": -1.63128, "160": -1.63053, "161": -1.63053, "162": -1.62812, "163": -1.62805, "164": -1.62605, "167": -1.62315, "170": -1.62246, "171": -1.62108, "174": -1.62034, "175": -1.61972, "176": -1.61924, "177": -1.61671, "178": -1.61536, "179": -1.61533, "180": -1.61533, "181": -1.6144, "182": -1.61407, "183": -1.6139, "184": -1.6127, "185": -1.6116, "186": -1.60944, "187": -1.60853, "188": -1.60786, "189": -1.60733, "190": -1.60696, "191": -1.60677, "192": -1.60677, "193": -1.60655, "194": -1.60603, "195": -1.60477, "196": -1.60477, "197": -1.60362, "198": -1.6035, "199": -1.60349, "200": -1.60274, "201": -1.60158, "202": -1.60158, "203": -1.6008, "204": -1.60006, "205": -1.60001, "206": -1.59999, "207": -1.59943, "208": -1.59936, "209": -1.59771, "210": -1.59602, "211": -1.59565, "212": -1.59447, "213": -1.59335, "214": -1.59307, "215": -1.59218, "216": -1.59187, "217": -1.59081, "218": -1.59065, "219": -1.59026, "220": -1.5886, "221": -1.58831, "222": -1.5878, "223": -1.58775, "224": -1.58771, "225": -1.58681, "226": -1.58656, "227": -1.58644, "228": -1.58622, "229": -1.58554, "230": -1.58554, "231": -1.5854, "237": -1.5854, "238": -1.58527, "239": -1.58527, "242": -1.58493, "243": -1.58449, "244": -1.58389, "245": -1.58379, "246": -1.58371, "247": -1.58368, "249": -1.58368, "251": -1.58299, "252": -1.58292, "253": -1.58287, "254": -1.58282, "255": -1.5828, "256": -1.58243}, "SolveResult": 0, "UpperBounds": {"1": -1.58114}, "MaxQueueSize": 46, "VisitedNodes": 513, "BranchingVars": [0, 1, 1, 6, 6, 6, 0, 1, 0, 6, 0, 0, 0, 6, 1, 1, 1, 4, 1, 1, 5, 1, 6, 6, 4, 4, 5, 4, 4, 5, 5, 5, 5, 5, 4, 4, 5, 5, 4, 4, 0, 4, 4, 4, 0, 4, 3, 6, 6, 3, 5, 0, 4, 5, 1, 1, 2, 0, 4, 3, 3, 4, 2, 0, 4, 3, 5, 5, 5, 5, 1, 1, 5, 1, 5, 5, 5, 5, 4, 2, 5, 5, 3, 4, 3, 5, 1, 0, 0, 5, 5, 1, 3, 5, 5, 3, 4, 3, 5, 3, 0, 0, 5, 3, 0, 1, 0, 5, 4, 3, 5, 5, 4, 2, 1, 5, 5, 4, 0, 5, 5, 4, 1, 1, 4, 0, 0, 4, 5, 5, 1, 4, 4, 4, 4, 0, 5, 1, 0, 4, 5, 2, 0, 0, 6, 0, 2, 6, 4, 0, 1, 0, 0, 5, 4, 6, 1, 6, 1, 1, 1, 0, 3, 4, 0, 0, 5, 1, 1, 3, 5, 4, 4, 6, 6, 4, 0, 5, 5, 5, 0, 5, 0, 1, 5, 1, 1, 5, 4, 0, 0, 0, 3, 6, 0, 0, 0, 6, 1, 2, 1, 1, 2, 0, 4, 5, 0, 4, 4, 4, 4, 5, 0, 5, 5, 0, 6, 6, 0, 0, 4, 6, 5, 0, 0, 4, 6, 5, 5, 4, 6, 0, 2, 3, 0, 0, 0, 5, 2, 5, 5, 0, 4, 3, 4, 0, 2, 0, 0, 0, 4, 5, 1, 1, 1, 1], "NonLinearTime": 0.315368, "OptimalityGap": 0.0012936,