{"Itbt": 0, "Pace": 38.1966, "Depth": 2, "Degree": 2, "RPSTime": 0.00145897, "FBBTTime": 0, "OBBTTime": 0, "TotalTime": 0.0381966, "Iterations": 2, "LinearTime": 0.00256474, "LowerBound": 0, "TimeVector": [0.0205981, 0.0587945], "UpperBound": 0, "rootBTTime": 0, "LowerBounds": {"1": 0}, "SolveResult": 0, "UpperBounds": {"1": 179769000000000000000000000000000000000000000000000000000000000000000000000000000000000000000000000000000000000000000000000000000000000000000000000000000000000000000000000000000000000000000000000000000000000000000000000000000000000000000000000000000000000000000000000000000000000000000000000000000000000000000, "2": 0}, "MaxQueueSize": 0, "VisitedNodes": 5, "BranchingVars": [6, 5], "NonLinearTime": 0.034168, "OptimalityGap": 0, "BranchingRules": ["sum_rescaled_var_range_weighted", "sum_rescaled_var_range_weighted"], "LBImprovements": [0, 0], "InfeasibleNodes": 0, "ElapsedTimeCoeffs": 0, "LinearizationTime": 0.000045448, "NumberOfVariables": 8, "CallsToLinearSolver": 5, "LinearGenerationTime": 0.000657682, "SDPCutsGenerationTime": 0, "CallsToNonLinearSolver": 3, "StrongBranchingExtraTime": 0, "ElapsedTimeWeightedCoeffs": 0, "NodesDiscardedByFathoming": 3, "NodesDiscardedByTolerance": 0, "BoundFactorConstraintsTime": 0.000159674, "ElapsedTimeVarsInConstraints": 0, "meanBTRelativeChangeRootNode": 0, "NumberOfBoundFactorConstraints": 36, "NumberOfLAPACKConvergenceFailures": 0, "NumberOfRLTVariablesAfterLinearization": 11}