{"Itbt": 0, "Pace": 0.000453452, "Depth": 18, "Degree": 2, "RPSTime": 0.0561422, "FBBTTime": 0, "OBBTTime": 0, "TotalTime": 0.743229, "Iterations": 167, "LinearTime": 0.294912, "LowerBound": -4395.83, "TimeVector": [0.0547369, 0.0836947, 0.111823, 0.139139, 0.171343, 0.173401, 0.175373, 0.211699, 0.213646, 0.215856, 0.217701, 0.219601, 0.221715, 0.223774, 0.225806, 0.270062, 0.272046, 0.274205, 0.276182, 0.278123, 0.280177, 0.282233, 0.283983, 0.286012, 0.287965, 0.28985, 0.291852, 0.293913, 0.29586, 0.29792, 0.29992, 0.338318, 0.340234, 0.342328, 0.344241, 0.34642, 0.348522, 0.350591, 0.352375, 0.354417, 0.356367, 0.3584, 0.360363, 0.362347, 0.364443, 0.366465, 0.368462, 0.3706, 0.372628, 0.374734, 0.37676, 0.378901, 0.381066, 0.383347, 0.385378, 0.387524, 0.389559, 0.391522, 0.39377, 0.395901, 0.397955, 0.39992, 0.402002, 0.444225, 0.446433, 0.448467, 0.450606, 0.452655, 0.454706, 0.45673, 0.458732, 0.460821, 0.462999, 0.465055, 0.467201, 0.469296, 0.471353, 0.473468, 0.475415, 0.477605, 0.479589, 0.481721, 0.483973, 0.485955, 0.488117, 0.490192, 0.492275, 0.494278, 0.496478, 0.498684, 0.500727, 0.502804, 0.504859, 0.506915, 0.50907, 0.511214, 0.51324, 0.515344, 0.517555, 0.519628, 0.521764, 0.523667, 0.525568, 0.527683, 0.529991, 0.532217, 0.534506, 0.536491, 0.53871, 0.540786, 0.542896, 0.545048, 0.547116, 0.549191, 0.551253, 0.553394, 0.55561, 0.557829, 0.559941, 0.562049, 0.564125, 0.566055, 0.568074, 0.570319, 0.572484, 0.574528, 0.576559, 0.621899, 0.624026, 0.626202, 0.628356, 0.630191, 0.632417, 0.634544, 0.63667, 0.638736, 0.640993, 0.643061, 0.645193, 0.64747, 0.649424, 0.651524, 0.653733, 0.65598, 0.658407, 0.660814, 0.663004, 0.664914, 0.66691, 0.668888, 0.670963, 0.673172, 0.675317, 0.677481, 0.679741, 0.681895, 0.683946, 0.686147, 0.688235, 0.69028, 0.692408, 0.694259, 0.69642, 0.698773, 0.700956, 0.703062, 1.44629], "UpperBound": -4391.83, "rootBTTime": 0, "LowerBounds": {"1": -6034.87, "3": -6034.87, "4": -5938.5, "5": -5927.71, "6": -5872.58, "7": -5870.81, "8": -5811.61, "9": -5754.73, "10": -5702.39, "11": -5633, "12": -5612.57, "13": -5595.06, "14": -5543.38, "15": -5523.87, "16": -5485.81, "17": -5457.95, "18": -5455.21, "19": -5396.33, "20": -5374.18, "21": -5371.99, "22": -5332.86, "23": -5285.94, "24": -5281.75, "25": -5234.91, "26": -5228.01, "27": -5211, "28": -5178.39, "29": -5177.04, "30": -5154.13, "31": -5121.06, "32": -5120.06, "33": -5110.91, "34": -5110.5, "35": -5103.14, "36": -5094.65, "37": -5078.2, "38": -5078.13, "39": -5052.61, "40": -5043.99, "41": -5034.73, "42": -5022.85, "43": -5019.19, "44": -5014.4, "45": -4996.05, "46": -4994.01, "47": -4986.79, "48": -4985.99, "49": -4962.46, "50": -4961.93, "51": -4940.26, "52": -4928.09, "53": -4894.72, "54": -4894.06, "55": -4889.35, "56": -4889.27, "57": -4882.79, "58": -4874.87, "59": -4872.9, "60": -4845.59, "61": -4842.05, "62": -4839.85, "63": -4829.39, "64": -4812.26, "65": -4797.37, "66": -4780.19, "67": -4765.85, "68": -4751.4, "69": -4750.97, "70": -4742.25, "71": -4739.35, "72": -4732.08, "73": -4728.18, "74": -4725.94, "75": -4723.76, "76": -4721.96, "77": -4721.22, "78": -4720.9, "79": -4711.45, "80": -4704.01, "81": -4696.28, "82": -4693.02, "83": -4691.51, "84": -4689.38, "85": -4664.74, "86": -4661.82, "87": -4657.99, "88": -4656.99, "90": -4656.74, "91": -4654.37, "92": -4642.96, "94": -4638.54, "95": -4638.02, "96": -4626.16, "98": -4623.33, "99": -4620.08, "100": -4617.98, "101": -4617.96, "102": -4600.21, "103": -4599.23, "104": -4590.19, "105": -4575.83, "106": -4568.96, "107": -4568.64, "108": -4567.11, "109": -4557, "110": -4553.91, "111": -4552.82, "112": -4550.6, "113": -4546.16, "114": -4543.44, "115": -4541.88, "116": -4539.8, "117": -4536.19, "118": -4535.68, "119": -4531.65, "120": -4526.83, "121": -4513.15, "122": -4507.66, "123": -4507.12, "124": -4499.67, "125": -4494.83, "126": -4493.49, "127": -4492.99, "128": -4490.65, "129": -4485.31, "130": -4474.22, "131": -4468.71, "132": -4465.01, "133": -4463.61, "134": -4463.02, "135": -4462.94, "136": -4462.45, "137": -4461.16, "138": -4453.8, "139": -4453.64, "140": -4448.3, "141": -4446.19, "142": -4445.25, "143": -4441.92, "144": -4430.68, "145": -4429.68, "147": -4424.28, "148": -4418.62, "152": -4417.4, "153": -4415.89, "154": -4414.88, "155": -4407.88, "156": -4407.77, "157": -4407.04, "158": -4406.12, "159": -4404.72, "160": -4404.23, "161": -4404.23, "162": -4401.9, "163": -4400.59, "165": -4397.67, "167": -4395.83}, "SolveResult": 0, "UpperBounds": {"1": -4391.83}, "MaxQueueSize": 45, "VisitedNodes": 335, "BranchingVars": [6, 9, 1, 11, 0, 5, 8, 9, 4, 7, 1, 7, 8, 4, 11, 10, 5, 7, 2, 7, 10, 5, 10, 9, 7, 8, 3, 0, 7, 9, 10, 7, 9, 9, 1, 1, 7, 9, 10, 0, 10, 10, 7, 7, 9, 11, 1, 1, 10, 2, 0, 5, 1, 4, 2, 5, 10, 0, 2, 3, 7, 2, 1, 2, 4, 4, 4, 0, 4, 3, 1, 0, 5, 0, 10, 10, 10, 9, 7, 7, 9, 8, 9, 7, 4, 9, 7, 8, 2, 7, 7, 8, 4, 11, 10, 6, 7, 1, 4, 2, 3, 10, 1, 4, 10, 8, 10, 9, 8, 7, 5, 7, 10, 7, 3, 4, 8, 10, 6, 6, 6, 9, 9, 7, 7, 0, 10, 9, 2, 4, 5, 4, 0, 0, 0, 10, 2, 7, 7, 5, 7, 0, 1, 0, 1, 5, 10, 7, 0, 0, 6, 0, 6, 2, 7, 5, 7, 8, 4, 6, 6, 7, 1, 5, 2, 0, 0], "NonLinearTime": 0.39214, "OptimalityGap": 4.00232,