{"Itbt": 0, "Pace": 1150.87, "Depth": 19, "Degree": 2, "RPSTime": 0.242406, "FBBTTime": 0, "OBBTTime": 0, "TotalTime": 1.15087, "Iterations": 147, "LinearTime": 0.781532, "LowerBound": -3500, "TimeVector": [0.023432, 0.0357363, 0.0481389, 0.0604705, 0.0730092, 0.0856623, 0.0976149, 0.109753, 0.122118, 0.128435, 0.135465, 0.142259, 0.154616, 0.160999, 0.167581, 0.179593, 0.186167, 0.192564, 0.204812, 0.211607, 0.217901, 0.225064, 0.231884, 0.239443, 0.246236, 0.252854, 0.258809, 0.265416, 0.278753, 0.28594, 0.292394, 0.304917, 0.311485, 0.31803, 0.324839, 0.331213, 0.337653, 0.344984, 0.351734, 0.35861, 0.365279, 0.372015, 0.384907, 0.391638, 0.398739, 0.405383, 0.411852, 0.418012, 0.424188, 0.430701, 0.437695, 0.445086, 0.451629, 0.458158, 0.464741, 0.471264, 0.47728, 0.483843, 0.490676, 0.497509, 0.504433, 0.511296, 0.517616, 0.529968, 0.54398, 0.551003, 0.557733, 0.564566, 0.571328, 0.577918, 0.585166, 0.592112, 0.599049, 0.606047, 0.613127, 0.620388, 0.627176, 0.633939, 0.640605, 0.646985, 0.653296, 0.659673, 0.666072, 0.672744, 0.679765, 0.686205, 0.693572, 0.700942, 0.707956, 0.715905, 0.72299, 0.729967, 0.736672, 0.743466, 0.750523, 0.756975, 0.769514, 0.77618, 0.782798, 0.789636, 0.796502, 0.803395, 0.810826, 0.817662, 0.824355, 0.831325, 0.838159, 0.84462, 0.851399, 0.858097, 0.864732, 0.871361, 0.877873, 0.885317, 0.892705, 0.899307, 0.906466, 0.912961, 0.920179, 0.927007, 0.933741, 0.940422, 0.947493, 0.954311, 0.960691, 0.967871, 0.975053, 0.989082, 0.997475, 1.00518, 1.0132, 1.02074, 1.02809, 1.03568, 1.04267, 1.05091, 1.05813, 1.06651, 1.07441, 1.08232, 1.09031, 1.09825, 1.10616, 1.11404, 1.12196, 1.13572, 2.28659], "UpperBound": -3500, "rootBTTime": 0, "LowerBounds": {"1": -3500, "147": -3500}, "SolveResult": 0, "UpperBounds": {"1": 179769000000000000000000000000000000000000000000000000000000000000000000000000000000000000000000000000000000000000000000000000000000000000000000000000000000000000000000000000000000000000000000000000000000000000000000000000000000000000000000000000000000000000000000000000000000000000000000000000000000000000000, "147": -3500}, "MaxQueueSize": 144, "VisitedNodes": 293, "BranchingVars": [45, 50, 50, 40, 40, 49, 49, 44, 39, 50, 44, 50, 39, 45, 49, 39, 45, 40, 49, 52, 51, 46, 39, 37, 50, 44, 39, 40, 27, 44, 48, 49, 47, 44, 51, 42, 40, 44, 44, 39, 53, 53, 44, 52, 39, 39, 39, 52, 52, 49, 47, 44, 47, 39, 48, 52, 45, 44, 41, 41, 38, 47, 43, 27, 52, 40, 42, 44, 48, 48, 42, 44, 47, 50, 41, 46, 40, 40, 40, 53, 53, 53, 53, 50, 38, 44, 36, 50, 36, 37, 50, 49, 39, 52, 51, 48, 48, 53, 45, 49, 27, 49, 49, 49, 52, 49, 39, 42, 48, 49, 44, 44, 44, 10, 10, 11, 11, 11, 1, 11, 11, 1, 10, 1, 1, 9, 11, 0, 0, 10, 11, 9, 9, 10, 1, 11, 11, 11, 11, 11, 11, 11, 11, 11, 11, 11], "NonLinearTime": 0.126888, "OptimalityGap": 0, "BranchingRules": ["eigen_cen_alternative_rel", "eigen_cen_alternative_rel", "eigen_cen_alternative_rel", "eigen_cen_alternative_rel", "eigen_cen_alternative_rel", "eigen_cen_alternative_rel", "eigen_cen_alternative_rel", "eigen_cen_alternative_rel", "eigen_cen_alternative_rel", "eigen_cen_alternative_rel", "eigen_cen_alternative_rel", "eigen_cen_alternative_rel", "eigen_cen_alternative_rel", "eigen_cen_alternative_rel", "eigen_cen_alternative_rel", "eigen_cen_alternative_rel", "eigen_cen_alternative_rel", "eigen_cen_alternative_rel", "eigen_cen_alternative_rel", "eigen_cen_alternative_rel", "eigen_cen_alternative_rel", "eigen_cen_alternative_rel", "eigen_cen_alternative_rel", "eigen_cen_alternative_rel", "eigen_cen_alternative_rel", "eigen_cen_alternative_rel", "eigen_cen_alternative_rel", "eigen_cen_alternative_rel", "eigen_cen_alternative_rel", "eigen_cen_alternative_rel", "eigen_cen_alternative_rel", "eigen_cen_alternative_rel", "eigen_cen_alternative_rel", "eigen_cen_alternative_rel", "eigen_cen_alternative_rel", "eigen_cen_alternative_rel", "eigen_cen_alternative_rel", "eigen_cen_alternative_rel", "eigen_cen_alternative_rel", "eigen_cen_alternative_rel", "eigen_cen_alternative_rel", "eigen_cen_alternative_rel", "eigen_cen_alternative_rel", "eigen_cen_alternative_rel", "eigen_cen_alternative_rel", "eigen_cen_alternative_rel", "eigen_cen_alternative_rel", "eigen_cen_alternative_rel", "eigen_cen_alternative_rel", "eigen_cen_alternative_rel", "eigen_cen_alternative_rel", "eigen_cen_alternative_rel", "eigen_cen_alternative_rel", "eigen_cen_alternative_rel", "eigen_cen_alternative_rel", "eigen_cen_alternative_rel", "eigen_cen_alternative_rel", "eigen_cen_alternative_rel", "eigen_cen_alternative_rel", "eigen_cen_alternative_rel", "eigen_cen_alternative_rel", "eigen_cen_alternative_rel", "eigen_cen_alternative_rel", "eigen_cen_alternative_rel", "eigen_cen_alternative_rel", "eigen_cen_alternative_rel", "eigen_cen_alternative_rel", "eigen_cen_alternative_rel", "eigen_cen_alternative_rel", "eigen_cen_alternative_rel", "eigen_cen_alternative_rel", "eigen_cen_alternative_rel", "eigen_cen_alternative_rel", "eigen_cen_alternative_rel", "eigen_cen_alternative_rel", "eigen_cen_alternative_rel", "eigen_cen_alternative_rel", "eigen_cen_alternative_rel", "eigen_cen_alternative_rel", "eigen_cen_alternative_rel", "eigen_cen_alternative_rel", "eigen_cen_alternative_rel", "eigen_cen_alternative_rel", "eigen_cen_alternative_rel", "eigen_cen_alternative_rel", "eigen_cen_alternative_rel", "eigen_cen_alternative_rel", "eigen_cen_alternative_rel", "eigen_cen_alternative_rel", "eigen_cen_alternative_rel", "eigen_cen_alternative_rel", "eigen_cen_alternative_rel", "eigen_cen_alternative_rel", "eigen_cen_alternative_rel", "eigen_cen_alternative_rel", "eigen_cen_alternative_rel", "eigen_cen_alternative_rel", "eigen_cen_alternative_rel", "eigen_cen_alternative_rel", "eigen_cen_alternative_rel", "eigen_cen_alternative_rel", "eigen_cen_alternative_rel", "eigen_cen_alternative_rel", "eigen_cen_alternative_rel", "eigen_cen_alternative_rel", "eigen_cen_alternative_rel", "eigen_cen_alternative_rel", "eigen_cen_alternative_rel", "eigen_cen_alternative_rel", "eigen_cen_alternative_rel", "eigen_cen_alternative_rel", "eigen_cen_alternative_rel", "eigen_cen_alternative_rel", "eigen_cen_alternative_rel", "eigen_cen_alternative_rel", "eigen_cen_alternative_rel", "eigen_cen_alternative_rel", "eigen_cen_alternative_rel", "eigen_cen_alternative_rel", "eigen_cen_alternative_rel", "eigen_cen_alternative_rel", "eigen_cen_alternative_rel", "eigen_cen_alternative_rel", "eigen_cen_alternative_rel", "eigen_cen_alternative_rel", "eigen_cen_alternative_rel", "eigen_cen_alternative_rel", "eigen_cen_alternative_rel", "eigen_cen_alternative_rel", "eigen_cen_alternative_rel", "eigen_cen_alternative_rel", "eigen_cen_alternative_rel", "eigen_cen_alternative_rel", "eigen_cen_alternative_rel", "eigen_cen_alternative_rel", "eigen_cen_alternative_rel", "eigen_cen_alternative_rel", "eigen_cen_alternative_rel", "eigen_cen_alternative_rel", "eigen_cen_alternative_rel", "eigen_cen_alternative_rel", "eigen_cen_alternative_rel", "eigen_cen_alternative_rel", "eigen_cen_alternative_rel", "eigen_cen_alternative_rel", "eigen_cen_alternative_rel"], "LBImprovements": [0, 0, 0, 0, 0, 0, 0, 0, 0, 0, 0, 0, 0, 0, 0, 0.000000000000454747, 0, 0, 0, 0, 0, 0, 0, 0.000000000000454747, 0, 0, 0, 0, 0, 0.000000000000454747, 0, 0.000000000000454747, 0, 0, 0.000000000000454747, 0, 0, 0, 0, 0.00000000000136424, 0, 0, 0.000000000000454747, 0, 0, 0, 0, 0, 0, 0, 0, 0, 0, 0, 0.000000000000454747, 0, 0, 0, 0.000000000000454747, 0, 0, 0.000000000000909495, 0, 0, 0, 0, 0, 0, 0, 0, 0, 0.000000000000454747, 0.000000000000454747, 0, 0, 0, 0, 0, 0, 0, 0, 0, 0, 0, 0, 0, 0, 0, 0.000000000000454747, 0, 0, 0, 0.000000000000454747, 0, 0.000000000000454747, 0, 0, 0.000000000000454747, 0, 0, 0, 0, 0.000000000000454747, 0, 0, 0.000000000000454747, 0, 0, 0.000000000000454747, 0, 0, 0, 0, 0, 0, 0.000000000000454747, 0.000000000000454747, 0, 0.000000000000454747, 0, 0, 0, 0, 0, 0, 0, 0, 17.7769, 4.51541, 0.00000000000136424, 1.78571, 0, 6.82627, 0, 0, 0, 0.000000000000454747, 0, 0, 0, 0, 0, 0, 0, 0, 0], "InfeasibleNodes": 3,