{"Itbt": 0, "Pace": 0.0249708, "Depth": 14, "Degree": 3, "RPSTime": 0.278725, "FBBTTime": 0, "OBBTTime": 0, "TotalTime": 3.43538, "Iterations": 188, "LinearTime": 2.92376, "LowerBound": 233.762, "TimeVector": [0.160852, 0.193305, 0.223945, 0.260243, 0.292, 0.309818, 0.327019, 0.357782, 0.375337, 0.391827, 0.409812, 0.427064, 0.445173, 0.462633, 0.481869, 0.513685, 0.531743, 0.548091, 0.56636, 0.582798, 0.599583, 0.616071, 0.633558, 0.650339, 0.667459, 0.684799, 0.701384, 0.718757, 0.735866, 0.753053, 0.770962, 0.801033, 0.818049, 0.835483, 0.852493, 0.870154, 0.886812, 0.904194, 0.920366, 0.937543, 0.953739, 0.971056, 0.988245, 1.00521, 1.0231, 1.04028, 1.05918, 1.07561, 1.09271, 1.10824, 1.12477, 1.141, 1.15793, 1.17542, 1.19181, 1.20911, 1.22619, 1.24329, 1.26098, 1.28003, 1.29596, 1.31223, 1.32878, 1.35831, 1.37681, 1.39422, 1.41009, 1.4276, 1.44425, 1.4606, 1.47692, 1.4931, 1.50995, 1.5267, 1.54402, 1.5611, 1.57835, 1.5952, 1.61289, 1.63044, 1.64694, 1.66511, 1.68257, 1.70012, 1.7166, 1.73261, 1.74955, 1.76542, 1.78173, 1.79939, 1.81725, 1.83354, 1.84963, 1.86682, 1.88289, 1.89954, 1.91527, 1.93243, 1.94886, 1.96656, 1.98299, 2.00051, 2.0164, 2.03456, 2.05154, 2.06735, 2.0839, 2.09938, 2.11537, 2.13183, 2.1478, 2.1655, 2.18285, 2.2003, 2.21626, 2.23243, 2.2488, 2.26579, 2.28326, 2.29927, 2.31448, 2.33194, 2.34825, 2.36476, 2.38093, 2.39739, 2.414, 2.44137, 2.45715, 2.47275, 2.48952, 2.50523, 2.52074, 2.5381, 2.55477, 2.57131, 2.58773, 2.60542, 2.62232, 2.64116, 2.65801, 2.67448, 2.69133, 2.70784, 2.72465, 2.74115, 2.75689, 2.77443, 2.78946, 2.80665, 2.82182, 2.83846, 2.8553, 2.86949, 2.88606, 2.90315, 2.92196, 2.93617, 2.95193, 2.96693, 2.98231, 2.99866, 3.01476, 3.03268, 3.05064, 3.06907, 3.08539, 3.10089, 3.11606, 3.13371, 3.15137, 3.16922, 3.18551, 3.20218, 3.21802, 3.23123, 3.24734, 3.26203, 3.27787, 3.29367, 3.31009, 3.32487, 3.34029, 3.35828, 3.37317, 3.38905, 3.40556, 6.84094], "UpperBound": 233.986, "rootBTTime": 0, "LowerBounds": {"1": 96.1866, "2": 129.968, "3": 153.838, "4": 158.085, "5": 176.129, "6": 184.472, "7": 186.856, "8": 189.099, "9": 190.548, "10": 196.458, "11": 196.862, "12": 198.103, "13": 200.09, "14": 200.119, "15": 200.422, "16": 202.758, "17": 202.835, "18": 203.902, "19": 205.919, "20": 206.19, "21": 207.545, "22": 207.863, "23": 209.584, "24": 210.21, "25": 211.591, "26": 211.904, "27": 212.298, "28": 212.343, "29": 212.489, "30": 213.054, "31": 213.125, "32": 213.424, "33": 213.762, "34": 213.77, "35": 213.951, "36": 214.507, "37": 214.551, "38": 214.647, "39": 215.345, "40": 215.587, "41": 216.085, "42": 216.134, "43": 216.735, "44": 217.035, "45": 217.163, "46": 217.194, "47": 217.837, "48": 218.133, "49": 218.449, "50": 218.977, "51": 219.773, "52": 219.849, "53": 220.367, "54": 220.52, "55": 220.788, "56": 220.936, "57": 221.334, "58": 221.636, "59": 221.657, "60": 221.982, "61": 222.076, "62": 222.116, "63": 222.245, "64": 222.257, "65": 222.304, "66": 222.639, "67": 222.752, "68": 222.82, "69": 223.815, "70": 223.819, "71": 224.047, "72": 224.111, "73": 224.186, "74": 224.237, "75": 224.508, "76": 224.974, "77": 225.191, "78": 225.248, "79": 225.408, "80": 225.598, "81": 225.716, "82": 225.923, "83": 225.963, "84": 226.044, "85": 226.149, "86": 226.231, "87": 226.295, "88": 226.408, "89": 226.487, "90": 226.681, "91": 226.821, "92": 226.871, "93": 226.878, "94": 226.897, "95": 227.225, "96": 227.446, "97": 227.771, "98": 227.789, "99": 227.88, "100": 228.076, "101": 228.222, "102": 228.279, "103": 228.402, "104": 228.516, "105": 228.617, "106": 228.666, "107": 228.806, "108": 228.926, "109": 229.05, "110": 229.2, "111": 229.211, "112": 229.351, "113": 229.81, "114": 229.88, "115": 229.989, "116": 230.147, "117": 230.165, "118": 230.414, "119": 230.43, "120": 230.452, "121": 230.463, "122": 230.478, "123": 230.673, "124": 230.738, "125": 230.845, "126": 230.978, "127": 231.034, "128": 231.343, "129": 231.359, "130": 231.368, "131": 231.501, "132": 231.523, "133": 231.544, "134": 231.596, "135": 231.797, "136": 231.823, "137": 232.001, "138": 232.033, "139": 232.046, "140": 232.047, "141": 232.153, "142": 232.201, "143": 232.212, "144": 232.248, "145": 232.481, "146": 232.49, "147": 232.507, "148": 232.608, "149": 232.63, "150": 232.631, "151": 232.724, "152": 232.758, "153": 232.783, "154": 232.785, "155": 232.852, "156": 232.86, "157": 232.88, "158": 232.954, "159": 232.993, "160": 233.016, "161": 233.025, "162": 233.105, "163": 233.143, "164": 233.146, "165": 233.15, "166": 233.18, "167": 233.212, "168": 233.235, "169": 233.307, "170": 233.334, "171": 233.345, "172": 233.355, "173": 233.401, "174": 233.408, "175": 233.414, "176": 233.485, "177": 233.492, "178": 233.524, "179": 233.532, "180": 233.595, "181": 233.599, "182": 233.607, "183": 233.624, "184": 233.656, "185": 233.675, "186": 233.709, "187": 233.711, "188": 233.762}, "SolveResult": 0, "UpperBounds": {"1": 233.986}, "MaxQueueSize": 50, "VisitedNodes": 377, "BranchingVars": [11, 8, 6, 8, 4, 14, 9, 2, 6, 4, 2, 12, 14, 4, 4, 7, 9, 0, 4, 14, 10, 2, 6, 14, 12, 7, 7, 6, 9, 9, 0, 6, 11, 7, 11, 12, 2, 13, 0, 0, 7, 6, 4, 0, 2, 6, 6, 2, 12, 4, 7, 7, 6, 4, 7, 6, 6, 2, 12, 6, 6, 7, 7, 11, 12, 12, 4, 13, 7, 7, 2, 1, 2, 6, 8, 7, 13, 4, 0, 13, 4, 0, 8, 13, 2, 13, 11, 13, 10, 12, 8, 13, 8, 6, 8, 10, 4, 13, 6, 8, 0, 1, 13, 7, 11, 8, 8, 6, 8, 2, 7, 8, 8, 14, 13, 0, 4, 1, 13, 2, 2, 2, 8, 14, 13, 13, 8, 13, 6, 8, 13, 13, 13, 2, 8, 2, 10, 12, 8, 2, 10, 4, 7, 2, 10, 10, 1, 8, 0, 6, 7, 6, 12, 4, 13, 4, 1, 13, 8, 0, 13, 0, 10, 6, 12, 6, 1, 4, 2, 7, 12, 8, 0, 0, 1, 14, 13, 14, 8, 7, 6, 0, 2, 0, 4, 14, 2, 8], "NonLinearTime": 0.23285, "OptimalityGap": 0.224742,