{"Itbt": 0, "Pace": 0.00619106, "Depth": 8, "Degree": 7, "RPSTime": 0.363961, "FBBTTime": 0, "OBBTTime": 0, "TotalTime": 2.14619, "Iterations": 26, "LinearTime": 1.71231, "LowerBound": 446.969, "TimeVector": [0.136259, 0.220379, 0.299441, 0.379841, 0.459225, 0.540894, 0.621834, 0.713144, 0.786541, 0.852713, 0.931503, 1.00709, 1.08016, 1.15819, 1.23226, 1.31226, 1.39716, 1.48677, 1.56872, 1.64841, 1.73023, 1.81082, 1.90013, 1.9749, 2.05557, 4.20176], "UpperBound": 447.336, "rootBTTime": 0, "LowerBounds": {"1": 100.31, "2": 197.047, "3": 228.311, "4": 240.118, "5": 246.136, "6": 293.033, "7": 331.371, "8": 335.87, "9": 345.502, "10": 351.614, "11": 369.727, "12": 372.761, "13": 374.326, "14": 393.606, "15": 394.803, "16": 433.441, "17": 433.977, "18": 434.137, "19": 440.129, "20": 442.963, "21": 443.051, "22": 443.43, "23": 443.821, "24": 445.24, "25": 445.494, "26": 446.969}, "SolveResult": 0, "UpperBounds": {"1": 447.336}, "MaxQueueSize": 7, "VisitedNodes": 53, "BranchingVars": [3, 1, 2, 1, 2, 0, 0, 0, 2, 2, 2, 2, 2, 2, 2, 4, 3, 3, 4, 3, 0, 3, 0, 2, 2, 2], "NonLinearTime": 0.069905, "OptimalityGap": 0.366912, "BranchingRules": ["sum_dual_weighted_plus1_rel", "sum_dual_weighted_plus1_rel", "sum_dual_weighted_plus1_rel", "sum_dual_weighted_plus1_rel", "sum_dual_weighted_plus1_rel", "sum_dual_weighted_plus1_rel", "sum_dual_weighted_plus1_rel", "sum_dual_weighted_plus1_rel", "sum_dual_weighted_plus1_rel", "sum_dual_weighted_plus1_rel", "sum_dual_weighted_plus1_rel", "sum_dual_weighted_plus1_rel", "sum_dual_weighted_plus1_rel", "sum_dual_weighted_plus1_rel", "sum_dual_weighted_plus1_rel", "sum_dual_weighted_plus1_rel", "sum_dual_weighted_plus1_rel", "sum_dual_weighted_plus1_rel", "sum_dual_weighted_plus1_rel", "sum_dual_weighted_plus1_rel", "sum_dual_weighted_plus1_rel", "sum_dual_weighted_plus1_rel", "sum_dual_weighted_plus1_rel", "sum_dual_weighted_plus1_rel", "sum_dual_weighted_plus1_rel", "sum_dual_weighted_plus1_rel"], "LBImprovements": [96.7372, 31.2631, 107.559, 52.9143, 85.2341, 58.5816, 41.391, 57.7364, 87.9386, 107.815, 93.3549, 61.2154, 59.8104, 72.356, 45.3262, 159.808, 9.07373, 16.3517, 13.1592, 7.40528, 2.18899, 7.23625, 2.53446, 2.37874, 1.47515, 2.0296], "InfeasibleNodes": 2, "ElapsedTimeCoeffs": 0, "LinearizationTime": 0.00563111, "NumberOfVariables": 5, "CallsToLinearSolver": 53, "LinearGenerationTime": 0.191514, "SDPCutsGenerationTime": 0, "CallsToNonLinearSolver": 8, "StrongBranchingExtraTime": 0, "ElapsedTimeWeightedCoeffs": 0, "NodesDiscardedByFathoming": 0, "NodesDiscardedByTolerance": 25, "BoundFactorConstraintsTime": 0.279238, "ElapsedTimeVarsInConstraints": 0.000020626, "meanBTRelativeChangeRootNode": 0, "NumberOfBoundFactorConstraints": 224, "NumberOfLAPACKConvergenceFailures": 0, "NumberOfRLTVariablesAfterLinearization": 130}