{"Itbt": 0, "Pace": 0.0523392, "Depth": 12, "Degree": 7, "RPSTime": 107.644, "FBBTTime": 0, "OBBTTime": 0, "TotalTime": 601.599, "Iterations": 71, "LinearTime": 493.785, "LowerBound": 19666.8, "TimeVector": [6.03605, 9.43374, 14.1885, 17.9824, 24.6698, 32.2439, 38.1441, 41.599, 45.6309, 49.6045, 53.7487, 65.7433, 70.4326, 83.6871, 94.4291, 102.601, 114.184, 119.053, 123.809, 129.362, 137.5, 143.376, 149.566, 155.055, 164.237, 169.551, 181.123, 188.633, 195.074, 200.34, 213.869, 222.691, 226.606, 240.12, 257.691, 264.509, 269.489, 275.082, 285.492, 291.052, 300.043, 308.683, 316.747, 326.359, 337.989, 347.709, 352.218, 361.332, 383.722, 394.714, 410.859, 422.596, 432.217, 438.931, 447.638, 454.065, 461.526, 466.828, 478.258, 483.448, 492.912, 504.823, 521.14, 529.106, 537.47, 555.194, 565.152, 571.497, 589.582, 597.763, 601.599], "UpperBound": 19768.5, "rootBTTime": 0, "LowerBounds": {"1": 8203.09, "2": 9426.17, "3": 10949.2, "4": 11495, "5": 12888.1, "6": 13788.2, "7": 14459.9, "8": 15340.2, "9": 15352.7, "10": 15814.5, "11": 15898.6, "12": 16130.3, "13": 16560.5, "14": 16561.8, "15": 16598.6, "16": 16959.5, "17": 16999.1, "18": 17361.1, "19": 17434.1, "20": 17691.2, "21": 17727.3, "22": 18197.6, "23": 18216.8, "24": 18267.2, "25": 18396.6, "26": 18398.7, "27": 18405.4, "28": 18439.9, "29": 18606.2, "30": 18670.1, "31": 18766, "32": 18937.4, "33": 18944.4, "34": 18957.4, "35": 18996.9, "36": 19005, "37": 19018.8, "38": 19071.7, "39": 19142.8, "40": 19199.4, "41": 19281.4, "42": 19284.9, "43": 19297, "44": 19300.9, "45": 19303.4, "46": 19358.2, "47": 19366.6, "48": 19374.5, "49": 19425.4, "50": 19431.4, "51": 19447.7, "52": 19464.4, "53": 19480.8, "54": 19486.5, "55": 19498.2, "56": 19511.3, "57": 19512.9, "58": 19558.9, "59": 19572.5, "60": 19588.2, "61": 19596.4, "62": 19608.1, "63": 19610.4, "64": 19613.3, "65": 19636.8, "66": 19647.3, "67": 19649, "68": 19657.9, "69": 19659.8, "70": 19661.1, "71": 19666.8}, "SolveResult": 402, "UpperBounds": {"1": 19768.5}, "MaxQueueSize": 29, "VisitedNodes": 143, "BranchingVars": [1, 3, 1, 4, 3, 4, 3, 2, 4, 4, 0, 4, 3, 1, 0, 0, 3, 2, 1, 0, 0, 2, 0, 1, 4, 2, 2, 0, 4, 4, 1, 1, 0, 1, 1, 2, 2, 2, 2, 4, 2, 2, 0, 4, 2, 4, 1, 2, 4, 1, 4, 4, 1, 1, 1, 2, 2, 0, 4, 0, 4, 4, 0, 1, 4, 0, 4, 1, 2, 0, 2], "NonLinearTime": 0.170955, "OptimalityGap": 101.749, "BranchingRules": ["sum_dual_weighted_plus1_rel", "sum_dual_weighted_plus1_rel", "sum_dual_weighted_plus1_rel", "sum_dual_weighted_plus1_rel", "sum_dual_weighted_plus1_rel", "sum_dual_weighted_plus1_rel", "sum_dual_weighted_plus1_rel", "sum_dual_weighted_plus1_rel", "sum_dual_weighted_plus1_rel", "sum_dual_weighted_plus1_rel", "sum_dual_weighted_plus1_rel", "sum_dual_weighted_plus1_rel", "sum_dual_weighted_plus1_rel", "sum_dual_weighted_plus1_rel", "sum_dual_weighted_plus1_rel", "sum_dual_weighted_plus1_rel", "sum_dual_weighted_plus1_rel", "sum_dual_weighted_plus1_rel", "sum_dual_weighted_plus1_rel", "sum_dual_weighted_plus1_rel", "sum_dual_weighted_plus1_rel", "sum_dual_weighted_plus1_rel", "sum_dual_weighted_plus1_rel", "sum_dual_weighted_plus1_rel", "sum_dual_weighted_plus1_rel", "sum_dual_weighted_plus1_rel", "sum_dual_weighted_plus1_rel", "sum_dual_weighted_plus1_rel", "sum_dual_weighted_plus1_rel", "sum_dual_weighted_plus1_rel", "sum_dual_weighted_plus1_rel", "sum_dual_weighted_plus1_rel", "sum_dual_weighted_plus1_rel", "sum_dual_weighted_plus1_rel", "sum_dual_weighted_plus1_rel", "sum_dual_weighted_plus1_rel", "sum_dual_weighted_plus1_rel", "sum_dual_weighted_plus1_rel", "sum_dual_weighted_plus1_rel", "sum_dual_weighted_plus1_rel", "sum_dual_weighted_plus1_rel", "sum_dual_weighted_plus1_rel", "sum_dual_weighted_plus1_rel", "sum_dual_weighted_plus1_rel", "sum_dual_weighted_plus1_rel", "sum_dual_weighted_plus1_rel", "sum_dual_weighted_plus1_rel", "sum_dual_weighted_plus1_rel", "sum_dual_weighted_plus1_rel", "sum_dual_weighted_plus1_rel", "sum_dual_weighted_plus1_rel", "sum_dual_weighted_plus1_rel", "sum_dual_weighted_plus1_rel", "sum_dual_weighted_plus1_rel", "sum_dual_weighted_plus1_rel", "sum_dual_weighted_plus1_rel", "sum_dual_weighted_plus1_rel", "sum_dual_weighted_plus1_rel", "sum_dual_weighted_plus1_rel", "sum_dual_weighted_plus1_rel", "sum_dual_weighted_plus1_rel", "sum_dual_weighted_plus1_rel", "sum_dual_weighted_plus1_rel", "sum_dual_weighted_plus1_rel", "sum_dual_weighted_plus1_rel", "sum_dual_weighted_plus1_rel", "sum_dual_weighted_plus1_rel", "sum_dual_weighted_plus1_rel", "sum_dual_weighted_plus1_rel", "sum_dual_weighted_plus1_rel", "sum_dual_weighted_plus1_rel"], "LBImprovements": [1223.09, 1523.05, 545.779, 1393.07, 900.105, 671.696, 880.349, 558.402, 1207.87, 1619.54, 3038.81, 829.183, 800.57, 1165.51, 1598.95, 1445.9, 2072.53, 855.717, 257.164, 1508.18, 1277.66, 472.532, 2271.11, 1017.68, 622.2, 1189.53, 360.57, 1235.63, 536.631, 761.367, 592.195, 886.067, 1222.52, 490.375, 599.432, 1265.17, 639.083, 1514.23, 338.046, 313.463, 291.069, 732.697, 529.238, 735.787, 774.928, 302.939, 1036.71, 1132, 221.964, 392.004, 162.668, 143.703, 424.05, 980.12, 514.062, 956.192, 245.455, 2255.62, 414.835, 1257.21, 266.007, 51.6718, 56.3538, 311.187, 322.071, 53.5831, 227.691, 406.322, 30.3798, 65.3917, 0], "InfeasibleNodes": 2, "ElapsedTimeCoeffs": 0, "LinearizationTime": 0.947907, "NumberOfVariables": 5, "CallsToLinearSolver": 143, "LinearGenerationTime": 35.6628, "SDPCutsGenerationTime": 0, "CallsToNonLinearSolver": 10, "StrongBranchingExtraTime": 0, "ElapsedTimeWeightedCoeffs": 0, "NodesDiscardedByFathoming": 0, "NodesDiscardedByTolerance": 57, "BoundFactorConstraintsTime": 91.0568, "ElapsedTimeVarsInConstraints": 0.000230428, "meanBTRelativeChangeRootNode": 0, "NumberOfBoundFactorConstraints": 11432, "NumberOfLAPACKConvergenceFailures": 0, "NumberOfRLTVariablesAfterLinearization": 785}