{"Itbt": 0, "Pace": 0.0282433, "Depth": 13, "Degree": 7, "RPSTime": 6.28516, "FBBTTime": 0, "OBBTTime": 0, "TotalTime": 51.7042, "Iterations": 106, "LinearTime": 45.3224, "LowerBound": 1928.17, "TimeVector": [0.776147, 1.28291, 1.78188, 2.20714, 2.69725, 3.13598, 3.56494, 4.03246, 4.49518, 4.95366, 5.36421, 5.79642, 6.26216, 6.67224, 7.12168, 7.57111, 7.994, 8.42634, 8.83651, 9.39934, 9.79043, 10.2249, 10.6956, 11.1233, 11.493, 11.903, 12.3578, 12.7796, 13.1303, 13.5346, 13.9672, 14.4625, 14.9011, 15.3207, 15.7962, 16.2449, 16.6907, 17.1281, 17.5426, 17.9564, 18.3725, 18.8216, 19.27, 19.688, 20.1796, 20.6972, 21.1149, 21.5478, 22.0243, 22.5195, 22.959, 23.367, 23.8734, 24.2521, 24.7007, 25.1241, 25.4963, 26.2625, 26.7249, 27.1079, 27.5631, 27.9886, 28.4149, 28.8116, 29.2244, 29.7371, 30.1752, 30.5765, 31.0572, 31.478, 31.8797, 32.7021, 33.1293, 33.6227, 34.0147, 34.4968, 34.9916, 35.366, 35.8522, 36.2601, 36.6769, 37.1701, 37.8265, 38.4333, 38.8583, 39.279, 40.3553, 40.7848, 41.2231, 41.637, 42.091, 42.5114, 42.9388, 43.3771, 43.8415, 44.4266, 44.9138, 46.6224, 47.9205, 48.4977, 48.9897, 49.4861, 49.9489, 50.8301, 51.2671, 72.796], "UpperBound": 1930.09, "rootBTTime": 0, "LowerBounds": {"1": 97.4987, "2": 572.864, "3": 721.988, "4": 1105.17, "5": 1147.3, "6": 1354.91, "7": 1358.12, "8": 1391.57, "9": 1533.49, "10": 1544.99, "11": 1588.17, "12": 1597.64, "13": 1598.5, "14": 1617.23, "15": 1695.78, "16": 1707.39, "17": 1731.64, "18": 1736.66, "19": 1737.26, "20": 1739.85, "21": 1747.85, "22": 1748.56, "23": 1756.92, "24": 1769.18, "25": 1775.13, "26": 1776.64, "27": 1796.68, "28": 1815, "29": 1826.81, "30": 1832.69, "31": 1838.09, "32": 1845.52, "33": 1847.84, "34": 1850.03, "35": 1851.79, "36": 1853.84, "37": 1867.59, "38": 1869.9, "39": 1872.4, "40": 1874.44, "41": 1874.83, "42": 1877.93, "43": 1878.46, "44": 1882.82, "45": 1884.13, "46": 1891.01, "47": 1894.79, "48": 1895.4, "49": 1897.02, "50": 1898.39, "51": 1899.23, "52": 1903.87, "53": 1904.38, "54": 1905.01, "55": 1905.29, "56": 1906.5, "57": 1908.09, "58": 1909.47, "59": 1909.74, "60": 1912.08, "61": 1913.49, "62": 1914.01, "63": 1914.28, "64": 1916.5, "65": 1917.99, "66": 1918.05, "67": 1918.12, "68": 1918.45, "69": 1918.45, "70": 1918.81, "71": 1920.34, "72": 1920.84, "73": 1920.86, "74": 1921, "75": 1921.21, "76": 1921.43, "77": 1921.7, "78": 1921.75, "79": 1922.16, "80": 1922.43, "81": 1923.25, "82": 1924.3, "83": 1924.7, "84": 1925.31, "85": 1925.55, "86": 1925.68, "87": 1926.21, "88": 1926.26, "89": 1926.58, "90": 1926.59, "91": 1926.65, "92": 1926.78, "93": 1926.86, "94": 1926.92, "95": 1926.93, "96": 1927.15, "97": 1927.22, "98": 1927.33, "99": 1927.36, "100": 1927.59, "101": 1927.65, "102": 1927.68, "103": 1927.72, "104": 1927.76, "105": 1927.89, "106": 1928.17}, "SolveResult": 0, "UpperBounds": {"1": 1930.09}, "MaxQueueSize": 25, "VisitedNodes": 213, "BranchingVars": [3, 0, 0, 2, 2, 4, 4, 4, 2, 2, 2, 0, 0, 1, 1, 1, 4, 1, 2, 4, 2, 2, 2, 1, 3, 2, 3, 2, 1, 3, 3, 1, 2, 3, 1, 2, 2, 0, 2, 1, 1, 0, 4, 2, 3, 1, 2, 0, 2, 3, 2, 2, 2, 2, 4, 0, 2, 2, 2, 4, 4, 0, 2, 3, 3, 3, 0, 4, 4, 3, 2, 2, 3, 3, 2, 2, 1, 1, 0, 4, 4, 3, 0, 4, 1, 4, 3, 1, 1, 4, 0, 2, 2, 2, 1, 2, 4, 0, 0, 4, 1, 2, 2, 0, 2, 3], "NonLinearTime": 0.0965258, "OptimalityGap": 1.91813, "BranchingRules": ["sum_dual_weighted_plus1_rel", "sum_dual_weighted_plus1_rel", "sum_dual_weighted_plus1_rel", "sum_dual_weighted_plus1_rel", "sum_dual_weighted_plus1_rel", "sum_dual_weighted_plus1_rel", "sum_dual_weighted_plus1_rel", "sum_dual_weighted_plus1_rel", "sum_dual_weighted_plus1_rel", "sum_dual_weighted_plus1_rel", "sum_dual_weighted_plus1_rel", "sum_dual_weighted_plus1_rel", "sum_dual_weighted_plus1_rel", "sum_dual_weighted_plus1_rel", "sum_dual_weighted_plus1_rel", "sum_dual_weighted_plus1_rel", "sum_dual_weighted_plus1_rel", "sum_dual_weighted_plus1_rel", "sum_dual_weighted_plus1_rel", "sum_dual_weighted_plus1_rel", "sum_dual_weighted_plus1_rel", "sum_dual_weighted_plus1_rel", "sum_dual_weighted_plus1_rel", "sum_dual_weighted_plus1_rel", "sum_dual_weighted_plus1_rel", "sum_dual_weighted_plus1_rel", "sum_dual_weighted_plus1_rel", "sum_dual_weighted_plus1_rel", "sum_dual_weighted_plus1_rel", "sum_dual_weighted_plus1_rel", "sum_dual_weighted_plus1_rel", "sum_dual_weighted_plus1_rel", "sum_dual_weighted_plus1_rel", "sum_dual_weighted_plus1_rel", "sum_dual_weighted_plus1_rel", "sum_dual_weighted_plus1_rel", "sum_dual_weighted_plus1_rel", "sum_dual_weighted_plus1_rel", "sum_dual_weighted_plus1_rel", "sum_dual_weighted_plus1_rel", "sum_dual_weighted_plus1_rel", "sum_dual_weighted_plus1_rel", "sum_dual_weighted_plus1_rel", "sum_dual_weighted_plus1_rel", "sum_dual_weighted_plus1_rel", "sum_dual_weighted_plus1_rel", "sum_dual_weighted_plus1_rel", "sum_dual_weighted_plus1_rel", "sum_dual_weighted_plus1_rel", "sum_dual_weighted_plus1_rel", "sum_dual_weighted_plus1_rel", "sum_dual_weighted_plus1_rel", "sum_dual_weighted_plus1_rel", "sum_dual_weighted_plus1_rel", "sum_dual_weighted_plus1_rel", "sum_dual_weighted_plus1_rel", "sum_dual_weighted_plus1_rel", "sum_dual_weighted_plus1_rel", "sum_dual_weighted_plus1_rel", "sum_dual_weighted_plus1_rel", "sum_dual_weighted_plus1_rel", "sum_dual_weighted_plus1_rel", "sum_dual_weighted_plus1_rel", "sum_dual_weighted_plus1_rel", "sum_dual_weighted_plus1_rel", "sum_dual_weighted_plus1_rel", "sum_dual_weighted_plus1_rel", "sum_dual_weighted_plus1_rel", "sum_dual_weighted_plus1_rel", "sum_dual_weighted_plus1_rel", "sum_dual_weighted_plus1_rel", "sum_dual_weighted_plus1_rel", "sum_dual_weighted_plus1_rel", "sum_dual_weighted_plus1_rel", "sum_dual_weighted_plus1_rel", "sum_dual_weighted_plus1_rel", "sum_dual_weighted_plus1_rel", "sum_dual_weighted_plus1_rel", "sum_dual_weighted_plus1_rel", "sum_dual_weighted_plus1_rel", "sum_dual_weighted_plus1_rel", "sum_dual_weighted_plus1_rel", "sum_dual_weighted_plus1_rel", "sum_dual_weighted_plus1_rel", "sum_dual_weighted_plus1_rel", "sum_dual_weighted_plus1_rel", "sum_dual_weighted_plus1_rel", "sum_dual_weighted_plus1_rel", "sum_dual_weighted_plus1_rel", "sum_dual_weighted_plus1_rel", "sum_dual_weighted_plus1_rel", "sum_dual_weighted_plus1_rel", "sum_dual_weighted_plus1_rel", "sum_dual_weighted_plus1_rel", "sum_dual_weighted_plus1_rel", "sum_dual_weighted_plus1_rel", "sum_dual_weighted_plus1_rel", "sum_dual_weighted_plus1_rel", "sum_dual_weighted_plus1_rel", "sum_dual_weighted_plus1_rel", "sum_dual_weighted_plus1_rel", "sum_dual_weighted_plus1_rel", "sum_dual_weighted_plus1_rel", "sum_dual_weighted_plus1_rel", "sum_dual_weighted_plus1_rel", "sum_dual_weighted_plus1_rel"], "LBImprovements": [475.365, 574.432, 383.179, 286.404, 210.821, 178.584, 239.521, 225.659, 203.164, 186.652, 181.017, 179.007, 138.762, 90.1614, 100.901, 41.1672, 200.076, 96.0346, 114.528, 217.835, 122.053, 101.468, 88.5977, 68.909, 72.713, 97.798, 86.1394, 103.045, 130.621, 75.403, 83.1177, 38.6085, 79.0764, 22.3721, 53.5013, 109.343, 51.2189, 43.5874, 22.9989, 23.9516, 60.9445, 40.0571, 25.4119, 103.143, 15.0972, 49.9734, 27.3696, 27.0312, 109.386, 34.2611, 19.2249, 2.63254, 9.62986, 29.6891, 11.209, 15.1991, 47.633, 29.5071, 15.934, 17.7735, 13.4379, 12.2512, 40.1886, 4.33912, 24.1904, 40.1869, 5.1321, 13.9067, 8.13323, 6.74031, 4.36588, 6.92319, 22.393, 9.17465, 31.6327, 8.25156, 2.59483, 5.11785, 18.5006, 5.24823, 2.05774, 2.84928, 1.50342, 4.73725, 13.6289, 5.22683, 2.39122, 4.39933, 0.196833, 6.87686, 1.074, 1.38897, 1.67993, 40.1017, 3.92164, 0.184963, 6.19016, 3.72097, 1.30759, 6.07116, 2.34398, 4.54203, 0.685114, 1.45033, 1.98189, 1.66091], "InfeasibleNodes": 10, "ElapsedTimeCoeffs": 0, "LinearizationTime": 0.0297798, "NumberOfVariables": 5, "CallsToLinearSolver": 213, "LinearGenerationTime": 2.84837, "SDPCutsGenerationTime": 0, "CallsToNonLinearSolver": 10, "StrongBranchingExtraTime": 0, "ElapsedTimeWeightedCoeffs": 0, "NodesDiscardedByFathoming": 0, "NodesDiscardedByTolerance": 97, "BoundFactorConstraintsTime": 5.03746, "ElapsedTimeVarsInConstraints": 0.000035831, "meanBTRelativeChangeRootNode": 0,