{"Itbt": 0, "Pace": 0.0138538, "Depth": 9, "Degree": 6, "RPSTime": 1.7096, "FBBTTime": 0, "OBBTTime": 0, "TotalTime": 22.9121, "Iterations": 30, "LinearTime": 21.1205, "LowerBound": 3062.17, "TimeVector": [1.22688, 1.8964, 2.62378, 3.3097, 4.05842, 4.74618, 5.45168, 6.16608, 6.89696, 7.55023, 8.25897, 8.97297, 10.5981, 11.3196, 12.012, 12.7069, 13.3365, 13.9934, 14.7995, 15.5176, 16.227, 16.8657, 17.638, 18.3259, 19.0306, 19.7291, 20.4757, 21.2766, 22.1213, 45.0333], "UpperBound": 3064.81, "rootBTTime": 0, "LowerBounds": {"1": 1408.33, "2": 1799.73, "3": 2014.58, "4": 2311.97, "5": 2379.06, "6": 2432.56, "7": 2442.23, "8": 2656.66, "9": 2722.29, "10": 2734.95, "11": 2742.41, "12": 2768.22, "13": 2813.92, "14": 2837.52, "15": 2872.33, "16": 2872.52, "17": 2879.13, "18": 2882.53, "19": 2962.78, "20": 2983.65, "21": 3014.12, "22": 3021.19, "23": 3026.68, "24": 3030.28, "25": 3030.62, "26": 3041.95, "27": 3042.06, "28": 3044.31, "29": 3056.39, "30": 3062.17}, "SolveResult": 0, "UpperBounds": {"1": 3064.81}, "MaxQueueSize": 8, "VisitedNodes": 61, "BranchingVars": [3, 5, 5, 2, 1, 1, 1, 2, 0, 2, 4, 1, 4, 0, 0, 0, 0, 0, 2, 4, 4, 4, 2, 1, 4, 1, 3, 3, 5, 5], "NonLinearTime": 0.0819941, "OptimalityGap": 2.6319, "BranchingRules": ["sum_rescaled_var_range_weighted", "sum_rescaled_var_range_weighted", "sum_rescaled_var_range_weighted", "sum_rescaled_var_range_weighted", "sum_rescaled_var_range_weighted", "sum_rescaled_var_range_weighted", "sum_rescaled_var_range_weighted", "sum_rescaled_var_range_weighted", "sum_rescaled_var_range_weighted", "sum_rescaled_var_range_weighted", "sum_rescaled_var_range_weighted", "sum_rescaled_var_range_weighted", "sum_rescaled_var_range_weighted", "sum_rescaled_var_range_weighted", "sum_rescaled_var_range_weighted", "sum_rescaled_var_range_weighted", "sum_rescaled_var_range_weighted", "sum_rescaled_var_range_weighted", "sum_rescaled_var_range_weighted", "sum_rescaled_var_range_weighted", "sum_rescaled_var_range_weighted", "sum_rescaled_var_range_weighted", "sum_rescaled_var_range_weighted", "sum_rescaled_var_range_weighted", "sum_rescaled_var_range_weighted", "sum_rescaled_var_range_weighted", "sum_rescaled_var_range_weighted", "sum_rescaled_var_range_weighted", "sum_rescaled_var_range_weighted", "sum_rescaled_var_range_weighted"], "LBImprovements": [391.399, 512.244, 364.472, 456.245, 277.607, 302.39, 280.056, 180.852, 240.493, 576.614, 129.919, 0, 0, 146.137, 201.648, 154.157, 142.066, 295.249, 304.438, 46.6299, 27.8302, 50.1259, 136.697, 11.7781, 0, 25.7503, 14.3262, 18.1377, 6.55384, 3.33838], "InfeasibleNodes": 10, "ElapsedTimeCoeffs": 0, "LinearizationTime": 0.0464893, "NumberOfVariables": 6, "CallsToLinearSolver": 61, "LinearGenerationTime": 0.741091, "SDPCutsGenerationTime": 0, "CallsToNonLinearSolver": 8, "StrongBranchingExtraTime": 0, "ElapsedTimeWeightedCoeffs": 0, "NodesDiscardedByFathoming": 0, "NodesDiscardedByTolerance": 21, "BoundFactorConstraintsTime": 1.42429, "ElapsedTimeVarsInConstraints": 0, "meanBTRelativeChangeRootNode": 0, "NumberOfBoundFactorConstraints": 1298, "NumberOfLAPACKConvergenceFailures": 0, "NumberOfRLTVariablesAfterLinearization": 364}