{"Itbt": 0, "Pace": 0.13972, "Depth": 16, "Degree": 6, "RPSTime": 101.223, "FBBTTime": 0, "OBBTTime": 0, "TotalTime": 600.138, "Iterations": 210, "LinearTime": 498.745, "LowerBound": 15611.9, "TimeVector": [2.27751, 3.54241, 4.98963, 6.34215, 7.95342, 9.30486, 10.6568, 12.1599, 13.6878, 15.3027, 16.6653, 18.1762, 19.572, 21.0102, 22.5391, 23.9856, 25.5158, 27.0165, 28.4822, 30.0279, 31.5571, 33.12, 34.5665, 36.3102, 37.8606, 39.2919, 40.8279, 42.4457, 44.3501, 46.5182, 48.7363, 50.7411, 52.175, 53.653, 55.8644, 57.4916, 59.811, 61.3294, 64.1169, 66.5628, 67.9641, 69.5137, 71.1304, 73.7554, 76.0887, 77.7651, 79.6204, 82.0419, 86.1994, 88.0108, 91.015, 94.1616, 97.482, 99.5852, 101.65, 104.334, 105.848, 108.068, 110.697, 113.495, 115.489, 118.51, 121.215, 122.818, 124.656, 126.816, 130.16, 136.301, 137.825, 140.863, 144.38, 146.592, 148.234, 150.178, 153.833, 156.766, 160.181, 163.401, 165.075, 168.571, 170.544, 173.352, 174.849, 176.563, 179.638, 181.218, 184.919, 187.644, 191.185, 195.147, 198.532, 199.994, 202.981, 205.456, 207.123, 208.763, 211.062, 214.006, 218.644, 221.926, 224.469, 225.901, 230.452, 233.067, 235.641, 237.815, 240.496, 242.329, 245.441, 248.334, 250.808, 256.047, 257.731, 260.464, 262.751, 264.317, 267.713, 272.687, 275.957, 279.245, 282.36, 285.672, 288.047, 290.658, 293.972, 296.25, 300.524, 304.09, 307.426, 311.732, 314.88, 317.689, 322.714, 325.926, 328.664, 330.798, 336.383, 339.698, 342.739, 346.18, 349.653, 354.024, 357.034, 359.913, 364.751, 371.351, 374.942, 377.13, 379.962, 382.874, 386.509, 390.103, 393.769, 395.343, 399.642, 403.584, 406.588, 409.651, 412.193, 416.621, 418.669, 421.095, 425.228, 429.202, 433.441, 438.215, 440.688, 446.693, 450.644, 453.22, 455.911, 458.945, 461.999, 464.656, 469.644, 472.348, 475.252, 479.139, 483.72, 487.262, 489.442, 494.306, 497.836, 501.667, 505.803, 511.27, 515.845, 519.79, 524.026, 528.415, 531.487, 534.15, 537.046, 538.835, 543.61, 546.207, 550.137, 553.837, 558.16, 561.104, 565.146, 567.347, 570.589, 575.281, 579.92, 584.988, 588.312, 593.602, 597.788, 600.138], "UpperBound": 15640.6, "rootBTTime": 0, "LowerBounds": {"1": 11317.5, "2": 12143.5, "3": 12889.7, "4": 13071, "5": 13284.7, "6": 13475.5, "7": 13571.7, "8": 13921.2, "9": 13935.9, "10": 14051.3, "11": 14114.7, "12": 14152.8, "13": 14201.1, "14": 14291.4, "15": 14432, "16": 14439.1, "17": 14447.5, "18": 14537.1, "19": 14586, "20": 14590.4, "21": 14633.5, "22": 14725.7, "23": 14776.6, "24": 14827.7, "25": 14861.8, "26": 14886.8, "27": 14897.4, "28": 14906, "29": 14910.4, "30": 14936.2, "31": 14954.4, "32": 14977.2, "33": 14996.3, "34": 14999.3, "35": 15019.9, "36": 15030.1, "37": 15048.5, "38": 15071.2, "39": 15078.7, "40": 15110, "41": 15138.3, "42": 15156.6, "43": 15176.1, "44": 15177.2, "45": 15185.7, "46": 15195.2, "47": 15202.1, "48": 15211.5, "49": 15214.7, "50": 15222.9, "51": 15223.8, "52": 15227.5, "53": 15233, "54": 15236.5, "55": 15239.8, "56": 15242.3, "57": 15252.2, "58": 15292.6, "59": 15316.4, "60": 15318.9, "61": 15348.9, "62": 15350.7, "63": 15353.9, "64": 15356.2, "65": 15357, "66": 15358.2, "67": 15359.5, "68": 15361.7, "69": 15365.4, "70": 15371.7, "71": 15372.4, "72": 15372.7, "73": 15377.5, "74": 15383.4, "75": 15385.5, "76": 15392.1, "77": 15395.6, "78": 15397.3, "79": 15399.3, "80": 15400.6, "81": 15405.6, "82": 15410.3, "83": 15421.6, "84": 15440.6, "85": 15444.2, "86": 15445.2, "87": 15445.3, "88": 15448, "89": 15448.5, "90": 15455.9, "91": 15457.2, "92": 15465.7, "93": 15473.8, "94": 15474.8, "95": 15475.9, "96": 15478.6, "97": 15487, "98": 15487.8, "99": 15487.8, "100": 15488, "101": 15490.8, "102": 15496.6, "103": 15497.2, "104": 15497.5, "105": 15500, "106": 15504.5, "107": 15507.7, "108": 15511.6, "109": 15513, "110": 15517.1, "111": 15522.1, "112": 15523.5, "113": 15525, "114": 15525.7, "115": 15526.3, "116": 15527.8, "117": 15527.9, "118": 15528.9, "119": 15529.1, "120": 15532, "121": 15532.5, "122": 15533.5, "123": 15534.3, "124": 15535.5, "125": 15543.5, "126": 15546.3, "127": 15546.9, "128": 15548, "129": 15548.2, "130": 15548.3, "131": 15549.4, "132": 15550.6, "133": 15552.9, "134": 15558.3, "135": 15558.7, "136": 15559.3, "137": 15559.7, "138": 15562.1, "139": 15562.5, "140": 15563.3, "141": 15566, "142": 15566.2, "143": 15567.1, "144": 15567.5, "145": 15569.4, "146": 15569.8, "147": 15573.4, "148": 15573.6, "149": 15574.2, "150": 15576.8, "151": 15577, "152": 15577, "153": 15578, "154": 15581, "155": 15581.1, "156": 15581.9, "157": 15583.3, "158": 15583.9, "159": 15584, "160": 15584.2, "161": 15585.5, "162": 15586, "163": 15586.8, "164": 15586.8, "165": 15588.8, "166": 15589.7, "167": 15591.5, "168": 15591.8, "169": 15592.2, "170": 15592.6, "171": 15593.5, "172": 15595.5, "173": 15597, "174": 15597.3, "175": 15597.9, "176": 15598.2, "177": 15598.4, "178": 15599, "179": 15599.4, "180": 15600.5, "181": 15600.9, "182": 15601.5, "183": 15601.6, "184": 15601.6, "185": 15604, "186": 15604.2, "187": 15604.8, "188": 15604.9, "189": 15604.9, "190": 15605.3, "191": 15605.3, "192": 15605.5, "193": 15605.5, "194": 15606.6, "195": 15607, "196": 15607, "197": 15607.2, "198": 15607.5, "199": 15607.6, "200": 15607.8, "201": 15608.2, "202": 15608.9, "203": 15609.3, "204": 15609.5, "205": 15609.5, "206": 15609.8, "207": 15610.8, "208": 15611.4, "209": 15611.8, "210": 15611.9}, "SolveResult": 402, "UpperBounds": {"1": 15640.6}, "MaxQueueSize": 70, "VisitedNodes": 421, "BranchingVars": [2, 0, 1, 1, 5, 5, 3, 3, 1, 5, 5, 5, 1, 0, 5, 4, 4, 5, 4, 4, 0, 0, 5, 3, 4, 1, 4, 4, 1, 2, 3, 3, 3, 0, 0, 5, 5, 5, 5, 2, 3, 3, 5, 5, 5, 1, 0, 1, 5, 4, 1, 5, 5, 5, 4, 5, 2, 5, 1, 1, 5, 4, 2, 0, 1, 0, 4, 1, 1, 4, 4, 4, 1, 0, 5, 4, 4, 1, 0, 5, 5, 0, 3, 5, 1, 0, 5, 2, 2, 2, 5, 4, 1, 4, 3, 0, 1, 5, 3, 2, 4, 3, 2, 2, 4, 4, 4, 0, 0, 3, 5, 2, 1, 3, 0, 4, 2, 1, 5, 1, 0, 5, 5, 4, 2, 2, 2, 4, 3, 1, 1, 0, 2, 3, 1, 1, 1, 2, 2, 3, 3, 5, 2, 0, 3, 1, 0, 0, 3, 0, 2, 5, 0, 0, 3, 0, 2, 0, 0, 5, 4, 1, 0, 1, 5, 4, 1, 0, 4, 3, 1, 0, 2, 4, 3, 1, 2, 3, 5, 0, 0, 0, 2, 5, 5, 5, 4, 1, 2, 1, 2, 0, 1, 1, 1, 5, 5, 3, 0, 3, 3, 2, 4, 4, 1, 4, 0, 0, 2, 2], "NonLinearTime": 0.169451, "OptimalityGap": 28.7296,