{"Itbt": 0, "Pace": 0.0758035, "Depth": 22, "Degree": 6, "RPSTime": 10.1201, "FBBTTime": 0, "OBBTTime": 0, "TotalTime": 139.712, "Iterations": 153, "LinearTime": 129.397, "LowerBound": 3122.69, "TimeVector": [1.5553, 2.51258, 3.37698, 4.3251, 5.3007, 6.30717, 7.04946, 7.87842, 8.75214, 9.54312, 10.4699, 11.4103, 12.3102, 13.192, 14.0878, 14.9857, 15.7781, 16.5097, 17.3782, 18.0349, 18.8298, 19.7164, 20.5978, 21.6426, 22.5506, 23.3406, 24.3014, 25.0285, 25.6829, 26.5586, 27.3213, 28.2893, 28.9923, 29.7244, 30.5136, 31.2894, 32.1788, 33.1435, 33.8812, 34.6484, 35.5309, 36.2765, 37.1284, 38.0231, 39.0279, 39.8132, 40.5821, 41.3933, 42.265, 43.0412, 43.7599, 44.6004, 45.4588, 46.5062, 47.3454, 48.0409, 49.4484, 50.3382, 51.2407, 52.2795, 53.2431, 54.2111, 54.9762, 55.7954, 56.8159, 57.6996, 58.5522, 59.3245, 60.1064, 61.0716, 61.8685, 62.6336, 63.539, 64.4614, 65.2514, 66.0581, 66.8478, 67.7768, 68.7396, 69.5813, 70.3612, 71.102, 72.0939, 72.9041, 73.8531, 74.9514, 75.7859, 76.709, 77.6755, 78.6277, 79.6083, 80.5379, 81.5144, 82.5693, 83.5565, 84.3965, 85.3028, 86.2102, 86.9259, 87.9259, 88.8178, 89.7195, 90.6029, 91.3311, 92.4182, 93.3167, 95.1806, 96.1251, 97.0812, 98.0849, 99.1122, 99.967, 100.82, 101.732, 102.806, 103.656, 104.442, 105.307, 106.101, 107.015, 107.938, 108.886, 109.88, 110.657, 111.754, 112.67, 113.631, 114.508, 115.496, 116.319, 117.326, 118.571, 119.414, 120.382, 121.227, 122.135, 122.952, 123.832, 124.716, 125.678, 126.622, 127.34, 128.248, 130.088, 130.959, 132.08, 132.874, 133.656, 134.571, 135.921, 136.911, 137.815, 155.392], "UpperBound": 3125.75, "rootBTTime": 0, "LowerBounds": {"1": 1279.6, "2": 1762.61, "3": 1996.72, "4": 2004.89, "5": 2120.7, "6": 2145.83, "7": 2227.53, "8": 2269.64, "9": 2338.18, "10": 2351.26, "11": 2381.29, "12": 2396.45, "13": 2462.57, "14": 2472.06, "15": 2489.16, "16": 2492.37, "17": 2494.5, "18": 2509.47, "19": 2515.97, "20": 2524.85, "21": 2526.54, "22": 2579.91, "23": 2591.95, "24": 2598.55, "25": 2613.38, "26": 2626.22, "27": 2639.58, "28": 2639.92, "29": 2644.48, "30": 2667.08, "31": 2676.94, "32": 2687.51, "33": 2691.06, "34": 2705.26, "35": 2709.2, "36": 2712.17, "37": 2722.65, "38": 2723.09, "39": 2728.94, "40": 2736.72, "41": 2740.41, "42": 2744.35, "43": 2756.23, "44": 2757.12, "45": 2760.07, "46": 2760.5, "47": 2768.32, "48": 2770.42, "49": 2772.32, "50": 2780.79, "51": 2781.96, "52": 2792.38, "53": 2796.75, "54": 2799.67, "55": 2812.16, "56": 2826.23, "57": 2828.83, "58": 2863.52, "59": 2864.92, "60": 2873.29, "61": 2873.93, "62": 2874.27, "63": 2881.59, "64": 2883.48, "65": 2884.35, "66": 2889.77, "67": 2898, "68": 2898.25, "69": 2901.33, "70": 2921.42, "71": 2921.92, "72": 2923.89, "73": 2927.18, "74": 2929.85, "75": 2930.26, "76": 2931, "77": 2937.83, "78": 2959.02, "79": 2961.58, "80": 2964.99, "81": 2965.24, "82": 2969.89, "83": 2971.94, "84": 2983.26, "85": 2985.56, "86": 2989.63, "87": 2990.26, "88": 2991.8, "89": 2992.51, "90": 2994.71, "91": 3017.63, "92": 3021.53, "93": 3023.74, "94": 3024.45, "95": 3027.27, "96": 3030.07, "97": 3035.61, "98": 3043.08, "99": 3047.95, "100": 3061.76, "101": 3063.94, "102": 3067.05, "103": 3070.54, "104": 3070.85, "105": 3073.1, "106": 3073.13, "107": 3073.56, "108": 3074.29, "109": 3075.11, "110": 3075.67, "111": 3080.75, "112": 3080.75, "113": 3080.85, "114": 3081.17, "115": 3081.36, "116": 3082.88, "117": 3084.15, "118": 3085.42, "119": 3085.43, "120": 3085.48, "121": 3092.73, "122": 3093.13, "123": 3093.55, "124": 3094.03, "125": 3095.09, "126": 3101.93, "127": 3106.15, "128": 3106.69, "129": 3107.52, "130": 3108.89, "131": 3110.12, "132": 3111.19, "133": 3113, "134": 3114.22, "135": 3114.53, "136": 3115.21, "137": 3115.24, "138": 3115.39, "139": 3115.91, "140": 3116.49, "141": 3116.52, "142": 3116.54, "143": 3118.07, "144": 3119.09, "145": 3120.43, "146": 3120.65, "147": 3120.73, "148": 3120.76, "149": 3121.03, "150": 3121.51, "151": 3121.64, "152": 3122.3, "153": 3122.69}, "SolveResult": 0, "UpperBounds": {"1": 3264.49, "2": 3125.75}, "MaxQueueSize": 31, "VisitedNodes": 307, "BranchingVars": [1, 2, 3, 3, 5, 5, 2, 0, 0, 0, 0, 0, 0, 2, 4, 4, 0, 4, 3, 4, 4, 3, 3, 4, 5, 4, 4, 0, 0, 3, 3, 4, 4, 5, 5, 5, 1, 4, 5, 4, 4, 4, 5, 4, 3, 1, 1, 4, 1, 4, 4, 1, 1, 1, 4, 1, 1, 1, 1, 1, 1, 1, 1, 1, 5, 1, 1, 1, 5, 1, 1, 1, 1, 5, 1, 1, 0, 1, 1, 1, 1, 1, 1, 1, 1, 2, 1, 5, 2, 1, 3, 5, 5, 5, 5, 0, 2, 2, 0, 3, 3, 3, 1, 4, 1, 3, 4, 3, 3, 4, 1, 1, 3, 1, 2, 2, 1, 5, 1, 4, 5, 5, 5, 4, 5, 4, 2, 2, 4, 2, 1, 2, 0, 0, 1, 1, 5, 5, 5, 0, 4, 0, 1, 1, 4, 1, 2, 2, 2, 1, 2, 0, 1], "NonLinearTime": 0.19532, "OptimalityGap": 3.06194,