{"Itbt": 0, "Pace": 0.0123894, "Depth": 12, "Degree": 6, "RPSTime": 1.92025, "FBBTTime": 0, "OBBTTime": 0, "TotalTime": 21.5929, "Iterations": 72, "LinearTime": 19.4687, "LowerBound": 1850.56, "TimeVector": [0.729568, 1.06376, 1.41647, 1.68548, 1.99351, 2.30733, 2.57435, 2.88188, 3.18728, 3.5269, 3.8274, 4.08978, 4.38225, 4.68716, 5.01099, 5.305, 5.58382, 5.92474, 6.20543, 6.50926, 6.80216, 7.08493, 7.32583, 7.60899, 7.88472, 8.14576, 8.41652, 8.72777, 9.00898, 9.31262, 9.61231, 9.92268, 10.245, 10.5339, 10.8479, 11.1752, 11.4619, 11.7336, 12.0715, 12.3209, 12.5976, 12.8895, 13.1277, 13.4365, 13.7033, 13.9708, 14.2178, 14.5166, 14.7847, 15.0967, 15.4209, 15.7294, 16.0146, 16.2802, 16.5602, 16.8464, 17.1474, 17.4395, 17.7809, 18.092, 18.381, 18.6652, 18.9667, 19.2413, 19.5235, 19.8108, 20.1223, 20.4445, 20.7011, 21.0085, 21.2927, 42.8857], "UpperBound": 1851.95, "rootBTTime": 0, "LowerBounds": {"1": 107.706, "2": 444.392, "3": 820.908, "4": 821.835, "5": 919.085, "6": 1058.33, "7": 1129.54, "8": 1159.25, "9": 1165.86, "10": 1169.14, "11": 1293.76, "12": 1394.13, "13": 1410.89, "14": 1423.19, "15": 1426.15, "16": 1430.73, "17": 1432.7, "18": 1448.62, "19": 1492.26, "20": 1587.79, "21": 1594.7, "22": 1606.22, "23": 1628.14, "24": 1628.44, "25": 1628.86, "26": 1635.41, "27": 1687.37, "28": 1695.76, "29": 1701.42, "30": 1705.4, "31": 1726.97, "32": 1729.76, "33": 1730.36, "34": 1745.47, "35": 1746.26, "36": 1752.84, "37": 1770.26, "38": 1781.68, "39": 1781.8, "40": 1783.55, "41": 1791.99, "42": 1792.05, "43": 1792.28, "44": 1798.14, "45": 1802.07, "46": 1803.88, "47": 1807.32, "48": 1809.35, "49": 1810.54, "50": 1811.6, "51": 1813.18, "52": 1816.96, "53": 1824.21, "54": 1828.92, "55": 1831.65, "56": 1833.67, "57": 1842.76, "58": 1842.98, "59": 1843.68, "60": 1844.25, "61": 1845.32, "62": 1846.64, "63": 1847.12, "64": 1848.36, "65": 1848.61, "66": 1848.64, "67": 1848.79, "68": 1848.91, "69": 1849.15, "70": 1849.15, "71": 1849.26, "72": 1850.56}, "SolveResult": 0, "UpperBounds": {"1": 1851.95}, "MaxQueueSize": 22, "VisitedNodes": 145, "BranchingVars": [5, 4, 1, 4, 1, 2, 3, 2, 2, 2, 3, 3, 2, 0, 0, 0, 0, 0, 3, 3, 3, 3, 0, 0, 2, 3, 1, 3, 3, 0, 3, 1, 3, 3, 3, 0, 1, 2, 0, 1, 1, 1, 1, 0, 3, 3, 0, 0, 0, 5, 1, 2, 3, 1, 2, 0, 2, 0, 5, 5, 0, 1, 5, 5, 2, 2, 5, 2, 2, 2, 2, 4], "NonLinearTime": 0.203916, "OptimalityGap": 1.39141, "BranchingRules": ["sum_rescaled_var_range_weighted", "sum_rescaled_var_range_weighted", "sum_rescaled_var_range_weighted", "sum_rescaled_var_range_weighted", "sum_rescaled_var_range_weighted", "sum_rescaled_var_range_weighted", "sum_rescaled_var_range_weighted", "sum_rescaled_var_range_weighted", "sum_rescaled_var_range_weighted", "sum_rescaled_var_range_weighted", "sum_rescaled_var_range_weighted", "sum_rescaled_var_range_weighted", "sum_rescaled_var_range_weighted", "sum_rescaled_var_range_weighted", "sum_rescaled_var_range_weighted", "sum_rescaled_var_range_weighted", "sum_rescaled_var_range_weighted", "sum_rescaled_var_range_weighted", "sum_rescaled_var_range_weighted", "sum_rescaled_var_range_weighted", "sum_rescaled_var_range_weighted", "sum_rescaled_var_range_weighted", "sum_rescaled_var_range_weighted", "sum_rescaled_var_range_weighted", "sum_rescaled_var_range_weighted", "sum_rescaled_var_range_weighted", "sum_rescaled_var_range_weighted", "sum_rescaled_var_range_weighted", "sum_rescaled_var_range_weighted", "sum_rescaled_var_range_weighted", "sum_rescaled_var_range_weighted", "sum_rescaled_var_range_weighted", "sum_rescaled_var_range_weighted", "sum_rescaled_var_range_weighted", "sum_rescaled_var_range_weighted", "sum_rescaled_var_range_weighted", "sum_rescaled_var_range_weighted", "sum_rescaled_var_range_weighted", "sum_rescaled_var_range_weighted", "sum_rescaled_var_range_weighted", "sum_rescaled_var_range_weighted", "sum_rescaled_var_range_weighted", "sum_rescaled_var_range_weighted", "sum_rescaled_var_range_weighted", "sum_rescaled_var_range_weighted", "sum_rescaled_var_range_weighted", "sum_rescaled_var_range_weighted", "sum_rescaled_var_range_weighted", "sum_rescaled_var_range_weighted", "sum_rescaled_var_range_weighted", "sum_rescaled_var_range_weighted", "sum_rescaled_var_range_weighted", "sum_rescaled_var_range_weighted", "sum_rescaled_var_range_weighted", "sum_rescaled_var_range_weighted", "sum_rescaled_var_range_weighted", "sum_rescaled_var_range_weighted", "sum_rescaled_var_range_weighted", "sum_rescaled_var_range_weighted", "sum_rescaled_var_range_weighted", "sum_rescaled_var_range_weighted", "sum_rescaled_var_range_weighted", "sum_rescaled_var_range_weighted", "sum_rescaled_var_range_weighted", "sum_rescaled_var_range_weighted", "sum_rescaled_var_range_weighted", "sum_rescaled_var_range_weighted", "sum_rescaled_var_range_weighted", "sum_rescaled_var_range_weighted", "sum_rescaled_var_range_weighted", "sum_rescaled_var_range_weighted", "sum_rescaled_var_range_weighted"], "LBImprovements": [336.686, 376.516, 237.417, 307.707, 246.775, 364.866, 281.351, 234.881, 264.876, 257.012, 335.094, 234.009, 276.479, 272.573, 180.072, 163.966, 202.713, 252.81, 213.138, 165.046, 175.563, 191.913, 163.91, 155.112, 243.102, 232.377, 119.95, 163.681, 184.299, 183.968, 166.817, 79.5951, 113.322, 67.7119, 158.247, 228.807, 33.6146, 242.232, 195.938, 59.2115, 56.6457, 56.5562, 56.8693, 46.1124, 196.785, 13.0784, 96.9923, 131.579, 105.221, 52.8749, 43.6235, 26.026, 24.7078, 63.0858, 23.363, 162.22, 20.1933, 3.65934, 66.4494, 35.0724, 3.0435, 2.14677, 3.98003, 6.74876, 18.1117, 17.9968, 1.7742, 23.817, 18.068, 18.068, 17.8283, 1.19566], "InfeasibleNodes": 0, "ElapsedTimeCoeffs": 0, "LinearizationTime": 0.0194684, "NumberOfVariables": 6, "CallsToLinearSolver": 145, "LinearGenerationTime": 1.03014, "SDPCutsGenerationTime": 0, "CallsToNonLinearSolver": 10, "StrongBranchingExtraTime": 0, "ElapsedTimeWeightedCoeffs": 0, "NodesDiscardedByFathoming": 0, "NodesDiscardedByTolerance": 73, "BoundFactorConstraintsTime": 1.56099, "ElapsedTimeVarsInConstraints": 0, "meanBTRelativeChangeRootNode": 0, "NumberOfBoundFactorConstraints": 712, "NumberOfLAPACKConvergenceFailures": 0, "NumberOfRLTVariablesAfterLinearization": 262}