{"Itbt": 0, "Pace": 0.00811449, "Depth": 7, "Degree": 6, "RPSTime": 0.0925053, "FBBTTime": 0, "OBBTTime": 0, "TotalTime": 0.848, "Iterations": 29, "LinearTime": 0.567872, "LowerBound": 269.436, "TimeVector": [0.233619, 0.258919, 0.284926, 0.311598, 0.352861, 0.372567, 0.391498, 0.418922, 0.438283, 0.459703, 0.477401, 0.495055, 0.512386, 0.529913, 0.549799, 0.577057, 0.596906, 0.616606, 0.63495, 0.653962, 0.675103, 0.69712, 0.719269, 0.740664, 0.763059, 0.784322, 0.802703, 0.8207, 1.6687], "UpperBound": 269.623, "rootBTTime": 0, "LowerBounds": {"1": 164.933, "2": 184.377, "3": 200.614, "4": 213.222, "5": 221.45, "6": 235.442, "7": 236.017, "8": 240.899, "9": 246.361, "10": 251.497, "11": 254.619, "12": 255.294, "13": 255.363, "14": 256.956, "15": 258.107, "16": 260.756, "17": 261.346, "18": 265.711, "19": 265.979, "20": 266.493, "21": 266.813, "22": 268.217, "23": 268.923, "24": 268.953, "25": 269.033, "26": 269.033, "27": 269.067, "28": 269.167, "29": 269.436}, "SolveResult": 0, "UpperBounds": {"1": 269.623}, "MaxQueueSize": 9, "VisitedNodes": 59, "BranchingVars": [0, 1, 2, 2, 2, 3, 3, 3, 1, 3, 5, 5, 5, 5, 5, 5, 3, 0, 0, 0, 0, 0, 2, 2, 0, 0, 4, 4, 4], "NonLinearTime": 0.187608, "OptimalityGap": 0.187372, "BranchingRules": ["sum_rescaled_var_range_weighted", "sum_rescaled_var_range_weighted", "sum_rescaled_var_range_weighted", "sum_rescaled_var_range_weighted", "sum_rescaled_var_range_weighted", "sum_rescaled_var_range_weighted", "sum_rescaled_var_range_weighted", "sum_rescaled_var_range_weighted", "sum_rescaled_var_range_weighted", "sum_rescaled_var_range_weighted", "sum_rescaled_var_range_weighted", "sum_rescaled_var_range_weighted", "sum_rescaled_var_range_weighted", "sum_rescaled_var_range_weighted", "sum_rescaled_var_range_weighted", "sum_rescaled_var_range_weighted", "sum_rescaled_var_range_weighted", "sum_rescaled_var_range_weighted", "sum_rescaled_var_range_weighted", "sum_rescaled_var_range_weighted", "sum_rescaled_var_range_weighted", "sum_rescaled_var_range_weighted", "sum_rescaled_var_range_weighted", "sum_rescaled_var_range_weighted", "sum_rescaled_var_range_weighted", "sum_rescaled_var_range_weighted", "sum_rescaled_var_range_weighted", "sum_rescaled_var_range_weighted", "sum_rescaled_var_range_weighted"], "LBImprovements": [19.4444, 28.8452, 45.7466, 27.6766, 13.9921, 21.5143, 18.6019, 14.3955, 30.3099, 19.2821, 11.36, 15.6716, 10.348, 11.2606, 10.9268, 11.2377, 34.3445, 3.21267, 3.08806, 2.67452, 4.21334, 4.34476, 0.592234, 0.637469, 3.81373, 3.8138, 0.398008, 1.64294, 1.34899], "InfeasibleNodes": 0, "ElapsedTimeCoeffs": 0, "LinearizationTime": 0.00159717, "NumberOfVariables": 6, "CallsToLinearSolver": 59, "LinearGenerationTime": 0.0938901, "SDPCutsGenerationTime": 0, "CallsToNonLinearSolver": 8, "StrongBranchingExtraTime": 0, "ElapsedTimeWeightedCoeffs": 0, "NodesDiscardedByFathoming": 0, "NodesDiscardedByTolerance": 30, "BoundFactorConstraintsTime": 0.0618855, "ElapsedTimeVarsInConstraints": 0, "meanBTRelativeChangeRootNode": 0, "NumberOfBoundFactorConstraints": 154, "NumberOfLAPACKConvergenceFailures": 0, "NumberOfRLTVariablesAfterLinearization": 86}