{"Itbt": 0, "Pace": 0.0792919, "Depth": 10, "Degree": 6, "RPSTime": 92.6569, "FBBTTime": 0, "OBBTTime": 0, "TotalTime": 600.911, "Iterations": 98, "LinearTime": 507.95, "LowerBound": 36122.8, "TimeVector": [5.07946, 7.67178, 11.1199, 14.1214, 18.0373, 20.7469, 26.9221, 33.004, 37.3251, 43.0405, 47.0932, 50.2608, 54.1258, 60.315, 63.8491, 73.0966, 77.2821, 81.8227, 85.4774, 89.9512, 95.619, 100.447, 106.109, 112.477, 115.718, 119.698, 124.019, 128.905, 136.079, 140.765, 151.431, 158.907, 164.017, 169.047, 172.553, 176.06, 180.106, 184.928, 191.879, 199.358, 203.473, 208.386, 217.808, 222.775, 229.121, 236.961, 241.52, 247.549, 251.587, 260.88, 267.041, 272.868, 278.426, 288.443, 296.057, 300.988, 306.827, 311.667, 315.304, 322.076, 334.415, 343.507, 351.061, 356.352, 362.769, 366.551, 375.699, 386.777, 394.384, 399.167, 404.036, 411.094, 418.711, 434.55, 446.028, 453.585, 461.167, 465.727, 475.598, 480.791, 490.288, 498.745, 504.822, 508.469, 515.675, 523.593, 533.301, 538.382, 545.708, 553.589, 559.031, 566.025, 575.838, 579.977, 586.879, 593.116, 598.196, 600.911], "UpperBound": 36532.6, "rootBTTime": 0, "LowerBounds": {"1": 28555.9, "2": 29977.9, "3": 31387.5, "4": 31549.8, "5": 32129, "6": 32318.5, "7": 32644.4, "8": 33205.2, "9": 33445.5, "10": 33595.5, "11": 34004.3, "12": 34048.4, "13": 34243.8, "14": 34305.2, "15": 34485.7, "16": 34571, "17": 34590.1, "18": 34677.2, "19": 34677.7, "20": 34802.7, "21": 34951.4, "22": 35023.7, "23": 35064, "24": 35086.3, "25": 35137.9, "26": 35154.4, "27": 35270.6, "28": 35326.8, "29": 35349.1, "30": 35352.9, "31": 35369.8, "32": 35374.2, "33": 35409.2, "34": 35454.5, "35": 35491.1, "36": 35526.6, "37": 35561.1, "38": 35563.9, "39": 35576.3, "40": 35596, "41": 35621.2, "42": 35687.5, "43": 35699.2, "44": 35703.5, "45": 35720.6, "46": 35725.4, "47": 35738.4, "48": 35772.7, "49": 35774.6, "50": 35792.8, "51": 35795, "52": 35795.2, "53": 35813.6, "54": 35822.1, "55": 35823.3, "56": 35832.3, "57": 35834.3, "58": 35835.1, "59": 35839.9, "60": 35846, "61": 35854.6, "62": 35861.5, "63": 35878.1, "64": 35883.5, "65": 35889.1, "66": 35901.2, "67": 35914.7, "68": 35927.4, "69": 35935.3, "70": 35935.4, "71": 35939, "72": 35939, "73": 35939.6, "74": 35944.3, "75": 35952.5, "76": 35954.5, "77": 35956.6, "78": 35970.8, "79": 35974.9, "80": 35984.1, "81": 35995.8, "82": 36005.8, "83": 36019.2, "84": 36026.7, "85": 36032.2, "86": 36035.9, "87": 36036.1, "88": 36045.7, "89": 36050.1, "90": 36065.9, "91": 36082.3, "92": 36086.6, "93": 36100.1, "94": 36112, "95": 36117.6, "96": 36117.9, "97": 36122.6, "98": 36122.8}, "SolveResult": 402, "UpperBounds": {"1": 36532.6}, "MaxQueueSize": 80, "VisitedNodes": 197, "BranchingVars": [1, 0, 4, 2, 3, 2, 2, 2, 2, 4, 4, 3, 5, 4, 0, 0, 5, 2, 4, 3, 0, 5, 3, 5, 5, 2, 5, 1, 5, 5, 5, 2, 5, 5, 5, 3, 5, 5, 3, 2, 3, 0, 0, 3, 4, 4, 3, 2, 5, 4, 2, 5, 5, 2, 2, 2, 0, 2, 5, 2, 3, 2, 3, 0, 2, 2, 2, 2, 5, 2, 0, 4, 2, 2, 2, 0, 2, 2, 2, 5, 2, 4, 0, 2, 3, 2, 1, 3, 0, 0, 5, 2, 3, 2, 2, 2, 3, 0], "NonLinearTime": 0.304831, "OptimalityGap": 409.721, "BranchingRules": ["sum_rescaled_var_range_weighted", "sum_rescaled_var_range_weighted", "sum_rescaled_var_range_weighted", "sum_rescaled_var_range_weighted", "sum_rescaled_var_range_weighted", "sum_rescaled_var_range_weighted", "sum_rescaled_var_range_weighted", "sum_rescaled_var_range_weighted", "sum_rescaled_var_range_weighted", "sum_rescaled_var_range_weighted", "sum_rescaled_var_range_weighted", "sum_rescaled_var_range_weighted", "sum_rescaled_var_range_weighted", "sum_rescaled_var_range_weighted", "sum_rescaled_var_range_weighted", "sum_rescaled_var_range_weighted", "sum_rescaled_var_range_weighted", "sum_rescaled_var_range_weighted", "sum_rescaled_var_range_weighted", "sum_rescaled_var_range_weighted", "sum_rescaled_var_range_weighted", "sum_rescaled_var_range_weighted", "sum_rescaled_var_range_weighted", "sum_rescaled_var_range_weighted", "sum_rescaled_var_range_weighted", "sum_rescaled_var_range_weighted", "sum_rescaled_var_range_weighted", "sum_rescaled_var_range_weighted", "sum_rescaled_var_range_weighted", "sum_rescaled_var_range_weighted", "sum_rescaled_var_range_weighted", "sum_rescaled_var_range_weighted", "sum_rescaled_var_range_weighted", "sum_rescaled_var_range_weighted", "sum_rescaled_var_range_weighted", "sum_rescaled_var_range_weighted", "sum_rescaled_var_range_weighted", "sum_rescaled_var_range_weighted", "sum_rescaled_var_range_weighted", "sum_rescaled_var_range_weighted", "sum_rescaled_var_range_weighted", "sum_rescaled_var_range_weighted", "sum_rescaled_var_range_weighted", "sum_rescaled_var_range_weighted", "sum_rescaled_var_range_weighted", "sum_rescaled_var_range_weighted", "sum_rescaled_var_range_weighted", "sum_rescaled_var_range_weighted", "sum_rescaled_var_range_weighted", "sum_rescaled_var_range_weighted", "sum_rescaled_var_range_weighted", "sum_rescaled_var_range_weighted", "sum_rescaled_var_range_weighted", "sum_rescaled_var_range_weighted", "sum_rescaled_var_range_weighted", "sum_rescaled_var_range_weighted", "sum_rescaled_var_range_weighted", "sum_rescaled_var_range_weighted", "sum_rescaled_var_range_weighted", "sum_rescaled_var_range_weighted", "sum_rescaled_var_range_weighted", "sum_rescaled_var_range_weighted", "sum_rescaled_var_range_weighted", "sum_rescaled_var_range_weighted", "sum_rescaled_var_range_weighted", "sum_rescaled_var_range_weighted", "sum_rescaled_var_range_weighted", "sum_rescaled_var_range_weighted", "sum_rescaled_var_range_weighted", "sum_rescaled_var_range_weighted", "sum_rescaled_var_range_weighted", "sum_rescaled_var_range_weighted", "sum_rescaled_var_range_weighted", "sum_rescaled_var_range_weighted", "sum_rescaled_var_range_weighted", "sum_rescaled_var_range_weighted", "sum_rescaled_var_range_weighted", "sum_rescaled_var_range_weighted", "sum_rescaled_var_range_weighted", "sum_rescaled_var_range_weighted", "sum_rescaled_var_range_weighted", "sum_rescaled_var_range_weighted", "sum_rescaled_var_range_weighted", "sum_rescaled_var_range_weighted", "sum_rescaled_var_range_weighted", "sum_rescaled_var_range_weighted", "sum_rescaled_var_range_weighted", "sum_rescaled_var_range_weighted", "sum_rescaled_var_range_weighted", "sum_rescaled_var_range_weighted", "sum_rescaled_var_range_weighted", "sum_rescaled_var_range_weighted", "sum_rescaled_var_range_weighted", "sum_rescaled_var_range_weighted", "sum_rescaled_var_range_weighted", "sum_rescaled_var_range_weighted", "sum_rescaled_var_range_weighted", "sum_rescaled_var_range_weighted"], "LBImprovements": [1422.06, 1409.62, 741.459, 2045.7, 515.376, 1986.68, 1599.42, 1858.87, 1640.88, 452.874, 1133.58, 437.342, 433.411, 497.553, 867.194, 1050.18, 361.266, 883.944, 848.889, 221.017, 773.988, 303.092, 345.123, 489.919, 565.599, 544.792, 325.418, 495.316, 474.241, 536.183, 586.775, 652.428, 363.525, 428.968, 348.788, 457.568, 273.139, 388.64, 111.22, 409.767, 314.072, 227.247, 597.378, 235.458, 140.946, 218.911, 280.821, 439.726, 348.033, 243.086, 453.388, 471.997, 218.538, 497.527, 412.837, 591.379, 105.356, 331.964, 277.654, 283.273, 307.434, 261.315, 96.8772, 531.468, 422.539, 255.488, 285.295, 236.617, 475.696, 277.969, 361.185, 219.931, 232.136, 376.412, 363.177, 378.198, 231.623, 279.43, 303.612, 583.314, 341.495, 210.427, 484.496, 262.055, 145.362, 290.677, 550.213, 40.8832, 361.964, 672.705, 584.835, 237.363, 137.985, 654.9, 214.778, 384.297, 307.424, 0], "InfeasibleNodes": 2, "ElapsedTimeCoeffs": 0, "LinearizationTime": 1.02309, "NumberOfVariables": 6, "CallsToLinearSolver": 197, "LinearGenerationTime": 27.0963, "SDPCutsGenerationTime": 0, "CallsToNonLinearSolver": 10, "StrongBranchingExtraTime": 0, "ElapsedTimeWeightedCoeffs": 0, "NodesDiscardedByFathoming": 0, "NodesDiscardedByTolerance": 21, "BoundFactorConstraintsTime": 88.1185, "ElapsedTimeVarsInConstraints": 0, "meanBTRelativeChangeRootNode": 0, "NumberOfBoundFactorConstraints": 12369, "NumberOfLAPACKConvergenceFailures": 0, "NumberOfRLTVariablesAfterLinearization": 916}