{"Itbt": 0, "Pace": 0.00055449, "Depth": 11, "Degree": 2, "RPSTime": 0.149503, "FBBTTime": 0, "OBBTTime": 0, "TotalTime": 1.699, "Iterations": 63, "LinearTime": 0.502867, "LowerBound": -4395.91, "TimeVector": [0.569034, 0.608304, 0.645553, 0.703173, 0.741548, 0.755917, 0.769898, 0.815483, 0.830039, 0.844395, 0.859266, 0.873301, 0.887842, 0.902608, 0.91742, 0.956017, 0.970382, 0.984952, 0.99948, 1.01454, 1.02911, 1.04409, 1.05904, 1.07275, 1.08726, 1.10229, 1.11726, 1.13219, 1.14607, 1.15993, 1.17472, 1.21327, 1.22794, 1.24327, 1.25808, 1.27185, 1.28584, 1.30178, 1.316, 1.33081, 1.34592, 1.36116, 1.37659, 1.39235, 1.40735, 1.42319, 1.43927, 1.45492, 1.46988, 1.48528, 1.49914, 1.51359, 1.52848, 1.54403, 1.55823, 1.57227, 1.58843, 1.60384, 1.61916, 1.63345, 1.64782, 1.66256, 3.36156], "UpperBound": -4391.83, "rootBTTime": 0, "LowerBounds": {"1": -6034.87, "2": -6034.87, "3": -5826.11, "4": -5748.76, "5": -5631.8, "6": -5496.95, "7": -5454.49, "8": -5426.62, "9": -5413.43, "10": -5373.17, "11": -5310.7, "12": -5304.22, "13": -5292.21, "14": -5126.89, "15": -5052.59, "16": -5020.36, "17": -5011.02, "18": -5002.42, "19": -4938.95, "20": -4902.69, "21": -4867.57, "22": -4861.99, "23": -4837.57, "24": -4833.86, "25": -4827.66, "26": -4811.47, "27": -4807.23, "28": -4717.62, "29": -4686.35, "30": -4686.35, "31": -4678.88, "32": -4676.27, "33": -4642.48, "34": -4640.84, "35": -4624.73, "36": -4614.15, "37": -4596.07, "38": -4586.96, "39": -4580.36, "41": -4578.06, "42": -4576.49, "43": -4574.17, "44": -4558.02, "45": -4542.85, "46": -4501.93, "47": -4478.77, "48": -4473.44, "49": -4469.02, "50": -4468.67, "51": -4464.39, "52": -4456.71, "53": -4441.52, "54": -4436.38, "55": -4432.45, "57": -4432.41, "58": -4426.3, "59": -4418.98, "60": -4410.83, "61": -4402.95, "62": -4401.52, "63": -4395.91}, "SolveResult": 0, "UpperBounds": {"1": -4391.83}, "MaxQueueSize": 16, "VisitedNodes": 127, "BranchingVars": [7, 10, 6, 9, 0, 1, 5, 8, 4, 4, 9, 5, 7, 10, 4, 2, 10, 8, 7, 1, 1, 1, 4, 9, 5, 8, 7, 1, 8, 0, 3, 4, 9, 4, 9, 4, 10, 7, 8, 4, 5, 0, 7, 5, 5, 9, 5, 1, 5, 7, 7, 0, 10, 1, 7, 0, 4, 2, 7, 6, 2, 5, 7], "NonLinearTime": 0.381795, "OptimalityGap": 4.08019, "BranchingRules": ["sum_dual_weighted_plus1", "sum_dual_weighted_plus1", "sum_rescaled_var_range_weighted_rel", "sum_rescaled_var_range_weighted_rel", "sum_dual_weighted_plus1", "sum_rescaled_var_range_weighted_rel", "eigen_cen_alternative", "sum_rescaled_var_range_weighted_rel", "eigen_cen_alternative", "sum_rescaled_var_range_weighted_rel", "sum_rescaled_var_range_weighted_rel", "eigen_cen_alternative", "sum_dual_weighted_plus1", "sum_dual_weighted_plus1", "sum_dual_weighted_plus1", "sum_rescaled_var_range_weighted_rel", "sum_dual_weighted_plus1", "sum_rescaled_var_range_weighted_rel", "sum_dual_weighted_plus1", "sum_rescaled_var_range_weighted_rel", "sum_dual_weighted_plus1", "sum_rescaled_var_range_weighted_rel", "sum_rescaled_var_range_weighted_rel", "sum_rescaled_var_range_weighted_rel", "eigen_cen_alternative", "sum_rescaled_var_range_weighted_rel", "sum_rescaled_var_range_weighted_rel", "eigen_cen_alternative", "sum_rescaled_var_range_weighted_rel", "eigen_cen_alternative", "eigen_cen_alternative", "sum_rescaled_var_range_weighted_rel", "sum_rescaled_var_range_weighted_rel", "sum_rescaled_var_range_weighted_rel", "sum_rescaled_var_range_weighted_rel", "sum_rescaled_var_range_weighted_rel", "sum_dual_weighted_plus1", "sum_rescaled_var_range_weighted_rel", "sum_rescaled_var_range_weighted_rel", "sum_dual_weighted_plus1", "sum_rescaled_var_range_weighted_rel", "sum_dual_weighted_plus1", "sum_rescaled_var_range_weighted_rel", "sum_dual_weighted_plus1", "sum_rescaled_var_range_weighted_rel", "sum_rescaled_var_range_weighted_rel", "eigen_cen_alternative", "sum_rescaled_var_range_weighted_rel", "sum_dual_weighted_plus1", "sum_rescaled_var_range_weighted_rel", "sum_rescaled_var_range_weighted_rel", "sum_dual_weighted_plus1", "sum_dual_weighted_plus1", "sum_rescaled_var_range_weighted_rel", "sum_rescaled_var_range_weighted_rel", "sum_dual_weighted_plus1", "sum_dual_weighted_plus1", "sum_rescaled_var_range_weighted_rel", "sum_rescaled_var_range_weighted_rel", "sum_dual_weighted_plus1", "eigen_cen_alternative", "sum_dual_weighted_plus1", "sum_rescaled_var_range_weighted_rel"], "LBImprovements": [0.000000000000909495, 286.114, 194.315, 251.81, 205.175, 42.4544, 586.921, 53.4575, 393.078, 62.469, 183.809, 12.0084, 239.616, 690.51, 334.976, 208.888, 796.554, 174.767, 36.2656, 65.1224, 947.086, 392.975, 468.33, 237.792, 253.487, 186.738, 130.961, 1739.66, 0.000000000000909495, 45.5163, 502.984, 197.501, 200.951, 354.253, 37.7668, 365.334, 724.748, 364.335, 0, 3.872, 159.08, 150.19, 329.383, 1316.14, 74.1794, 100.403, 676.406, 240.23, 278.417, 430.036, 7.67574, 113.887, 893.032, 49.4322, 0, 21.6162, 850.572, 73.266, 497.322, 7.8824, 3.92719, 456.271, 3.11337], "InfeasibleNodes": 9, "ElapsedTimeCoeffs": 0, "LinearizationTime": 0.000180792, "NumberOfVariables": 34, "CallsToLinearSolver": 127, "LinearGenerationTime": 0.201816, "SDPCutsGenerationTime": 0, "CallsToNonLinearSolver": 9, "StrongBranchingExtraTime": 0.790213, "ElapsedTimeWeightedCoeffs": 0, "NodesDiscardedByFathoming": 0, "NodesDiscardedByTolerance": 55, "BoundFactorConstraintsTime": 0.00429053, "ElapsedTimeVarsInConstraints": 0.000058183, "meanBTRelativeChangeRootNode": 0, "NumberOfBoundFactorConstraints": 72, "NumberOfLAPACKConvergenceFailures": 0, "NumberOfRLTVariablesAfterLinearization": 18}