{"Itbt": 0, "Pace": 0.0305785, "Depth": 21, "Degree": 2, "RPSTime": 0.516588, "FBBTTime": 0, "OBBTTime": 0, "TotalTime": 12.1887, "Iterations": 223, "LinearTime": 0.479366, "LowerBound": -550.352, "TimeVector": [0.150861, 2.33552, 2.46921, 2.64669, 4.81571, 4.82889, 4.84251, 6.96922, 6.98329, 6.9953, 7.00921, 7.02304, 7.03524, 7.04843, 7.06233, 7.13953, 7.1533, 7.16693, 7.18034, 7.19503, 7.20992, 7.22408, 7.23782, 7.25178, 7.26653, 7.27912, 7.2936, 7.30919, 7.32293, 7.33611, 7.351, 7.38312, 7.39696, 7.41079, 7.42342, 7.43842, 7.45258, 7.46437, 7.4782, 7.49217, 7.50664, 7.52058, 7.53503, 7.5494, 7.56283, 7.57637, 7.59101, 7.60736, 7.62096, 7.63399, 7.65046, 7.66644, 7.68196, 7.69959, 7.71679, 7.73115, 7.74591, 7.76193, 7.77649, 7.79222, 7.80658, 7.81893, 7.83489, 9.65841, 9.67147, 9.68649, 9.70109, 9.71735, 9.73151, 9.74422, 9.76019, 9.77266, 9.78699, 9.80186, 9.81412, 9.82665, 9.84067, 9.8515, 9.8657, 9.88042, 9.89485, 9.90967, 9.92274, 9.93608, 9.94827, 9.9634, 9.97892, 9.99379, 10.009, 10.0209, 10.0363, 10.0521, 10.0674, 10.0839, 10.0979, 10.1136, 10.125, 10.1388, 10.1488, 10.1649, 10.1799, 10.1971, 10.2126, 10.2246, 10.2389, 10.2549, 10.2706, 10.2846, 10.3007, 10.3171, 10.3319, 10.3441, 10.3603, 10.3752, 10.3895, 10.4047, 10.4193, 10.4356, 10.4492, 10.4627, 10.4767, 10.4926, 10.5056, 10.5212, 10.5364, 10.5521, 10.5639, 10.6562, 10.672, 10.6887, 10.7053, 10.7216, 10.7382, 10.7539, 10.7689, 10.7837, 10.7984, 10.8106, 10.8262, 10.8418, 10.8567, 10.873, 10.8885, 10.9056, 10.9217, 10.9378, 10.9518, 10.9679, 10.9836, 10.999, 11.0146, 11.0311, 11.0476, 11.0619, 11.0779, 11.0937, 11.1086, 11.1249, 11.1396, 11.1572, 11.1741, 11.19, 11.2057, 11.2225, 11.2379, 11.2534, 11.2695, 11.285, 11.2994, 11.3163, 11.3318, 11.3444, 11.3595, 11.3752, 11.391, 11.4063, 11.4217, 11.4363, 11.452, 11.4672, 11.4816, 11.494, 11.5125, 11.5281, 11.5447, 11.5603, 11.5732, 11.5877, 11.6048, 11.6215, 11.6386, 11.6544, 11.6695, 11.6852, 11.7012, 11.7168, 11.7321, 11.7487, 11.7645, 11.7797, 11.795, 11.8113, 11.8268, 11.8394, 11.8559, 11.8725, 11.8882, 11.9049, 11.9194, 11.9353, 11.9508, 11.9669, 11.9834, 11.9994, 12.0141, 12.0303, 12.0447, 12.0615, 12.0783, 12.0945, 12.1113, 12.1287, 24.3174], "UpperBound": -549.803, "rootBTTime": 0, "LowerBounds": {"1": -856.251, "2": -851.357, "3": -803.287, "4": -716.626, "5": -654.718, "6": -578.523, "8": -576.883, "9": -575.396, "10": -574.937, "13": -574.553, "14": -573.711, "16": -573.325, "17": -571.413, "18": -571.273, "19": -571.232, "20": -570.853, "22": -570.81, "23": -570.502, "24": -569.537, "26": -569.453, "27": -568.992, "28": -568.88, "29": -568.844, "30": -567.611, "31": -567.469, "32": -567.359, "35": -567.321, "36": -566.312, "37": -565.741, "38": -565.446, "39": -565.426, "40": -564.999, "41": -564.674, "42": -564.581, "43": -564.54, "44": -564.517, "45": -564.301, "46": -563.246, "47": -562.858, "51": -562.82, "55": -562.82, "56": -562.739, "57": -562.707, "59": -562.319, "60": -562.279, "61": -561.963, "62": -561.832, "63": -561.523, "64": -561.504, "66": -561.261, "67": -561.175, "68": -561.121, "69": -561.096, "70": -560.823, "71": -560.396, "72": -560.254, "73": -560.132, "74": -559.841, "75": -559.809, "76": -559.769, "77": -559.761, "78": -559.628, "79": -559.512, "80": -559.172, "81": -558.948, "82": -558.898, "83": -558.885, "84": -558.526, "85": -558.505, "86": -558.121, "88": -558.021, "89": -558.016, "90": -557.871, "91": -557.848, "92": -557.736, "93": -557.652, "94": -557.614, "95": -557.607, "96": -557.607, "97": -557.465, "98": -557.422, "99": -557.374, "100": -557.243, "101": -557.2, "102": -557.065, "103": -557.05, "104": -556.926, "105": -556.83, "106": -556.583, "107": -556.536, "108": -556.525, "109": -556.518, "110": -556.447, "111": -556.418, "112": -556.269, "113": -556.179, "114": -556.054, "115": -555.983, "116": -555.796, "117": -555.564, "118": -555.512, "119": -555.406, "120": -555.259, "121": -555.227, "122": -555.185, "123": -555.033, "124": -555.001, "125": -554.94, "126": -554.908, "127": -554.843, "128": -554.756, "134": -554.745, "135": -554.614, "136": -554.547, "137": -554.417, "138": -554.152, "139": -553.96, "140": -553.906, "141": -553.886, "142": -553.867, "143": -553.722, "144": -553.626, "145": -553.564, "146": -553.559, "147": -553.331, "148": -553.238, "149": -553.087, "150": -553.075, "151": -553.012, "152": -553.004, "153": -552.972, "154": -552.944, "155": -552.874, "156": -552.848, "157": -552.783, "158": -552.689, "159": -552.67, "160": -552.656, "161": -552.638, "162": -552.61, "163": -552.574, "164": -552.562, "165": -552.493, "166": -552.362, "167": -552.353, "168": -552.289, "169": -552.215, "170": -552.215, "171": -552.214, "172": -552.155, "173": -552.144, "174": -552.095, "177": -552.072, "178": -552.048, "179": -551.992, "180": -551.935, "181": -551.849, "182": -551.785, "183": -551.685, "184": -551.682, "185": -551.628, "186": -551.62, "187": -551.512, "188": -551.512, "189": -551.507, "190": -551.467, "191": -551.38, "192": -551.32, "193": -551.308, "194": -551.306, "195": -551.277, "196": -551.223, "198": -551.169, "199": -551.124, "200": -551.093, "201": -551.054, "202": -550.875, "203": -550.82, "204": -550.733, "205": -550.724, "206": -550.724, "207": -550.688, "208": -550.63, "209": -550.628, "210": -550.566, "211": -550.565, "212": -550.565, "213": -550.5, "215": -550.489, "216": -550.446, "217": -550.436, "218": -550.394, "219": -550.394, "220": -550.389, "221": -550.359, "222": -550.354, "223": -550.352}, "SolveResult": 0, "UpperBounds": {"1": -549.803}, "MaxQueueSize": 36, "VisitedNodes": 447, "BranchingVars": [8, 9, 9, 8, 9, 4, 7, 12, 5, 10, 7, 5, 6, 4, 7, 5, 4, 6, 5, 6, 11, 4, 5, 10, 11, 10, 11, 10, 11, 7, 7, 4, 3, 1, 7, 11, 10, 10, 5, 10, 11, 3, 8, 1, 4, 7, 1, 3, 3, 4, 9, 1, 12, 7, 12, 9, 3, 1, 3, 12, 8, 8, 3, 1, 6, 1, 9, 3, 8, 6, 12, 1, 8, 1, 6, 3, 1, 3, 9, 3, 8, 1, 3, 6, 9, 11, 12, 1, 8, 1, 3, 12, 11, 3, 3, 3, 3, 3, 3, 3, 9, 12, 12, 5, 1, 12, 1, 3, 3, 3, 7, 8, 12, 8, 9, 9, 8, 7, 3, 3, 3, 1, 9, 3, 8, 7, 8, 3, 9, 1, 8, 9, 3, 3, 8, 7, 3, 8, 9, 12, 3, 3, 12, 7, 12, 8, 1, 12, 7, 3, 12, 3, 1, 4, 7, 7, 1, 1, 7, 5, 12, 7, 7, 1, 7, 7, 1, 1, 1, 3, 7, 8, 8, 1, 7, 7, 7, 1, 8, 11, 3, 3, 7, 1, 11, 7, 5, 5, 3, 7, 12, 7, 9, 1, 3, 3, 3, 5, 5, 7, 12, 11, 12, 3, 7, 7, 12, 3, 3, 11, 12, 7, 8, 8, 7, 7, 3, 1, 8, 7, 11, 1, 11], "NonLinearTime": 8.79705, "OptimalityGap": 0.548606,