{"Itbt": 0, "Pace": 0.11946, "Depth": 11, "Degree": 2, "RPSTime": 0.264637, "FBBTTime": 0, "OBBTTime": 0, "TotalTime": 3.06123, "Iterations": 75, "LinearTime": 0.312256, "LowerBound": -561.585, "TimeVector": [0.385275, 0.536537, 0.601545, 1.00806, 1.10571, 1.12747, 1.15072, 1.24065, 1.26223, 1.28489, 1.30665, 1.32951, 1.35156, 1.37272, 1.39452, 1.46092, 1.48245, 1.50646, 1.52971, 1.55233, 1.57332, 1.59651, 1.6186, 1.64102, 1.66281, 1.68589, 1.70945, 1.73168, 1.75455, 1.77791, 1.79947, 1.92031, 1.94415, 1.9662, 1.98846, 2.01235, 2.03437, 2.05683, 2.08078, 2.10367, 2.12685, 2.15073, 2.17501, 2.1983, 2.22143, 2.24066, 2.26496, 2.2882, 2.31337, 2.33737, 2.36139, 2.38507, 2.40855, 2.43192, 2.45539, 2.4782, 2.50017, 2.52644, 2.55085, 2.57642, 2.60061, 2.62431, 2.64782, 2.71634, 2.74024, 2.76248, 2.78725, 2.81112, 2.83569, 2.86132, 2.88623, 2.91201, 2.9376, 2.96239, 6.02363], "UpperBound": -561.045, "rootBTTime": 0, "LowerBounds": {"1": -574.783, "4": -570.395, "5": -569.758, "6": -569.241, "7": -567.631, "8": -567.542, "9": -567.394, "10": -567.289, "11": -567.063, "12": -566.549, "13": -566.193, "14": -565.877, "15": -565.724, "17": -565.672, "19": -565.669, "20": -565.643, "21": -565.553, "22": -565.339, "23": -564.933, "24": -564.571, "25": -564.215, "26": -564.204, "27": -563.969, "28": -563.835, "29": -563.815, "30": -563.772, "31": -563.756, "32": -563.687, "33": -563.473, "34": -563.471, "35": -563.429, "37": -563.366, "38": -563.352, "39": -563.255, "40": -563.196, "41": -563.03, "42": -562.981, "43": -562.866, "44": -562.848, "45": -562.806, "49": -562.749, "50": -562.713, "51": -562.513, "52": -562.412, "53": -562.334, "55": -562.184, "56": -562.176, "57": -562.146, "58": -562.112, "59": -562.066, "60": -562.048, "61": -562.047, "62": -562, "63": -561.978, "64": -561.926, "65": -561.915, "66": -561.907, "67": -561.842, "68": -561.792, "69": -561.783, "70": -561.758, "71": -561.752, "72": -561.732, "73": -561.715, "74": -561.679, "75": -561.585}, "SolveResult": 0, "UpperBounds": {"1": -559.615, "2": -561.045}, "MaxQueueSize": 19, "VisitedNodes": 151, "BranchingVars": [9, 13, 13, 3, 15, 4, 3, 2, 13, 15, 13, 2, 4, 0, 16, 3, 16, 11, 17, 17, 17, 2, 4, 15, 15, 4, 4, 4, 2, 11, 15, 3, 2, 17, 11, 9, 0, 0, 3, 3, 0, 2, 15, 17, 7, 18, 5, 6, 17, 17, 19, 15, 5, 7, 15, 3, 17, 0, 2, 15, 2, 15, 15, 7, 1, 1, 7, 4, 0, 17, 5, 17, 5, 0, 0], "NonLinearTime": 1.22265, "OptimalityGap": 0.540559, "BranchingRules": ["sum_rescaled_var_range_weighted_rel", "sum_rescaled_var_range_weighted_rel", "sum_rescaled_var_range_weighted_rel", "eigen_cen_alternative", "sum_dual_weighted_plus1", "eigen_cen_alternative", "sum_rescaled_var_range_weighted_rel", "eigen_cen_alternative", "sum_dual_weighted_plus1", "sum_dual_weighted_plus1", "sum_dual_weighted_plus1", "sum_dual_weighted_plus1", "sum_dual_weighted_plus1", "sum_dual_weighted_plus1", "sum_rescaled_var_range_weighted_rel", "sum_rescaled_var_range_weighted_rel", "sum_rescaled_var_range_weighted_rel", "sum_rescaled_var_range_weighted_rel", "sum_rescaled_var_range_weighted_rel", "sum_rescaled_var_range_weighted_rel", "sum_rescaled_var_range_weighted_rel", "sum_rescaled_var_range_weighted_rel", "sum_dual_weighted_plus1", "sum_dual_weighted_plus1", "sum_dual_weighted_plus1", "sum_dual_weighted_plus1", "sum_dual_weighted_plus1", "sum_rescaled_var_range_weighted_rel", "sum_dual_weighted_plus1", "sum_rescaled_var_range_weighted_rel", "sum_dual_weighted_plus1", "sum_rescaled_var_range_weighted_rel", "sum_rescaled_var_range_weighted_rel", "sum_rescaled_var_range_weighted_rel", "sum_rescaled_var_range_weighted_rel", "sum_rescaled_var_range_weighted_rel", "sum_dual_weighted_plus1", "sum_dual_weighted_plus1", "sum_dual_weighted_plus1", "sum_dual_weighted_plus1", "sum_rescaled_var_range_weighted_rel", "sum_rescaled_var_range_weighted_rel", "sum_dual_weighted_plus1", "sum_rescaled_var_range_weighted_rel", "sum_rescaled_var_range_weighted_rel", "sum_rescaled_var_range_weighted_rel", "sum_rescaled_var_range_weighted_rel", "sum_rescaled_var_range_weighted_rel", "sum_dual_weighted_plus1", "sum_rescaled_var_range_weighted_rel", "sum_dual_weighted_plus1", "sum_dual_weighted_plus1", "sum_rescaled_var_range_weighted_rel", "eigen_cen_alternative", "sum_dual_weighted_plus1", "sum_dual_weighted_plus1", "sum_rescaled_var_range_weighted_rel", "sum_rescaled_var_range_weighted_rel", "eigen_cen_alternative", "sum_rescaled_var_range_weighted_rel", "eigen_cen_alternative", "sum_rescaled_var_range_weighted_rel", "sum_rescaled_var_range_weighted_rel", "sum_dual_weighted_plus1", "sum_rescaled_var_range_weighted_rel", "sum_rescaled_var_range_weighted_rel", "eigen_cen_alternative", "sum_dual_weighted_plus1", "eigen_cen_alternative", "sum_dual_weighted_plus1", "sum_rescaled_var_range_weighted_rel", "sum_dual_weighted_plus1", "eigen_cen_alternative", "sum_rescaled_var_range_weighted_rel", "sum_dual_weighted_plus1"], "LBImprovements": [0, 4.3873, 5.02417, 2.8535, 2.3642, 1.60951, 1.08235, 1.98922, 3.17948, 1.95043, 1.33911, 0.879731, 2.37796, 3.96959, 0, 1.15279, 0, 1.98501, 2.41392, 5.31823, 1.34855, 1.36985, 2.78657, 0.799194, 1.0184, 8.96434, 1.79249, 5.51944, 0.967773, 0.298333, 3.54472, 0.216899, 0.724056, 0.105027, 0, 0.399452, 1.29924, 1.30416, 1.67018, 2.36103, 0.845916, 1.22316, 0.754402, 0.847298, 0, 0, 0, 2.7691, 0.70103, 0.871686, 0.76139, 2.69675, 0, 2.03316, 0.268894, 2.71578, 1.85985, 5.03501, 0.0886031, 1.5801, 0.641608, 2.14151, 0.428962, 0.497745, 0.377087, 1.52587, 1.81604, 0.292551, 0.651354, 1.66097, 0.862996, 0.0173492, 4.96609, 2.75314, 1.30251], "InfeasibleNodes": 7, "ElapsedTimeCoeffs": 0, "LinearizationTime": 0.000481769, "NumberOfVariables": 52, "CallsToLinearSolver": 151, "LinearGenerationTime": 0.082287, "SDPCutsGenerationTime": 0, "CallsToNonLinearSolver": 10, "StrongBranchingExtraTime": 1.48456, "ElapsedTimeWeightedCoeffs": 0, "NodesDiscardedByFathoming": 0, "NodesDiscardedByTolerance": 69, "BoundFactorConstraintsTime": 0.00815258, "ElapsedTimeVarsInConstraints": 0.000085193, "meanBTRelativeChangeRootNode": 0, "NumberOfBoundFactorConstraints": 128, "NumberOfLAPACKConvergenceFailures": 0, "NumberOfRLTVariablesAfterLinearization": 32}