{"Itbt": 0, "Pace": 0.533197, "Depth": 12, "Degree": 2, "RPSTime": 2.89378, "FBBTTime": 0, "OBBTTime": 0, "TotalTime": 25.296, "Iterations": 96, "LinearTime": 2.17989, "LowerBound": -4544.11, "TimeVector": [1.46745, 2.27158, 3.90279, 4.45067, 5.45786, 5.6439, 5.83764, 6.77748, 6.96636, 7.14863, 7.33882, 7.52881, 7.71637, 7.90023, 8.09163, 8.70702, 8.89317, 9.07035, 9.24717, 9.43871, 9.62099, 9.81059, 10.0001, 10.1891, 10.3712, 10.5629, 10.7502, 10.9339, 11.1202, 11.303, 11.4837, 12.2712, 12.4497, 12.6342, 12.816, 12.9975, 13.1759, 13.3651, 13.5544, 13.7376, 13.9282, 14.1062, 14.2929, 14.4696, 14.6639, 14.8467, 15.0298, 15.2155, 15.4007, 15.5825, 15.7704, 15.947, 16.1315, 16.3144, 16.5019, 16.6855, 16.8739, 17.0637, 17.2428, 17.4347, 17.6206, 17.8025, 17.9903, 18.5829, 18.781, 18.9822, 19.1746, 19.3694, 19.5671, 19.7488, 19.9427, 20.1385, 20.3264, 20.5179, 20.7063, 20.8953, 21.0794, 21.2708, 21.457, 21.6397, 21.836, 22.0289, 22.217, 22.4065, 22.5923, 22.7808, 22.9657, 23.1532, 23.3427, 23.5289, 23.7119, 23.9061, 24.1046, 24.2946, 24.4787, 49.7746], "UpperBound": -4539.91, "rootBTTime": 0, "LowerBounds": {"1": -4562.75, "2": -4551.27, "3": -4551.2, "4": -4551.2, "5": -4550.82, "6": -4550.82, "7": -4550.11, "9": -4550.11, "10": -4549.86, "12": -4549.86, "13": -4549.86, "14": -4549.29, "15": -4548.4, "16": -4548.4, "17": -4548.36, "18": -4548.23, "19": -4548.23, "20": -4548.22, "21": -4547.97, "22": -4547.87, "23": -4547.87, "24": -4547.85, "25": -4547.6, "26": -4547.59, "28": -4547.52, "29": -4547.44, "30": -4547.44, "32": -4547.42, "33": -4547.39, "34": -4547.37, "36": -4547.36, "37": -4547.32, "38": -4547.29, "39": -4547.26, "40": -4547.19, "41": -4547.19, "42": -4547.18, "43": -4547.16, "44": -4547.15, "45": -4547.15, "46": -4547.14, "47": -4547.14, "48": -4547.14, "49": -4547.03, "52": -4547.01, "54": -4547.01, "55": -4546.99, "56": -4546.99, "57": -4546.92, "58": -4546.91, "59": -4546.91, "60": -4546.91, "61": -4546.9, "62": -4546.85, "63": -4546.84, "64": -4546.83, "65": -4546.81, "66": -4546.81, "67": -4546.8, "68": -4546.79, "69": -4546.74, "70": -4546.71, "71": -4546.7, "72": -4546.6, "73": -4546.59, "74": -4546.59, "75": -4546.55, "76": -4546.45, "77": -4546.45, "79": -4546.04, "80": -4545.91, "81": -4545.91, "82": -4545.67, "85": -4545.67, "86": -4545.67, "87": -4545.65, "88": -4545.65, "90": -4545.65, "92": -4545.65, "93": -4545.65, "95": -4545.65, "96": -4544.11}, "SolveResult": 0, "UpperBounds": {"1": -3842.37, "2": -4539.91}, "MaxQueueSize": 37, "VisitedNodes": 193, "BranchingVars": [52, 55, 56, 56, 55, 55, 75, 55, 55, 56, 56, 56, 56, 56, 55, 55, 55, 56, 56, 56, 56, 56, 56, 56, 56, 55, 55, 56, 55, 75, 55, 56, 56, 56, 56, 56, 56, 52, 52, 52, 52, 56, 52, 56, 52, 52, 52, 56, 38, 52, 52, 38, 52, 52, 52, 52, 52, 52, 52, 52, 52, 52, 52, 52, 52, 52, 52, 52, 52, 52, 52, 52, 52, 52, 52, 52, 52, 52, 28, 52, 52, 28, 28, 28, 28, 28, 52, 52, 52, 52, 52, 52, 52, 52, 52, 52], "NonLinearTime": 7.29384, "OptimalityGap": 4.20273, "BranchingRules": ["sum_dual_weighted_plus1_rel", "sum_dual_weighted_plus1_rel", "sum_dual_weighted_plus1_rel", "sum_dual_weighted_plus1_rel", "sum_dual_weighted_plus1_rel", "sum_dual_weighted_plus1_rel", "sum_dual_weighted_plus1_rel", "sum_dual_weighted_plus1_rel", "sum_dual_weighted_plus1_rel", "sum_dual_weighted_plus1_rel", "sum_dual_weighted_plus1_rel", "sum_dual_weighted_plus1_rel", "sum_dual_weighted_plus1_rel", "sum_dual_weighted_plus1_rel", "sum_dual_weighted_plus1_rel", "sum_dual_weighted_plus1_rel", "sum_dual_weighted_plus1_rel", "sum_dual_weighted_plus1_rel", "sum_dual_weighted_plus1_rel", "sum_dual_weighted_plus1_rel", "sum_dual_weighted_plus1_rel", "sum_dual_weighted_plus1_rel", "sum_dual_weighted_plus1_rel", "sum_dual_weighted_plus1_rel", "sum_dual_weighted_plus1_rel", "sum_dual_weighted_plus1_rel", "sum_dual_weighted_plus1_rel", "sum_dual_weighted_plus1_rel", "sum_dual_weighted_plus1_rel", "sum_dual_weighted_plus1_rel", "sum_dual_weighted_plus1_rel", "sum_dual_weighted_plus1_rel", "sum_dual_weighted_plus1_rel", "sum_dual_weighted_plus1_rel", "sum_dual_weighted_plus1_rel", "sum_dual_weighted_plus1_rel", "sum_dual_weighted_plus1_rel", "sum_dual_weighted_plus1_rel", "sum_dual_weighted_plus1_rel", "sum_dual_weighted_plus1_rel", "sum_dual_weighted_plus1_rel", "sum_dual_weighted_plus1_rel", "sum_dual_weighted_plus1_rel", "sum_dual_weighted_plus1_rel", "sum_dual_weighted_plus1_rel", "sum_dual_weighted_plus1_rel", "sum_dual_weighted_plus1_rel", "sum_dual_weighted_plus1_rel", "sum_dual_weighted_plus1_rel", "sum_dual_weighted_plus1_rel", "sum_dual_weighted_plus1_rel", "sum_dual_weighted_plus1_rel", "sum_dual_weighted_plus1_rel", "sum_dual_weighted_plus1_rel", "sum_dual_weighted_plus1_rel", "sum_dual_weighted_plus1_rel", "sum_dual_weighted_plus1_rel", "sum_dual_weighted_plus1_rel", "sum_dual_weighted_plus1_rel", "sum_dual_weighted_plus1_rel", "sum_dual_weighted_plus1_rel", "sum_dual_weighted_plus1_rel", "sum_dual_weighted_plus1_rel", "sum_dual_weighted_plus1_rel", "sum_dual_weighted_plus1_rel", "sum_dual_weighted_plus1_rel", "sum_dual_weighted_plus1_rel", "sum_dual_weighted_plus1_rel", "sum_dual_weighted_plus1_rel", "sum_dual_weighted_plus1_rel", "sum_dual_weighted_plus1_rel", "sum_dual_weighted_plus1_rel", "sum_dual_weighted_plus1_rel", "sum_dual_weighted_plus1_rel", "sum_dual_weighted_plus1_rel", "sum_dual_weighted_plus1_rel", "sum_dual_weighted_plus1_rel", "sum_dual_weighted_plus1_rel", "sum_dual_weighted_plus1_rel", "sum_dual_weighted_plus1_rel", "sum_dual_weighted_plus1_rel", "sum_dual_weighted_plus1_rel", "sum_dual_weighted_plus1_rel", "sum_dual_weighted_plus1_rel", "sum_dual_weighted_plus1_rel", "sum_dual_weighted_plus1_rel", "sum_dual_weighted_plus1_rel", "sum_dual_weighted_plus1_rel", "sum_dual_weighted_plus1_rel", "sum_dual_weighted_plus1_rel", "sum_dual_weighted_plus1_rel", "sum_dual_weighted_plus1_rel", "sum_dual_weighted_plus1_rel", "sum_dual_weighted_plus1_rel", "sum_dual_weighted_plus1_rel", "sum_dual_weighted_plus1_rel"], "LBImprovements": [11.4755, 0.073037, 1.91259, 0.385843, 0.705054, 0.705054, 0, 0.245863, 1.74871, 1.63773, 1.46905, 1.63773, 1.6449, 1.31495, 0.951527, 0.523813, 0.920565, 0.832485, 0.703499, 0.37415, 0.657478, 0.27986, 0.266723, 0.482126, 0.185358, 0.399113, 0.217323, 0.347185, 0.300297, 0, 0.298404, 0.12867, 0.255933, 0.214775, 0.115722, 0.208525, 0.160895, 3.17559, 3.17061, 3.16055, 3.16055, 0.184045, 3.15526, 0.145359, 3.1545, 3.15296, 3.15281, 0.111837, 0, 3.14473, 3.14501, 0, 3.13784, 3.1376, 3.12936, 3.12817, 3.0978, 3.09443, 3.09432, 3.09343, 3.09008, 3.13815, 3.06691, 3.06185, 3.05252, 3.05032, 3.04642, 3.04146, 3.02135, 3.14705, 3.00576, 2.96107, 2.95632, 2.95632, 2.93798, 2.89511, 2.89389, 2.89389, 0.130028, 2.8831, 2.9709, 0.017204, 0.017204, 0.0171506, 0.017204, 0.017204, 2.84616, 2.8461, 2.8461, 2.8461, 2.8461, 2.91129, 2.91849, 2.91849, 2.91849, 2.91849], "InfeasibleNodes": 0, "ElapsedTimeCoeffs": 0, "LinearizationTime": 0.0157206, "NumberOfVariables": 212, "CallsToLinearSolver": 193, "LinearGenerationTime": 0.339068, "SDPCutsGenerationTime": 0, "CallsToNonLinearSolver": 10, "StrongBranchingExtraTime": 15.3595, "ElapsedTimeWeightedCoeffs": 0, "NodesDiscardedByFathoming": 1, "NodesDiscardedByTolerance": 96, "BoundFactorConstraintsTime": 0.0885005, "ElapsedTimeVarsInConstraints": 0.000709545, "meanBTRelativeChangeRootNode": 0, "NumberOfBoundFactorConstraints": 848, "NumberOfLAPACKConvergenceFailures": 0, "NumberOfRLTVariablesAfterLinearization": 212}