{"Itbt": 0, "Pace": 0.00000915483, "Depth": 11, "Degree": 4, "RPSTime": 0.00503877, "FBBTTime": 0, "OBBTTime": 0, "TotalTime": 0.0731401, "Iterations": 19, "LinearTime": 0.00798258, "LowerBound": -118.768, "TimeVector": [0.0102747, 0.0186991, 0.0269391, 0.0356806, 0.043693, 0.0442853, 0.0447967, 0.0525585, 0.0530954, 0.053658, 0.0541444, 0.0546182, 0.0551225, 0.0556626, 0.0562067, 0.0643089, 0.0648408, 0.0653618, 0.138502], "UpperBound": -118.705, "rootBTTime": 0, "LowerBounds": {"1": -8108, "2": -2953.09, "3": -763.68, "4": -252.945, "5": -184.542, "6": -138.923, "7": -138.174, "8": -137.925, "9": -124.007, "10": -121.262, "11": -120.58, "12": -120.541, "13": -119.928, "14": -119.19, "15": -118.936, "16": -118.902, "17": -118.889, "18": -118.877, "19": -118.768}, "SolveResult": 0, "UpperBounds": {"1": -86.4222, "2": -118.705}, "MaxQueueSize": 4, "VisitedNodes": 39, "BranchingVars": [0, 0, 0, 0, 0, 0, 1, 1, 1, 0, 1, 1, 1, 0, 0, 1, 1, 1, 0], "NonLinearTime": 0.0601103, "OptimalityGap": 0.0627292, "BranchingRules": ["eigen_cen_alternative_rel", "eigen_cen_alternative_rel", "eigen_cen_alternative_rel", "eigen_cen_alternative_rel", "eigen_cen_alternative_rel", "eigen_cen_alternative_rel", "eigen_cen_alternative_rel", "eigen_cen_alternative_rel", "eigen_cen_alternative_rel", "eigen_cen_alternative_rel", "eigen_cen_alternative_rel", "eigen_cen_alternative_rel", "eigen_cen_alternative_rel", "eigen_cen_alternative_rel", "eigen_cen_alternative_rel", "eigen_cen_alternative_rel", "eigen_cen_alternative_rel", "eigen_cen_alternative_rel", "eigen_cen_alternative_rel"], "LBImprovements": [5154.91, 2189.41, 510.735, 68.4025, 45.6194, 0.748527, 16.9118, 19.4851, 6.68587, 0.720983, 1.70352, 1.35119, 1.25756, 0.288103, 0.0587436, 0.134515, 0.370475, 0.143998, 1.11987], "InfeasibleNodes": 0, "ElapsedTimeCoeffs": 0, "LinearizationTime": 0.00001572, "NumberOfVariables": 2, "CallsToLinearSolver": 39, "LinearGenerationTime": 0.00211435, "SDPCutsGenerationTime": 0, "CallsToNonLinearSolver": 8, "StrongBranchingExtraTime": 0, "ElapsedTimeWeightedCoeffs": 0, "NodesDiscardedByFathoming": 0, "NodesDiscardedByTolerance": 20, "BoundFactorConstraintsTime": 0.00077347, "ElapsedTimeVarsInConstraints": 0, "meanBTRelativeChangeRootNode": 0, "NumberOfBoundFactorConstraints": 8, "NumberOfLAPACKConvergenceFailures": 0, "NumberOfRLTVariablesAfterLinearization": 4}