{"Itbt": 0, "Pace": 36.7115, "Depth": 2, "Degree": 2, "RPSTime": 0.00127722, "FBBTTime": 0, "OBBTTime": 0, "TotalTime": 0.0367115, "Iterations": 2, "LinearTime": 0.00238425, "LowerBound": 0, "TimeVector": [0.0206758, 0.0573872], "UpperBound": 0, "rootBTTime": 0, "LowerBounds": {"1": 0}, "SolveResult": 0, "UpperBounds": {"1": 179769000000000000000000000000000000000000000000000000000000000000000000000000000000000000000000000000000000000000000000000000000000000000000000000000000000000000000000000000000000000000000000000000000000000000000000000000000000000000000000000000000000000000000000000000000000000000000000000000000000000000000, "2": 0}, "MaxQueueSize": 0, "VisitedNodes": 5, "BranchingVars": [6, 5], "NonLinearTime": 0.0330463, "OptimalityGap": 0, "BranchingRules": ["sum_rescaled_var_range_weighted_rel", "sum_rescaled_var_range_weighted_rel"], "LBImprovements": [0, 0], "InfeasibleNodes": 0, "ElapsedTimeCoeffs": 0, "LinearizationTime": 0.000043813, "NumberOfVariables": 8, "CallsToLinearSolver": 5, "LinearGenerationTime": 0.000596372, "SDPCutsGenerationTime": 0, "CallsToNonLinearSolver": 3, "StrongBranchingExtraTime": 0, "ElapsedTimeWeightedCoeffs": 0, "NodesDiscardedByFathoming": 3, "NodesDiscardedByTolerance": 0, "BoundFactorConstraintsTime": 0.000142732, "ElapsedTimeVarsInConstraints": 0, "meanBTRelativeChangeRootNode": 0, "NumberOfBoundFactorConstraints": 36, "NumberOfLAPACKConvergenceFailures": 0, "NumberOfRLTVariablesAfterLinearization": 11}