{"Itbt": 0, "Pace": 426.008, "Depth": 2, "Degree": 2, "RPSTime": 0.0033362, "FBBTTime": 0, "OBBTTime": 0, "TotalTime": 0.4382, "Iterations": 2, "LinearTime": 0.26843, "LowerBound": 0, "TimeVector": [0.415328, 0.853527], "UpperBound": 0, "rootBTTime": 0, "LowerBounds": {"1": 0}, "SolveResult": 0, "UpperBounds": {"1": 179769000000000000000000000000000000000000000000000000000000000000000000000000000000000000000000000000000000000000000000000000000000000000000000000000000000000000000000000000000000000000000000000000000000000000000000000000000000000000000000000000000000000000000000000000000000000000000000000000000000000000000, "2": 0}, "MaxQueueSize": 0, "VisitedNodes": 5, "BranchingVars": [6, 5], "NonLinearTime": 0.156187, "OptimalityGap": 0, "BranchingRules": ["sum_rescaled_var_range_weighted_rel", "sum_rescaled_var_range_weighted_rel"], "LBImprovements": [0, 0], "InfeasibleNodes": 0, "ElapsedTimeCoeffs": 0, "LinearizationTime": 0.000043897, "NumberOfVariables": 8, "CallsToLinearSolver": 5, "LinearGenerationTime": 0.0591881, "SDPCutsGenerationTime": 0, "CallsToNonLinearSolver": 3, "StrongBranchingExtraTime": 0.0121919, "ElapsedTimeWeightedCoeffs": 0, "NodesDiscardedByFathoming": 3, "NodesDiscardedByTolerance": 0, "BoundFactorConstraintsTime": 0.000128983, "ElapsedTimeVarsInConstraints": 0.000013474, "meanBTRelativeChangeRootNode": 0, "NumberOfBoundFactorConstraints": 36, "NumberOfLAPACKConvergenceFailures": 0, "NumberOfRLTVariablesAfterLinearization": 11}