{"Itbt": 0, "Pace": 0.00951913, "Depth": 13, "Degree": 3, "RPSTime": 0.255275, "FBBTTime": 0, "OBBTTime": 0, "TotalTime": 2.12273, "Iterations": 74, "LinearTime": 0.2694, "LowerBound": 105.614, "TimeVector": [0.169964, 0.204866, 0.238943, 0.274371, 0.307901, 0.33492, 0.36201, 0.397663, 0.424662, 0.451945, 0.478493, 0.504425, 0.529667, 0.556944, 0.583044, 0.618195, 0.643787, 0.668264, 0.69487, 0.72266, 0.749016, 0.774191, 0.798638, 0.823866, 0.848459, 0.874025, 0.899827, 0.924536, 0.95019, 0.976164, 1.00382, 1.03796, 1.06278, 1.09006, 1.11497, 1.13984, 1.16691, 1.19414, 1.21916, 1.24528, 1.27144, 1.29608, 1.31968, 1.34618, 1.37088, 1.39554, 1.42256, 1.44842, 1.47258, 1.49804, 1.52318, 1.54893, 1.57486, 1.59901, 1.62503, 1.65217, 1.67687, 1.70087, 1.7265, 1.75051, 1.7752, 1.80137, 1.82689, 1.86123, 1.88736, 1.91352, 1.93795, 1.96178, 1.98672, 2.01223, 2.0378, 2.06341, 2.08969, 4.21242], "UpperBound": 105.7, "rootBTTime": 0, "LowerBounds": {"1": 53.2872, "2": 75.0552, "3": 85.0267, "4": 85.4329, "5": 87.1767, "6": 90.8806, "7": 94.2674, "8": 95.2358, "9": 97.0143, "10": 97.3068, "11": 97.6863, "12": 98.4999, "13": 99.6972, "14": 100.388, "15": 101.199, "16": 101.513, "17": 101.864, "18": 102.222, "19": 102.413, "20": 102.614, "21": 102.674, "22": 102.684, "23": 103.044, "24": 103.194, "25": 103.568, "26": 103.927, "27": 103.954, "28": 103.99, "29": 104.029, "30": 104.07, "31": 104.148, "32": 104.255, "33": 104.371, "34": 104.482, "35": 104.546, "36": 104.663, "37": 104.886, "38": 104.91, "39": 105.049, "40": 105.078, "41": 105.134, "42": 105.146, "43": 105.165, "44": 105.175, "45": 105.2, "46": 105.297, "47": 105.313, "48": 105.342, "49": 105.347, "50": 105.373, "51": 105.38, "52": 105.394, "53": 105.397, "54": 105.424, "55": 105.428, "56": 105.434, "57": 105.435, "58": 105.448, "59": 105.452, "60": 105.453, "61": 105.476, "62": 105.483, "63": 105.485, "64": 105.486, "65": 105.509, "66": 105.517, "67": 105.533, "68": 105.547, "69": 105.569, "70": 105.574, "71": 105.576, "72": 105.579, "73": 105.579, "74": 105.614}, "SolveResult": 0, "UpperBounds": {"1": 105.7}, "MaxQueueSize": 18, "VisitedNodes": 149, "BranchingVars": [9, 10, 10, 9, 9, 10, 10, 3, 4, 3, 11, 11, 8, 3, 11, 3, 8, 9, 9, 2, 8, 8, 11, 8, 11, 9, 3, 5, 11, 9, 8, 10, 3, 4, 5, 9, 8, 11, 11, 8, 8, 8, 8, 10, 8, 10, 9, 8, 3, 1, 9, 9, 8, 9, 9, 11, 11, 3, 11, 4, 4, 8, 8, 4, 3, 10, 5, 3, 4, 3, 8, 4, 10, 4], "NonLinearTime": 0.188857, "OptimalityGap": 0.0868773, "BranchingRules": ["sum_dual_weighted_plus1", "sum_rescaled_var_range_weighted_rel", "sum_dual_weighted_plus1", "sum_dual_weighted_plus1", "sum_dual_weighted_plus1", "sum_dual_weighted_plus1", "sum_dual_weighted_plus1", "sum_rescaled_var_range_weighted_rel", "sum_rescaled_var_range_weighted_rel", "sum_rescaled_var_range_weighted_rel", "sum_rescaled_var_range_weighted_rel", "sum_dual_weighted_plus1", "sum_dual_weighted_plus1", "sum_rescaled_var_range_weighted_rel", "sum_rescaled_var_range_weighted_rel", "sum_rescaled_var_range_weighted_rel", "eigen_cen_alternative", "sum_dual_weighted_plus1", "sum_dual_weighted_plus1", "sum_rescaled_var_range_weighted_rel", "sum_dual_weighted_plus1", "sum_dual_weighted_plus1", "sum_dual_weighted_plus1", "eigen_cen_alternative", "sum_rescaled_var_range_weighted_rel", "sum_dual_weighted_plus1", "sum_dual_weighted_plus1", "eigen_cen_alternative", "sum_dual_weighted_plus1", "sum_dual_weighted_plus1", "eigen_cen_alternative", "sum_dual_weighted_plus1", "eigen_cen_alternative", "sum_dual_weighted_plus1", "sum_dual_weighted_plus1", "eigen_cen_alternative", "sum_dual_weighted_plus1", "sum_rescaled_var_range_weighted_rel", "sum_dual_weighted_plus1", "sum_dual_weighted_plus1", "sum_dual_weighted_plus1", "sum_dual_weighted_plus1", "sum_dual_weighted_plus1", "sum_dual_weighted_plus1", "sum_dual_weighted_plus1", "sum_dual_weighted_plus1", "sum_dual_weighted_plus1", "sum_dual_weighted_plus1", "sum_rescaled_var_range_weighted_rel", "sum_dual_weighted_plus1", "sum_dual_weighted_plus1", "sum_dual_weighted_plus1", "sum_dual_weighted_plus1", "sum_dual_weighted_plus1", "eigen_cen_alternative", "sum_dual_weighted_plus1", "sum_rescaled_var_range_weighted_rel", "sum_dual_weighted_plus1", "sum_rescaled_var_range_weighted_rel", "sum_dual_weighted_plus1", "sum_dual_weighted_plus1", "sum_dual_weighted_plus1", "sum_dual_weighted_plus1", "sum_dual_weighted_plus1", "sum_dual_weighted_plus1", "sum_dual_weighted_plus1", "sum_rescaled_var_range_weighted_rel", "sum_dual_weighted_plus1", "sum_dual_weighted_plus1", "sum_rescaled_var_range_weighted_rel", "sum_dual_weighted_plus1", "sum_dual_weighted_plus1", "sum_dual_weighted_plus1", "sum_dual_weighted_plus1"], "LBImprovements": [21.768, 10.3777, 5.85386, 11.5814, 7.09072, 4.35521, 3.0394, 4.46136, 4.18424, 5.30765, 2.70166, 3.91328, 3.34729, 4.09412, 4.09832, 6.02278, 2.12519, 3.77222, 3.49086, 0.0690794, 0.519386, 1.3459, 1.50189, 0.373871, 0.386293, 0.444542, 1.12432, 1.44508, 0.856452, 1.97366, 0.514875, 8.32059, 0.677665, 1.28819, 0.619146, 1.04511, 0.313819, 0.950897, 0.436746, 0.235012, 0.294169, 0.201606, 0.207968, 0.259366, 0.382319, 1.77512, 0.134325, 0.133991, 1.33084, 0.00619399, 0.400802, 0.454246, 0.120386, 0.660748, 0.589075, 0.343657, 1.18826, 0.216269, 0.957043, 0.0559784, 0.155634, 0.951902, 0.0836097, 0.313738, 0.211042, 0.0297965, 0.155029, 0.277214, 0.0695935, 4.6074, 0.0526877, 0.0812109, 0.0341289, 0.638385], "InfeasibleNodes": 0, "ElapsedTimeCoeffs": 0, "LinearizationTime": 0.000206301, "NumberOfVariables": 16, "CallsToLinearSolver": 149, "LinearGenerationTime": 0.0357413, "SDPCutsGenerationTime": 0, "CallsToNonLinearSolver": 10, "StrongBranchingExtraTime": 1.62462, "ElapsedTimeWeightedCoeffs": 0, "NodesDiscardedByFathoming": 0, "NodesDiscardedByTolerance": 75, "BoundFactorConstraintsTime": 0.0104666, "ElapsedTimeVarsInConstraints": 0.000044096, "meanBTRelativeChangeRootNode": 0, "NumberOfBoundFactorConstraints": 64, "NumberOfLAPACKConvergenceFailures": 0, "NumberOfRLTVariablesAfterLinearization": 30}