{"Itbt": 0, "Pace": 0.0346634, "Depth": 11, "Degree": 3, "RPSTime": 0.148348, "FBBTTime": 0, "OBBTTime": 0, "TotalTime": 1.17115, "Iterations": 59, "LinearTime": 0.229421, "LowerBound": 128.36, "TimeVector": [0.196315, 0.222691, 0.250601, 0.277985, 0.304961, 0.320277, 0.335381, 0.364124, 0.379013, 0.394096, 0.40869, 0.423029, 0.437606, 0.453026, 0.467786, 0.492258, 0.507846, 0.523487, 0.538562, 0.55411, 0.569472, 0.584489, 0.599765, 0.61571, 0.629897, 0.645301, 0.66039, 0.675465, 0.691359, 0.706325, 0.722754, 0.747724, 0.762841, 0.777622, 0.793625, 0.807731, 0.82233, 0.838057, 0.853258, 0.868874, 0.88476, 0.900702, 0.9161, 0.930454, 0.9474, 0.962273, 0.977066, 0.991125, 1.00745, 1.0231, 1.03857, 1.05529, 1.06998, 1.08458, 1.09898, 1.11573, 1.13288, 1.14755, 2.3187], "UpperBound": 128.479, "rootBTTime": 0, "LowerBounds": {"1": 116.764, "2": 122.275, "3": 122.692, "4": 124.417, "5": 125.008, "6": 125.372, "7": 125.385, "8": 125.573, "9": 125.717, "10": 125.777, "11": 125.814, "12": 125.925, "13": 126.178, "14": 126.184, "15": 126.854, "16": 127.012, "17": 127.094, "18": 127.106, "19": 127.123, "20": 127.19, "21": 127.397, "22": 127.441, "23": 127.475, "24": 127.482, "25": 127.502, "26": 127.53, "27": 127.61, "28": 127.805, "29": 127.82, "30": 127.822, "31": 127.837, "32": 127.838, "33": 127.89, "34": 127.995, "35": 128.007, "36": 128.014, "37": 128.055, "38": 128.106, "39": 128.106, "40": 128.143, "41": 128.146, "42": 128.149, "43": 128.152, "44": 128.173, "45": 128.177, "46": 128.197, "47": 128.201, "48": 128.236, "49": 128.255, "50": 128.26, "51": 128.27, "52": 128.279, "53": 128.284, "54": 128.31, "55": 128.314, "56": 128.323, "57": 128.324, "58": 128.326, "59": 128.36}, "SolveResult": 0, "UpperBounds": {"1": 128.479}, "MaxQueueSize": 20, "VisitedNodes": 119, "BranchingVars": [1, 7, 3, 3, 2, 3, 2, 9, 0, 1, 0, 0, 7, 9, 10, 0, 0, 7, 10, 2, 0, 1, 0, 0, 1, 0, 2, 4, 7, 10, 4, 1, 9, 10, 6, 10, 10, 1, 4, 5, 5, 7, 6, 6, 1, 6, 4, 9, 1, 6, 6, 1, 5, 1, 5, 6, 1, 9, 2], "NonLinearTime": 0.148619, "OptimalityGap": 0.119119, "BranchingRules": ["sum_dual_weighted_plus1", "sum_rescaled_var_range_weighted_rel", "sum_dual_weighted_plus1", "sum_dual_weighted_plus1", "sum_dual_weighted_plus1", "sum_dual_weighted_plus1", "sum_dual_weighted_plus1", "sum_dual_weighted_plus1", "sum_dual_weighted_plus1", "sum_dual_weighted_plus1", "sum_dual_weighted_plus1", "sum_rescaled_var_range_weighted_rel", "sum_dual_weighted_plus1", "sum_rescaled_var_range_weighted_rel", "sum_dual_weighted_plus1", "sum_dual_weighted_plus1", "sum_dual_weighted_plus1", "sum_dual_weighted_plus1", "sum_dual_weighted_plus1", "sum_dual_weighted_plus1", "sum_dual_weighted_plus1", "sum_dual_weighted_plus1", "sum_dual_weighted_plus1", "sum_dual_weighted_plus1", "sum_dual_weighted_plus1", "sum_dual_weighted_plus1", "sum_dual_weighted_plus1", "sum_rescaled_var_range_weighted_rel", "sum_dual_weighted_plus1", "sum_dual_weighted_plus1", "sum_dual_weighted_plus1", "sum_dual_weighted_plus1", "sum_dual_weighted_plus1", "sum_rescaled_var_range_weighted_rel", "sum_dual_weighted_plus1", "sum_dual_weighted_plus1", "sum_rescaled_var_range_weighted_rel", "sum_dual_weighted_plus1", "sum_rescaled_var_range_weighted_rel", "sum_rescaled_var_range_weighted_rel", "sum_rescaled_var_range_weighted_rel", "sum_dual_weighted_plus1", "sum_dual_weighted_plus1", "sum_dual_weighted_plus1", "sum_dual_weighted_plus1", "sum_dual_weighted_plus1", "sum_rescaled_var_range_weighted_rel", "sum_dual_weighted_plus1", "sum_dual_weighted_plus1", "sum_dual_weighted_plus1", "sum_dual_weighted_plus1", "sum_dual_weighted_plus1", "sum_rescaled_var_range_weighted_rel", "sum_dual_weighted_plus1", "sum_rescaled_var_range_weighted_rel", "sum_dual_weighted_plus1", "sum_dual_weighted_plus1", "sum_dual_weighted_plus1", "sum_dual_weighted_plus1"], "LBImprovements": [5.51095, 2.14203, 3.48658, 0.59115, 0.769317, 0.344809, 0.18763, 1.2812, 1.47294, 1.23463, 2.53598, 1.51537, 1.81643, 1.21292, 0.983801, 0.793485, 0.913784, 2.08708, 0.352638, 0.63274, 0.803422, 1.01083, 0.344599, 0.354514, 0.954035, 0.576124, 0.279752, 0.431051, 0.286117, 0.973663, 0.305894, 0.311362, 0.788512, 1.19466, 1.02122, 0.296128, 1.04793, 0.177884, 0.667825, 0.112436, 0.177655, 0.313371, 0.773166, 1.26213, 0.210754, 1.21894, 0.551256, 0.249063, 0.0682985, 1.10283, 1.08017, 0.134567, 0.102583, 0.648999, 0.0779975, 0.0983842, 0.154868, 0.25255, 0.865644], "InfeasibleNodes": 0, "ElapsedTimeCoeffs": 0, "LinearizationTime": 0.000087792, "NumberOfVariables": 16, "CallsToLinearSolver": 119, "LinearGenerationTime": 0.0485034, "SDPCutsGenerationTime": 0, "CallsToNonLinearSolver": 9, "StrongBranchingExtraTime": 0.769139, "ElapsedTimeWeightedCoeffs": 0, "NodesDiscardedByFathoming": 0, "NodesDiscardedByTolerance": 60, "BoundFactorConstraintsTime": 0.00365462, "ElapsedTimeVarsInConstraints": 0.000050125, "meanBTRelativeChangeRootNode": 0, "NumberOfBoundFactorConstraints": 36, "NumberOfLAPACKConvergenceFailures": 0, "NumberOfRLTVariablesAfterLinearization": 16}