{"Itbt": 0, "Pace": 0.0766391, "Depth": 15, "Degree": 6, "RPSTime": 17.3649, "FBBTTime": 0, "OBBTTime": 0, "TotalTime": 192.933, "Iterations": 102, "LinearTime": 25.7942, "LowerBound": 1093.6, "TimeVector": [3.84379, 5.82289, 7.7255, 9.87557, 11.867, 13.7495, 15.7173, 17.7413, 19.812, 21.7756, 23.6543, 25.7678, 27.7403, 29.6597, 31.7529, 33.8663, 35.8218, 37.874, 39.9332, 42.1156, 43.8919, 45.7913, 47.6256, 49.5246, 51.5603, 53.4709, 55.3719, 57.4866, 59.2918, 61.2497, 63.0332, 65.0726, 67.0577, 69.0194, 70.8477, 72.842, 74.7787, 76.5895, 78.3638, 80.2447, 82.1541, 83.9643, 85.854, 87.7321, 89.5787, 91.5843, 93.5189, 95.4348, 97.2701, 98.9753, 100.769, 102.633, 104.407, 106.175, 107.988, 109.857, 111.692, 113.696, 115.659, 117.37, 119.226, 120.979, 122.747, 124.529, 126.333, 128.078, 129.93, 131.891, 133.641, 135.409, 137.331, 139.015, 140.927, 142.92, 144.572, 146.186, 148.067, 149.729, 151.472, 153.416, 155.176, 156.974, 158.883, 160.575, 162.283, 164.361, 166.045, 167.805, 169.505, 171.379, 173.07, 174.886, 176.594, 178.442, 180.127, 182.016, 183.657, 185.484, 187.41, 189.3, 191.125, 198.574], "UpperBound": 1094.63, "rootBTTime": 0, "LowerBounds": {"1": 702.491, "2": 786.5, "3": 868.244, "4": 897.625, "5": 903.488, "6": 924.65, "7": 927.836, "8": 963.517, "9": 985.721, "10": 986.678, "11": 987.118, "12": 988.874, "13": 1005.46, "14": 1018.73, "15": 1020.23, "16": 1029.73, "17": 1036.61, "18": 1038.14, "19": 1038.2, "20": 1039.81, "21": 1049.69, "22": 1050.93, "23": 1052.36, "24": 1054.73, "25": 1059.2, "26": 1059.45, "27": 1063.32, "28": 1063.8, "29": 1070.98, "30": 1074.75, "31": 1076.57, "32": 1076.79, "33": 1078.58, "34": 1079.05, "35": 1080.75, "36": 1081.69, "37": 1082.43, "38": 1082.59, "39": 1083.26, "40": 1083.58, "41": 1083.61, "42": 1084.04, "43": 1084.41, "44": 1085.33, "45": 1086.28, "46": 1086.89, "47": 1087.38, "48": 1087.57, "49": 1087.77, "50": 1087.82, "51": 1087.86, "52": 1087.99, "53": 1088.6, "54": 1088.65, "55": 1089.1, "56": 1089.11, "57": 1089.41, "58": 1089.67, "59": 1089.94, "60": 1089.94, "61": 1090.25, "62": 1091.11, "63": 1091.14, "64": 1091.36, "65": 1091.42, "66": 1091.48, "67": 1091.51, "68": 1091.54, "69": 1091.67, "70": 1091.76, "71": 1091.81, "72": 1091.86, "73": 1091.87, "74": 1091.87, "75": 1091.9, "76": 1092.24, "77": 1092.32, "78": 1092.32, "79": 1092.4, "80": 1092.57, "81": 1092.59, "82": 1092.68, "83": 1092.69, "84": 1092.8, "85": 1092.8, "86": 1092.82, "87": 1092.82, "88": 1092.84, "89": 1092.84, "90": 1092.96, "91": 1092.98, "92": 1092.98, "93": 1093.06, "94": 1093.07, "95": 1093.08, "96": 1093.13, "97": 1093.13, "98": 1093.27, "99": 1093.28, "100": 1093.32, "101": 1093.35, "102": 1093.6}, "SolveResult": 0, "UpperBounds": {"1": 1094.63}, "MaxQueueSize": 24, "VisitedNodes": 205, "BranchingVars": [1, 2, 3, 1, 2, 5, 2, 0, 4, 0, 0, 1, 0, 4, 5, 0, 0, 1, 5, 0, 2, 0, 1, 0, 5, 5, 2, 5, 2, 1, 1, 4, 5, 4, 0, 5, 5, 5, 4, 5, 4, 5, 5, 5, 5, 1, 4, 5, 5, 5, 4, 5, 5, 5, 4, 1, 4, 4, 1, 4, 1, 0, 4, 2, 0, 1, 1, 0, 2, 1, 2, 4, 5, 4, 0, 2, 0, 5, 0, 5, 4, 2, 1, 2, 2, 0, 2, 2, 2, 2, 2, 2, 2, 2, 1, 2, 2, 2, 0, 0, 1, 2], "NonLinearTime": 1.58737, "OptimalityGap": 1.02831, "BranchingRules": ["sum_dual_weighted_plus1_rel", "sum_dual_weighted_plus1_rel", "sum_dual_weighted_plus1_rel", "sum_dual_weighted_plus1_rel", "sum_dual_weighted_plus1_rel", "sum_dual_weighted_plus1_rel", "sum_dual_weighted_plus1_rel", "sum_dual_weighted_plus1_rel", "sum_dual_weighted_plus1_rel", "sum_dual_weighted_plus1_rel", "sum_dual_weighted_plus1_rel", "sum_dual_weighted_plus1_rel", "sum_dual_weighted_plus1_rel", "sum_dual_weighted_plus1_rel", "sum_dual_weighted_plus1_rel", "sum_dual_weighted_plus1_rel", "sum_dual_weighted_plus1_rel", "sum_dual_weighted_plus1_rel", "sum_dual_weighted_plus1_rel", "sum_dual_weighted_plus1_rel", "sum_dual_weighted_plus1_rel", "sum_dual_weighted_plus1_rel", "sum_dual_weighted_plus1_rel", "sum_dual_weighted_plus1_rel", "sum_dual_weighted_plus1_rel", "sum_dual_weighted_plus1_rel", "sum_dual_weighted_plus1_rel", "sum_dual_weighted_plus1_rel", "sum_dual_weighted_plus1_rel", "sum_dual_weighted_plus1_rel", "sum_dual_weighted_plus1_rel", "sum_dual_weighted_plus1_rel", "sum_dual_weighted_plus1_rel", "sum_dual_weighted_plus1_rel", "sum_dual_weighted_plus1_rel", "sum_dual_weighted_plus1_rel", "sum_dual_weighted_plus1_rel", "sum_dual_weighted_plus1_rel", "sum_dual_weighted_plus1_rel", "sum_dual_weighted_plus1_rel", "sum_dual_weighted_plus1_rel", "sum_dual_weighted_plus1_rel", "sum_dual_weighted_plus1_rel", "sum_dual_weighted_plus1_rel", "sum_dual_weighted_plus1_rel", "sum_dual_weighted_plus1_rel", "sum_dual_weighted_plus1_rel", "sum_dual_weighted_plus1_rel", "sum_dual_weighted_plus1_rel", "sum_dual_weighted_plus1_rel", "sum_dual_weighted_plus1_rel", "sum_dual_weighted_plus1_rel", "sum_dual_weighted_plus1_rel", "sum_dual_weighted_plus1_rel", "sum_dual_weighted_plus1_rel", "sum_dual_weighted_plus1_rel", "sum_dual_weighted_plus1_rel", "sum_dual_weighted_plus1_rel", "sum_dual_weighted_plus1_rel", "sum_dual_weighted_plus1_rel", "sum_dual_weighted_plus1_rel", "sum_dual_weighted_plus1_rel", "sum_dual_weighted_plus1_rel", "sum_dual_weighted_plus1_rel", "sum_dual_weighted_plus1_rel", "sum_dual_weighted_plus1_rel", "sum_dual_weighted_plus1_rel", "sum_dual_weighted_plus1_rel", "sum_dual_weighted_plus1_rel", "sum_dual_weighted_plus1_rel", "sum_dual_weighted_plus1_rel", "sum_dual_weighted_plus1_rel", "sum_dual_weighted_plus1_rel", "sum_dual_weighted_plus1_rel", "sum_dual_weighted_plus1_rel", "sum_dual_weighted_plus1_rel", "sum_dual_weighted_plus1_rel", "sum_dual_weighted_plus1_rel", "sum_dual_weighted_plus1_rel", "sum_dual_weighted_plus1_rel", "sum_dual_weighted_plus1_rel", "sum_dual_weighted_plus1_rel", "sum_dual_weighted_plus1_rel", "sum_dual_weighted_plus1_rel", "sum_dual_weighted_plus1_rel", "sum_dual_weighted_plus1_rel", "sum_dual_weighted_plus1_rel", "sum_dual_weighted_plus1_rel", "sum_dual_weighted_plus1_rel", "sum_dual_weighted_plus1_rel", "sum_dual_weighted_plus1_rel", "sum_dual_weighted_plus1_rel", "sum_dual_weighted_plus1_rel", "sum_dual_weighted_plus1_rel", "sum_dual_weighted_plus1_rel", "sum_dual_weighted_plus1_rel", "sum_dual_weighted_plus1_rel", "sum_dual_weighted_plus1_rel", "sum_dual_weighted_plus1_rel", "sum_dual_weighted_plus1_rel", "sum_dual_weighted_plus1_rel", "sum_dual_weighted_plus1_rel"], "LBImprovements": [84.0086, 81.7436, 56.4068, 65.8922, 101.975, 62.4672, 58.842, 55.209, 34.5122, 65.6771, 62.5688, 47.7315, 53.7407, 40.7275, 17.9064, 48.8449, 48.7223, 12.7949, 43.4919, 23.9919, 55.3465, 20.0447, 32.0504, 8.589, 48.6587, 21.2961, 11.4299, 15.2457, 13.0579, 7.68021, 6.02437, 47.3818, 36.2153, 7.23692, 9.19421, 11.5954, 4.95333, 5.26956, 4.56244, 5.82818, 3.96197, 7.10451, 19.1864, 30.6507, 2.82424, 4.98296, 2.55552, 4.30092, 5.58245, 4.41904, 3.49664, 3.82027, 30.3538, 5.09851, 2.3867, 5.0036, 2.00408, 11.3098, 1.1672, 6.93201, 1.64892, 1.21551, 2.45794, 3.59772, 1.17686, 2.22253, 4.57686, 1.14243, 3.83292, 2.06791, 7.83754, 2.33343, 2.23629, 1.08673, 0.917981, 7.35448, 0.665281, 0.515983, 1.89344, 18.8937, 0.384821, 1.24722, 0.114988, 1.23642, 1.42292, 1.41983, 0.8411, 1.14741, 0.986009, 0.356552, 0.813291, 1.08642, 11.5197, 0.912145, 1.27612, 0.950933, 0.674237, 1.11841, 49.774, 1.02443, 3.82202, 0.915908], "InfeasibleNodes": 0, "ElapsedTimeCoeffs": 0, "LinearizationTime": 0.0184705, "NumberOfVariables": 6, "CallsToLinearSolver": 205, "LinearGenerationTime": 1.35093, "SDPCutsGenerationTime": 0, "CallsToNonLinearSolver": 10, "StrongBranchingExtraTime": 162.959, "ElapsedTimeWeightedCoeffs": 0, "NodesDiscardedByFathoming": 0, "NodesDiscardedByTolerance": 103, "BoundFactorConstraintsTime": 2.10131, "ElapsedTimeVarsInConstraints": 0.000048719, "meanBTRelativeChangeRootNode": 0, "NumberOfBoundFactorConstraints": 692, "NumberOfLAPACKConvergenceFailures": 0, "NumberOfRLTVariablesAfterLinearization": 261}