{"Itbt": 0, "Pace": 0.0597234, "Depth": 16, "Degree": 6, "RPSTime": 49.579, "FBBTTime": 0, "OBBTTime": 0, "TotalTime": 568.722, "Iterations": 244, "LinearTime": 76.201, "LowerBound": 2186.28, "TimeVector": [3.1958, 5.43299, 7.59635, 9.94934, 12.3645, 14.6266, 16.8305, 19.0186, 21.1228, 23.3751, 25.5595, 28.0089, 30.2148, 32.4194, 34.805, 36.7481, 39.3307, 41.4037, 44.0174, 46.2327, 48.5078, 50.6047, 52.7766, 55.0445, 57.295, 59.6878, 61.9434, 64.23, 66.175, 68.6287, 71.116, 73.6014, 75.9039, 78.327, 80.4455, 82.8729, 84.9708, 87.1943, 89.2898, 91.3381, 93.4276, 95.6715, 97.8916, 100.465, 102.374, 104.663, 106.918, 109.387, 111.582, 113.742, 115.991, 118.272, 120.1, 122.589, 125.074, 127.613, 130.285, 132.783, 135.087, 137.183, 139.557, 141.601, 143.718, 146.113, 148.629, 150.68, 152.769, 154.694, 157.019, 159.265, 161.758, 164.461, 166.63, 168.78, 171.383, 173.456, 175.555, 177.895, 179.989, 182.009, 184.075, 186.218, 188.244, 190.373, 192.547, 194.787, 196.947, 199.314, 201.696, 204.351, 206.852, 209.331, 211.015, 213.36, 215.887, 218.097, 220.427, 222.354, 224.823, 227.305, 229.743, 231.777, 234.032, 236.28, 238.273, 240.391, 242.865, 245.18, 247.449, 249.663, 251.765, 254.05, 256.662, 258.976, 261.32, 263.629, 265.771, 268.069, 270.405, 272.863, 275.299, 277.554, 279.793, 282.367, 284.879, 287.479, 289.776, 291.628, 294.298, 296.297, 298.495, 300.847, 303.208, 305.247, 307.566, 310.118, 312.358, 315.092, 317.522, 320.02, 322.469, 325.111, 327.476, 329.688, 331.896, 334.132, 336.419, 338.997, 341.645, 343.812, 346.027, 348.501, 350.89, 353.336, 355.824, 358.453, 360.696, 363.141, 365.342, 367.609, 369.873, 372.159, 374.602, 377.09, 379.688, 382.328, 384.628, 386.969, 389.74, 391.63, 393.386, 395.757, 397.895, 400.603, 402.921, 405.089, 407.291, 409.556, 411.901, 414.385, 416.58, 419.275, 421.752, 424.368, 426.637, 429.02, 431.214, 433.441, 435.488, 437.699, 440.294, 442.602, 444.757, 446.795, 449.45, 452.104, 454.449, 456.545, 458.937, 461.331, 463.673, 466.085, 468.25, 471.042, 473.604, 475.495, 477.958, 480.465, 482.558, 484.868, 487.294, 489.748, 492.371, 494.835, 497.276, 499.679, 502.287, 505.11, 507.411, 509.775, 512.564, 514.967, 517.046, 519.584, 522.167, 524.534, 527.14, 529.726, 532.042, 534.264, 536.457, 539.327, 541.704, 543.935, 546.684, 549.116, 551.46, 554.235, 556.765, 558.986, 561.486, 563.611, 566.397, 573.633], "UpperBound": 2188.41, "rootBTTime": 0, "LowerBounds": {"1": 781.425, "2": 989.562, "3": 1152.56, "4": 1221.18, "5": 1318.95, "6": 1325.66, "7": 1325.78, "8": 1410.45, "9": 1481.11, "10": 1492.59, "11": 1547.4, "12": 1557.66, "13": 1588.96, "14": 1590.37, "15": 1656.42, "16": 1675.52, "17": 1715.61, "18": 1728.98, "19": 1753.21, "20": 1763.91, "21": 1787.39, "22": 1788.86, "23": 1793.7, "24": 1797.62, "25": 1807.24, "26": 1823.92, "27": 1826.9, "28": 1833.86, "29": 1850.71, "30": 1870.56, "31": 1875.56, "32": 1908.44, "33": 1916.51, "34": 1924.22, "35": 1925.47, "36": 1941.29, "37": 1942.13, "38": 1944.53, "39": 1957.31, "40": 1964.14, "41": 1964.66, "42": 1969.74, "43": 1973.11, "44": 1973.25, "45": 1973.72, "46": 1978.06, "47": 1980.38, "48": 1995.25, "49": 1999.57, "50": 2001.05, "51": 2017.28, "52": 2017.33, "53": 2026.96, "54": 2028.38, "55": 2044.53, "56": 2046.01, "57": 2046.27, "58": 2046.61, "59": 2046.99, "60": 2047.37, "61": 2051.36, "62": 2053.37, "63": 2060.42, "64": 2061.15, "65": 2067.02, "66": 2071.03, "67": 2071.66, "68": 2073.44, "69": 2074.66, "70": 2076.73, "71": 2076.97, "72": 2078.97, "73": 2082.63, "74": 2082.88, "75": 2082.91, "76": 2084.19, "77": 2086.46, "78": 2087.05, "79": 2089.64, "80": 2089.95, "81": 2090.51, "82": 2091.63, "83": 2094.9, "84": 2095.02, "85": 2098.68, "86": 2099.6, "87": 2100.75, "88": 2105.01, "89": 2106.82, "90": 2107.97, "91": 2108.33, "92": 2110.89, "93": 2113.17, "94": 2113.51, "95": 2116.59, "96": 2118.64, "97": 2118.83, "98": 2119.83, "99": 2123.05, "100": 2123.69, "101": 2125.74, "102": 2128.25, "103": 2130.74, "104": 2130.77, "105": 2131.14, "106": 2132.35, "107": 2132.5, "108": 2135.09, "109": 2136.42, "110": 2137.63, "111": 2139.03, "112": 2139.61, "113": 2140.93, "114": 2141.62, "115": 2142.25, "116": 2144.22, "117": 2144.66, "118": 2145.1, "119": 2146.62, "120": 2147.88, "121": 2147.93, "122": 2148.4, "123": 2149.23, "124": 2149.93, "125": 2150.38, "126": 2151.38, "127": 2151.48, "128": 2152.54, "129": 2153.03, "130": 2154.65, "131": 2154.67, "132": 2154.88, "133": 2155.2, "134": 2156.47, "135": 2156.65, "136": 2157.85, "137": 2159.04, "138": 2159.09, "139": 2159.16, "140": 2160.05, "141": 2160.41, "142": 2160.71, "143": 2161.95, "144": 2162.86, "145": 2163.88, "146": 2164.27, "147": 2165.06, "148": 2165.46, "149": 2165.64, "150": 2166.08, "151": 2167.29, "152": 2167.43, "153": 2170.39, "154": 2170.47, "155": 2170.78, "156": 2172.01, "157": 2172.07, "158": 2172.1, "159": 2172.23, "160": 2172.25, "161": 2172.45, "162": 2173.68, "163": 2173.82, "164": 2174.17, "165": 2174.34, "166": 2174.81, "167": 2174.96, "168": 2175.03, "169": 2175.17, "170": 2175.17, "171": 2175.17, "172": 2175.19, "173": 2175.49, "174": 2175.57, "175": 2175.79, "176": 2175.87, "177": 2176.17, "178": 2176.29, "179": 2176.62, "180": 2176.65, "181": 2177.23, "182": 2177.87, "183": 2178.13, "184": 2178.31, "185": 2178.45, "186": 2178.51, "187": 2178.83, "188": 2179.26, "189": 2179.39, "190": 2179.4, "191": 2179.49, "192": 2179.73, "193": 2179.75, "194": 2179.99, "195": 2180.33, "196": 2180.36, "197": 2180.75, "198": 2180.94, "199": 2180.97, "200": 2181.23, "201": 2181.5, "202": 2181.65, "203": 2181.92, "204": 2181.92, "205": 2182.11, "206": 2182.14, "207": 2182.27, "208": 2182.31, "209": 2182.41, "210": 2183.22, "211": 2183.29, "212": 2183.31, "213": 2183.35, "214": 2183.36, "215": 2183.41, "216": 2183.67, "217": 2183.83, "218": 2183.93, "219": 2184, "220": 2184, "221": 2184.14, "222": 2184.18, "223": 2184.21, "224": 2184.23, "225": 2184.41, "226": 2184.48, "227": 2184.75, "228": 2184.93, "229": 2185.09, "230": 2185.19, "231": 2185.21, "232": 2185.21, "233": 2185.22, "234": 2185.25, "235": 2185.27, "236": 2185.4, "237": 2185.77, "238": 2185.81, "239": 2185.9, "240": 2185.97, "241": 2185.98, "242": 2186.08, "243": 2186.15, "244": 2186.28}, "SolveResult": 0, "UpperBounds": {"1": 2188.41}, "MaxQueueSize": 61, "VisitedNodes": 489, "BranchingVars": [4, 0, 1, 0, 2, 2, 2, 5, 3, 5, 5, 2, 2, 5, 3, 4, 5, 3, 3, 2, 3, 3, 1, 3, 5, 5, 5, 3, 5, 3, 5, 5, 3, 1, 3, 1, 5, 1, 1, 3, 1, 5, 1, 4, 1, 3, 4, 5, 4, 3, 4, 4, 3, 5, 4, 5, 3, 4, 4, 4, 3, 1, 4, 3, 2, 2, 1, 1, 2, 2, 4, 2, 2, 4, 1, 1, 2, 3, 1, 1, 2, 1, 4, 1, 4, 1, 1, 1, 1, 1, 2, 4, 5, 3, 0, 2, 2, 4, 3, 2, 1, 5, 5, 1, 4, 2, 0, 4, 1, 0, 5, 4, 3, 2, 3, 0, 1, 4, 5, 5, 0, 2, 1, 2, 2, 0, 5, 1, 0, 5, 2, 3, 1, 5, 5, 0, 5, 3, 2, 2, 2, 2, 0, 3, 5, 5, 2, 2, 5, 5, 0, 1, 2, 4, 5, 3, 0, 5, 1, 0, 1, 1, 0, 1, 3, 3, 2, 5, 2, 1, 1, 2, 2, 5, 0, 0, 1, 1, 5, 1, 5, 1, 3, 2, 2, 5, 0, 2, 4, 2, 2, 2, 0, 0, 0, 0, 1, 2, 0, 1, 2, 5, 5, 0, 2, 0, 4, 1, 1, 0, 5, 4, 4, 2, 1, 5, 1, 1, 3, 3, 5, 1, 4, 0, 2, 5, 2, 4, 0, 1, 4, 5, 4, 4, 2, 1, 0, 4, 1, 1, 2, 1, 1, 1], "NonLinearTime": 0.483945, "OptimalityGap": 2.12727,