{"Itbt": 0, "Pace": 0.0376581, "Depth": 12, "Degree": 6, "RPSTime": 0.445279, "FBBTTime": 0, "OBBTTime": 0, "TotalTime": 2.28764, "Iterations": 50, "LinearTime": 0.424293, "LowerBound": 51.1134, "TimeVector": [0.411652, 0.45806, 0.507862, 0.552617, 0.600702, 0.637079, 0.671167, 0.71853, 0.752207, 0.784808, 0.821523, 0.855567, 0.889492, 0.925862, 0.960062, 1.00378, 1.0411, 1.07745, 1.1141, 1.14799, 1.18363, 1.22152, 1.25795, 1.29262, 1.32681, 1.36284, 1.39645, 1.43335, 1.47036, 1.50497, 1.54049, 1.58491, 1.61912, 1.65611, 1.69187, 1.72892, 1.76893, 1.80617, 1.84341, 1.87774, 1.91575, 1.95053, 1.989, 2.0284, 2.06466, 2.09826, 2.15249, 2.19811, 2.23541, 4.52304], "UpperBound": 51.1608, "rootBTTime": 0, "LowerBounds": {"1": 32.594, "2": 36.1002, "3": 36.782, "4": 38.422, "5": 39.3198, "6": 40.3769, "7": 42.5803, "8": 44.8106, "9": 45.4114, "10": 45.4569, "11": 46.2818, "12": 46.8186, "13": 47.5425, "14": 48.4294, "15": 48.9891, "16": 49.2357, "17": 49.3844, "18": 49.4318, "19": 49.5046, "20": 49.7293, "21": 49.9828, "22": 50.0487, "23": 50.1524, "24": 50.153, "25": 50.2269, "26": 50.2504, "27": 50.4531, "28": 50.5118, "29": 50.598, "30": 50.664, "31": 50.8149, "32": 50.8298, "33": 50.8463, "34": 50.9128, "35": 50.9889, "36": 50.9967, "37": 51.0063, "38": 51.016, "39": 51.0188, "40": 51.0198, "41": 51.0364, "42": 51.0455, "43": 51.0532, "44": 51.0557, "45": 51.0571, "46": 51.0606, "47": 51.0811, "48": 51.0884, "49": 51.0894, "50": 51.1134}, "SolveResult": 0, "UpperBounds": {"1": 59.7492, "5": 51.1608}, "MaxQueueSize": 12, "VisitedNodes": 101, "BranchingVars": [2, 4, 3, 3, 3, 1, 4, 3, 3, 3, 4, 4, 4, 2, 1, 3, 4, 2, 4, 2, 2, 4, 2, 3, 2, 4, 2, 4, 4, 1, 3, 1, 3, 2, 2, 4, 3, 3, 3, 1, 2, 3, 4, 2, 3, 3, 3, 3, 3, 3], "NonLinearTime": 0.21089, "OptimalityGap": 0.0473889, "BranchingRules": ["sum_dual_weighted_plus1_rel", "sum_dual_weighted_plus1_rel", "sum_dual_weighted_plus1_rel", "sum_dual_weighted_plus1_rel", "sum_dual_weighted_plus1_rel", "sum_dual_weighted_plus1_rel", "sum_dual_weighted_plus1_rel", "sum_dual_weighted_plus1_rel", "sum_dual_weighted_plus1_rel", "sum_dual_weighted_plus1_rel", "sum_dual_weighted_plus1_rel", "sum_dual_weighted_plus1_rel", "sum_dual_weighted_plus1_rel", "sum_dual_weighted_plus1_rel", "sum_dual_weighted_plus1_rel", "sum_dual_weighted_plus1_rel", "sum_dual_weighted_plus1_rel", "sum_dual_weighted_plus1_rel", "sum_dual_weighted_plus1_rel", "sum_dual_weighted_plus1_rel", "sum_dual_weighted_plus1_rel", "sum_dual_weighted_plus1_rel", "sum_dual_weighted_plus1_rel", "sum_dual_weighted_plus1_rel", "sum_dual_weighted_plus1_rel", "sum_dual_weighted_plus1_rel", "sum_dual_weighted_plus1_rel", "sum_dual_weighted_plus1_rel", "sum_dual_weighted_plus1_rel", "sum_dual_weighted_plus1_rel", "sum_dual_weighted_plus1_rel", "sum_dual_weighted_plus1_rel", "sum_dual_weighted_plus1_rel", "sum_dual_weighted_plus1_rel", "sum_dual_weighted_plus1_rel", "sum_dual_weighted_plus1_rel", "sum_dual_weighted_plus1_rel", "sum_dual_weighted_plus1_rel", "sum_dual_weighted_plus1_rel", "sum_dual_weighted_plus1_rel", "sum_dual_weighted_plus1_rel", "sum_dual_weighted_plus1_rel", "sum_dual_weighted_plus1_rel", "sum_dual_weighted_plus1_rel", "sum_dual_weighted_plus1_rel", "sum_dual_weighted_plus1_rel", "sum_dual_weighted_plus1_rel", "sum_dual_weighted_plus1_rel", "sum_dual_weighted_plus1_rel", "sum_dual_weighted_plus1_rel"], "LBImprovements": [3.50612, 2.32183, 10.0366, 1.95489, 15.6611, 2.20339, 2.83112, 1.47115, 4.31789, 2.08563, 2.14758, 5.763, 1.44661, 1.07526, 0.993697, 0.916712, 4.54134, 2.95465, 0.648336, 10000000000.0, 0.832056, 0.96736, 1.61566, 0.445017, 0.833758, 1.23434, 0.210944, 4.07985, 0.314839, 0.354762, 0.181836, 0.159182, 0.173532, 0.140411, 0.0173075, 0.0604218, 0.116189, 0.517873, 0.0731305, 0.0936039, 0.389365, 0.124679, 0.0956218, 0.0327889, 0.0587037, 0.519674, 0.0723382, 0.0602627, 0.138772, 0.0319583], "InfeasibleNodes": 5, "ElapsedTimeCoeffs": 0, "LinearizationTime": 0.000458142, "NumberOfVariables": 6, "CallsToLinearSolver": 101, "LinearGenerationTime": 0.115488, "SDPCutsGenerationTime": 0, "CallsToNonLinearSolver": 9, "StrongBranchingExtraTime": 1.59019, "ElapsedTimeWeightedCoeffs": 0, "NodesDiscardedByFathoming": 2, "NodesDiscardedByTolerance": 44, "BoundFactorConstraintsTime": 0.0341952, "ElapsedTimeVarsInConstraints": 0.000019224, "meanBTRelativeChangeRootNode": 0, "NumberOfBoundFactorConstraints": 57, "NumberOfLAPACKConvergenceFailures": 0, "NumberOfRLTVariablesAfterLinearization": 39}