{"Itbt": 0, "Pace": 0.0521772, "Depth": 9, "Degree": 6, "RPSTime": 340.708, "FBBTTime": 0, "OBBTTime": 0, "TotalTime": 1851.45, "Iterations": 46, "LinearTime": 228.477, "LowerBound": 36899.7, "TimeVector": [28.1171, 49.507, 78.6883, 112.35, 135.048, 161.704, 200.582, 247.225, 281.624, 303.148, 340.908, 392.102, 430.71, 468.826, 503.182, 548.424, 581.932, 631.547, 666.913, 714.496, 740.836, 786.877, 821.22, 850.2, 908.438, 948.474, 1008.08, 1053.08, 1100.24, 1133.28, 1187.29, 1242.36, 1295.11, 1318.76, 1347.89, 1395.07, 1449.29, 1517.51, 1562.85, 1600.47, 1643.39, 1677.8, 1719.24, 1759.98, 1817.33, 1851.45], "UpperBound": 36936.3, "rootBTTime": 0, "LowerBounds": {"1": 31561.8, "2": 32629.6, "3": 33707.1, "4": 34010, "5": 34347.5, "6": 34467.6, "7": 34550, "8": 34949.9, "9": 35118.9, "10": 35124.7, "11": 35231.6, "12": 35246.7, "13": 35523.6, "14": 35744, "15": 35747.4, "16": 35811.4, "17": 35843.5, "18": 35900.8, "19": 35939, "20": 35961.1, "21": 36047.2, "22": 36094.5, "23": 36139.6, "24": 36160.1, "25": 36181.4, "26": 36261.6, "27": 36458.5, "28": 36516, "29": 36544.5, "30": 36555, "31": 36556.4, "32": 36575.8, "33": 36627.8, "34": 36640.3, "35": 36645.7, "36": 36646.3, "37": 36689.2, "38": 36706.3, "39": 36715.1, "40": 36723.5, "41": 36736, "42": 36753.3, "43": 36757.1, "44": 36760.2, "45": 36838.6, "46": 36899.7}, "SolveResult": 0, "UpperBounds": {"1": 36936.3}, "MaxQueueSize": 15, "VisitedNodes": 93, "BranchingVars": [2, 2, 2, 0, 0, 3, 0, 1, 3, 2, 3, 1, 0, 3, 3, 1, 3, 1, 1, 1, 5, 3, 4, 1, 1, 1, 3, 1, 5, 4, 0, 0, 4, 3, 5, 0, 4, 1, 0, 5, 5, 2, 4, 5, 1, 4], "NonLinearTime": 0.311423, "OptimalityGap": 36.6483, "BranchingRules": ["eigen_cen_alternative_rel", "eigen_cen_alternative_rel", "eigen_cen_alternative_rel", "eigen_cen_alternative_rel", "eigen_cen_alternative_rel", "eigen_cen_alternative_rel", "eigen_cen_alternative_rel", "eigen_cen_alternative_rel", "eigen_cen_alternative_rel", "eigen_cen_alternative_rel", "eigen_cen_alternative_rel", "eigen_cen_alternative_rel", "eigen_cen_alternative_rel", "eigen_cen_alternative_rel", "eigen_cen_alternative_rel", "eigen_cen_alternative_rel", "eigen_cen_alternative_rel", "eigen_cen_alternative_rel", "eigen_cen_alternative_rel", "eigen_cen_alternative_rel", "eigen_cen_alternative_rel", "eigen_cen_alternative_rel", "eigen_cen_alternative_rel", "eigen_cen_alternative_rel", "eigen_cen_alternative_rel", "eigen_cen_alternative_rel", "eigen_cen_alternative_rel", "eigen_cen_alternative_rel", "eigen_cen_alternative_rel", "eigen_cen_alternative_rel", "eigen_cen_alternative_rel", "eigen_cen_alternative_rel", "eigen_cen_alternative_rel", "eigen_cen_alternative_rel", "eigen_cen_alternative_rel", "eigen_cen_alternative_rel", "eigen_cen_alternative_rel", "eigen_cen_alternative_rel", "eigen_cen_alternative_rel", "eigen_cen_alternative_rel", "eigen_cen_alternative_rel", "eigen_cen_alternative_rel", "eigen_cen_alternative_rel", "eigen_cen_alternative_rel", "eigen_cen_alternative_rel", "eigen_cen_alternative_rel"], "LBImprovements": [1067.8, 1077.52, 760.495, 939.86, 1396.53, 657.033, 681.603, 893.58, 692.504, 922.507, 669.243, 892.859, 657.775, 1994.68, 1174.08, 745.021, 1056.22, 615.151, 616.056, 583.469, 593.143, 912.506, 1825.67, 485.673, 813.568, 491.746, 498.873, 173.209, 425.036, 435.84, 149.841, 380.525, 18.502, 799.303, 506.807, 256.812, 25.9201, 196.728, 210.817, 412.745, 108.655, 451.874, 280.931, 210.902, 102.342, 85.1479], "InfeasibleNodes": 0, "ElapsedTimeCoeffs": 0, "LinearizationTime": 1.01176, "NumberOfVariables": 6, "CallsToLinearSolver": 93, "LinearGenerationTime": 13.3032, "SDPCutsGenerationTime": 0, "CallsToNonLinearSolver": 9, "StrongBranchingExtraTime": 1572.93, "ElapsedTimeWeightedCoeffs": 0, "NodesDiscardedByFathoming": 0, "NodesDiscardedByTolerance": 47, "BoundFactorConstraintsTime": 42.9988, "ElapsedTimeVarsInConstraints": 0.00033556, "meanBTRelativeChangeRootNode": 0, "NumberOfBoundFactorConstraints": 12369, "NumberOfLAPACKConvergenceFailures": 0, "NumberOfRLTVariablesAfterLinearization": 916}