{"Itbt": 0, "Pace": 0.0381081, "Depth": 14, "Degree": 3, "RPSTime": 0.853027, "FBBTTime": 0, "OBBTTime": 0, "TotalTime": 6.40058, "Iterations": 149, "LinearTime": 0.410028, "LowerBound": 35.3851, "TimeVector": [0.772327, 0.818413, 0.863959, 0.908125, 0.95354, 0.989547, 1.02642, 1.07232, 1.10969, 1.14625, 1.1809, 1.21931, 1.25442, 1.29193, 1.32894, 1.3764, 1.41343, 1.44839, 1.48779, 1.52632, 1.56529, 1.60181, 1.63786, 1.67394, 1.7104, 1.7493, 1.78403, 1.82233, 1.85868, 1.89546, 1.93351, 1.97992, 2.0166, 2.05631, 2.09288, 2.13033, 2.16687, 2.20174, 2.24078, 2.27971, 2.31627, 2.3565, 2.39395, 2.43097, 2.46889, 2.50427, 2.54364, 2.58036, 2.61621, 2.65304, 2.69007, 2.72796, 2.76594, 2.80366, 2.83987, 2.87814, 2.91551, 2.95344, 2.98996, 3.02742, 3.06398, 3.10193, 3.13911, 3.18292, 3.22242, 3.26078, 3.29817, 3.33694, 3.37503, 3.41275, 3.44968, 3.48508, 3.52089, 3.55849, 3.59559, 3.63292, 3.67087, 3.70831, 3.74654, 3.78263, 3.81787, 3.85483, 3.89114, 3.92676, 3.96581, 4.00297, 4.04032, 4.07737, 4.11669, 4.15362, 4.19102, 4.22829, 4.26631, 4.30414, 4.3415, 4.38018, 4.41822, 4.45575, 4.49114, 4.52732, 4.56697, 4.60527, 4.64314, 4.68113, 4.71689, 4.75331, 4.79411, 4.83244, 4.87171, 4.90981, 4.9445, 4.98498, 5.02181, 5.05835, 5.09374, 5.12975, 5.16726, 5.20604, 5.24444, 5.28681, 5.32533, 5.36084, 5.39689, 5.43279, 5.46897, 5.50823, 5.54773, 5.59308, 5.62896, 5.66767, 5.70542, 5.74101, 5.78006, 5.81825, 5.85757, 5.89745, 5.93589, 5.97461, 6.01145, 6.0488, 6.08475, 6.12256, 6.1623, 6.19991, 6.23745, 6.2763, 6.31464, 6.35462, 12.7552], "UpperBound": 35.4199, "rootBTTime": 0, "LowerBounds": {"1": 5.20959, "2": 18.4683, "3": 21.8087, "4": 24.3066, "5": 24.3563, "6": 28.8424, "7": 29.4984, "8": 29.5888, "9": 29.659, "10": 29.6743, "11": 29.7704, "12": 32.8654, "13": 32.9833, "14": 34.1735, "15": 34.181, "16": 34.2036, "17": 34.2686, "18": 34.3299, "19": 34.4802, "20": 34.5323, "21": 34.564, "22": 34.5837, "23": 34.7081, "24": 34.7208, "25": 34.8131, "26": 34.8972, "27": 34.9166, "28": 34.9345, "29": 34.9466, "30": 34.9549, "31": 34.9601, "32": 34.9807, "33": 34.9837, "34": 34.9964, "35": 35.0092, "36": 35.0202, "37": 35.0616, "38": 35.0623, "39": 35.0709, "40": 35.1031, "41": 35.108, "42": 35.1135, "43": 35.1463, "44": 35.1832, "45": 35.1866, "46": 35.1907, "47": 35.2072, "48": 35.2074, "49": 35.209, "50": 35.2213, "51": 35.2233, "52": 35.2248, "53": 35.2256, "54": 35.2388, "55": 35.2435, "56": 35.2447, "57": 35.2475, "58": 35.2476, "59": 35.2484, "60": 35.2513, "61": 35.253, "62": 35.2531, "63": 35.2541, "64": 35.2557, "65": 35.2568, "66": 35.2578, "67": 35.2583, "68": 35.2595, "69": 35.2614, "70": 35.2723, "71": 35.2744, "72": 35.276, "73": 35.2803, "74": 35.2803, "75": 35.2822, "76": 35.2844, "77": 35.287, "78": 35.2879, "79": 35.2885, "80": 35.2901, "81": 35.2902, "82": 35.2907, "83": 35.2928, "84": 35.2938, "85": 35.2942, "86": 35.2946, "87": 35.2961, "88": 35.2961, "89": 35.2975, "90": 35.3031, "91": 35.3147, "92": 35.3148, "93": 35.3152, "94": 35.3214, "95": 35.3219, "96": 35.3223, "97": 35.3248, "98": 35.3253, "99": 35.3255, "100": 35.3366, "101": 35.3367, "102": 35.341, "103": 35.3411, "104": 35.3431, "105": 35.3434, "106": 35.3436, "107": 35.3449, "108": 35.3454, "109": 35.3502, "110": 35.3519, "111": 35.3521, "112": 35.3539, "113": 35.354, "114": 35.3556, "115": 35.3559, "116": 35.3576, "117": 35.3584, "118": 35.3588, "119": 35.359, "120": 35.3595, "121": 35.3604, "122": 35.3604, "123": 35.3608, "124": 35.3608, "125": 35.3611, "126": 35.3614, "127": 35.3618, "128": 35.3621, "129": 35.3641, "130": 35.3649, "131": 35.3651, "132": 35.3654, "133": 35.3659, "134": 35.3661, "135": 35.3662, "136": 35.3665, "137": 35.3674, "138": 35.3679, "139": 35.3688, "140": 35.3709, "141": 35.3736, "142": 35.3737, "143": 35.3741, "144": 35.3746, "145": 35.3757, "146": 35.3775, "147": 35.3815, "148": 35.3815, "149": 35.3851}, "SolveResult": 0, "UpperBounds": {"1": 35.4199}, "MaxQueueSize": 44, "VisitedNodes": 299, "BranchingVars": [1, 9, 9, 4, 4, 0, 0, 0, 0, 0, 0, 1, 0, 8, 5, 0, 5, 1, 3, 1, 1, 5, 9, 3, 0, 3, 9, 5, 8, 8, 5, 4, 8, 8, 8, 0, 5, 1, 4, 5, 4, 4, 5, 3, 0, 0, 3, 8, 5, 7, 5, 7, 8, 7, 3, 3, 8, 8, 8, 4, 4, 8, 8, 3, 8, 4, 4, 8, 8, 5, 7, 5, 4, 4, 8, 8, 4, 4, 8, 3, 8, 8, 0, 9, 4, 4, 4, 4, 0, 5, 5, 4, 4, 4, 4, 5, 0, 0, 0, 7, 0, 0, 0, 0, 0, 0, 0, 7, 0, 0, 0, 0, 0, 8, 0, 0, 0, 0, 0, 0, 0, 0, 9, 9, 5, 9, 9, 0, 4, 3, 0, 0, 7, 3, 0, 1, 7, 0, 4, 0, 7, 9, 4, 0, 7, 9, 9, 7, 0], "NonLinearTime": 0.683134, "OptimalityGap": 0.0347592,