{"Itbt": 0, "Pace": 0.0501107, "Depth": 12, "Degree": 5, "RPSTime": 1.59613, "FBBTTime": 0, "OBBTTime": 0, "TotalTime": 10.9179, "Iterations": 91, "LinearTime": 1.41408, "LowerBound": 90.9566, "TimeVector": [0.801035, 0.932367, 1.06494, 1.18586, 1.30999, 1.41828, 1.52627, 1.6571, 1.75926, 1.86849, 1.97856, 2.08784, 2.20243, 2.31482, 2.43026, 2.54302, 2.6582, 2.77193, 2.8731, 2.97636, 3.08312, 3.18836, 3.29425, 3.40749, 3.52502, 3.62838, 3.74086, 3.85409, 3.94976, 4.06547, 4.16885, 4.27898, 4.39042, 4.50194, 4.61402, 4.72711, 4.84376, 4.95575, 5.07647, 5.18619, 5.29607, 5.4079, 5.51957, 5.63869, 5.75682, 5.86067, 5.97292, 6.09306, 6.20617, 6.30582, 6.40812, 6.52992, 6.65653, 6.78236, 6.89455, 7.00318, 7.13264, 7.24083, 7.36034, 7.47338, 7.57144, 7.68829, 7.79128, 7.90691, 8.01944, 8.13734, 8.25028, 8.35108, 8.47472, 8.57721, 8.69236, 8.80109, 8.90767, 9.01065, 9.13651, 9.23776, 9.36209, 9.4635, 9.56662, 9.68491, 9.79979, 9.92166, 10.0371, 10.1537, 10.2616, 10.3651, 10.4678, 10.5713, 10.6839, 10.8019, 21.7198], "UpperBound": 91.0453, "rootBTTime": 0, "LowerBounds": {"1": 51.5465, "2": 61.2962, "3": 66.8634, "4": 72.2037, "5": 76.5498, "6": 77.5558, "7": 78.0026, "8": 78.8292, "9": 79.1174, "10": 80.387, "11": 81.6974, "12": 82.1158, "13": 82.9109, "14": 83.3612, "15": 83.6646, "16": 83.6996, "17": 83.8025, "18": 84.7626, "19": 85.0743, "20": 85.6708, "21": 86.665, "22": 86.7531, "23": 86.8821, "24": 86.9515, "25": 87.0723, "26": 87.084, "27": 87.4508, "28": 88.3394, "29": 88.3931, "30": 88.5376, "31": 88.6473, "32": 88.8322, "33": 88.8381, "34": 89.0634, "35": 89.0963, "36": 89.0988, "37": 89.6039, "38": 89.7634, "39": 89.8691, "40": 89.8694, "41": 89.8795, "42": 89.9103, "43": 89.9103, "44": 89.9486, "45": 89.9493, "46": 89.9687, "47": 89.9904, "48": 89.996, "49": 89.9982, "50": 90.0346, "51": 90.0346, "52": 90.0632, "53": 90.1419, "54": 90.1599, "55": 90.216, "56": 90.2817, "57": 90.3091, "58": 90.413, "59": 90.4649, "60": 90.4749, "61": 90.4947, "62": 90.543, "63": 90.6017, "64": 90.6098, "65": 90.6206, "66": 90.6898, "67": 90.6969, "68": 90.7368, "69": 90.7421, "70": 90.7859, "71": 90.7925, "72": 90.7925, "73": 90.7977, "74": 90.8054, "75": 90.8136, "76": 90.8527, "77": 90.8532, "78": 90.8748, "79": 90.8748, "80": 90.8831, "81": 90.9062, "82": 90.9121, "83": 90.9141, "84": 90.9209, "85": 90.9215, "86": 90.9221, "87": 90.9256, "88": 90.9355, "89": 90.9412, "90": 90.9488, "91": 90.9566}, "SolveResult": 0, "UpperBounds": {"1": 99.5708, "2": 91.0453}, "MaxQueueSize": 22, "VisitedNodes": 183, "BranchingVars": [7, 2, 2, 2, 6, 0, 0, 6, 6, 1, 4, 7, 6, 6, 6, 7, 2, 7, 7, 4, 2, 7, 7, 2, 2, 2, 4, 0, 2, 1, 6, 4, 1, 6, 4, 2, 1, 1, 4, 7, 2, 2, 2, 6, 1, 2, 1, 2, 4, 7, 7, 0, 4, 2, 2, 7, 6, 6, 4, 7, 2, 7, 7, 7, 2, 1, 4, 2, 7, 4, 2, 2, 6, 7, 1, 6, 1, 2, 2, 2, 2, 2, 1, 1, 2, 4, 7, 6, 2, 1, 6], "NonLinearTime": 0.382061, "OptimalityGap": 0.0886894, "BranchingRules": ["sum_rescaled_var_range_weighted_rel", "sum_rescaled_var_range_weighted_rel", "sum_rescaled_var_range_weighted_rel", "sum_rescaled_var_range_weighted_rel", "sum_rescaled_var_range_weighted_rel", "sum_rescaled_var_range_weighted_rel", "sum_rescaled_var_range_weighted_rel", "sum_rescaled_var_range_weighted_rel", "sum_rescaled_var_range_weighted_rel", "sum_rescaled_var_range_weighted_rel", "sum_rescaled_var_range_weighted_rel", "sum_rescaled_var_range_weighted_rel", "sum_rescaled_var_range_weighted_rel", "sum_rescaled_var_range_weighted_rel", "sum_rescaled_var_range_weighted_rel", "sum_rescaled_var_range_weighted_rel", "sum_rescaled_var_range_weighted_rel", "sum_rescaled_var_range_weighted_rel", "sum_rescaled_var_range_weighted_rel", "sum_rescaled_var_range_weighted_rel", "sum_rescaled_var_range_weighted_rel", "sum_rescaled_var_range_weighted_rel", "sum_rescaled_var_range_weighted_rel", "sum_rescaled_var_range_weighted_rel", "sum_rescaled_var_range_weighted_rel", "sum_rescaled_var_range_weighted_rel", "sum_rescaled_var_range_weighted_rel", "sum_rescaled_var_range_weighted_rel", "sum_rescaled_var_range_weighted_rel", "sum_rescaled_var_range_weighted_rel", "sum_rescaled_var_range_weighted_rel", "sum_rescaled_var_range_weighted_rel", "sum_rescaled_var_range_weighted_rel", "sum_rescaled_var_range_weighted_rel", "sum_rescaled_var_range_weighted_rel", "sum_rescaled_var_range_weighted_rel", "sum_rescaled_var_range_weighted_rel", "sum_rescaled_var_range_weighted_rel", "sum_rescaled_var_range_weighted_rel", "sum_rescaled_var_range_weighted_rel", "sum_rescaled_var_range_weighted_rel", "sum_rescaled_var_range_weighted_rel", "sum_rescaled_var_range_weighted_rel", "sum_rescaled_var_range_weighted_rel", "sum_rescaled_var_range_weighted_rel", "sum_rescaled_var_range_weighted_rel", "sum_rescaled_var_range_weighted_rel", "sum_rescaled_var_range_weighted_rel", "sum_rescaled_var_range_weighted_rel", "sum_rescaled_var_range_weighted_rel", "sum_rescaled_var_range_weighted_rel", "sum_rescaled_var_range_weighted_rel", "sum_rescaled_var_range_weighted_rel", "sum_rescaled_var_range_weighted_rel", "sum_rescaled_var_range_weighted_rel", "sum_rescaled_var_range_weighted_rel", "sum_rescaled_var_range_weighted_rel", "sum_rescaled_var_range_weighted_rel", "sum_rescaled_var_range_weighted_rel", "sum_rescaled_var_range_weighted_rel", "sum_rescaled_var_range_weighted_rel", "sum_rescaled_var_range_weighted_rel", "sum_rescaled_var_range_weighted_rel", "sum_rescaled_var_range_weighted_rel", "sum_rescaled_var_range_weighted_rel", "sum_rescaled_var_range_weighted_rel", "sum_rescaled_var_range_weighted_rel", "sum_rescaled_var_range_weighted_rel", "sum_rescaled_var_range_weighted_rel", "sum_rescaled_var_range_weighted_rel", "sum_rescaled_var_range_weighted_rel", "sum_rescaled_var_range_weighted_rel", "sum_rescaled_var_range_weighted_rel", "sum_rescaled_var_range_weighted_rel", "sum_rescaled_var_range_weighted_rel", "sum_rescaled_var_range_weighted_rel", "sum_rescaled_var_range_weighted_rel", "sum_rescaled_var_range_weighted_rel", "sum_rescaled_var_range_weighted_rel", "sum_rescaled_var_range_weighted_rel", "sum_rescaled_var_range_weighted_rel", "sum_rescaled_var_range_weighted_rel", "sum_rescaled_var_range_weighted_rel", "sum_rescaled_var_range_weighted_rel", "sum_rescaled_var_range_weighted_rel", "sum_rescaled_var_range_weighted_rel", "sum_rescaled_var_range_weighted_rel", "sum_rescaled_var_range_weighted_rel", "sum_rescaled_var_range_weighted_rel", "sum_rescaled_var_range_weighted_rel", "sum_rescaled_var_range_weighted_rel"], "LBImprovements": [9.74971, 10.9075, 9.68632, 5.35214, 3.83723, 1.56153, 0.826679, 3.28653, 5.95696, 4.37562, 1.21346, 6.53156, 4.04057, 7.11366, 4.67477, 10.7141, 4.73509, 1.90244, 3.98904, 1.08226, 3.09839, 1.64008, 2.99739, 3.74541, 2.53155, 3.70188, 2.54742, 0.75694, 4.67063, 1.60438, 0.184847, 1.20242, 0.260668, 1.21836, 0.773038, 4.19383, 0.265192, 0.185152, 0.0412478, 5.35978, 3.85039, 0.903284, 0.779487, 0.672003, 5.32841, 3.96904, 0.225661, 1.02945, 0.92395, 0.567152, 1.03639, 7.62926, 0.017962, 2.61042, 4.53767, 0.131228, 1.27173, 0.0817227, 0.0780564, 10.9225, 1.09393, 0.249525, 0.195997, 1.92818, 1.01337, 0.0522961, 0.409168, 0.558542, 0.164132, 0.374794, 1.01072, 1.02641, 0.07707, 0.130096, 0.0396204, 0.022133, 0.10394, 0.115279, 0.185961, 0.394669, 0.0425745, 0.209917, 0.0424981, 0.376991, 0.209777, 0.217668, 0.044678, 0.0603801, 3.79677, 0.0135097, 0.99864], "InfeasibleNodes": 0, "ElapsedTimeCoeffs": 0, "LinearizationTime": 0.00106466, "NumberOfVariables": 8, "CallsToLinearSolver": 183, "LinearGenerationTime": 0.24586, "SDPCutsGenerationTime": 0, "CallsToNonLinearSolver": 10, "StrongBranchingExtraTime": 8.94297, "ElapsedTimeWeightedCoeffs": 0, "NodesDiscardedByFathoming": 0, "NodesDiscardedByTolerance": 92, "BoundFactorConstraintsTime": 0.107594, "ElapsedTimeVarsInConstraints": 0.000020906, "meanBTRelativeChangeRootNode": 0, "NumberOfBoundFactorConstraints": 114, "NumberOfLAPACKConvergenceFailures": 0, "NumberOfRLTVariablesAfterLinearization": 79}