{"Itbt": 0, "Pace": 0.116152, "Depth": 15, "Degree": 5, "RPSTime": 40.2222, "FBBTTime": 0, "OBBTTime": 0, "TotalTime": 576.446, "Iterations": 207, "LinearTime": 60.6618, "LowerBound": 1266.72, "TimeVector": [3.41897, 6.35786, 9.26737, 12.1264, 14.9731, 18.0867, 21.0981, 24.197, 27.0473, 29.6772, 32.657, 35.6105, 38.4847, 41.3349, 44.3861, 47.1216, 50.0646, 53.0633, 55.562, 58.3039, 61.1745, 63.8866, 66.7729, 69.342, 72.2152, 75.1576, 78.0891, 81.1004, 84.0536, 86.6007, 89.1961, 92.2107, 94.9023, 97.8448, 100.416, 102.772, 105.308, 107.82, 110.51, 113.435, 116.467, 119.282, 122.274, 124.976, 127.575, 130.362, 132.983, 135.664, 138.386, 141.531, 144.272, 147.161, 150.295, 152.9, 155.749, 158.82, 161.517, 164.503, 167.331, 170.087, 172.974, 175.788, 178.501, 181.401, 184.297, 186.905, 189.765, 192.66, 195.468, 198.39, 201.372, 204.006, 206.683, 209.371, 212.097, 214.481, 217.648, 220.443, 223.366, 226.232, 229.133, 231.642, 234.06, 236.851, 239.646, 242.324, 245.174, 248.08, 250.806, 253.786, 256.307, 259.009, 261.569, 264.436, 267.217, 270.029, 272.813, 275.498, 278.166, 280.874, 283.523, 286.378, 289.207, 292.091, 294.334, 297.389, 300.157, 302.481, 305.295, 308.151, 311.066, 313.637, 316.323, 319.129, 322.149, 324.913, 327.945, 330.626, 333.386, 335.912, 338.561, 341.27, 344.028, 346.829, 349.709, 352.433, 355.142, 357.837, 360.219, 363.181, 365.738, 368.652, 371.16, 373.861, 376.573, 379.355, 382.096, 385.336, 388.104, 390.614, 393.536, 396.425, 399.211, 402.033, 404.794, 407.92, 410.71, 413.496, 416.323, 418.896, 421.824, 424.838, 427.143, 429.395, 431.779, 434.032, 436.701, 439.42, 442.484, 445.129, 447.58, 450.234, 453.255, 456.088, 458.66, 461.533, 464.403, 467.045, 469.994, 473.043, 475.759, 478.672, 481.845, 484.349, 487.274, 489.931, 492.687, 495.477, 498.452, 501.606, 504.548, 507.346, 510.03, 512.883, 515.883, 518.682, 521.842, 524.686, 527.327, 530.334, 532.994, 535.704, 538.413, 541.265, 544.09, 546.657, 549.163, 551.991, 554.824, 557.566, 560.458, 563.14, 565.936, 568.559, 571.437, 573.861, 589.85], "UpperBound": 1267.97, "rootBTTime": 0, "LowerBounds": {"1": 701.742, "2": 827.834, "3": 835.796, "4": 924.654, "5": 930.592, "6": 935.981, "7": 948.427, "8": 1005.12, "9": 1012.68, "10": 1021.82, "11": 1034.64, "12": 1034.91, "13": 1036.77, "14": 1049.73, "15": 1052.78, "16": 1101.56, "17": 1103.55, "18": 1103.65, "19": 1106.08, "20": 1113.2, "21": 1114.39, "22": 1117.92, "23": 1119.75, "24": 1124.25, "25": 1125.6, "26": 1126.33, "27": 1132.64, "28": 1135.62, "29": 1138.15, "30": 1151.47, "31": 1154.7, "32": 1159.95, "33": 1164.07, "34": 1168.85, "35": 1169.97, "36": 1171.08, "37": 1172.31, "38": 1172.86, "39": 1173.14, "40": 1173.53, "41": 1175.17, "42": 1176.52, "43": 1179.88, "44": 1181.78, "45": 1189.3, "46": 1191.45, "47": 1192.46, "48": 1192.96, "49": 1195.27, "50": 1198.59, "51": 1200.35, "52": 1201.37, "53": 1201.65, "54": 1202.76, "55": 1203.79, "56": 1204.11, "57": 1206.46, "58": 1206.58, "59": 1207.46, "60": 1211.51, "61": 1212.05, "62": 1214.06, "63": 1215.45, "64": 1215.78, "65": 1220.81, "66": 1221.66, "67": 1221.69, "68": 1222.05, "69": 1222.24, "70": 1223.45, "71": 1223.56, "72": 1226, "73": 1226.42, "74": 1228.01, "75": 1228.1, "76": 1228.79, "77": 1228.84, "78": 1228.95, "79": 1230.55, "80": 1232.23, "81": 1232.46, "82": 1232.63, "83": 1232.63, "84": 1232.84, "85": 1233.23, "86": 1233.63, "87": 1233.81, "88": 1235.32, "89": 1235.61, "90": 1235.71, "91": 1235.75, "92": 1236.55, "93": 1236.89, "94": 1237.5, "95": 1237.67, "96": 1239, "97": 1239.1, "98": 1239.17, "99": 1239.38, "100": 1241.27, "101": 1241.55, "102": 1241.91, "103": 1242.42, "104": 1242.59, "105": 1243.49, "106": 1243.96, "107": 1244.38, "108": 1244.62, "109": 1245.07, "110": 1245.51, "111": 1245.69, "112": 1245.75, "113": 1245.78, "114": 1245.83, "115": 1246.12, "116": 1246.57, "117": 1246.74, "118": 1246.98, "119": 1248.12, "120": 1248.2, "121": 1248.44, "122": 1248.49, "123": 1248.97, "124": 1250.01, "125": 1251.03, "126": 1251.25, "127": 1251.43, "128": 1251.55, "129": 1251.9, "130": 1252.01, "131": 1252.02, "132": 1252.38, "133": 1252.56, "134": 1252.82, "135": 1253.01, "136": 1253.29, "137": 1253.74, "138": 1254.85, "139": 1255, "140": 1255.1, "141": 1255.13, "142": 1255.43, "143": 1255.55, "144": 1255.6, "145": 1255.64, "146": 1255.73, "147": 1256.3, "148": 1257.61, "149": 1257.97, "150": 1258.18, "151": 1258.59, "152": 1258.7, "153": 1259.09, "154": 1259.3, "155": 1259.65, "156": 1260.31, "157": 1260.58, "158": 1260.67, "159": 1260.87, "160": 1261.05, "161": 1261.44, "162": 1261.49, "163": 1261.5, "164": 1261.69, "165": 1261.86, "166": 1261.89, "167": 1261.92, "168": 1261.93, "169": 1262.03, "170": 1262.59, "171": 1262.64, "172": 1262.84, "173": 1263.02, "174": 1263.35, "175": 1263.53, "176": 1263.66, "177": 1263.71, "178": 1263.73, "179": 1263.87, "180": 1263.88, "181": 1264.06, "182": 1264.11, "183": 1264.15, "184": 1264.33, "185": 1264.39, "186": 1264.86, "187": 1265.05, "188": 1265.18, "189": 1265.2, "190": 1265.23, "191": 1265.54, "192": 1265.66, "193": 1265.7, "194": 1265.79, "195": 1266.1, "196": 1266.2, "197": 1266.22, "198": 1266.24, "199": 1266.25, "200": 1266.29, "201": 1266.35, "202": 1266.37, "203": 1266.37, "204": 1266.56, "205": 1266.61, "206": 1266.68, "207": 1266.72}, "SolveResult": 0, "UpperBounds": {"1": 1267.97}, "MaxQueueSize": 57, "VisitedNodes": 415, "BranchingVars": [3, 7, 7, 6, 6, 0, 6, 6, 5, 0, 0, 5, 0, 6, 5, 1, 1, 0, 4, 4, 0, 5, 4, 4, 0, 4, 1, 2, 5, 3, 4, 5, 4, 1, 5, 5, 5, 2, 2, 5, 4, 5, 4, 5, 5, 2, 5, 5, 1, 0, 1, 5, 1, 0, 3, 1, 4, 1, 5, 5, 3, 2, 5, 4, 1, 1, 6, 1, 2, 3, 1, 1, 1, 1, 6, 1, 4, 1, 5, 2, 1, 7, 7, 3, 7, 5, 0, 7, 2, 2, 1, 4, 2, 2, 1, 5, 0, 2, 2, 7, 1, 1, 2, 0, 7, 2, 1, 4, 7, 0, 6, 4, 6, 0, 6, 7, 1, 0, 0, 1, 2, 7, 6, 0, 0, 7, 7, 0, 0, 1, 7, 2, 3, 7, 1, 0, 2, 4, 2, 1, 2, 0, 4, 4, 0, 4, 4, 0, 4, 4, 5, 0, 0, 0, 0, 6, 7, 0, 7, 7, 0, 0, 0, 3, 0, 0, 0, 7, 2, 1, 1, 7, 7, 7, 6, 7, 7, 3, 7, 7, 6, 2, 1, 2, 2, 0, 4, 0, 1, 1, 7, 7, 0, 4, 2, 1, 1, 7, 7, 6, 6, 1, 2, 4, 7, 7, 4], "NonLinearTime": 0.458402, "OptimalityGap": 1.25212,