{"Itbt": 0, "Pace": 0.0246708, "Depth": 12, "Degree": 5, "RPSTime": 3.58547, "FBBTTime": 0, "OBBTTime": 0, "TotalTime": 29.0369, "Iterations": 118, "LinearTime": 3.07186, "LowerBound": 283.448, "TimeVector": [0.575321, 0.825602, 1.09172, 1.35908, 1.61018, 1.86168, 2.15656, 2.41899, 2.67303, 2.93389, 3.17719, 3.41973, 3.66603, 3.91802, 4.19697, 4.46463, 4.70275, 4.95281, 5.20247, 5.44313, 5.6865, 5.94681, 6.16911, 6.41551, 6.66831, 6.95299, 7.17651, 7.40118, 7.65892, 7.91725, 8.18246, 8.44396, 8.66584, 8.88544, 9.11306, 9.36532, 9.6213, 9.85762, 10.0891, 10.3106, 10.5398, 10.7524, 10.9768, 11.2297, 11.4613, 11.6805, 11.907, 12.1429, 12.3456, 12.6007, 12.8307, 13.0535, 13.2886, 13.5511, 13.7902, 14.02, 14.2518, 14.5099, 14.7695, 15.0095, 15.2436, 15.4742, 15.7036, 15.951, 16.171, 16.4116, 16.6485, 16.8996, 17.1338, 17.359, 17.598, 17.8365, 18.0683, 18.2927, 18.5222, 18.7559, 18.9733, 19.2307, 19.4755, 19.7196, 19.9722, 20.1902, 20.4142, 20.6637, 20.9145, 21.1518, 21.3877, 21.6247, 21.8478, 22.1171, 22.3569, 22.6157, 22.8713, 23.1039, 23.3383, 23.5839, 23.7968, 24.081, 24.3338, 24.5808, 24.8455, 25.0991, 25.3398, 25.5651, 25.8168, 26.0611, 26.3245, 26.5914, 26.8172, 27.0601, 27.3113, 27.5418, 27.7813, 28.0332, 28.308, 28.557, 28.7957, 57.8326], "UpperBound": 283.659, "rootBTTime": 0, "LowerBounds": {"1": 133.08, "2": 156.636, "3": 181.3, "4": 189.464, "5": 193.782, "6": 204.422, "7": 209.233, "8": 212.651, "9": 214.534, "10": 224.114, "11": 234.859, "12": 234.907, "13": 239.542, "14": 245.903, "15": 247.454, "16": 252.419, "17": 255.07, "18": 257.75, "19": 259.062, "20": 259.448, "21": 259.948, "22": 261.978, "23": 262.164, "24": 262.953, "25": 263.313, "26": 264.016, "27": 265.304, "28": 265.315, "29": 265.884, "30": 265.916, "31": 266.66, "32": 267.937, "33": 267.999, "34": 268.512, "35": 268.821, "36": 269.886, "37": 270.324, "38": 270.337, "39": 271.035, "40": 271.745, "41": 272.162, "42": 272.696, "43": 272.739, "44": 272.893, "45": 273.058, "46": 273.125, "47": 273.238, "48": 273.345, "49": 273.388, "50": 273.615, "51": 273.922, "52": 273.922, "53": 274.121, "54": 274.347, "55": 274.598, "56": 275.006, "57": 275.006, "58": 275.228, "59": 275.909, "60": 275.911, "61": 276.053, "62": 276.198, "63": 276.251, "64": 276.267, "65": 276.268, "66": 277.027, "67": 277.038, "68": 277.205, "69": 277.302, "70": 277.427, "71": 277.648, "72": 277.659, "73": 277.686, "74": 277.889, "75": 278.203, "76": 278.203, "77": 278.26, "78": 278.48, "79": 278.728, "80": 278.887, "81": 279.026, "82": 280.25, "83": 280.25, "84": 280.52, "85": 280.646, "86": 280.694, "87": 280.989, "88": 280.989, "89": 281.002, "90": 281.075, "91": 281.307, "92": 281.324, "93": 281.378, "94": 281.487, "95": 281.487, "96": 281.719, "97": 281.74, "98": 281.818, "99": 281.857, "100": 282.001, "101": 282.211, "102": 282.237, "103": 282.25, "104": 282.257, "105": 282.321, "106": 282.377, "107": 282.458, "108": 282.603, "109": 282.729, "110": 282.743, "111": 282.756, "112": 282.757, "113": 282.768, "114": 282.851, "115": 283.08, "116": 283.204, "117": 283.204, "118": 283.448}, "SolveResult": 0, "UpperBounds": {"1": 283.659}, "MaxQueueSize": 30, "VisitedNodes": 237, "BranchingVars": [2, 4, 0, 7, 3, 3, 1, 3, 0, 6, 1, 1, 1, 7, 7, 3, 4, 5, 3, 5, 1, 5, 2, 3, 7, 5, 5, 6, 3, 5, 1, 2, 5, 5, 2, 2, 5, 3, 6, 2, 6, 4, 4, 6, 0, 6, 4, 6, 4, 2, 2, 2, 2, 2, 0, 2, 2, 6, 2, 2, 6, 2, 7, 2, 7, 6, 2, 7, 7, 2, 7, 4, 7, 6, 4, 4, 7, 3, 5, 6, 5, 4, 4, 6, 2, 6, 4, 4, 4, 6, 4, 7, 6, 2, 2, 6, 4, 3, 7, 4, 4, 7, 4, 4, 4, 7, 4, 6, 4, 4, 7, 4, 7, 4, 5, 4, 4, 4], "NonLinearTime": 0.232774, "OptimalityGap": 0.210456, "BranchingRules": ["eigen_cen_alternative_rel", "eigen_cen_alternative_rel", "eigen_cen_alternative_rel", "eigen_cen_alternative_rel", "eigen_cen_alternative_rel", "eigen_cen_alternative_rel", "eigen_cen_alternative_rel", "eigen_cen_alternative_rel", "eigen_cen_alternative_rel", "eigen_cen_alternative_rel", "eigen_cen_alternative_rel", "eigen_cen_alternative_rel", "eigen_cen_alternative_rel", "eigen_cen_alternative_rel", "eigen_cen_alternative_rel", "eigen_cen_alternative_rel", "eigen_cen_alternative_rel", "eigen_cen_alternative_rel", "eigen_cen_alternative_rel", "eigen_cen_alternative_rel", "eigen_cen_alternative_rel", "eigen_cen_alternative_rel", "eigen_cen_alternative_rel", "eigen_cen_alternative_rel", "eigen_cen_alternative_rel", "eigen_cen_alternative_rel", "eigen_cen_alternative_rel", "eigen_cen_alternative_rel", "eigen_cen_alternative_rel", "eigen_cen_alternative_rel", "eigen_cen_alternative_rel", "eigen_cen_alternative_rel", "eigen_cen_alternative_rel", "eigen_cen_alternative_rel", "eigen_cen_alternative_rel", "eigen_cen_alternative_rel", "eigen_cen_alternative_rel", "eigen_cen_alternative_rel", "eigen_cen_alternative_rel", "eigen_cen_alternative_rel", "eigen_cen_alternative_rel", "eigen_cen_alternative_rel", "eigen_cen_alternative_rel", "eigen_cen_alternative_rel", "eigen_cen_alternative_rel", "eigen_cen_alternative_rel", "eigen_cen_alternative_rel", "eigen_cen_alternative_rel", "eigen_cen_alternative_rel", "eigen_cen_alternative_rel", "eigen_cen_alternative_rel", "eigen_cen_alternative_rel", "eigen_cen_alternative_rel", "eigen_cen_alternative_rel", "eigen_cen_alternative_rel", "eigen_cen_alternative_rel", "eigen_cen_alternative_rel", "eigen_cen_alternative_rel", "eigen_cen_alternative_rel", "eigen_cen_alternative_rel", "eigen_cen_alternative_rel", "eigen_cen_alternative_rel", "eigen_cen_alternative_rel", "eigen_cen_alternative_rel", "eigen_cen_alternative_rel", "eigen_cen_alternative_rel", "eigen_cen_alternative_rel", "eigen_cen_alternative_rel", "eigen_cen_alternative_rel", "eigen_cen_alternative_rel", "eigen_cen_alternative_rel", "eigen_cen_alternative_rel", "eigen_cen_alternative_rel", "eigen_cen_alternative_rel", "eigen_cen_alternative_rel", "eigen_cen_alternative_rel", "eigen_cen_alternative_rel", "eigen_cen_alternative_rel", "eigen_cen_alternative_rel", "eigen_cen_alternative_rel", "eigen_cen_alternative_rel", "eigen_cen_alternative_rel", "eigen_cen_alternative_rel", "eigen_cen_alternative_rel", "eigen_cen_alternative_rel", "eigen_cen_alternative_rel", "eigen_cen_alternative_rel", "eigen_cen_alternative_rel", "eigen_cen_alternative_rel", "eigen_cen_alternative_rel", "eigen_cen_alternative_rel", "eigen_cen_alternative_rel", "eigen_cen_alternative_rel", "eigen_cen_alternative_rel", "eigen_cen_alternative_rel", "eigen_cen_alternative_rel", "eigen_cen_alternative_rel", "eigen_cen_alternative_rel", "eigen_cen_alternative_rel", "eigen_cen_alternative_rel", "eigen_cen_alternative_rel", "eigen_cen_alternative_rel", "eigen_cen_alternative_rel", "eigen_cen_alternative_rel", "eigen_cen_alternative_rel", "eigen_cen_alternative_rel", "eigen_cen_alternative_rel", "eigen_cen_alternative_rel", "eigen_cen_alternative_rel", "eigen_cen_alternative_rel", "eigen_cen_alternative_rel", "eigen_cen_alternative_rel", "eigen_cen_alternative_rel", "eigen_cen_alternative_rel", "eigen_cen_alternative_rel", "eigen_cen_alternative_rel", "eigen_cen_alternative_rel", "eigen_cen_alternative_rel"],