{"Itbt": 0, "Pace": 0.0232088, "Depth": 13, "Degree": 3, "RPSTime": 0.66703, "FBBTTime": 0, "OBBTTime": 0, "TotalTime": 4.74585, "Iterations": 117, "LinearTime": 0.263671, "LowerBound": 35.3852, "TimeVector": [0.396926, 0.442978, 0.488763, 0.533022, 0.579232, 0.61531, 0.652269, 0.69863, 0.736056, 0.772635, 0.807264, 0.845665, 0.880866, 0.918369, 0.95544, 1.00249, 1.03948, 1.07814, 1.11298, 1.14953, 1.18598, 1.22324, 1.26256, 1.29919, 1.33409, 1.36897, 1.40809, 1.4437, 1.4801, 1.51649, 1.55246, 1.59581, 1.63263, 1.66725, 1.70199, 1.74012, 1.77617, 1.81101, 1.84809, 1.88244, 1.92272, 1.95944, 1.99485, 2.0317, 2.06853, 2.10804, 2.14332, 2.18056, 2.21647, 2.2545, 2.29134, 2.32713, 2.36382, 2.40269, 2.44171, 2.47765, 2.51805, 2.55523, 2.59276, 2.62814, 2.66293, 2.69861, 2.73296, 2.77839, 2.81402, 2.84957, 2.88508, 2.92492, 2.96496, 3.00582, 3.04324, 3.08143, 3.11794, 3.15441, 3.18877, 3.22263, 3.25734, 3.29533, 3.33168, 3.36561, 3.40267, 3.43851, 3.47497, 3.50917, 3.5424, 3.57912, 3.61615, 3.651, 3.6867, 3.72498, 3.76005, 3.79787, 3.83568, 3.87286, 3.91016, 3.94775, 3.98439, 4.02179, 4.0609, 4.09694, 4.13528, 4.17221, 4.2084, 4.24371, 4.27998, 4.32028, 4.3588, 4.39626, 4.43646, 4.47311, 4.51143, 4.54873, 4.58617, 4.62612, 4.66244, 4.69896, 9.44481], "UpperBound": 35.4199, "rootBTTime": 0, "LowerBounds": {"1": 5.20959, "2": 18.4683, "3": 21.8087, "4": 24.3066, "5": 24.3563, "6": 28.8424, "7": 29.4984, "8": 29.5888, "9": 29.659, "10": 29.6743, "11": 29.7704, "12": 32.8654, "13": 32.9833, "14": 34.1735, "15": 34.181, "16": 34.2036, "17": 34.2686, "18": 34.2772, "19": 34.3299, "20": 34.361, "21": 34.3968, "22": 34.4039, "23": 34.4802, "24": 34.5837, "25": 34.5901, "26": 34.6387, "27": 34.6464, "28": 34.7027, "29": 34.7034, "30": 34.7208, "31": 34.7246, "32": 34.7592, "33": 34.7814, "34": 34.7922, "35": 34.8191, "36": 34.8276, "37": 34.8276, "38": 34.8863, "39": 34.9081, "40": 34.9081, "41": 34.9162, "42": 34.9466, "43": 34.9522, "44": 34.9613, "45": 34.9671, "46": 34.9708, "47": 34.9873, "48": 35.0202, "49": 35.0386, "50": 35.0387, "51": 35.0575, "52": 35.0589, "53": 35.0688, "54": 35.0843, "55": 35.0885, "56": 35.0926, "57": 35.0942, "58": 35.109, "59": 35.1474, "60": 35.1531, "61": 35.1709, "62": 35.1729, "63": 35.1738, "64": 35.1878, "65": 35.1937, "66": 35.2148, "67": 35.2173, "68": 35.2282, "69": 35.2324, "70": 35.2351, "71": 35.2506, "72": 35.2556, "73": 35.2652, "74": 35.272, "75": 35.272, "76": 35.272, "77": 35.272, "78": 35.29, "79": 35.2988, "80": 35.3072, "81": 35.3072, "82": 35.3072, "83": 35.3072, "84": 35.3072, "86": 35.3072, "87": 35.3072, "88": 35.3089, "89": 35.3102, "90": 35.315, "91": 35.3179, "92": 35.3191, "93": 35.3325, "94": 35.3328, "95": 35.3335, "96": 35.3335, "97": 35.336, "98": 35.3425, "99": 35.3455, "100": 35.3462, "101": 35.3468, "102": 35.3488, "103": 35.3492, "104": 35.3523, "105": 35.3631, "106": 35.3632, "107": 35.3654, "108": 35.3687, "109": 35.3726, "110": 35.3727, "111": 35.3736, "112": 35.3754, "113": 35.3784, "114": 35.3792, "115": 35.3804, "116": 35.3812, "117": 35.3852}, "SolveResult": 0, "UpperBounds": {"1": 35.4199}, "MaxQueueSize": 30, "VisitedNodes": 235, "BranchingVars": [1, 9, 9, 4, 4, 0, 0, 0, 0, 0, 0, 1, 0, 3, 5, 3, 5, 5, 3, 8, 0, 0, 3, 5, 8, 8, 8, 5, 1, 3, 1, 5, 1, 1, 5, 5, 5, 5, 1, 1, 8, 8, 1, 1, 1, 1, 1, 8, 0, 1, 9, 9, 9, 1, 7, 9, 1, 1, 9, 9, 7, 7, 9, 9, 9, 9, 9, 1, 7, 1, 1, 0, 8, 7, 7, 7, 7, 0, 7, 9, 9, 9, 9, 9, 9, 9, 9, 0, 7, 4, 4, 8, 7, 4, 9, 9, 4, 0, 5, 7, 5, 4, 4, 0, 7, 5, 4, 4, 9, 9, 8, 7, 7, 7, 4, 7, 3], "NonLinearTime": 0.392028, "OptimalityGap": 0.0346521, "BranchingRules": ["sum_rescaled_var_range_weighted_rel", "sum_rescaled_var_range_weighted_rel", "sum_rescaled_var_range_weighted_rel", "sum_rescaled_var_range_weighted_rel", "sum_rescaled_var_range_weighted_rel", "sum_rescaled_var_range_weighted_rel", "sum_rescaled_var_range_weighted_rel", "sum_rescaled_var_range_weighted_rel", "sum_rescaled_var_range_weighted_rel", "sum_rescaled_var_range_weighted_rel", "sum_rescaled_var_range_weighted_rel", "sum_rescaled_var_range_weighted_rel", "sum_rescaled_var_range_weighted_rel", "sum_rescaled_var_range_weighted_rel", "sum_rescaled_var_range_weighted_rel", "sum_rescaled_var_range_weighted_rel", "sum_rescaled_var_range_weighted_rel", "sum_rescaled_var_range_weighted_rel", "sum_rescaled_var_range_weighted_rel", "sum_rescaled_var_range_weighted_rel", "sum_rescaled_var_range_weighted_rel", "sum_rescaled_var_range_weighted_rel", "sum_rescaled_var_range_weighted_rel", "sum_rescaled_var_range_weighted_rel", "sum_rescaled_var_range_weighted_rel", "sum_rescaled_var_range_weighted_rel", "sum_rescaled_var_range_weighted_rel", "sum_rescaled_var_range_weighted_rel", "sum_rescaled_var_range_weighted_rel", "sum_rescaled_var_range_weighted_rel", "sum_rescaled_var_range_weighted_rel", "sum_rescaled_var_range_weighted_rel", "sum_rescaled_var_range_weighted_rel", "sum_rescaled_var_range_weighted_rel", "sum_rescaled_var_range_weighted_rel", "sum_rescaled_var_range_weighted_rel", "sum_rescaled_var_range_weighted_rel", "sum_rescaled_var_range_weighted_rel", "sum_rescaled_var_range_weighted_rel", "sum_rescaled_var_range_weighted_rel", "sum_rescaled_var_range_weighted_rel", "sum_rescaled_var_range_weighted_rel", "sum_rescaled_var_range_weighted_rel", "sum_rescaled_var_range_weighted_rel", "sum_rescaled_var_range_weighted_rel", "sum_rescaled_var_range_weighted_rel", "sum_rescaled_var_range_weighted_rel", "sum_rescaled_var_range_weighted_rel", "sum_rescaled_var_range_weighted_rel", "sum_rescaled_var_range_weighted_rel", "sum_rescaled_var_range_weighted_rel", "sum_rescaled_var_range_weighted_rel", "sum_rescaled_var_range_weighted_rel", "sum_rescaled_var_range_weighted_rel", "sum_rescaled_var_range_weighted_rel", "sum_rescaled_var_range_weighted_rel", "sum_rescaled_var_range_weighted_rel", "sum_rescaled_var_range_weighted_rel", "sum_rescaled_var_range_weighted_rel", "sum_rescaled_var_range_weighted_rel", "sum_rescaled_var_range_weighted_rel", "sum_rescaled_var_range_weighted_rel", "sum_rescaled_var_range_weighted_rel", "sum_rescaled_var_range_weighted_rel", "sum_rescaled_var_range_weighted_rel", "sum_rescaled_var_range_weighted_rel", "sum_rescaled_var_range_weighted_rel", "sum_rescaled_var_range_weighted_rel", "sum_rescaled_var_range_weighted_rel", "sum_rescaled_var_range_weighted_rel", "sum_rescaled_var_range_weighted_rel", "sum_rescaled_var_range_weighted_rel", "sum_rescaled_var_range_weighted_rel", "sum_rescaled_var_range_weighted_rel", "sum_rescaled_var_range_weighted_rel", "sum_rescaled_var_range_weighted_rel", "sum_rescaled_var_range_weighted_rel", "sum_rescaled_var_range_weighted_rel", "sum_rescaled_var_range_weighted_rel", "sum_rescaled_var_range_weighted_rel", "sum_rescaled_var_range_weighted_rel", "sum_rescaled_var_range_weighted_rel", "sum_rescaled_var_range_weighted_rel", "sum_rescaled_var_range_weighted_rel", "sum_rescaled_var_range_weighted_rel", "sum_rescaled_var_range_weighted_rel", "sum_rescaled_var_range_weighted_rel", "sum_rescaled_var_range_weighted_rel", "sum_rescaled_var_range_weighted_rel", "sum_rescaled_var_range_weighted_rel", "sum_rescaled_var_range_weighted_rel", "sum_rescaled_var_range_weighted_rel", "sum_rescaled_var_range_weighted_rel", "sum_rescaled_var_range_weighted_rel", "sum_rescaled_var_range_weighted_rel", "sum_rescaled_var_range_weighted_rel", "sum_rescaled_var_range_weighted_rel", "sum_rescaled_var_range_weighted_rel", "sum_rescaled_var_range_weighted_rel", "sum_rescaled_var_range_weighted_rel", "sum_rescaled_var_range_weighted_rel", "sum_rescaled_var_range_weighted_rel", "sum_rescaled_var_range_weighted_rel", "sum_rescaled_var_range_weighted_rel", "sum_rescaled_var_range_weighted_rel", "sum_rescaled_var_range_weighted_rel", "sum_rescaled_var_range_weighted_rel", "sum_rescaled_var_range_weighted_rel", "sum_rescaled_var_range_weighted_rel", "sum_rescaled_var_range_weighted_rel", "sum_rescaled_var_range_weighted_rel", "sum_rescaled_var_range_weighted_rel", "sum_rescaled_var_range_weighted_rel", 