{"Itbt": 0, "Pace": 0.0849842, "Depth": 15, "Degree": 3, "RPSTime": 10.6828, "FBBTTime": 0, "OBBTTime": 0, "TotalTime": 161.183, "Iterations": 201, "LinearTime": 9.46786, "LowerBound": 1024.84, "TimeVector": [1.29683, 2.15848, 3.01035, 3.88114, 4.71099, 5.51909, 6.32986, 7.1545, 7.959, 8.80603, 9.62652, 10.4524, 11.2731, 12.1049, 12.9193, 13.7657, 14.5305, 15.4297, 16.3075, 17.1868, 18.0613, 18.9273, 19.7236, 20.5, 21.3592, 22.1734, 23.0476, 23.887, 24.757, 25.6471, 26.4913, 27.3354, 28.1887, 29.0938, 29.985, 30.8596, 31.6543, 32.4851, 33.2764, 34.0642, 34.8768, 35.6909, 36.5329, 37.3601, 38.1764, 38.9827, 39.812, 40.6583, 41.577, 42.4407, 43.2885, 44.1582, 44.9684, 45.7688, 46.5599, 47.325, 48.1317, 49.0058, 49.8086, 50.6117, 51.4504, 52.3099, 53.1248, 53.9497, 54.7528, 55.5104, 56.4092, 57.2742, 58.0506, 58.8677, 59.687, 60.4363, 61.2149, 62.0185, 62.9039, 63.6551, 64.4387, 65.2821, 66.1406, 66.8805, 67.6227, 68.3825, 69.2531, 70.0246, 70.8183, 71.5933, 72.4418, 73.215, 74.0352, 74.898, 75.6664, 76.4784, 77.2611, 78.0644, 78.8465, 79.6532, 80.4061, 81.1368, 81.9616, 82.8242, 83.622, 84.4824, 85.2514, 86.03, 86.7524, 87.4957, 88.2383, 89.0289, 89.8847, 90.7256, 91.4955, 92.2266, 92.9622, 93.7152, 94.5608, 95.3589, 96.1469, 96.9956, 97.7636, 98.5453, 99.3099, 100.114, 100.84, 101.626, 102.391, 103.2, 104.006, 104.825, 105.576, 106.361, 107.149, 107.998, 108.767, 109.55, 110.326, 111.142, 111.927, 112.661, 113.461, 114.279, 115.087, 115.814, 116.548, 117.339, 118.142, 118.951, 119.734, 120.492, 121.308, 122.156, 122.933, 123.668, 124.425, 125.175, 125.913, 126.676, 127.46, 128.21, 129.063, 129.824, 130.593, 131.331, 132.139, 132.892, 133.735, 134.55, 135.39, 136.176, 136.947, 137.689, 138.46, 139.21, 139.972, 140.721, 141.502, 142.283, 143.016, 143.762, 144.572, 145.306, 146.081, 146.798, 147.513, 148.255, 149.037, 149.841, 150.593, 151.299, 152.137, 152.886, 153.663, 154.388, 155.108, 155.9, 156.637, 157.433, 158.186, 158.908, 159.702, 160.463, 168.761], "UpperBound": 1025.84, "rootBTTime": 0, "LowerBounds": {"1": 902.306, "2": 926.959, "3": 930.409, "4": 950.318, "5": 951.703, "6": 952.073, "7": 956.062, "8": 971.472, "9": 971.904, "10": 973.066, "11": 974.396, "12": 975.483, "13": 975.77, "14": 979.099, "15": 980.942, "16": 983.337, "17": 984.309, "18": 984.689, "19": 988.406, "20": 989.17, "21": 990.115, "22": 992.414, "23": 992.558, "24": 993.047, "25": 993.167, "26": 993.196, "27": 996.239, "28": 996.688, "29": 999.036, "30": 999.396, "31": 1000.54, "32": 1000.84, "33": 1001.86, "34": 1002.44, "35": 1004.19, "36": 1004.42, "37": 1004.67, "38": 1004.93, "39": 1005.16, "40": 1005.86, "41": 1005.88, "42": 1006.8, "43": 1007.17, "44": 1007.29, "45": 1008.51, "46": 1008.52, "47": 1009.53, "48": 1010.19, "49": 1010.39, "50": 1010.59, "51": 1010.61, "52": 1010.69, "53": 1010.91, "54": 1011.04, "55": 1011.95, "56": 1011.95, "57": 1012.21, "58": 1012.32, "59": 1012.86, "60": 1013.15, "61": 1013.46, "62": 1013.47, "63": 1013.49, "64": 1013.55, "65": 1013.81, "66": 1014, "67": 1014.92, "68": 1014.99, "69": 1015.22, "70": 1015.44, "71": 1015.6, "72": 1015.67, "73": 1015.71, "74": 1015.86, "75": 1015.99, "76": 1016.11, "77": 1016.24, "78": 1016.49, "79": 1016.55, "80": 1017.1, "81": 1017.35, "82": 1017.39, "83": 1017.45, "84": 1017.45, "85": 1018.09, "86": 1018.1, "87": 1018.15, "88": 1018.21, "89": 1018.24, "90": 1018.74, "91": 1018.84, "92": 1018.84, "93": 1018.94, "94": 1018.98, "95": 1019.03, "96": 1019.04, "97": 1019.4, "98": 1019.42, "99": 1019.48, "100": 1019.53, "101": 1019.58, "102": 1019.65, "103": 1019.72, "104": 1019.95, "105": 1019.98, "106": 1019.98, "107": 1020.07, "108": 1020.09, "109": 1020.1, "110": 1020.13, "111": 1020.25, "112": 1020.26, "113": 1020.29, "114": 1020.38, "115": 1020.46, "116": 1020.5, "117": 1020.6, "118": 1021, "119": 1021.08, "120": 1021.09, "121": 1021.15, "122": 1021.16, "123": 1021.4, "124": 1021.54, "125": 1021.56, "126": 1021.62, "127": 1021.64, "128": 1021.74, "129": 1021.78, "130": 1021.93, "131": 1022, "132": 1022.04, "133": 1022.05, "134": 1022.1, "135": 1022.17, "136": 1022.19, "137": 1022.25, "138": 1022.26, "139": 1022.28, "140": 1022.32, "141": 1022.34, "142": 1022.35, "143": 1022.41, "144": 1022.55, "145": 1022.61, "146": 1022.65, "147": 1022.68, "148": 1022.73, "149": 1022.74, "150": 1022.78, "151": 1022.79, "152": 1022.93, "153": 1022.96, "154": 1023, "155": 1023.09, "156": 1023.11, "157": 1023.17, "158": 1023.18, "159": 1023.2, "160": 1023.25, "161": 1023.25, "162": 1023.3, "163": 1023.32, "164": 1023.35, "165": 1023.51, "166": 1023.52, "167": 1023.52, "168": 1023.54, "169": 1023.63, "170": 1023.65, "171": 1023.78, "172": 1023.79, "173": 1023.82, "174": 1023.86, "175": 1023.88, "176": 1023.9, "177": 1023.95, "178": 1023.96, "179": 1024.02, "180": 1024.13, "181": 1024.13, "182": 1024.17, "183": 1024.2, "184": 1024.38, "185": 1024.38, "186": 1024.39, "187": 1024.41, "188": 1024.44, "189": 1024.51, "190": 1024.51, "191": 1024.54, "192": 1024.56, "193": 1024.57, "194": 1024.58, "195": 1024.61, "196": 1024.64, "197": 1024.68, "198": 1024.7, "199": 1024.74, "200": 1024.76, "201": 1024.84}, "SolveResult": 0, "UpperBounds": {"1": 1025.84}, "MaxQueueSize": 57, "VisitedNodes": 403, "BranchingVars": [8, 7, 12, 10, 12, 1, 7, 14, 7, 14, 14, 14, 14, 14, 10, 14, 11, 3, 2, 12, 10, 3, 11, 10, 1, 10, 7, 2, 2, 2, 2, 2, 10, 1, 7, 2, 2, 2, 4, 3, 4, 2, 12, 0, 0, 3, 2, 0, 2, 10, 12, 3, 12, 12, 2, 14, 10, 1, 7, 1, 0, 1, 1, 3, 2, 2, 2, 7, 10, 3, 7, 7, 12, 7, 3, 1, 11, 7, 1, 2, 2, 8, 2, 3, 9, 4, 7, 3, 4, 2, 7, 10, 1, 12, 7, 7, 4, 8, 2, 5, 1, 14, 4, 12, 8, 12, 8, 7, 2, 1, 7, 3, 4, 4, 1, 10, 1, 1, 3, 2, 2, 7, 2, 8, 8, 1, 4, 4, 1, 4, 12, 2, 10, 2, 2, 1, 2, 8, 1, 1, 10, 8, 2, 8, 10, 8, 12, 2, 2, 8, 2, 8, 2, 2, 4, 2, 2, 2, 10, 8, 4, 8, 4, 4, 5, 2, 2, 4, 4, 8, 8, 12, 3, 3, 8, 8, 8, 12, 10, 8, 12, 8, 8, 11, 8, 8, 12, 12, 8, 8, 12, 8, 8, 8, 1, 8, 8, 8, 8, 12, 8], "NonLinearTime": 0.312287, "OptimalityGap": 0.994821,