{"Itbt": 0, "Pace": 0.000000431944, "Depth": 17, "Degree": 4, "RPSTime": 0.0691466, "FBBTTime": 0, "OBBTTime": 0, "TotalTime": 0.481016, "Iterations": 37, "LinearTime": 0.0639931, "LowerBound": -0.000474098, "TimeVector": [0.232352, 0.245915, 0.258252, 0.271596, 0.284624, 0.289916, 0.295455, 0.308557, 0.313973, 0.319195, 0.324473, 0.329753, 0.335176, 0.340687, 0.346161, 0.359279, 0.364712, 0.370343, 0.375679, 0.381446, 0.386594, 0.391983, 0.39722, 0.402377, 0.40759, 0.412544, 0.41742, 0.422456, 0.427687, 0.432476, 0.437618, 0.449844, 0.454694, 0.459568, 0.464343, 0.469201, 0.950217], "UpperBound": 0, "rootBTTime": 0, "LowerBounds": {"1": -733415, "2": -125854, "3": -55237.8, "4": -52677.8, "6": -12454.1, "7": -12454.1, "8": -4851.28, "9": -4851.28, "10": -1253.65, "11": -1173.65, "12": -1141.78, "13": -1141.78, "14": -965.555, "15": -564.162, "16": -540.659, "17": -540.659, "18": -141.658, "19": -108.644, "20": -60.783, "21": -50.2058, "22": -32.5288, "23": -12.5288, "24": -11.7166, "25": -9.82114, "26": -6.51702, "27": -1.72518, "28": -0.402059, "29": -0.20089, "30": -0.0985121, "31": -0.083564, "32": -0.0218754, "33": -0.0102012, "34": -0.00863893, "35": -0.00408668, "36": -0.00265802, "37": -0.000474098}, "SolveResult": 0, "UpperBounds": {"1": 0}, "MaxQueueSize": 4, "VisitedNodes": 75, "BranchingVars": [0, 0, 1, 0, 0, 0, 0, 0, 0, 1, 1, 0, 0, 0, 0, 0, 0, 0, 0, 0, 0, 1, 0, 0, 1, 0, 0, 0, 0, 0, 0, 0, 0, 0, 0, 0, 0], "NonLinearTime": 0.240901, "OptimalityGap": 0.000474098, "BranchingRules": ["eigen_cen_alternative_rel", "eigen_cen_alternative_rel", "eigen_cen_alternative_rel", "eigen_cen_alternative_rel", "eigen_cen_alternative_rel", "eigen_cen_alternative_rel", "eigen_cen_alternative_rel", "eigen_cen_alternative_rel", "eigen_cen_alternative_rel", "eigen_cen_alternative_rel", "eigen_cen_alternative_rel", "eigen_cen_alternative_rel", "eigen_cen_alternative_rel", "eigen_cen_alternative_rel", "eigen_cen_alternative_rel", "eigen_cen_alternative_rel", "eigen_cen_alternative_rel", "eigen_cen_alternative_rel", "eigen_cen_alternative_rel", "eigen_cen_alternative_rel", "eigen_cen_alternative_rel", "sum_rescaled_var_range_weighted_rel", "eigen_cen_alternative_rel", "eigen_cen_alternative_rel", "sum_rescaled_var_range_weighted_rel", "eigen_cen_alternative_rel", "eigen_cen_alternative_rel", "eigen_cen_alternative_rel", "eigen_cen_alternative_rel", "eigen_cen_alternative_rel", "eigen_cen_alternative_rel", "eigen_cen_alternative_rel", "eigen_cen_alternative_rel", "eigen_cen_alternative_rel", "eigen_cen_alternative_rel", "eigen_cen_alternative_rel", "eigen_cen_alternative_rel"], "LBImprovements": [607561, 70616.3, 2560, 40223.7, 40223.7, 7602.87, 7602.87, 3709.49, 3597.62, 80, 31.8704, 601.124, 601.124, 1056.56, 1055.16, 432.015, 399.001, 80.875, 58.4383, 28.2542, 50.005, 20, 0.812154, 1.89549, 10, 4.79184, 1.62667, 0.318495, 0.223491, 0.0766367, 0.0733628, 0.0132365, 0.00611455, 0.00598092, 0.0023431, 0.00230798, 0.00126949], "InfeasibleNodes": 3, "ElapsedTimeCoeffs": 0, "LinearizationTime": 0.00002242, "NumberOfVariables": 2, "CallsToLinearSolver": 75, "LinearGenerationTime": 0.00841817, "SDPCutsGenerationTime": 0, "CallsToNonLinearSolver": 9, "StrongBranchingExtraTime": 0.164222, "ElapsedTimeWeightedCoeffs": 0, "NodesDiscardedByFathoming": 0, "NodesDiscardedByTolerance": 35, "BoundFactorConstraintsTime": 0.00277294, "ElapsedTimeVarsInConstraints": 0.000004471, "meanBTRelativeChangeRootNode": 0, "NumberOfBoundFactorConstraints": 14, "NumberOfLAPACKConvergenceFailures": 0, "NumberOfRLTVariablesAfterLinearization": 6}