{"Itbt": 0, "Pace": 0.0345183, "Depth": 15, "Degree": 2, "RPSTime": 0.0547487, "FBBTTime": 0, "OBBTTime": 0, "TotalTime": 0.844307, "Iterations": 159, "LinearTime": 0.292666, "LowerBound": -550.324, "TimeVector": [0.0308985, 0.051862, 0.0735601, 0.127077, 0.175733, 0.177806, 0.179941, 0.246515, 0.248609, 0.250704, 0.252774, 0.25494, 0.257134, 0.259377, 0.261499, 0.290954, 0.293104, 0.295247, 0.297208, 0.29958, 0.301844, 0.303924, 0.305896, 0.308121, 0.310331, 0.312013, 0.314162, 0.316368, 0.318467, 0.320563, 0.322626, 0.343685, 0.34584, 0.347923, 0.350141, 0.352351, 0.354477, 0.356498, 0.358683, 0.360166, 0.36195, 0.364261, 0.366518, 0.368536, 0.370526, 0.37259, 0.374741, 0.376837, 0.379116, 0.381297, 0.383388, 0.385782, 0.388052, 0.38966, 0.391661, 0.393905, 0.396015, 0.398339, 0.400572, 0.402874, 0.404982, 0.407189, 0.40944, 0.470799, 0.472853, 0.474445, 0.476759, 0.478938, 0.481304, 0.483585, 0.48581, 0.488162, 0.490275, 0.492666, 0.494823, 0.497121, 0.499291, 0.50154, 0.503429, 0.505712, 0.507868, 0.509888, 0.512197, 0.514504, 0.516592, 0.518867, 0.520631, 0.522541, 0.524741, 0.526898, 0.529222, 0.531352, 0.533637, 0.535939, 0.538043, 0.540241, 0.542394, 0.544819, 0.546903, 0.549147, 0.551271, 0.553371, 0.555623, 0.557909, 0.560014, 0.562115, 0.56436, 0.566466, 0.56872, 0.5709, 0.572972, 0.575115, 0.576901, 0.579217, 0.581535, 0.583674, 0.585886, 0.588348, 0.590648, 0.59287, 0.595074, 0.596733, 0.598959, 0.601241, 0.603513, 0.605659, 0.60795, 0.634182, 0.636476, 0.638673, 0.640947, 0.643271, 0.645313, 0.647549, 0.649672, 0.651719, 0.654031, 0.656303, 0.658447, 0.660559, 0.662747, 0.664859, 0.667167, 0.669393, 0.671642, 0.673807, 0.676067, 0.678403, 0.680679, 0.682767, 0.685209, 0.687412, 0.689537, 0.691817, 0.693897, 0.695869, 0.69811, 0.700351, 1.54466], "UpperBound": -549.803, "rootBTTime": 0, "LowerBounds": {"1": -574.783, "4": -569.121, "5": -568.534, "6": -568.074, "7": -566.952, "8": -565.774, "9": -565.04, "10": -563.372, "14": -562.671, "16": -562.362, "17": -562.263, "18": -561.973, "19": -561.06, "20": -560.832, "21": -560.752, "22": -560.555, "23": -560.098, "24": -559.436, "25": -559.276, "26": -559.109, "27": -558.275, "28": -558.157, "29": -557.642, "30": -557.432, "31": -556.701, "33": -556.524, "34": -556.472, "36": -556.369, "37": -556.075, "38": -555.953, "39": -555.948, "40": -555.948, "42": -555.779, "43": -555.421, "44": -555.384, "45": -555.32, "46": -555.071, "48": -554.725, "49": -554.657, "50": -554.418, "51": -554.239, "52": -554.173, "53": -553.938, "54": -553.894, "55": -553.893, "56": -553.522, "57": -553.496, "58": -553.315, "59": -553.307, "60": -553.282, "61": -553.275, "62": -553.244, "63": -553.071, "64": -552.772, "65": -552.767, "66": -552.702, "67": -552.552, "68": -552.312, "69": -552.273, "70": -552.273, "71": -552.225, "72": -552.222, "73": -552.186, "74": -552.152, "75": -552.073, "76": -551.963, "77": -551.926, "79": -551.869, "80": -551.857, "81": -551.835, "82": -551.708, "83": -551.692, "84": -551.685, "85": -551.662, "86": -551.655, "87": -551.589, "88": -551.578, "89": -551.578, "90": -551.565, "91": -551.497, "92": -551.394, "93": -551.376, "94": -551.351, "95": -551.348, "97": -551.338, "98": -551.33, "99": -551.313, "100": -551.274, "103": -551.225, "104": -551.224, "105": -551.202, "106": -551.18, "107": -551.105, "109": -551.105, "110": -551.104, "111": -551.101, "112": -551.088, "114": -551.088, "115": -550.974, "116": -550.926, "117": -550.907, "118": -550.858, "119": -550.851, "120": -550.844, "121": -550.807, "122": -550.787, "123": -550.761, "124": -550.756, "125": -550.737, "126": -550.706, "127": -550.694, "128": -550.66, "129": -550.626, "130": -550.619, "132": -550.615, "133": -550.605, "134": -550.599, "135": -550.596, "136": -550.577, "137": -550.568, "138": -550.552, "139": -550.552, "140": -550.533, "142": -550.526, "143": -550.524, "144": -550.508, "145": -550.504, "146": -550.504, "147": -550.504, "148": -550.492, "149": -550.473, "150": -550.468, "151": -550.462, "152": -550.447, "153": -550.438, "154": -550.436, "155": -550.408, "157": -550.396, "158": -550.395, "159": -550.324}, "SolveResult": 0, "UpperBounds": {"1": -509.783, "2": -549.803}, "MaxQueueSize": 33, "VisitedNodes": 319, "BranchingVars": [6, 10, 10, 12, 12, 4, 2, 12, 3, 8, 1, 3, 3, 8, 3, 4, 3, 0, 0, 2, 2, 6, 10, 4, 4, 4, 3, 0, 0, 10, 8, 12, 0, 8, 0, 4, 12, 0, 1, 0, 0, 4, 4, 12, 3, 8, 10, 3, 3, 10, 4, 6, 6, 4, 4, 0, 0, 3, 12, 3, 6, 1, 10, 1, 10, 4, 10, 10, 0, 1, 3, 3, 2, 12, 0, 10, 8, 10, 6, 4, 2, 8, 10, 12, 10, 12, 12, 8, 8, 12, 4, 6, 6, 2, 8, 1, 8, 12, 10, 6, 1, 0, 3, 2, 3, 4, 1, 3, 3, 6, 3, 12, 12, 3, 8, 8, 8, 8, 0, 0, 3, 2, 8, 2, 8, 8, 12, 12, 0, 8, 0, 6, 8, 0, 6, 6, 3, 3, 3, 12, 12, 1, 8, 2, 12, 12, 3, 1, 3, 3, 3, 3, 8, 2, 4, 4, 12, 4, 6], "NonLinearTime": 0.496858, "OptimalityGap": 0.520862,