{"Itbt": 0, "Pace": 0.0078197, "Depth": 9, "Degree": 2, "RPSTime": 0.045756, "FBBTTime": 0, "OBBTTime": 0, "TotalTime": 0.652537, "Iterations": 73, "LinearTime": 0.197983, "LowerBound": -878.485, "TimeVector": [0.0570171, 0.0987967, 0.137349, 0.172714, 0.205295, 0.208615, 0.21206, 0.249922, 0.253299, 0.256381, 0.259256, 0.26218, 0.265447, 0.26844, 0.271496, 0.311933, 0.314963, 0.318259, 0.321774, 0.325195, 0.328558, 0.331711, 0.334981, 0.338187, 0.341473, 0.344351, 0.346779, 0.350212, 0.353929, 0.356783, 0.359832, 0.398918, 0.402549, 0.405833, 0.409097, 0.412472, 0.415815, 0.419306, 0.422672, 0.426166, 0.429501, 0.433037, 0.436387, 0.439695, 0.443033, 0.446542, 0.449824, 0.452859, 0.45605, 0.458951, 0.462485, 0.465759, 0.468838, 0.471991, 0.475132, 0.478498, 0.481436, 0.484647, 0.48823, 0.491238, 0.494259, 0.49767, 0.501242, 0.586991, 0.590576, 0.59403, 0.597266, 0.60041, 0.60369, 0.607001, 0.610385, 0.613585, 1.26612], "UpperBound": -877.646, "rootBTTime": 0, "LowerBounds": {"1": -961.932, "2": -956.774, "4": -946.91, "5": -946.121, "6": -946.075, "7": -943.692, "8": -943.6, "9": -943.293, "10": -942.63, "11": -941.269, "12": -940.654, "13": -938.697, "14": -937.128, "15": -937.128, "16": -936.798, "17": -936.443, "18": -931.563, "19": -931.036, "20": -930.986, "21": -929.766, "22": -928.98, "23": -927.687, "24": -924.981, "25": -924.254, "26": -923.009, "27": -922.073, "28": -920.096, "29": -919.084, "30": -917.101, "31": -914.434, "32": -913.473, "33": -910.931, "34": -910.679, "35": -909.286, "36": -906.99, "37": -906.768, "38": -906.357, "39": -904.024, "40": -903.507, "41": -900.975, "42": -900.776, "43": -900.206, "44": -900.206, "45": -899.583, "47": -899.51, "48": -899.477, "50": -899.176, "51": -897.609, "52": -891.922, "53": -891.889, "55": -890.915, "56": -888.814, "57": -888.146, "58": -887.78, "59": -887.78, "60": -886.587, "61": -886.454, "62": -886.165, "63": -885.987, "64": -885.223, "65": -885.181, "66": -885.039, "67": -884.629, "68": -884.61, "69": -883.549, "70": -880.852, "71": -880.583, "72": -879.201, "73": -878.485}, "SolveResult": 0, "UpperBounds": {"1": -877.646}, "MaxQueueSize": 16, "VisitedNodes": 147, "BranchingVars": [3, 13, 2, 13, 5, 7, 2, 5, 2, 0, 0, 5, 5, 8, 8, 0, 0, 5, 0, 0, 7, 17, 2, 2, 8, 0, 8, 8, 8, 0, 0, 8, 8, 0, 7, 5, 0, 5, 15, 8, 5, 5, 8, 8, 8, 8, 5, 9, 9, 0, 7, 5, 9, 9, 2, 5, 0, 7, 7, 0, 0, 7, 7, 14, 14, 9, 9, 9, 2, 9, 9, 0, 7], "NonLinearTime": 0.408773, "OptimalityGap": 0.839642, "BranchingRules": ["sum_rescaled_var_range_weighted", "sum_rescaled_var_range_weighted", "sum_rescaled_var_range_weighted", "sum_rescaled_var_range_weighted", "sum_rescaled_var_range_weighted", "sum_rescaled_var_range_weighted", "sum_rescaled_var_range_weighted", "sum_rescaled_var_range_weighted", "sum_rescaled_var_range_weighted", "sum_rescaled_var_range_weighted", "sum_rescaled_var_range_weighted", "sum_rescaled_var_range_weighted", "sum_rescaled_var_range_weighted", "sum_rescaled_var_range_weighted", "sum_rescaled_var_range_weighted", "sum_rescaled_var_range_weighted", "sum_rescaled_var_range_weighted", "sum_rescaled_var_range_weighted", "sum_rescaled_var_range_weighted", "sum_rescaled_var_range_weighted", "sum_rescaled_var_range_weighted", "sum_rescaled_var_range_weighted", "sum_rescaled_var_range_weighted", "sum_rescaled_var_range_weighted", "sum_rescaled_var_range_weighted", "sum_rescaled_var_range_weighted", "sum_rescaled_var_range_weighted", "sum_rescaled_var_range_weighted", "sum_rescaled_var_range_weighted", "sum_rescaled_var_range_weighted", "sum_rescaled_var_range_weighted", "sum_rescaled_var_range_weighted", "sum_rescaled_var_range_weighted", "sum_rescaled_var_range_weighted", "sum_rescaled_var_range_weighted", "sum_rescaled_var_range_weighted", "sum_rescaled_var_range_weighted", "sum_rescaled_var_range_weighted", "sum_rescaled_var_range_weighted", "sum_rescaled_var_range_weighted", "sum_rescaled_var_range_weighted", "sum_rescaled_var_range_weighted", "sum_rescaled_var_range_weighted", "sum_rescaled_var_range_weighted", "sum_rescaled_var_range_weighted", "sum_rescaled_var_range_weighted", "sum_rescaled_var_range_weighted", "sum_rescaled_var_range_weighted", "sum_rescaled_var_range_weighted", "sum_rescaled_var_range_weighted", "sum_rescaled_var_range_weighted", "sum_rescaled_var_range_weighted", "sum_rescaled_var_range_weighted", "sum_rescaled_var_range_weighted", "sum_rescaled_var_range_weighted", "sum_rescaled_var_range_weighted", "sum_rescaled_var_range_weighted", "sum_rescaled_var_range_weighted", "sum_rescaled_var_range_weighted", "sum_rescaled_var_range_weighted", "sum_rescaled_var_range_weighted", "sum_rescaled_var_range_weighted", "sum_rescaled_var_range_weighted", "sum_rescaled_var_range_weighted", "sum_rescaled_var_range_weighted", "sum_rescaled_var_range_weighted", "sum_rescaled_var_range_weighted", "sum_rescaled_var_range_weighted", "sum_rescaled_var_range_weighted", "sum_rescaled_var_range_weighted", "sum_rescaled_var_range_weighted", "sum_rescaled_var_range_weighted", "sum_rescaled_var_range_weighted"], "LBImprovements": [5.15854, 0, 10.6989, 0.788727, 2.42957, 2.47479, 12.7058, 0.970322, 12.2565, 18.3751, 19.1968, 3.52617, 1.89854, 46.2131, 27.8414, 22.3641, 19.3419, 1.79779, 11.9524, 10.8904, 6.75702, 1.29332, 17.0081, 18.2132, 36.108, 0, 0, 51.7505, 21.4747, 0, 0, 37.6329, 25.8924, 11.1692, 2.2963, 237.389, 14.8459, 7.18116, 0.516562, 14.6932, 0.769129, 1.19302, 14.2191, 27.2324, 13.4178, 26.9189, 0.0325866, 14.2959, 14.2544, 38.8898, 12.9998, 0.0325866, 14.9575, 15.0265, 4.3273, 1.03435, 0, 3.15034, 12.0838, 8.1999, 9.1191, 5.58211, 5.13427, 17.5933, 9.40175, 51.4147, 42.5187, 57.2543, 4.34723, 44.263, 44.255, 11.1093, 0.0544526], "InfeasibleNodes": 27, "ElapsedTimeCoeffs": 0, "LinearizationTime": 0.000700521, "NumberOfVariables": 58, "CallsToLinearSolver": 147, "LinearGenerationTime": 0.0553199, "SDPCutsGenerationTime": 0, "CallsToNonLinearSolver": 10, "StrongBranchingExtraTime": 0, "ElapsedTimeWeightedCoeffs": 0, "NodesDiscardedByFathoming": 0, "NodesDiscardedByTolerance": 47, "BoundFactorConstraintsTime": 0.0100665, "ElapsedTimeVarsInConstraints": 0, "meanBTRelativeChangeRootNode": 0, "NumberOfBoundFactorConstraints": 160, "NumberOfLAPACKConvergenceFailures": 0, "NumberOfRLTVariablesAfterLinearization": 40}