{"Itbt": 0, "Pace": 0.288932, "Depth": 20, "Degree": 2, "RPSTime": 0.130772, "FBBTTime": 0, "OBBTTime": 0, "TotalTime": 3.80914, "Iterations": 268, "LinearTime": 0.753617, "LowerBound": -561.6, "TimeVector": [0.0644014, 0.369472, 0.683195, 1.84364, 2.10827, 2.11131, 2.11438, 2.19256, 2.19561, 2.19894, 2.2022, 2.20517, 2.20837, 2.21179, 2.21489, 2.25731, 2.26059, 2.26383, 2.2672, 2.27037, 2.2734, 2.2765, 2.27962, 2.28298, 2.28634, 2.28963, 2.29301, 2.29645, 2.29965, 2.30277, 2.30551, 2.48247, 2.4855, 2.48891, 2.49212, 2.49551, 2.49864, 2.5014, 2.50447, 2.50779, 2.51107, 2.51426, 2.51723, 2.5204, 2.52381, 2.52694, 2.52989, 2.53253, 2.53595, 2.53942, 2.54261, 2.54553, 2.54868, 2.55199, 2.55489, 2.55821, 2.56154, 2.56471, 2.56753, 2.57083, 2.57413, 2.57759, 2.58088, 2.72265, 2.72622, 2.72984, 2.73353, 2.73718, 2.74033, 2.74322, 2.746, 2.7492, 2.75243, 2.7553, 2.75843, 2.7618, 2.76509, 2.76797, 2.77082, 2.77393, 2.77692, 2.77996, 2.78333, 2.78645, 2.7898, 2.79325, 2.79704, 2.79997, 2.80329, 2.80663, 2.80976, 2.81307, 2.81642, 2.81988, 2.82356, 2.8268, 2.83006, 2.83329, 2.83667, 2.83992, 2.84315, 2.84648, 2.84991, 2.85346, 2.85657, 2.85993, 2.86324, 2.86684, 2.87048, 2.87324, 2.87627, 2.87964, 2.88281, 2.88614, 2.88937, 2.89262, 2.89632, 2.90007, 2.90341, 2.9067, 2.91045, 2.91381, 2.91717, 2.92045, 2.92371, 2.92689, 2.93001, 3.11144, 3.11489, 3.11828, 3.12156, 3.12465, 3.12776, 3.13115, 3.13468, 3.13814, 3.14131, 3.14479, 3.14817, 3.15167, 3.15516, 3.15822, 3.1614, 3.16446, 3.16763, 3.17088, 3.17408, 3.1774, 3.18096, 3.18418, 3.1875, 3.19052, 3.19377, 3.19707, 3.20015, 3.20336, 3.20629, 3.20979, 3.21338, 3.21652, 3.21972, 3.22301, 3.22638, 3.22989, 3.23358, 3.23718, 3.24068, 3.24394, 3.24736, 3.25037, 3.25382, 3.25732, 3.26086, 3.26398, 3.26738, 3.27082, 3.27409, 3.27747, 3.28037, 3.28386, 3.28708, 3.2904, 3.29357, 3.29701, 3.30016, 3.30347, 3.30693, 3.31027, 3.31376, 3.31697, 3.32042, 3.32417, 3.32736, 3.33067, 3.33432, 3.33769, 3.34112, 3.34436, 3.34764, 3.35086, 3.35411, 3.35721, 3.36051, 3.3639, 3.36759, 3.37079, 3.37392, 3.37733, 3.38052, 3.38386, 3.38734, 3.3908, 3.39431, 3.39766, 3.40044, 3.40363, 3.40695, 3.41033, 3.41358, 3.41696, 3.42017, 3.42349, 3.42664, 3.42991, 3.43295, 3.43623, 3.43958, 3.44304, 3.44635, 3.45019, 3.45322, 3.45662, 3.45985, 3.46325, 3.46683, 3.47013, 3.47344, 3.47682, 3.48008, 3.48355, 3.48665, 3.48995, 3.49365, 3.49708, 3.50023, 3.50369, 3.50701, 3.51028, 3.51344, 3.51687, 3.52005, 3.52343, 3.52683, 3.53001, 3.53324, 3.73356, 3.73696, 3.74063, 3.74408, 3.74757, 3.75092, 3.75396, 3.75713, 3.76034, 3.76375, 3.76702, 3.77051, 7.57965], "UpperBound": -561.045, "rootBTTime": 0, "LowerBounds": {"1": -574.783, "7": -574.027, "8": -571.104, "15": -570.514, "18": -570.509, "19": -570.327, "20": -570.241, "21": -570.102, "22": -569.794, "27": -569.779, "28": -568.813, "29": -568.786, "30": -568.373, "31": -568.314, "32": -568.296, "33": -568.1, "36": -567.665, "37": -567.607, "38": -567.596, "39": -567.546, "40": -567.526, "49": -567.526, "53": -567.526, "56": -567.489, "57": -567.375, "59": -567.375, "60": -567.15, "61": -567.15, "62": -567.091, "63": -567.076, "64": -566.993, "65": -566.929, "66": -566.862, "70": -566.579, "72": -566.509, "74": -566.509, "75": -566.429, "76": -566.421, "77": -566.345, "79": -566.345, "80": -566.278, "81": -565.977, "82": -565.877, "83": -565.838, "85": -565.807, "86": -565.752, "87": -565.726, "88": -565.65, "89": -565.619, "90": -565.435, "91": -565.407, "92": -565.405, "94": -565.149, "95": -565.084, "96": -565.082, "97": -565.061, "98": -565.043, "99": -565.02, "100": -564.874, "102": -564.465, "103": -564.372, "104": -564.342, "105": -564.337, "106": -564.322, "107": -564.211, "108": -564.141, "109": -564.112, "110": -564.109, "111": -564.109, "112": -564.075, "113": -563.956, "114": -563.88, "115": -563.736, "116": -563.72, "117": -563.711, "119": -563.652, "120": -563.58, "121": -563.523, "122": -563.522, "123": -563.506, "125": -563.458, "126": -563.42, "127": -563.42, "128": -563.415, "129": -563.383, "130": -563.317, "131": -563.309, "132": -563.272, "133": -563.253, "134": -563.238, "135": -563.218, "136": -563.206, "137": -563.192, "138": -563.163, "139": -563.158, "141": -563.146, "144": -563.14, "147": -563.119, "148": -563.09, "149": -563.083, "150": -563.035, "152": -563.016, "154": -562.983, "155": -562.93, "157": -562.907, "158": -562.901, "159": -562.898, "160": -562.851, "162": -562.814, "163": -562.772, "165": -562.763, "167": -562.727, "168": -562.722, "169": -562.716, "170": -562.711, "171": -562.705, "174": -562.696, "175": -562.673, "176": -562.65, "178": -562.647, "179": -562.641, "180": -562.623, "181": -562.611, "184": -562.598, "185": -562.573, "186": -562.55, "189": -562.498, "191": -562.497, "192": -562.494, "193": -562.462, "194": -562.46, "195": -562.426, "196": -562.422, "197": -562.407, "198": -562.381, "199": -562.378, "200": -562.332, "202": -562.327, "203": -562.311, "204": -562.291, "205": -562.279, "206": -562.277, "208": -562.272, "209": -562.238, "211": -562.23, "212": -562.223, "213": -562.185, "214": -562.173, "215": -562.158, "216": -562.151, "218": -562.133, "219": -562.132, "220": -562.101, "222": -562.047, "223": -562.033, "224": -562.016, "227": -562.015, "228": -562.005, "229": -562.001, "232": -562, "236": -561.979, "239": -561.971, "240": -561.964, "241": -561.961, "242": -561.958, "243": -561.958, "244": -561.947, "245": -561.947, "246": -561.891, "247": -561.885, "248": -561.861, "249": -561.852, "250": -561.848, "251": -561.843, "252": -561.76, "254": -561.733, "255": -561.692, "258": -561.69, "259": -561.681, "260": -561.66, "261": -561.647, "266": -561.632, "267": -561.614, "268": -561.6}, "SolveResult": 0, "UpperBounds": {"1": -552.85, "3": -559.615, "32": -561.045}, "MaxQueueSize": 41, "VisitedNodes": 537, "BranchingVars": [13, 4, 3, 1, 16, 15, 15, 14, 7, 5, 14, 7, 5, 5, 1, 14, 17, 14, 14, 7, 5, 1, 14, 17, 14, 14, 7, 5, 7, 5, 14, 7, 19, 14, 14, 15, 5, 14, 7, 3, 13, 1, 13, 13, 12, 3, 1, 1, 13, 3, 1, 1, 3, 1, 1, 11, 3, 1, 1, 7, 5, 7, 7, 15, 5, 3, 1, 19, 1, 5, 5, 3, 1, 1, 14, 7, 3, 12, 12, 5, 7, 14, 16, 19, 1, 5, 7, 7, 16, 14, 12, 8, 5, 7, 7, 7, 5, 7, 5, 8, 7, 7, 7, 5, 5, 19, 19, 16, 19, 1, 14, 5, 14, 7, 5, 16, 6, 17, 5, 19, 19, 6, 19, 11, 11, 17, 19, 6, 7, 19, 7, 7, 5, 5, 17, 4, 5, 5, 6, 17, 9, 12, 12, 6, 8, 14, 15, 7, 7, 6, 5, 4, 6, 19, 8, 4, 17, 19, 7, 7, 5, 12, 9, 11, 8, 17, 19, 9, 19, 17, 17, 13, 13, 6, 17, 19, 17, 5, 12, 9, 4, 9, 17, 17, 4, 17, 13, 13, 8, 6, 16, 9, 4, 4, 17, 19, 17, 6, 19, 6, 4, 12, 7, 17, 5, 6, 4, 3, 4, 17, 7, 5, 5, 15, 17, 13, 7, 7, 6, 13, 7, 5, 11, 8, 6, 4, 17, 11, 5, 7, 7, 9, 8, 10, 11, 17, 13, 13, 6, 9, 12, 9, 3, 6, 12, 4, 7, 5, 6, 17, 17, 9, 17, 12, 8, 4, 17, 7, 7, 17, 4, 6, 17, 15, 15, 17, 7, 13], "NonLinearTime": 2.9247, "OptimalityGap": 0.555406,