{"Itbt": 0, "Pace": 0.0786396, "Depth": 13, "Degree": 5, "RPSTime": 206.986, "FBBTTime": 0, "OBBTTime": 0, "TotalTime": 600.069, "Iterations": 178, "LinearTime": 392.75, "LowerBound": 47647, "TimeVector": [4.89637, 7.17822, 9.70648, 12.3682, 14.8989, 17.4409, 20.6342, 23.5303, 26.6071, 29.4246, 32.4572, 35.5376, 38.5226, 41.6575, 44.6871, 47.9282, 51.0138, 54.1981, 57.713, 60.72, 63.864, 66.9652, 69.9859, 73.0546, 76.3519, 79.3676, 83.5184, 86.4493, 89.2405, 92.3146, 95.2706, 98.5427, 101.519, 104.766, 108.016, 110.996, 114.167, 117.339, 120.543, 123.711, 126.797, 129.959, 133.016, 137.187, 140.964, 143.961, 146.841, 149.811, 153.058, 156.022, 159.339, 162.438, 165.394, 168.725, 171.753, 174.638, 177.733, 181.086, 184.216, 187.556, 190.536, 193.53, 196.875, 199.833, 202.736, 205.491, 208.817, 211.683, 214.671, 217.667, 220.822, 224.307, 227.898, 231.063, 234.388, 237.797, 240.818, 243.525, 246.432, 249.558, 252.628, 258.379, 261.462, 264.568, 267.642, 270.9, 274.362, 277.582, 280.918, 283.777, 286.946, 290.119, 292.97, 295.833, 298.94, 301.765, 308.341, 311.6, 314.478, 318.466, 321.424, 324.814, 327.785, 330.799, 334.057, 337.575, 340.653, 343.886, 346.973, 350.325, 353.486, 356.307, 359.619, 362.946, 366.064, 369.41, 372.957, 375.911, 378.856, 382.149, 385.255, 388.227, 391.445, 394.715, 397.896, 400.963, 404.16, 407.471, 410.58, 416.575, 420.671, 424.101, 427.186, 431.305, 434.399, 438.007, 441.329, 444.794, 448.964, 453.728, 457.931, 461.298, 465.018, 468.462, 471.872, 474.796, 477.956, 481.116, 484.419, 489.276, 492.928, 496.058, 499.271, 503.808, 506.96, 510.07, 514.264, 518.542, 522.776, 532.331, 535.264, 538.652, 544.41, 547.948, 550.952, 554.078, 560.485, 564.603, 567.741, 571.112, 575.743, 578.819, 581.804, 585.545, 588.372, 591.394, 596.465, 628.793], "UpperBound": 47796.4, "rootBTTime": 0, "LowerBounds": {"1": 40017.3, "2": 41286.7, "3": 42481.7, "4": 42651.1, "5": 42727.8, "6": 43548, "7": 43609.9, "8": 43810.1, "9": 44112.1, "10": 44274.4, "11": 44447.3, "12": 44458, "13": 44618.6, "14": 44808.2, "15": 44991.4, "16": 45035.3, "17": 45167.2, "18": 45243.9, "19": 45323.5, "20": 45335.4, "21": 45471.9, "22": 45502.6, "23": 45654.8, "24": 45704.4, "25": 45745.5, "26": 45749.2, "27": 45758.2, "28": 45887.7, "29": 45937, "30": 45955.4, "31": 45960.4, "32": 46045.6, "33": 46084.7, "34": 46087.7, "35": 46104.3, "36": 46117.5, "37": 46130.9, "38": 46167.5, "39": 46289.2, "40": 46309.3, "41": 46311.7, "42": 46344.9, "43": 46354.8, "44": 46361, "45": 46374.3, "46": 46379.8, "47": 46412.7, "48": 46442, "49": 46464.3, "50": 46464.3, "51": 46473.2, "52": 46497.1, "53": 46510.2, "54": 46521.8, "55": 46542.7, "56": 46580.8, "57": 46627.6, "58": 46640.6, "59": 46658.7, "60": 46661.2, "61": 46702.4, "62": 46747.6, "63": 46759.9, "64": 46769, "65": 46819.9, "66": 46855.2, "67": 46858, "68": 46879.7, "69": 46882, "70": 46894.1, "71": 46902.1, "72": 46943.6, "73": 46954.1, "74": 46958.4, "75": 46992.8, "76": 46999.5, "77": 47005.6, "78": 47014.5, "79": 47023.1, "80": 47038.4, "81": 47040.7, "82": 47055.8, "83": 47077.5, "84": 47082.6, "85": 47096.1, "86": 47102.9, "87": 47115.1, "88": 47126, "89": 47126.6, "90": 47148.4, "91": 47149.9, "92": 47151.9, "93": 47162.6, "94": 47172.4, "95": 47181.3, "96": 47193.9, "97": 47196.8, "98": 47211.7, "99": 47222.2, "100": 47228.8, "101": 47231.2, "102": 47233, "103": 47233.1, "104": 47233.8, "105": 47237.3, "106": 47253.3, "107": 47256.2, "108": 47266.2, "109": 47273.9, "110": 47294.8, "111": 47299.9, "112": 47308.9, "113": 47310.9, "114": 47316.2, "115": 47331.5, "116": 47342.5, "117": 47366.9, "118": 47370.5, "119": 47370.7, "120": 47372, "121": 47384.7, "122": 47387.5, "123": 47392.8, "124": 47400.4, "125": 47416.4, "126": 47424.3, "127": 47429.5, "128": 47433.2, "129": 47440, "130": 47447.2, "131": 47450.8, "132": 47461.3, "133": 47477, "134": 47489.9, "135": 47491.3, "136": 47491.8, "137": 47504.9, "138": 47508, "139": 47516.3, "140": 47519.7, "141": 47525.8, "142": 47529, "143": 47536.2, "144": 47541.5, "145": 47543.4, "146": 47551.4, "147": 47557.7, "148": 47568.7, "149": 47573.5, "150": 47578.1, "151": 47579.5, "152": 47584, "153": 47588.6, "154": 47598.4, "155": 47602.1, "156": 47605.2, "157": 47605.4, "158": 47606.9, "159": 47610.1, "160": 47611.5, "161": 47613.3, "162": 47615.3, "163": 47615.4, "164": 47616.9, "165": 47617.3, "166": 47617.4, "167": 47618, "168": 47619, "169": 47624.1, "170": 47624.6, "171": 47625.1, "172": 47628.6, "173": 47636.8, "174": 47638.5, "175": 47641.5, "176": 47644.3, "177": 47647, "178": 47647}, "SolveResult": 402, "UpperBounds": {"1": 47796.4}, "MaxQueueSize": 69, "VisitedNodes": 357, "BranchingVars": [5, 3, 2, 4, 6, 3, 6, 2, 2, 3, 1, 7, 1, 7, 4, 7, 4, 7, 1, 7, 4, 1, 4, 4, 6, 7, 1, 0, 4, 1, 7, 7, 1, 6, 6, 2, 1, 6, 4, 1, 1, 4, 1, 2, 1, 6, 2, 1, 1, 1, 2, 1, 6, 1, 1, 6, 4, 4, 1, 1, 4, 1, 6, 7, 4, 0, 6, 0, 4, 4, 6, 6, 6, 6, 0, 6, 4, 7, 0, 0, 1, 6, 0, 6, 7, 0, 6, 4, 4, 6, 6, 6, 5, 5, 6, 6, 6, 4, 6, 5, 2, 5, 7, 4, 0, 6, 6, 6, 0, 5, 0, 6, 0, 0, 5, 0, 5, 7, 1, 4, 5, 0, 0, 0, 0, 0, 0, 4, 6, 0, 4, 0, 0, 5, 0, 5, 0, 3, 6, 0, 6, 0, 5, 3, 3, 2, 0, 0, 4, 6, 0, 4, 0, 0, 0, 0, 5, 6, 3, 1, 4, 4, 0, 4, 0, 5, 1, 1, 3, 6, 1, 0, 0, 4, 0, 0, 0, 6], "NonLinearTime": 0.332637, "OptimalityGap": 149.404,