{"Itbt": 0, "Pace": 0.122638, "Depth": 12, "Degree": 5, "RPSTime": 94.5101, "FBBTTime": 0, "OBBTTime": 0, "TotalTime": 334.362, "Iterations": 228, "LinearTime": 239.6, "LowerBound": 20342.7, "TimeVector": [2.18677, 3.34151, 4.52896, 5.7032, 6.96031, 8.16313, 9.39888, 10.6249, 11.7944, 13.0464, 14.266, 15.5002, 16.7456, 17.9607, 19.1965, 20.4385, 21.7465, 23.0131, 24.2331, 25.5062, 26.7974, 28.0887, 29.4149, 30.6866, 31.9646, 33.2369, 34.5584, 35.8968, 37.1154, 38.4095, 39.7175, 41.1084, 42.426, 43.7998, 45.088, 46.4402, 47.6846, 48.8699, 50.17, 51.3544, 52.6541, 53.967, 55.247, 56.5454, 57.8635, 59.0872, 60.3278, 61.6619, 62.9418, 64.2736, 65.5584, 66.8939, 68.1509, 69.4317, 70.6752, 71.8521, 73.1716, 74.5166, 75.8237, 77.179, 78.4145, 79.7474, 81.0625, 82.433, 83.7373, 84.955, 86.2143, 87.4206, 88.7832, 89.973, 91.2811, 92.4911, 93.7914, 95.1757, 96.4233, 97.754, 99.0651, 100.476, 101.923, 103.252, 104.589, 105.942, 107.449, 108.772, 110.046, 111.421, 112.703, 113.966, 115.284, 116.943, 118.225, 119.52, 121.03, 122.407, 123.764, 125.169, 126.545, 127.884, 129.15, 130.484, 131.824, 133.332, 134.749, 136.209, 137.57, 139.003, 140.306, 141.696, 143.069, 144.455, 145.955, 147.447, 148.811, 150.147, 151.585, 153.132, 154.455, 155.764, 157.29, 158.666, 160.133, 161.542, 162.951, 164.377, 165.694, 167.039, 168.625, 169.933, 171.467, 172.892, 174.285, 175.703, 177.26, 178.675, 180.157, 181.563, 183.004, 184.425, 186.035, 187.415, 188.915, 190.21, 191.731, 193.036, 194.883, 196.519, 198.009, 199.75, 201.134, 202.647, 204.177, 205.653, 207.145, 208.6, 210.217, 211.614, 213.328, 214.786, 216.218, 217.697, 219.189, 220.631, 222.194, 223.623, 225.078, 226.573, 228.081, 229.658, 231.418, 233.009, 234.391, 236.144, 237.922, 239.379, 240.882, 242.296, 243.704, 245.2, 247.086, 249.351, 251.061, 252.927, 254.582, 257.479, 258.968, 260.716, 262.696, 264.197, 265.726, 267.337, 268.87, 270.412, 271.966, 273.588, 275.268, 276.926, 278.471, 280.222, 282.842, 284.373, 285.931, 287.672, 289.317, 291.078, 294.282, 295.854, 297.491, 299.263, 301.027, 302.815, 305.393, 307.039, 308.624, 310.289, 311.916, 313.696, 315.34, 316.918, 318.51, 320.56, 322.26, 324.735, 326.311, 328.038, 329.676, 331.299, 332.878, 358.615], "UpperBound": 20363, "rootBTTime": 0, "LowerBounds": {"1": 17616.3, "2": 18420.4, "3": 18509.5, "4": 18832.6, "5": 19078.7, "6": 19258.3, "7": 19281.4, "8": 19325.1, "9": 19478.3, "10": 19500.5, "11": 19624.7, "12": 19646.5, "13": 19681, "14": 19700, "15": 19717.5, "16": 19738, "17": 19793.3, "18": 19796.1, "19": 19812.6, "20": 19822.1, "21": 19822.2, "22": 19843.4, "23": 19850.6, "24": 19861.4, "25": 19875.2, "26": 19901.3, "27": 19916, "28": 19920.9, "29": 19922.7, "30": 19929.3, "31": 19935.5, "32": 19939.9, "33": 19963.8, "34": 19965, "35": 19966, "36": 19966.7, "37": 19969.4, "38": 19974, "39": 19980.1, "40": 19982, "41": 19983.5, "42": 19994.6, "43": 20004, "44": 20007.5, "45": 20021.2, "46": 20027.6, "47": 20037.9, "48": 20047.3, "49": 20057.8, "50": 20060.9, "51": 20063.7, "52": 20066.3, "53": 20072.9, "54": 20073.6, "55": 20075, "56": 20075.9, "57": 20085, "58": 20085.8, "59": 20090.4, "60": 20093, "61": 20094.1, "62": 20096.6, "63": 20100.5, "64": 20104.7, "65": 20106.9, "66": 20110.1, "67": 20118.2, "68": 20118.3, "69": 20123.5, "70": 20124.5, "71": 20129, "72": 20129.4, "73": 20137.9, "74": 20142.1, "75": 20148.3, "76": 20153.1, "77": 20155.1, "78": 20155.3, "79": 20160.7, "80": 20163.6, "81": 20164, "82": 20167.3, "83": 20169.1, "84": 20174.9, "85": 20175.6, "86": 20176.9, "87": 20178.3, "88": 20179.5, "89": 20182.3, "90": 20182.5, "91": 20186.6, "92": 20186.9, "93": 20189.1, "94": 20194.4, "95": 20195.5, "96": 20196.3, "97": 20197.2, "98": 20205.6, "99": 20206, "100": 20211.5, "101": 20213.6, "102": 20216.6, "103": 20217.6, "104": 20224.5, "105": 20224.6, "106": 20224.8, "107": 20225.8, "108": 20228.4, "109": 20229.4, "110": 20229.5, "111": 20233.3, "112": 20236.3, "113": 20237.5, "114": 20237.6, "115": 20241.2, "116": 20242.9, "117": 20247, "118": 20249, "119": 20251.1, "120": 20253.7, "121": 20256.5, "122": 20260.2, "123": 20261.1, "124": 20261.6, "125": 20264.5, "126": 20266, "127": 20266.3, "128": 20266.5, "129": 20267.4, "130": 20267.7, "131": 20268.4, "132": 20269.8, "133": 20271.7, "134": 20274.8, "135": 20275.1, "136": 20275.4, "137": 20278, "138": 20278.9, "139": 20279.4, "140": 20279.4, "141": 20280.1, "142": 20280.5, "143": 20281.1, "144": 20282.5, "145": 20284.7, "146": 20284.9, "147": 20285.2, "148": 20290.2, "149": 20290.3, "150": 20291.2, "151": 20294.2, "152": 20295.8, "153": 20296.1, "154": 20297.3, "155": 20297.9, "156": 20298.7, "157": 20299.2, "158": 20299.9, "159": 20300.1, "160": 20300.7, "161": 20301.1, "162": 20302.8, "163": 20303.5, "164": 20305.6, "165": 20305.6, "166": 20306.2, "167": 20306.4, "168": 20308, "169": 20312.8, "170": 20313.2, "171": 20317.2, "172": 20317.2, "173": 20317.5, "174": 20317.6, "175": 20317.7, "176": 20318.4, "177": 20318.9, "178": 20320.4, "179": 20320.5, "180": 20321, "181": 20321.5, "182": 20321.6, "183": 20322, "184": 20322.8, "185": 20323.1, "186": 20323.1, "187": 20323.7, "188": 20324.3, "189": 20324.5, "190": 20324.7, "191": 20324.9, "192": 20325.6, "193": 20325.9, "194": 20326.9, "195": 20327.2, "196": 20328.2, "197": 20328.7, "198": 20329.7, "199": 20329.7, "200": 20330.2, "201": 20330.3, "202": 20331.9, "203": 20332.1, "204": 20332.3, "205": 20332.6, "206": 20333.9, "207": 20334.3, "208": 20334.4, "209": 20334.8, "210": 20335.2, "211": 20335.8, "212": 20336, "213": 20336.2, "214": 20336.6, "215": 20337.5, "216": 20337.8, "217": 20338.6, "218": 20339.3, "219": 20339.4, "220": 20340, "221": 20340.1, "222": 20340.7, "223": 20341, "224": 20341.1, "225": 20341.3, "226": 20342.2, "227": 20342.4, "228": 20342.7}, "SolveResult": 0, "UpperBounds": {"1": 20473.6, "2": 20363}, "MaxQueueSize": 71, "VisitedNodes": 457, "BranchingVars": [5, 0, 3, 3, 0, 0, 3, 7, 7, 6, 6, 7, 1, 5, 7, 2, 5, 2, 7, 5, 1, 4, 1, 5, 6, 2, 4, 1, 6, 2, 2, 4, 7, 2, 1, 2, 1, 2, 2, 6, 2, 2, 6, 6, 6, 6, 2, 1, 4, 2, 1, 1, 2, 1, 6, 1, 1, 6, 1, 1, 1, 2, 3, 2, 6, 1, 2, 2, 2, 7, 6, 1, 7, 6, 6, 7, 7, 4, 7, 3, 7, 3, 3, 2, 3, 3, 7, 3, 6, 3, 7, 3, 3, 3, 1, 6, 2, 3, 7, 6, 6, 7, 4, 3, 1, 3, 3, 4, 3, 3, 1, 3, 3, 3, 5, 7, 3, 3, 5, 3, 1, 7, 3, 7, 7, 7, 3, 3, 7, 7, 3, 3, 7, 7, 7, 3, 7, 3, 0, 4, 7, 7, 0, 7, 0, 7, 7, 2, 4, 3, 7, 7, 3, 7, 7, 2, 2, 2, 7, 7, 5, 7, 3, 7, 7, 7, 1, 3, 7, 3, 2, 0, 4, 3, 4, 2, 3, 3, 7, 0, 2, 4, 0, 0, 3, 0, 6, 6, 7, 0, 4, 6, 7, 3, 3, 4, 3, 5, 0, 4, 4, 6, 7, 3, 0, 4, 3, 3, 7, 4, 3, 3, 7, 7, 7, 7, 3, 7, 7, 3, 3, 4, 3, 3, 0, 6, 3, 6], "NonLinearTime": 0.251174, "OptimalityGap": 20.3477,