{"Itbt": 0, "Pace": 0.0114078, "Depth": 12, "Degree": 5, "RPSTime": 0.0959525, "FBBTTime": 0, "OBBTTime": 0, "TotalTime": 0.647697, "Iterations": 77, "LinearTime": 0.46193, "LowerBound": 190.446, "TimeVector": [0.0225008, 0.0385758, 0.0544097, 0.0705971, 0.0863652, 0.093647, 0.101007, 0.117331, 0.124489, 0.131594, 0.138575, 0.144991, 0.152294, 0.159246, 0.166492, 0.184187, 0.191183, 0.197708, 0.204948, 0.211367, 0.218733, 0.225577, 0.232969, 0.240357, 0.247692, 0.254078, 0.260495, 0.26758, 0.274341, 0.281707, 0.288677, 0.304731, 0.311621, 0.318457, 0.325611, 0.332219, 0.338961, 0.345946, 0.352653, 0.359013, 0.366314, 0.373746, 0.381448, 0.389045, 0.39601, 0.403274, 0.410297, 0.41742, 0.424571, 0.431549, 0.439321, 0.446452, 0.453804, 0.461044, 0.468203, 0.475408, 0.483062, 0.490476, 0.497993, 0.505713, 0.512506, 0.519531, 0.527206, 0.543491, 0.550917, 0.557968, 0.564962, 0.572263, 0.579339, 0.586492, 0.594168, 0.602328, 0.610019, 0.617158, 0.624697, 0.632074, 1.27977], "UpperBound": 190.554, "rootBTTime": 0, "LowerBounds": {"1": 133.67, "4": 137.235, "5": 137.263, "6": 138.458, "7": 138.978, "8": 143.178, "9": 144.118, "10": 145.772, "11": 148.871, "12": 149.02, "13": 152.764, "14": 153.385, "15": 155.623, "16": 156.256, "17": 158.906, "18": 159.169, "19": 169.157, "20": 172.451, "21": 173.404, "22": 173.587, "23": 174.899, "24": 175.696, "25": 177.223, "26": 177.389, "27": 177.437, "28": 178.43, "29": 178.667, "30": 180.162, "31": 180.41, "32": 180.598, "33": 181.3, "34": 181.419, "35": 181.844, "36": 183.449, "37": 183.884, "38": 184.672, "39": 185.172, "40": 185.31, "41": 185.371, "42": 185.713, "43": 186.02, "44": 186.043, "45": 186.203, "46": 186.294, "47": 186.721, "48": 187.07, "49": 187.135, "50": 187.203, "51": 187.413, "52": 187.463, "53": 187.839, "54": 187.871, "55": 188.271, "56": 188.504, "57": 188.831, "58": 188.974, "59": 189.042, "60": 189.255, "61": 189.364, "62": 189.454, "63": 189.486, "64": 189.705, "65": 189.91, "66": 189.924, "67": 189.963, "68": 190.018, "69": 190.022, "70": 190.027, "71": 190.028, "72": 190.064, "73": 190.071, "74": 190.094, "75": 190.102, "76": 190.11, "77": 190.446}, "SolveResult": 0, "UpperBounds": {"1": 190.554}, "MaxQueueSize": 21, "VisitedNodes": 155, "BranchingVars": [2, 7, 7, 1, 1, 0, 0, 5, 5, 6, 0, 0, 3, 6, 0, 0, 3, 3, 0, 4, 1, 1, 6, 6, 3, 0, 0, 5, 3, 5, 3, 6, 5, 6, 6, 6, 5, 3, 5, 4, 0, 3, 6, 5, 5, 5, 3, 7, 0, 0, 5, 5, 3, 7, 5, 5, 0, 6, 5, 6, 3, 5, 6, 4, 0, 3, 1, 3, 2, 1, 3, 3, 3, 2, 3, 3, 3], "NonLinearTime": 0.0897933, "OptimalityGap": 0.107546, "BranchingRules": ["sum_rescaled_var_range_weighted_rel", "sum_rescaled_var_range_weighted_rel", "sum_rescaled_var_range_weighted_rel", "sum_rescaled_var_range_weighted_rel", "sum_rescaled_var_range_weighted_rel", "sum_rescaled_var_range_weighted_rel", "sum_rescaled_var_range_weighted_rel", "sum_rescaled_var_range_weighted_rel", "sum_rescaled_var_range_weighted_rel", "sum_rescaled_var_range_weighted_rel", "sum_rescaled_var_range_weighted_rel", "sum_rescaled_var_range_weighted_rel", "sum_rescaled_var_range_weighted_rel", "sum_rescaled_var_range_weighted_rel", "sum_rescaled_var_range_weighted_rel", "sum_rescaled_var_range_weighted_rel", "sum_rescaled_var_range_weighted_rel", "sum_rescaled_var_range_weighted_rel", "sum_rescaled_var_range_weighted_rel", "sum_rescaled_var_range_weighted_rel", "sum_rescaled_var_range_weighted_rel", "sum_rescaled_var_range_weighted_rel", "sum_rescaled_var_range_weighted_rel", "sum_rescaled_var_range_weighted_rel", "sum_rescaled_var_range_weighted_rel", "sum_rescaled_var_range_weighted_rel", "sum_rescaled_var_range_weighted_rel", "sum_rescaled_var_range_weighted_rel", "sum_rescaled_var_range_weighted_rel", "sum_rescaled_var_range_weighted_rel", "sum_rescaled_var_range_weighted_rel", "sum_rescaled_var_range_weighted_rel", "sum_rescaled_var_range_weighted_rel", "sum_rescaled_var_range_weighted_rel", "sum_rescaled_var_range_weighted_rel", "sum_rescaled_var_range_weighted_rel", "sum_rescaled_var_range_weighted_rel", "sum_rescaled_var_range_weighted_rel", "sum_rescaled_var_range_weighted_rel", "sum_rescaled_var_range_weighted_rel", "sum_rescaled_var_range_weighted_rel", "sum_rescaled_var_range_weighted_rel", "sum_rescaled_var_range_weighted_rel", "sum_rescaled_var_range_weighted_rel", "sum_rescaled_var_range_weighted_rel", "sum_rescaled_var_range_weighted_rel", "sum_rescaled_var_range_weighted_rel", "sum_rescaled_var_range_weighted_rel", "sum_rescaled_var_range_weighted_rel", "sum_rescaled_var_range_weighted_rel", "sum_rescaled_var_range_weighted_rel", "sum_rescaled_var_range_weighted_rel", "sum_rescaled_var_range_weighted_rel", "sum_rescaled_var_range_weighted_rel", "sum_rescaled_var_range_weighted_rel", "sum_rescaled_var_range_weighted_rel", "sum_rescaled_var_range_weighted_rel", "sum_rescaled_var_range_weighted_rel", "sum_rescaled_var_range_weighted_rel", "sum_rescaled_var_range_weighted_rel", "sum_rescaled_var_range_weighted_rel", "sum_rescaled_var_range_weighted_rel", "sum_rescaled_var_range_weighted_rel", "sum_rescaled_var_range_weighted_rel", "sum_rescaled_var_range_weighted_rel", "sum_rescaled_var_range_weighted_rel", "sum_rescaled_var_range_weighted_rel", "sum_rescaled_var_range_weighted_rel", "sum_rescaled_var_range_weighted_rel", "sum_rescaled_var_range_weighted_rel", "sum_rescaled_var_range_weighted_rel", "sum_rescaled_var_range_weighted_rel", "sum_rescaled_var_range_weighted_rel", "sum_rescaled_var_range_weighted_rel", "sum_rescaled_var_range_weighted_rel", "sum_rescaled_var_range_weighted_rel", "sum_rescaled_var_range_weighted_rel"], "LBImprovements": [0, 3.59289, 3.56526, 5.94236, 6.85511, 34.946, 34.609, 12.4453, 4.90169, 3.09851, 29.7965, 34.4289, 25.6664, 5.52105, 36.4375, 39.9906, 27.3882, 13.2812, 48.2941, 4.9387, 7.19411, 7.83153, 2.32361, 4.46645, 12.4817, 23.8321, 20.4656, 6.94043, 5.21635, 10.4274, 12.7805, 5.11511, 5.90257, 3.8914, 4.8763, 4.39044, 3.18651, 24.1903, 3.65919, 0.892929, 5.07541, 14.36, 2.25097, 16.1461, 5.0758, 5.13101, 15.4623, 1.90347, 8.95774, 12.7004, 13.3753, 8.4252, 15.7688, 2.22328, 9.45936, 4.41591, 14.1813, 0.512441, 9.84756, 0.707687, 19.9344, 0, 0.53599, 1.78696, 13.6102, 4.85106, 0.0550012, 0.468934, 0.0802635, 0.0370634, 0.512802, 0.792485, 0.809325, 0.615121, 0.562944, 0.545825, 0.737673], "InfeasibleNodes": 3, "ElapsedTimeCoeffs": 0, "LinearizationTime": 0.000598111, "NumberOfVariables": 8, "CallsToLinearSolver": 155, "LinearGenerationTime": 0.0707271, "SDPCutsGenerationTime": 0, "CallsToNonLinearSolver": 10, "StrongBranchingExtraTime": 0, "ElapsedTimeWeightedCoeffs": 0, "NodesDiscardedByFathoming": 0, "NodesDiscardedByTolerance": 75, "BoundFactorConstraintsTime": 0.0487762, "ElapsedTimeVarsInConstraints": 0, "meanBTRelativeChangeRootNode": 0, "NumberOfBoundFactorConstraints": 86, "NumberOfLAPACKConvergenceFailures": 0, "NumberOfRLTVariablesAfterLinearization": 55}