{"Itbt": 0, "Pace": 0.166777, "Depth": 13, "Degree": 4, "RPSTime": 36.6118, "FBBTTime": 0, "OBBTTime": 0, "TotalTime": 724.905, "Iterations": 173, "LinearTime": 98.7344, "LowerBound": 2827.91, "TimeVector": [5.09132, 9.25362, 13.6114, 17.5704, 22.0061, 25.9152, 30.6594, 35.0307, 39.2972, 43.5277, 47.7691, 52.127, 56.6952, 61.0036, 65.079, 69.4964, 73.733, 78.2225, 82.7079, 86.9321, 91.2431, 95.6253, 99.7965, 104.403, 108.911, 113.292, 117.73, 121.897, 125.858, 130.201, 134.442, 138.636, 142.953, 147.195, 151.203, 155.405, 159.67, 163.998, 168.119, 172.247, 176.633, 181.089, 185.246, 189.813, 193.845, 198.169, 202.151, 206.649, 211.359, 215.736, 219.959, 224.188, 228.641, 232.784, 236.719, 241.343, 245.715, 249.723, 254.133, 258.736, 263.038, 267.13, 271.13, 275.196, 279.589, 283.557, 287.727, 291.624, 295.791, 300.217, 304.284, 308.361, 312.916, 317.085, 321.453, 325.569, 329.742, 334.036, 338.381, 342.211, 346.404, 350.845, 355.312, 359.306, 363.216, 367.342, 371.815, 375.471, 379.328, 383.571, 387.693, 391.702, 395.67, 399.954, 404.37, 408.887, 413.007, 417.225, 421.421, 425.537, 430.068, 433.894, 437.923, 442.105, 445.835, 449.97, 453.613, 458.117, 462.238, 466.154, 469.951, 474.123, 478.091, 482.561, 486.787, 490.925, 495.681, 499.414, 503.151, 507.409, 511.474, 515.806, 520.183, 524.46, 528.763, 532.76, 536.501, 540.43, 544.764, 548.929, 552.88, 557.146, 561.338, 565.562, 570.068, 574.246, 578.412, 582.992, 586.773, 590.564, 594.929, 599.225, 603.578, 607.876, 612.088, 616.001, 619.714, 623.739, 627.595, 631.885, 636.141, 639.997, 643.903, 648.126, 651.732, 655.503, 659.402, 663.817, 668.106, 672.059, 675.926, 680.293, 684.073, 688.105, 691.687, 696.12, 700.181, 704.526, 708.786, 712.481, 716.497, 720.479, 732.903], "UpperBound": 2830.74, "rootBTTime": 0, "LowerBounds": {"1": 2202.21, "2": 2340.61, "3": 2399.53, "4": 2443, "5": 2473.31, "6": 2517.53, "7": 2536.43, "8": 2560.09, "9": 2595.92, "10": 2600.22, "11": 2600.74, "12": 2614.51, "13": 2629.44, "14": 2637.63, "15": 2637.84, "16": 2643.52, "17": 2651.44, "18": 2652.31, "19": 2669.55, "20": 2673.18, "21": 2687.65, "22": 2689.91, "23": 2691.24, "24": 2703.13, "25": 2703.36, "26": 2707.78, "27": 2710.21, "28": 2711.02, "29": 2715.36, "30": 2715.77, "31": 2718.43, "32": 2724.5, "33": 2726.38, "34": 2726.55, "35": 2730.68, "36": 2735.19, "37": 2739.55, "38": 2740.96, "39": 2743.87, "40": 2749.65, "41": 2752.8, "42": 2754.28, "43": 2756.42, "44": 2757.29, "45": 2759.32, "46": 2759.39, "47": 2760.94, "48": 2761.14, "49": 2761.23, "50": 2762.89, "51": 2764.01, "52": 2765.24, "53": 2767.32, "54": 2768.3, "55": 2769.51, "56": 2769.52, "57": 2770.3, "58": 2774.28, "59": 2775.33, "60": 2776.21, "61": 2776.58, "62": 2776.65, "63": 2777.77, "64": 2778.77, "65": 2779.32, "66": 2780.32, "67": 2780.39, "68": 2781.16, "69": 2782.66, "70": 2785.81, "71": 2786.36, "72": 2788.52, "73": 2788.61, "74": 2788.87, "75": 2788.99, "76": 2790.23, "77": 2790.39, "78": 2790.58, "79": 2791.01, "80": 2791.23, "81": 2791.41, "82": 2793.8, "83": 2795.81, "84": 2796.04, "85": 2797.13, "86": 2797.47, "87": 2797.52, "88": 2798, "89": 2799.9, "90": 2800.66, "91": 2803.11, "92": 2803.36, "93": 2803.43, "94": 2803.56, "95": 2804.01, "96": 2804.45, "97": 2804.51, "98": 2805.28, "99": 2805.43, "100": 2805.78, "101": 2806.46, "102": 2808.33, "103": 2809.48, "104": 2812.81, "105": 2813.21, "106": 2813.27, "107": 2813.61, "108": 2813.61, "109": 2814.31, "110": 2814.58, "111": 2814.69, "112": 2814.82, "113": 2815.07, "114": 2815.34, "115": 2815.85, "116": 2816.93, "117": 2816.97, "118": 2817.21, "119": 2817.46, "120": 2817.59, "121": 2818.01, "122": 2818.2, "123": 2818.34, "124": 2818.38, "125": 2819.08, "126": 2819.18, "127": 2819.32, "128": 2819.99, "129": 2820.05, "130": 2820.27, "131": 2820.44, "132": 2820.53, "133": 2820.62, "134": 2821.21, "135": 2821.49, "136": 2821.58, "137": 2821.7, "138": 2821.91, "139": 2822, "140": 2822.07, "141": 2822.23, "142": 2822.86, "143": 2822.89, "144": 2822.92, "145": 2823.91, "146": 2824.01, "147": 2824.02, "148": 2824.19, "149": 2824.48, "150": 2824.57, "151": 2824.62, "152": 2824.97, "153": 2825.1, "154": 2825.23, "155": 2825.27, "156": 2825.33, "157": 2825.57, "158": 2825.59, "159": 2825.83, "160": 2825.96, "161": 2826.11, "162": 2826.12, "163": 2826.27, "164": 2826.68, "165": 2826.75, "166": 2827.05, "167": 2827.21, "168": 2827.21, "169": 2827.33, "170": 2827.34, "171": 2827.37, "172": 2827.46, "173": 2827.91}, "SolveResult": 0, "UpperBounds": {"1": 2830.74}, "MaxQueueSize": 59, "VisitedNodes": 347, "BranchingVars": [11, 10, 7, 0, 7, 7, 10, 10, 7, 8, 0, 3, 0, 2, 1, 1, 2, 1, 1, 2, 2, 1, 3, 9, 1, 8, 9, 2, 2, 1, 3, 9, 3, 8, 11, 7, 3, 7, 3, 0, 8, 9, 8, 0, 0, 8, 6, 2, 1, 3, 7, 8, 1, 8, 7, 1, 1, 3, 2, 9, 6, 8, 7, 9, 2, 9, 8, 8, 3, 8, 7, 11, 9, 2, 2, 9, 2, 8, 1, 11, 0, 8, 7, 0, 8, 11, 7, 11, 0, 11, 1, 11, 0, 9, 9, 0, 0, 2, 8, 8, 7, 8, 11, 9, 2, 2, 1, 7, 6, 0, 7, 10, 7, 9, 9, 7, 7, 7, 1, 9, 7, 9, 1, 1, 7, 2, 9, 6, 7, 0, 8, 7, 6, 8, 3, 6, 0, 9, 1, 7, 8, 0, 1, 9, 3, 0, 7, 3, 1, 3, 1, 7, 11, 7, 7, 1, 0, 11, 11, 7, 0, 9, 1, 0, 7, 11, 7, 3, 2, 10, 6, 0, 2], "NonLinearTime": 0.28151, "OptimalityGap": 2.82335,