{"Itbt": 0, "Pace": 0.0183535, "Depth": 13, "Degree": 4, "RPSTime": 0.680885, "FBBTTime": 0, "OBBTTime": 0, "TotalTime": 4.01439, "Iterations": 123, "LinearTime": 0.465688, "LowerBound": 85.1786, "TimeVector": [0.0473308, 0.0877349, 0.131721, 0.172777, 0.214001, 0.245985, 0.280065, 0.320383, 0.351238, 0.384189, 0.415007, 0.444804, 0.4742, 0.505647, 0.534174, 0.571188, 0.601669, 0.634568, 0.668953, 0.698681, 0.730415, 0.760708, 0.791829, 0.825042, 0.860671, 0.891143, 0.926637, 0.958901, 0.992997, 1.02269, 1.05447, 1.09239, 1.12217, 1.15206, 1.1829, 1.21647, 1.24639, 1.27655, 1.3056, 1.33661, 1.37081, 1.40126, 1.4325, 1.46306, 1.49709, 1.53093, 1.56555, 1.59797, 1.63293, 1.66781, 1.69944, 1.72711, 1.75784, 1.7861, 1.81898, 1.85008, 1.88124, 1.91024, 1.94119, 1.96961, 1.99963, 2.03157, 2.06317, 2.10229, 2.13415, 2.16455, 2.19859, 2.23057, 2.26594, 2.29745, 2.32813, 2.36209, 2.39184, 2.42595, 2.45829, 2.49428, 2.52084, 2.55075, 2.58309, 2.61898, 2.65087, 2.68534, 2.71442, 2.74386, 2.77579, 2.80628, 2.83692, 2.86669, 2.89275, 2.92521, 2.9605, 2.98946, 3.02201, 3.05637, 3.09002, 3.12137, 3.15678, 3.19158, 3.22009, 3.24959, 3.2874, 3.32311, 3.35705, 3.38678, 3.41797, 3.4513, 3.48465, 3.51464, 3.5468, 3.58005, 3.61334, 3.64616, 3.67981, 3.71337, 3.74799, 3.77821, 3.81516, 3.84495, 3.87519, 3.90896, 3.93759, 3.97003, 7.98442], "UpperBound": 85.2595, "rootBTTime": 0, "LowerBounds": {"1": 49.4944, "2": 55.442, "3": 60.5598, "4": 64.7087, "5": 66.054, "6": 66.8107, "7": 67.4642, "8": 69.5997, "9": 70.5117, "10": 72.3046, "11": 72.6366, "12": 74.6758, "13": 75.2212, "14": 75.9837, "15": 76.6846, "16": 76.6846, "17": 77.2826, "18": 77.7232, "19": 78.3752, "20": 78.4361, "21": 78.5878, "22": 78.5939, "23": 79.1599, "24": 79.5027, "25": 79.83, "26": 79.9674, "27": 80.0692, "28": 80.0873, "29": 80.1302, "30": 80.4546, "31": 80.4581, "32": 80.542, "33": 80.7388, "34": 81.1338, "35": 81.718, "36": 82.3549, "37": 82.3834, "38": 82.4196, "39": 82.4392, "40": 82.4392, "41": 82.6724, "42": 82.7904, "43": 82.8353, "44": 82.9214, "45": 82.9262, "46": 83.1346, "47": 83.1703, "48": 83.2121, "49": 83.3443, "50": 83.3825, "51": 83.4698, "52": 83.4919, "53": 83.4964, "54": 83.5341, "55": 83.6298, "56": 83.6581, "57": 83.6685, "58": 83.7761, "59": 83.8171, "60": 83.9054, "61": 84.1665, "62": 84.2324, "63": 84.3201, "64": 84.3388, "65": 84.357, "66": 84.3751, "67": 84.4557, "68": 84.5081, "69": 84.5097, "70": 84.5099, "71": 84.5165, "72": 84.5375, "73": 84.5419, "74": 84.6448, "75": 84.6823, "76": 84.6933, "77": 84.7604, "78": 84.788, "79": 84.791, "80": 84.7921, "81": 84.7924, "82": 84.7944, "83": 84.8166, "84": 84.8558, "85": 84.8871, "86": 84.8929, "87": 84.9144, "88": 84.9237, "89": 84.9237, "90": 84.9281, "91": 84.9321, "92": 84.9397, "93": 84.9481, "94": 84.9601, "95": 84.9698, "96": 84.9704, "97": 84.9885, "98": 84.989, "99": 85.0042, "100": 85.0042, "101": 85.0132, "102": 85.0208, "103": 85.0255, "104": 85.037, "105": 85.0442, "106": 85.0478, "107": 85.0505, "108": 85.0666, "109": 85.0715, "110": 85.0885, "111": 85.0914, "112": 85.0945, "113": 85.0978, "114": 85.1013, "115": 85.1045, "116": 85.1052, "117": 85.1114, "118": 85.1233, "119": 85.1263, "120": 85.1295, "121": 85.1331, "122": 85.1331, "123": 85.1786}, "SolveResult": 0, "UpperBounds": {"1": 85.2595}, "MaxQueueSize": 37, "VisitedNodes": 247, "BranchingVars": [5, 0, 1, 1, 1, 0, 0, 6, 9, 5, 9, 5, 6, 6, 8, 8, 7, 9, 6, 7, 9, 2, 9, 9, 9, 8, 9, 9, 8, 8, 8, 8, 9, 8, 8, 8, 7, 1, 1, 1, 8, 8, 8, 8, 8, 1, 1, 1, 1, 1, 1, 7, 1, 8, 1, 1, 1, 8, 1, 8, 5, 1, 5, 6, 6, 5, 6, 0, 2, 8, 6, 5, 8, 6, 6, 5, 8, 5, 9, 9, 9, 9, 4, 4, 7, 4, 0, 0, 0, 4, 9, 4, 0, 6, 9, 0, 6, 0, 0, 0, 6, 5, 9, 0, 7, 7, 6, 0, 4, 1, 6, 1, 5, 7, 6, 0, 0, 0, 8, 9, 7, 7, 6], "NonLinearTime": 0.0892446, "OptimalityGap": 0.0809116, "BranchingRules": ["eigen_cen_alternative_rel", "sum_rescaled_var_range_weighted_rel", "eigen_cen_alternative_rel", "eigen_cen_alternative_rel", "eigen_cen_alternative_rel", "eigen_cen_alternative_rel", "eigen_cen_alternative_rel", "eigen_cen_alternative_rel", "eigen_cen_alternative_rel", "sum_dual_weighted_plus1", "eigen_cen_alternative_rel", "eigen_cen_alternative_rel", "eigen_cen_alternative_rel", "eigen_cen_alternative_rel", "eigen_cen_alternative_rel", "eigen_cen_alternative_rel", "eigen_cen_alternative_rel", "eigen_cen_alternative_rel", "eigen_cen_alternative_rel", "eigen_cen_alternative_rel", "eigen_cen_alternative_rel", "eigen_cen_alternative_rel", "eigen_cen_alternative_rel", "eigen_cen_alternative_rel", "eigen_cen_alternative_rel", "sum_rescaled_var_range_weighted_rel", "eigen_cen_alternative_rel", "eigen_cen_alternative_rel", "sum_rescaled_var_range_weighted_rel", "sum_rescaled_var_range_weighted_rel", "eigen_cen_alternative_rel", "eigen_cen_alternative_rel", "eigen_cen_alternative_rel", "eigen_cen_alternative_rel", "eigen_cen_alternative_rel", "sum_rescaled_var_range_weighted_rel", "eigen_cen_alternative_rel", "eigen_cen_alternative_rel", "eigen_cen_alternative_rel", "eigen_cen_alternative_rel", "eigen_cen_alternative_rel", "sum_rescaled_var_range_weighted_rel", "eigen_cen_alternative_rel", "eigen_cen_alternative_rel", "eigen_cen_alternative_rel", "eigen_cen_alternative_rel", "eigen_cen_alternative_rel", "eigen_cen_alternative_rel", "eigen_cen_alternative_rel", "eigen_cen_alternative_rel", "eigen_cen_alternative_rel", "eigen_cen_alternative_rel", "eigen_cen_alternative_rel", "eigen_cen_alternative_rel", "eigen_cen_alternative_rel", "eigen_cen_alternative_rel", "eigen_cen_alternative_rel", "eigen_cen_alternative_rel", "eigen_cen_alternative_rel", "eigen_cen_alternative_rel", "eigen_cen_alternative_rel", "eigen_cen_alternative_rel", "eigen_cen_alternative_rel", "eigen_cen_alternative_rel", "eigen_cen_alternative_rel", "sum_dual_weighted_plus1", "eigen_cen_alternative_rel", "eigen_cen_alternative_rel", "eigen_cen_alternative_rel", "eigen_cen_alternative_rel", "eigen_cen_alternative_rel", "eigen_cen_alternative_rel", "sum_rescaled_var_range_weighted_rel", "eigen_cen_alternative_rel", "eigen_cen_alternative_rel", "eigen_cen_alternative_rel", "eigen_cen_alternative_rel", "eigen_cen_alternative_rel", "eigen_cen_alternative_rel", "eigen_cen_alternative_rel", "eigen_cen_alternative_rel", "eigen_cen_alternative_rel", "sum_rescaled_var_range_weighted_rel", "sum_rescaled_var_range_weighted_rel", "eigen_cen_alternative_rel", "sum_rescaled_var_range_weighted_rel", "eigen_cen_alternative_rel", "eigen_cen_alternative_rel", "eigen_cen_alternative_rel", "sum_rescaled_var_range_weighted_rel", "eigen_cen_alternative_rel", "sum_rescaled_var_range_weighted_rel", "eigen_cen_alternative_rel", "eigen_cen_alternative_rel", "eigen_cen_alternative_rel", "eigen_cen_alternative_rel", "eigen_cen_alternative_rel", "eigen_cen_alternative_rel", "eigen_cen_alternative_rel", "eigen_cen_alternative_rel", "eigen_cen_alternative_rel", "eigen_cen_alternative_rel", "sum_dual_weighted_plus1", "eigen_cen_alternative_rel", "sum_dual_weighted_plus1", "eigen_cen_alternative_rel", "eigen_cen_alternative_rel", "eigen_cen_alternative_rel", "sum_rescaled_var_range_weighted_rel", "eigen_cen_alternative_rel", "eigen_cen_alternative_rel", "eigen_cen_alternative_rel", "eigen_cen_alternative_rel", "eigen_cen_alternative_rel", "eigen_cen_alternative_rel", "eigen_cen_alternative_rel", "eigen_cen_alternative_rel", "eigen_cen_alternative_rel", "eigen_cen_alternative_rel", "eigen_cen_alternative_rel", "sum_rescaled_var_range_weighted_rel", "sum_rescaled_var_range_weighted_rel", "eigen_cen_alternative_rel"],