{"Itbt": 0, "Pace": 0.0766533, "Depth": 11, "Degree": 4, "RPSTime": 214.561, "FBBTTime": 0, "OBBTTime": 0, "TotalTime": 600.017, "Iterations": 226, "LinearTime": 385.053, "LowerBound": 35313.2, "TimeVector": [5.61628, 7.53005, 9.56851, 11.5702, 13.798, 16.0302, 18.1569, 20.4673, 22.9663, 25.178, 27.3955, 29.8484, 32.0676, 34.2883, 36.4447, 38.6529, 40.9575, 43.415, 45.6069, 51.0828, 53.535, 55.7973, 58.3674, 60.8108, 62.9475, 65.7416, 68.4121, 70.9144, 73.1888, 75.6713, 78.0471, 80.3896, 82.7617, 85.2269, 87.3537, 89.4112, 91.8538, 94.1734, 96.6035, 99.369, 101.703, 104.079, 107.209, 109.826, 112.216, 114.95, 117.542, 124.44, 126.77, 129.282, 131.575, 133.938, 136.335, 138.682, 140.992, 143.53, 145.934, 148.438, 150.802, 153.194, 155.503, 157.992, 160.857, 163.416, 166.328, 170.204, 172.612, 174.954, 177.645, 180.027, 182.235, 184.601, 187.312, 189.748, 197.47, 200.094, 207.592, 210.054, 212.798, 215.366, 217.646, 220.366, 223.055, 225.306, 227.961, 230.996, 233.642, 236.136, 238.522, 241.006, 243.698, 246.515, 249.088, 251.544, 254.216, 256.621, 259.061, 261.339, 264.55, 267.152, 269.719, 272.154, 274.407, 276.797, 279.217, 281.75, 284.373, 286.887, 289.93, 292.499, 294.889, 297.213, 299.654, 302.68, 305.311, 308.192, 310.595, 313.126, 315.466, 318.907, 321.243, 323.938, 326.512, 329.082, 331.792, 334.422, 336.916, 339.604, 342.155, 344.75, 348.027, 350.297, 352.617, 355.131, 357.861, 360.452, 362.988, 365.854, 368.325, 371.239, 373.653, 376.499, 378.998, 381.664, 384.256, 386.647, 389.663, 392.357, 394.835, 397.296, 399.978, 403.086, 405.643, 408.144, 410.587, 413.692, 416.419, 418.843, 421.677, 426.336, 428.767, 431.153, 433.921, 436.599, 439.094, 441.758, 444.131, 447.019, 449.934, 452.566, 455.052, 457.484, 459.85, 462.184, 464.692, 467.097, 469.392, 472.487, 474.941, 477.494, 479.775, 482.212, 485.29, 488.028, 491.221, 493.948, 496.525, 499.283, 501.642, 504.367, 506.755, 509.207, 512.096, 514.426, 516.88, 519.473, 522.208, 524.642, 528.996, 531.815, 534.209, 536.992, 539.343, 542.098, 544.763, 547.23, 550.012, 552.919, 556.173, 558.814, 561.45, 564.126, 566.401, 568.84, 571.159, 573.49, 575.732, 578.48, 580.775, 583.497, 586.365, 589.594, 591.951, 594.364, 597.698, 603.352], "UpperBound": 37044.2, "rootBTTime": 0, "LowerBounds": {"1": 27485.7, "2": 29226.4, "3": 30400.4, "4": 30507.9, "5": 31160.6, "6": 31590, "7": 31750.4, "8": 31820.5, "9": 32150.2, "10": 32396.9, "11": 32439, "12": 32497.3, "13": 32537.9, "14": 32581.6, "15": 32715.8, "16": 32862.4, "17": 32872.5, "18": 33073.2, "19": 33173.6, "20": 33195, "21": 33230.7, "22": 33269.3, "23": 33299.9, "24": 33309.9, "25": 33333.4, "26": 33551.4, "27": 33552.4, "28": 33579.6, "29": 33587.4, "30": 33653.9, "31": 33714.4, "32": 33753.5, "33": 33785.4, "34": 33794.4, "35": 33801.1, "36": 33846.1, "37": 33854.1, "38": 33862.2, "39": 33897.1, "40": 33923.2, "41": 33929.1, "42": 33930.7, "43": 33950.9, "44": 33964.7, "45": 34000.3, "46": 34021.2, "47": 34052.9, "48": 34053.2, "49": 34069.4, "50": 34088.6, "51": 34171.7, "52": 34206.4, "53": 34217.5, "54": 34222.6, "55": 34231, "56": 34243.5, "57": 34256.3, "58": 34276.6, "59": 34316.5, "60": 34319.1, "61": 34359.3, "62": 34365.2, "63": 34377.8, "64": 34379.3, "65": 34383.8, "66": 34388.1, "67": 34390.4, "68": 34399.9, "69": 34400.9, "70": 34403.3, "71": 34419.7, "72": 34421.2, "73": 34426.9, "74": 34430, "75": 34444.8, "76": 34449, "77": 34453, "78": 34465.8, "79": 34467.2, "80": 34479, "81": 34511.8, "82": 34517.1, "83": 34542.6, "84": 34553.4, "85": 34562, "86": 34570.4, "87": 34571.1, "88": 34589.5, "89": 34600, "90": 34606.5, "91": 34619, "92": 34629.9, "93": 34656, "94": 34661.9, "95": 34665.8, "96": 34673.6, "97": 34676, "98": 34682.7, "99": 34683.6, "100": 34705.5, "101": 34719.2, "102": 34728.9, "103": 34753.4, "104": 34755.6, "105": 34761, "106": 34764.2, "107": 34771.9, "108": 34772.5, "109": 34778.5, "110": 34789.1, "111": 34790.2, "112": 34809.2, "113": 34811.7, "114": 34825, "115": 34839.1, "116": 34842.4, "117": 34845.8, "118": 34850.4, "119": 34852.3, "120": 34867.3, "121": 34869.7, "122": 34870.7, "123": 34870.7, "124": 34875.3, "125": 34876.2, "126": 34878.4, "127": 34880.8, "128": 34881.8, "129": 34890.8, "130": 34898.5, "131": 34940.3, "132": 34944.1, "133": 34945.1, "134": 34945.5, "135": 34949.4, "136": 34955.4, "137": 34959, "138": 34967.5, "139": 34971.2, "140": 34972.5, "141": 34974.4, "142": 34979, "143": 35008.8, "144": 35018.1, "145": 35021.6, "146": 35022.1, "147": 35035.4, "148": 35036.6, "149": 35039.5, "150": 35041, "151": 35041.7, "152": 35046.2, "153": 35047.1, "154": 35047.1, "155": 35051.1, "156": 35059.2, "157": 35061.9, "158": 35066, "159": 35068.4, "160": 35079.2, "161": 35093.1, "162": 35096.7, "163": 35098.7, "164": 35101, "165": 35105.7, "166": 35108.8, "167": 35111.5, "168": 35113.4, "169": 35118.5, "170": 35119, "171": 35119.8, "172": 35121.2, "173": 35127.9, "174": 35144.9, "175": 35148.8, "176": 35152.2, "177": 35153, "178": 35153.5, "179": 35156.4, "180": 35161.4, "181": 35166.6, "182": 35168.2, "183": 35168.5, "184": 35173.1, "185": 35176.6, "186": 35188.7, "187": 35189.9, "188": 35191.9, "189": 35200.5, "190": 35200.6, "191": 35202.3, "192": 35202.6, "193": 35208.3, "194": 35208.9, "195": 35210.5, "196": 35213.8, "197": 35214.6, "198": 35220.5, "199": 35228.7, "200": 35229, "201": 35233.8, "202": 35238.6, "203": 35239.5, "204": 35241.6, "205": 35243.2, "206": 35244.3, "207": 35248.7, "208": 35250.3, "209": 35252.7, "210": 35254.4, "211": 35257, "212": 35258.2, "213": 35259.7, "214": 35284.5, "215": 35286.1, "216": 35287.3, "217": 35294.3, "218": 35295.7, "219": 35296.4, "220": 35302.6, "221": 35306.1, "222": 35306.4, "223": 35308.9, "224": 35309.7, "225": 35313, "226": 35313.2}, "SolveResult": 402, "UpperBounds": {"1": 37044.2}, "MaxQueueSize": 226, "VisitedNodes": 453, "BranchingVars": [10, 7, 7, 1, 8, 11, 11, 4, 1, 4, 5, 8, 6, 5, 6, 0, 5, 11, 6, 6, 4, 8, 5, 0, 3, 4, 6, 0, 9, 9, 5, 8, 4, 4, 4, 11, 9, 6, 4, 9, 3, 1, 6, 5, 9, 11, 8, 3, 9, 9, 4, 1, 0, 4, 9, 9, 3, 5, 3, 9, 0, 8, 4, 3, 6, 6, 4, 5, 1, 1, 4, 3, 9, 0, 0, 6, 8, 3, 6, 6, 1, 3, 1, 4, 5, 5, 9, 3, 4, 9, 6, 6, 5, 5, 6, 9, 1, 0, 9, 5, 3, 0, 9, 11, 3, 5, 4, 4, 4, 5, 0, 4, 1, 4, 5, 6, 0, 5, 5, 0, 3, 1, 5, 0, 5, 6, 4, 5, 8, 5, 9, 10, 6, 8, 6, 3, 3, 5, 11, 6, 8, 4, 1, 8, 5, 5, 6, 5, 0, 3, 5, 6, 10, 9, 11, 0, 6, 5, 5, 6, 1, 9, 6, 5, 6, 9, 5, 5, 6, 8, 5, 0, 6, 5, 9, 11, 0, 0, 9, 9, 5, 0, 5, 5, 6, 8, 3, 8, 11, 5, 5, 9, 0, 4, 5, 9, 5, 5, 0, 5, 9, 9, 3, 6, 0, 9, 8, 0, 9, 9, 8, 11, 9, 9, 2, 9, 9, 8, 2, 5, 8, 6, 11, 0, 0, 11], "NonLinearTime": 0.40288, "OptimalityGap": 1730.99,