{"Itbt": 0, "Pace": 0.174885, "Depth": 13, "Degree": 4, "RPSTime": 66.5523, "FBBTTime": 0, "OBBTTime": 0, "TotalTime": 231.684, "Iterations": 193, "LinearTime": 164.833, "LowerBound": 16603.5, "TimeVector": [2.168, 3.13167, 4.0359, 5.1065, 6.00078, 6.98964, 8.09241, 9.04412, 10.1241, 11.0576, 12.1406, 13.0916, 14.1366, 15.2069, 16.3262, 17.3378, 18.4183, 19.377, 20.389, 21.4637, 22.4513, 23.5184, 24.5837, 25.6185, 26.7015, 27.6702, 28.7259, 29.8608, 30.8445, 31.8887, 33.0582, 34.2345, 35.3311, 36.4694, 37.5027, 38.597, 39.7437, 40.9552, 42.145, 43.2233, 44.3326, 45.47, 46.6048, 47.7324, 48.7445, 49.7757, 50.9597, 52.1117, 53.3043, 54.3965, 55.4619, 56.5989, 57.7724, 58.8848, 59.9386, 61.0758, 62.1961, 63.2828, 64.4629, 65.6359, 66.8589, 68.0435, 69.1182, 70.2561, 71.4623, 72.6129, 73.8551, 75.0361, 76.1782, 77.4011, 78.3652, 79.5061, 80.7196, 81.8586, 83.0481, 84.3018, 85.5002, 86.5895, 87.7682, 88.9995, 90.1643, 91.3369, 92.5398, 93.6602, 94.8007, 96.0583, 97.288, 98.456, 99.6859, 100.69, 101.874, 103.04, 104.044, 105.18, 106.385, 107.528, 108.744, 109.957, 111.151, 112.306, 113.536, 114.74, 115.955, 117.185, 118.432, 119.581, 120.744, 121.874, 123.124, 124.42, 125.604, 126.827, 128.101, 129.396, 130.634, 131.807, 133.006, 134.101, 135.314, 136.562, 137.786, 138.924, 140.152, 141.337, 142.523, 143.736, 144.874, 146.168, 147.361, 148.655, 149.843, 151.054, 152.316, 153.569, 154.853, 156.135, 157.391, 158.664, 159.933, 161.199, 162.441, 163.726, 165.111, 166.377, 167.699, 168.976, 170.18, 171.396, 172.7, 173.985, 175.288, 176.556, 177.815, 179.11, 180.575, 181.865, 183.208, 184.485, 185.794, 187.121, 188.417, 189.884, 191.219, 192.504, 193.913, 195.207, 196.592, 198.089, 199.408, 200.567, 201.907, 203.212, 204.357, 205.933, 207.352, 208.815, 210.197, 211.511, 212.847, 214.155, 215.5, 216.797, 218.23, 219.573, 220.909, 222.203, 223.558, 224.9, 226.215, 227.597, 228.922, 230.291, 247.82], "UpperBound": 16619.6, "rootBTTime": 0, "LowerBounds": {"1": 15278.7, "2": 15659, "3": 15764.5, "4": 15820.2, "5": 15909.4, "6": 15988.2, "7": 16013.3, "8": 16054.5, "9": 16056.9, "10": 16134, "11": 16144.5, "12": 16152.6, "13": 16156.6, "14": 16182.1, "15": 16202.6, "16": 16211.3, "17": 16222.2, "18": 16256.4, "19": 16258.6, "20": 16290, "21": 16293.7, "22": 16296.4, "23": 16296.9, "24": 16304.6, "25": 16305.7, "26": 16310.4, "27": 16311.3, "28": 16313, "29": 16314.8, "30": 16330.3, "31": 16331, "32": 16344.5, "33": 16364.7, "34": 16378.6, "35": 16404.6, "36": 16408.2, "37": 16409.8, "38": 16412.3, "39": 16423.9, "40": 16424.3, "41": 16424.6, "42": 16435.6, "43": 16435.7, "44": 16436.3, "45": 16438.1, "46": 16439.4, "47": 16443.7, "48": 16447.1, "49": 16448.3, "50": 16450.6, "51": 16451.5, "52": 16454.9, "53": 16468.6, "54": 16469.5, "55": 16472, "56": 16475, "57": 16476.8, "58": 16478.2, "59": 16490.4, "60": 16491.4, "61": 16492.8, "62": 16495.9, "63": 16502.8, "64": 16503.9, "65": 16504.7, "66": 16506.7, "67": 16508.5, "68": 16509, "69": 16510.2, "70": 16510.9, "71": 16511.1, "72": 16511.2, "73": 16514.3, "74": 16515, "75": 16517.7, "76": 16518.1, "77": 16518.3, "78": 16519.6, "79": 16520.5, "80": 16520.9, "81": 16521, "82": 16521.4, "83": 16521.5, "84": 16522.9, "85": 16523.4, "86": 16526.4, "87": 16526.9, "88": 16527.3, "89": 16527.4, "90": 16530.2, "91": 16530.5, "92": 16531.7, "93": 16532, "94": 16534.2, "95": 16537.2, "96": 16539.3, "97": 16539.4, "98": 16539.7, "99": 16542.3, "100": 16542.6, "101": 16543, "102": 16545.6, "103": 16545.8, "104": 16548.4, "105": 16548.8, "106": 16549.4, "107": 16550.8, "108": 16551, "109": 16551.6, "110": 16553.2, "111": 16553.3, "112": 16553.8, "113": 16554.6, "114": 16554.8, "115": 16556.3, "116": 16556.4, "117": 16556.8, "118": 16556.9, "119": 16558.2, "120": 16565.4, "121": 16565.8, "122": 16567.9, "123": 16571.1, "124": 16573, "125": 16573.8, "126": 16574.3, "127": 16574.4, "128": 16574.6, "129": 16576.2, "130": 16577, "131": 16578.1, "132": 16578.6, "133": 16578.9, "134": 16579.7, "135": 16579.8, "136": 16580, "137": 16581.3, "138": 16582, "139": 16582, "140": 16582.8, "141": 16582.9, "142": 16584.5, "143": 16585.4, "144": 16585.5, "145": 16585.9, "146": 16586.1, "147": 16586.8, "148": 16587.3, "149": 16587.4, "150": 16587.9, "151": 16588.2, "152": 16588.9, "153": 16589.2, "154": 16589.8, "155": 16590.1, "156": 16590.2, "157": 16591.1, "158": 16591.2, "159": 16591.6, "160": 16591.9, "161": 16592.6, "162": 16592.7, "163": 16593, "164": 16593, "165": 16593.3, "166": 16593.5, "167": 16593.9, "168": 16594.1, "169": 16594.6, "170": 16595.2, "171": 16595.2, "172": 16595.3, "173": 16595.7, "174": 16595.7, "175": 16596.7, "176": 16596.7, "177": 16596.9, "178": 16597, "179": 16597.4, "180": 16598.5, "181": 16598.5, "182": 16598.6, "183": 16599.1, "184": 16599.3, "185": 16599.6, "186": 16599.6, "187": 16600.2, "188": 16600.9, "189": 16601.2, "190": 16601.5, "191": 16602.1, "192": 16602.4, "193": 16603.5}, "SolveResult": 0, "UpperBounds": {"1": 16619.6}, "MaxQueueSize": 58, "VisitedNodes": 387, "BranchingVars": [4, 7, 9, 9, 11, 7, 10, 9, 2, 1, 11, 11, 2, 10, 2, 3, 11, 6, 10, 3, 7, 11, 3, 2, 3, 1, 3, 3, 11, 10, 3, 3, 3, 10, 2, 2, 3, 10, 10, 0, 1, 8, 10, 0, 7, 7, 1, 10, 8, 1, 10, 11, 7, 11, 0, 10, 0, 2, 7, 8, 8, 2, 1, 2, 2, 8, 3, 11, 10, 8, 11, 1, 1, 3, 1, 8, 8, 10, 10, 8, 0, 3, 10, 2, 7, 2, 10, 8, 1, 2, 10, 1, 6, 0, 10, 3, 4, 1, 1, 1, 1, 10, 3, 11, 8, 9, 10, 1, 4, 8, 0, 7, 3, 4, 1, 3, 8, 1, 3, 4, 7, 8, 3, 8, 5, 2, 5, 4, 7, 0, 4, 7, 3, 0, 0, 8, 0, 10, 0, 0, 8, 8, 4, 1, 0, 10, 5, 9, 5, 8, 7, 0, 0, 10, 0, 8, 3, 1, 1, 10, 8, 0, 10, 3, 10, 4, 10, 10, 9, 2, 0, 10, 6, 3, 1, 10, 2, 4, 8, 11, 4, 8, 3, 5, 8, 4, 8, 8, 10, 1, 11, 8, 3], "NonLinearTime": 0.2982, "OptimalityGap": 16.1126,