{"Itbt": 0, "Pace": 0.132811, "Depth": 10, "Degree": 4, "RPSTime": 186.46, "FBBTTime": 0, "OBBTTime": 0, "TotalTime": 600.706, "Iterations": 192, "LinearTime": 413.904, "LowerBound": 28388, "TimeVector": [5.87535, 8.3119, 10.8048, 13.7674, 16.5405, 19.3439, 21.9686, 24.3627, 27.0175, 29.9712, 32.8064, 36.0506, 38.7807, 41.5698, 44.2184, 47.2987, 49.9571, 52.8074, 55.8262, 58.7679, 61.5704, 64.2813, 67.5464, 70.4452, 73.2433, 75.7682, 79.0531, 81.9593, 84.5619, 87.3174, 89.6392, 92.5503, 95.8068, 98.8548, 101.895, 105.163, 107.592, 110.559, 113.478, 116.276, 119.588, 122.679, 126.171, 129.149, 132.49, 135.767, 139.418, 141.799, 144.534, 147.089, 149.979, 152.703, 155.095, 157.88, 160.52, 163.502, 166.627, 169.922, 172.415, 175.651, 178.402, 185.124, 188.001, 190.806, 193.148, 196.115, 199.306, 202.631, 204.942, 208.04, 210.827, 213.247, 215.884, 218.286, 221.413, 224.646, 227.511, 230.194, 233.229, 236.433, 239.563, 242.745, 245.716, 249.12, 251.938, 255.157, 258.351, 260.917, 263.73, 266.46, 269.611, 272.874, 276.252, 279.723, 283.02, 286.455, 289.691, 292.912, 295.219, 298.168, 300.709, 303.755, 307.147, 310.006, 312.462, 314.977, 318.644, 321.636, 324.696, 327.764, 330.667, 333.029, 338.255, 341.404, 344.596, 349.533, 352.578, 356.068, 358.551, 361.78, 366.589, 369.597, 371.961, 379.465, 383.54, 386.181, 388.882, 391.427, 395.217, 397.531, 400.533, 403.716, 406.447, 409.393, 412.875, 415.812, 418.549, 421.988, 425.207, 427.808, 431.522, 438.175, 441.128, 445.367, 448.491, 450.914, 453.718, 456.151, 458.775, 461.879, 464.717, 470.903, 473.463, 475.954, 479.084, 485.137, 487.636, 490.815, 493.987, 496.328, 498.456, 501.03, 508.028, 511.518, 517.903, 520.94, 523.759, 527.119, 529.747, 532.272, 535.028, 537.795, 540.221, 542.878, 546.069, 549.342, 552.077, 555.25, 558.81, 561.262, 563.957, 566.888, 570.115, 577.531, 580.677, 583.571, 586.373, 589.212, 592.568, 595.33, 598.757, 604.132], "UpperBound": 28977.3, "rootBTTime": 0, "LowerBounds": {"1": 23870.4, "2": 24624, "3": 25387.4, "4": 25652.6, "5": 25841.3, "6": 26200.1, "7": 26300.3, "8": 26343.8, "9": 26528.7, "10": 26557.7, "11": 26742.2, "12": 26744.4, "13": 26794, "14": 26815.9, "15": 26902.1, "16": 26969.3, "17": 26997.1, "18": 27026.1, "19": 27107.3, "20": 27168.2, "21": 27169.3, "22": 27236.3, "23": 27301.8, "24": 27335.8, "25": 27346.8, "26": 27361.5, "27": 27368.7, "28": 27371.1, "29": 27403.9, "30": 27427.2, "31": 27455.4, "32": 27462, "33": 27474.5, "34": 27504.2, "35": 27535.4, "36": 27538.6, "37": 27581.8, "38": 27586.9, "39": 27600.2, "40": 27644, "41": 27656.2, "42": 27663.9, "43": 27710.6, "44": 27715.6, "45": 27726.6, "46": 27728.6, "47": 27734.2, "48": 27736.7, "49": 27739.8, "50": 27740.2, "51": 27746.2, "52": 27755.5, "53": 27773.6, "54": 27782.9, "55": 27798.6, "56": 27800.7, "57": 27816.3, "58": 27830.1, "59": 27830.2, "60": 27844, "61": 27846.7, "62": 27847.5, "63": 27848, "64": 27864, "65": 27879.4, "66": 27888.3, "67": 27893.2, "68": 27909.2, "69": 27909.3, "70": 27913.5, "71": 27916.2, "72": 27930.3, "73": 27931.4, "74": 27937.1, "75": 27937.2, "76": 27937.8, "77": 27961.2, "78": 27977, "79": 27985.8, "80": 27989.9, "81": 27994.1, "82": 28011.7, "83": 28026.9, "84": 28035.9, "85": 28038.6, "86": 28039.1, "87": 28048.1, "88": 28068.6, "89": 28070.7, "90": 28072.8, "91": 28076.6, "92": 28077.3, "93": 28079.6, "94": 28087, "95": 28090, "96": 28091.9, "97": 28101.2, "98": 28109.6, "99": 28117.4, "100": 28125.2, "101": 28128, "102": 28142, "103": 28148.7, "104": 28150.3, "105": 28150.6, "106": 28153.4, "107": 28153.4, "108": 28159.6, "109": 28159.7, "110": 28163.6, "111": 28165.6, "112": 28170.6, "113": 28170.9, "114": 28173.5, "115": 28187.6, "116": 28188, "117": 28189, "118": 28192.4, "119": 28194.8, "120": 28201.5, "121": 28202.3, "122": 28206.9, "123": 28211.8, "124": 28213.2, "125": 28213.3, "126": 28222.3, "127": 28223.5, "128": 28225.1, "129": 28228.7, "130": 28230.1, "131": 28234.9, "132": 28236.4, "133": 28238.8, "134": 28239.6, "135": 28240.6, "136": 28242.8, "137": 28243.5, "138": 28244.1, "139": 28244.6, "140": 28246.3, "141": 28249.6, "142": 28252, "143": 28258.1, "144": 28258.4, "145": 28262.5, "146": 28265.2, "147": 28267.7, "148": 28272, "149": 28272.4, "150": 28272.6, "151": 28273.1, "152": 28279.1, "153": 28281, "154": 28281.5, "155": 28288.5, "156": 28289.3, "157": 28301.2, "158": 28301.7, "159": 28304.2, "160": 28304.4, "161": 28308, "162": 28308.3, "163": 28308.3, "164": 28315, "165": 28323.8, "166": 28324, "167": 28325.5, "168": 28325.7, "169": 28326.1, "170": 28329.3, "171": 28334.4, "172": 28336.4, "173": 28338.9, "174": 28342, "175": 28348.9, "176": 28352.2, "177": 28355.5, "178": 28356.2, "179": 28357.5, "180": 28359.4, "181": 28362.9, "182": 28363.1, "183": 28366.2, "184": 28369.6, "185": 28372.7, "186": 28373.3, "187": 28373.7, "188": 28373.8, "189": 28377.1, "190": 28386.7, "191": 28386.9, "192": 28388}, "SolveResult": 402, "UpperBounds": {"1": 28977.3}, "MaxQueueSize": 189, "VisitedNodes": 385, "BranchingVars": [6, 8, 8, 5, 1, 0, 0, 0, 0, 9, 9, 1, 1, 1, 3, 3, 3, 0, 1, 0, 0, 1, 9, 0, 9, 1, 9, 9, 9, 3, 9, 5, 2, 5, 2, 3, 3, 3, 3, 5, 9, 3, 3, 5, 3, 3, 10, 2, 1, 1, 1, 3, 1, 3, 5, 9, 5, 1, 9, 9, 3, 3, 1, 9, 9, 10, 5, 10, 5, 3, 3, 3, 3, 3, 9, 5, 9, 5, 9, 9, 9, 2, 3, 3, 3, 10, 10, 10, 3, 2, 2, 4, 10, 3, 9, 10, 5, 2, 3, 3, 7, 1, 7, 10, 2, 2, 5, 9, 10, 4, 10, 2, 9, 3, 5, 5, 5, 10, 2, 5, 9, 5, 2, 10, 4, 10, 10, 2, 10, 10, 2, 10, 10, 10, 7, 5, 7, 6, 9, 2, 10, 6, 5, 5, 5, 5, 4, 2, 10, 3, 7, 10, 7, 10, 6, 10, 10, 5, 1, 10, 10, 10, 7, 7, 6, 1, 5, 1, 7, 4, 5, 6, 10, 5, 10, 4, 10, 1, 10, 7, 1, 7, 1, 8, 10, 6, 10, 10, 4, 4, 5, 8], "NonLinearTime": 0.341207, "OptimalityGap": 589.236,