{"Itbt": 0, "Pace": 0.0221507, "Depth": 14, "Degree": 4, "RPSTime": 0.120099, "FBBTTime": 0, "OBBTTime": 0, "TotalTime": 0.790382, "Iterations": 152, "LinearTime": 0.570748, "LowerBound": 85.1755, "TimeVector": [0.0241645, 0.0373448, 0.0500123, 0.0644379, 0.0777423, 0.0822349, 0.0870446, 0.0995758, 0.103891, 0.108543, 0.112891, 0.117499, 0.121745, 0.126556, 0.131508, 0.144372, 0.14887, 0.152894, 0.157061, 0.161086, 0.165707, 0.169812, 0.174857, 0.179732, 0.184052, 0.188315, 0.192612, 0.197121, 0.201459, 0.205795, 0.210732, 0.223986, 0.228505, 0.232314, 0.236867, 0.241774, 0.246371, 0.250914, 0.255684, 0.259602, 0.263753, 0.267979, 0.272799, 0.277092, 0.281428, 0.285883, 0.290014, 0.29479, 0.299335, 0.303242, 0.307549, 0.312071, 0.31649, 0.321482, 0.325212, 0.329546, 0.333662, 0.338019, 0.342251, 0.34695, 0.351276, 0.355893, 0.360762, 0.373338, 0.378013, 0.383524, 0.387914, 0.392324, 0.396396, 0.400815, 0.405239, 0.409859, 0.414181, 0.418338, 0.423227, 0.427924, 0.432269, 0.437507, 0.442453, 0.446886, 0.451246, 0.455614, 0.459765, 0.464264, 0.468466, 0.472773, 0.477621, 0.482595, 0.486827, 0.491168, 0.495865, 0.500902, 0.505206, 0.510093, 0.514485, 0.51889, 0.523253, 0.528073, 0.532539, 0.537328, 0.541806, 0.546432, 0.550641, 0.555206, 0.559515, 0.5644, 0.568605, 0.573286, 0.578043, 0.582731, 0.586952, 0.591037, 0.595483, 0.600394, 0.604784, 0.609214, 0.613787, 0.618939, 0.62318, 0.628102, 0.632649, 0.637564, 0.642452, 0.647578, 0.65186, 0.656412, 0.660433, 0.673203, 0.677131, 0.681682, 0.686447, 0.690758, 0.69515, 0.699727, 0.704736, 0.708873, 0.712659, 0.716777, 0.721709, 0.726973, 0.731523, 0.735869, 0.740998, 0.745945, 0.750701, 0.754989, 0.759958, 0.764767, 0.768795, 0.773746, 0.777755, 1.56814], "UpperBound": 85.2595, "rootBTTime": 0, "LowerBounds": {"1": 49.4944, "2": 55.442, "3": 59.5717, "4": 60.5598, "5": 62.6092, "6": 66.8107, "7": 67.4642, "8": 68.9699, "9": 70.0901, "10": 71.2973, "11": 71.6369, "12": 73.649, "13": 74.0432, "14": 74.4399, "15": 75.0321, "16": 76.9375, "17": 77.1438, "18": 77.3509, "19": 77.46, "20": 77.758, "21": 77.763, "22": 77.863, "23": 77.989, "24": 78.3752, "25": 78.4395, "26": 78.5939, "27": 78.6888, "28": 79.1209, "29": 79.1599, "30": 79.2354, "31": 79.4768, "32": 79.5027, "33": 80.0873, "34": 80.2962, "35": 80.3002, "36": 80.3377, "37": 80.4846, "38": 80.6148, "39": 80.9141, "40": 80.9454, "41": 81.1045, "42": 81.1338, "43": 81.1668, "44": 81.4213, "45": 81.718, "46": 81.8604, "47": 81.9993, "48": 82.0442, "49": 82.1672, "50": 82.2238, "51": 82.3926, "52": 82.8353, "53": 82.9214, "54": 82.9758, "55": 82.9773, "56": 83.034, "57": 83.0966, "58": 83.1696, "59": 83.2432, "60": 83.3697, "61": 83.3716, "62": 83.4281, "63": 83.4482, "64": 83.4513, "65": 83.4625, "66": 83.4668, "67": 83.4716, "68": 83.5088, "69": 83.5341, "70": 83.59, "71": 83.5912, "72": 83.5951, "73": 83.5988, "74": 83.7761, "75": 83.832, "76": 83.9251, "77": 84.0381, "78": 84.0559, "79": 84.0962, "80": 84.12, "81": 84.1336, "82": 84.1562, "83": 84.1783, "84": 84.1854, "85": 84.233, "86": 84.242, "87": 84.2837, "88": 84.3052, "89": 84.3401, "90": 84.3759, "91": 84.4822, "92": 84.5097, "93": 84.5141, "94": 84.536, "95": 84.5419, "96": 84.5508, "97": 84.5684, "98": 84.5686, "99": 84.6418, "100": 84.6448, "101": 84.6557, "102": 84.6823, "103": 84.7084, "104": 84.7349, "105": 84.7704, "106": 84.774, "107": 84.7865, "108": 84.791, "109": 84.7924, "110": 84.7959, "111": 84.8001, "112": 84.802, "113": 84.8025, "114": 84.8411, "115": 84.845, "116": 84.8643, "117": 84.9011, "118": 84.9107, "119": 84.9117, "120": 84.9363, "121": 84.9517, "122": 84.9598, "123": 84.9601, "124": 84.9779, "125": 84.979, "126": 84.9807, "127": 84.9886, "128": 84.9927, "129": 85.0144, "130": 85.0267, "131": 85.0334, "132": 85.0457, "133": 85.048, "134": 85.0671, "135": 85.0708, "136": 85.0717, "137": 85.077, "138": 85.0887, "139": 85.0965, "140": 85.1117, "141": 85.1139, "142": 85.1147, "143": 85.1173, "144": 85.1181, "145": 85.1254, "146": 85.127, "147": 85.1384, "148": 85.1386, "149": 85.1536, "150": 85.1574, "151": 85.1608, "152": 85.1755}, "SolveResult": 0, "UpperBounds": {"1": 85.2595}, "MaxQueueSize": 45, "VisitedNodes": 305, "BranchingVars": [5, 1, 0, 1, 0, 0, 0, 9, 6, 5, 5, 9, 9, 6, 9, 6, 1, 8, 6, 8, 4, 8, 9, 6, 6, 2, 8, 8, 9, 9, 5, 9, 9, 8, 8, 7, 8, 8, 5, 2, 8, 8, 5, 8, 8, 5, 8, 6, 7, 8, 6, 8, 8, 5, 8, 4, 7, 1, 7, 5, 1, 1, 1, 1, 1, 1, 1, 8, 8, 1, 1, 6, 1, 8, 6, 1, 6, 9, 1, 1, 5, 7, 2, 6, 2, 2, 6, 6, 2, 1, 5, 2, 8, 5, 6, 5, 7, 7, 7, 6, 5, 6, 7, 5, 8, 5, 8, 9, 9, 7, 2, 7, 1, 1, 5, 1, 5, 8, 0, 1, 1, 0, 6, 9, 5, 7, 7, 1, 0, 0, 7, 0, 2, 0, 5, 7, 7, 4, 1, 5, 0, 7, 1, 6, 1, 5, 5, 5, 0, 6, 4, 0], "NonLinearTime": 0.0994983, "OptimalityGap": 0.0840348,