{"Itbt": 0, "Pace": 0.00941028, "Depth": 10, "Degree": 4, "RPSTime": 0.0337385, "FBBTTime": 0, "OBBTTime": 0, "TotalTime": 0.272419, "Iterations": 30, "LinearTime": 0.15326, "LowerBound": -286.924, "TimeVector": [0.0325387, 0.0477165, 0.0627761, 0.0789213, 0.0938553, 0.100082, 0.105857, 0.120661, 0.126719, 0.133192, 0.13894, 0.14512, 0.150593, 0.156359, 0.162741, 0.179029, 0.185062, 0.190943, 0.196999, 0.203341, 0.209564, 0.214899, 0.220643, 0.22722, 0.233372, 0.23939, 0.244868, 0.251112, 0.257095, 0.529514], "UpperBound": -286.72, "rootBTTime": 0, "LowerBounds": {"1": -315.872, "2": -308.091, "3": -304.007, "4": -302.229, "5": -300.071, "6": -298.907, "7": -292.57, "8": -292.33, "9": -291.377, "10": -291.16, "11": -291.07, "12": -289.909, "13": -289.813, "14": -289.716, "15": -289.502, "16": -289.107, "17": -288.856, "18": -288.743, "19": -288.654, "20": -288.597, "21": -288.558, "22": -288.278, "23": -287.967, "24": -287.809, "25": -287.696, "26": -287.565, "27": -287.447, "28": -287.412, "29": -287.345, "30": -286.924}, "SolveResult": 0, "UpperBounds": {"1": -283.871, "2": -286.72}, "MaxQueueSize": 10, "VisitedNodes": 61, "BranchingVars": [3, 9, 2, 3, 3, 3, 2, 5, 2, 3, 5, 2, 3, 3, 5, 5, 5, 2, 5, 5, 7, 2, 5, 2, 3, 3, 2, 3, 3, 3], "NonLinearTime": 0.0854078, "OptimalityGap": 0.203988, "BranchingRules": ["eigen_cen_alternative_rel", "eigen_cen_alternative_rel", "eigen_cen_alternative_rel", "eigen_cen_alternative_rel", "eigen_cen_alternative_rel", "eigen_cen_alternative_rel", "eigen_cen_alternative_rel", "eigen_cen_alternative_rel", "eigen_cen_alternative_rel", "eigen_cen_alternative_rel", "eigen_cen_alternative_rel", "eigen_cen_alternative_rel", "eigen_cen_alternative_rel", "eigen_cen_alternative_rel", "eigen_cen_alternative_rel", "eigen_cen_alternative_rel", "eigen_cen_alternative_rel", "eigen_cen_alternative_rel", "eigen_cen_alternative_rel", "eigen_cen_alternative_rel", "eigen_cen_alternative_rel", "eigen_cen_alternative_rel", "eigen_cen_alternative_rel", "eigen_cen_alternative_rel", "eigen_cen_alternative_rel", "eigen_cen_alternative_rel", "eigen_cen_alternative_rel", "eigen_cen_alternative_rel", "eigen_cen_alternative_rel", "eigen_cen_alternative_rel"], "LBImprovements": [7.78099, 4.08417, 1.7787, 9.65812, 7.74072, 7.74704, 1.50012, 0.952996, 1.66077, 2.50584, 1.2568, 3.43803, 1.53564, 1.74904, 1.69307, 2.39945, 1.51084, 3.95214, 0.0954008, 2.68382, 1.67262, 0.582282, 0.555058, 1.95108, 0.771285, 0.897785, 0.331448, 0.747328, 1.7418, 0.713675], "InfeasibleNodes": 0, "ElapsedTimeCoeffs": 0, "LinearizationTime": 0.000575347, "NumberOfVariables": 12, "CallsToLinearSolver": 61, "LinearGenerationTime": 0.0227414, "SDPCutsGenerationTime": 0, "CallsToNonLinearSolver": 8, "StrongBranchingExtraTime": 0, "ElapsedTimeWeightedCoeffs": 0, "NodesDiscardedByFathoming": 0, "NodesDiscardedByTolerance": 31, "BoundFactorConstraintsTime": 0.0136267, "ElapsedTimeVarsInConstraints": 0, "meanBTRelativeChangeRootNode": 0, "NumberOfBoundFactorConstraints": 100, "NumberOfLAPACKConvergenceFailures": 0, "NumberOfRLTVariablesAfterLinearization": 57}