{"Itbt": 0, "Pace": 0.705716, "Depth": 18, "Degree": 2, "RPSTime": 0.328429, "FBBTTime": 0, "OBBTTime": 0, "TotalTime": 2.68551, "Iterations": 115, "LinearTime": 0.463037, "LowerBound": -1.58251, "TimeVector": [0.63737, 0.812416, 0.8535, 0.878015, 0.903699, 0.919539, 0.935636, 0.960246, 0.975684, 0.99124, 1.00731, 1.02305, 1.03872, 1.0542, 1.07033, 1.09462, 1.11017, 1.12507, 1.14103, 1.15664, 1.17253, 1.18805, 1.20475, 1.22072, 1.23606, 1.25162, 1.26762, 1.28316, 1.29883, 1.31482, 1.32993, 1.3562, 1.37173, 1.38825, 1.40484, 1.42198, 1.43727, 1.45317, 1.46897, 1.48473, 1.50109, 1.51651, 1.53254, 1.54853, 1.56419, 1.57932, 1.59509, 1.61086, 1.62748, 1.64439, 1.65979, 1.67674, 1.69281, 1.70788, 1.72468, 1.74035, 1.75687, 1.77227, 1.78796, 1.80302, 1.81921, 1.83555, 1.85173, 1.87623, 1.89194, 1.90724, 1.92309, 1.93895, 1.95441, 1.97047, 1.98564, 2.00196, 2.01842, 2.03468, 2.0506, 2.06635, 2.08157, 2.09727, 2.11332, 2.12928, 2.14516, 2.16064, 2.17622, 2.19118, 2.20623, 2.22221, 2.23806, 2.25411, 2.26962, 2.28555, 2.30154, 2.31666, 2.33303, 2.34939, 2.36568, 2.38191, 2.39679, 2.41274, 2.42878, 2.44445, 2.45952, 2.47486, 2.48977, 2.50459, 2.5206, 2.53563, 2.55149, 2.56695, 2.58207, 2.59806, 2.61386, 2.62933, 2.64512, 2.661, 5.34651], "UpperBound": -1.58114, "rootBTTime": 0, "LowerBounds": {"1": -3, "6": -2.70861, "7": -2.58794, "8": -2.49702, "9": -2.38532, "10": -2.28571, "11": -2.21182, "12": -2.18082, "13": -2.13173, "14": -2.10148, "15": -2.04366, "16": -1.97959, "17": -1.95146, "18": -1.93246, "19": -1.92287, "20": -1.91922, "21": -1.88466, "22": -1.87526, "23": -1.85589, "24": -1.85161, "25": -1.8484, "26": -1.83226, "27": -1.80914, "28": -1.78833, "29": -1.77825, "30": -1.77385, "31": -1.76134, "32": -1.75946, "33": -1.75906, "34": -1.75596, "35": -1.73367, "36": -1.72572, "37": -1.72298, "38": -1.71727, "39": -1.71713, "40": -1.71531, "41": -1.69457, "42": -1.69246, "43": -1.69002, "44": -1.68211, "45": -1.67694, "46": -1.67608, "47": -1.67238, "48": -1.67114, "49": -1.66732, "50": -1.6649, "51": -1.65701, "52": -1.65691, "53": -1.65332, "54": -1.65233, "55": -1.64741, "56": -1.64579, "57": -1.64137, "58": -1.64049, "59": -1.62715, "60": -1.6263, "61": -1.62609, "62": -1.6245, "63": -1.62385, "64": -1.62247, "65": -1.61945, "66": -1.61739, "67": -1.61694, "68": -1.61507, "69": -1.61244, "70": -1.60771, "71": -1.60748, "72": -1.60598, "73": -1.60476, "74": -1.60178, "75": -1.6015, "76": -1.59975, "77": -1.59956, "78": -1.59834, "79": -1.59833, "80": -1.59731, "81": -1.59608, "82": -1.59557, "83": -1.59539, "84": -1.59535, "85": -1.59372, "86": -1.59254, "87": -1.59013, "88": -1.59007, "89": -1.59003, "90": -1.58993, "91": -1.58952, "92": -1.58948, "93": -1.58939, "94": -1.58911, "95": -1.58778, "96": -1.58746, "97": -1.58678, "98": -1.58638, "99": -1.58633, "100": -1.58609, "101": -1.58602, "102": -1.58556, "103": -1.58518, "104": -1.58511, "105": -1.5849, "106": -1.58481, "107": -1.58422, "110": -1.58355, "111": -1.58348, "112": -1.58348, "114": -1.58336, "115": -1.58251}, "SolveResult": 0, "UpperBounds": {"1": -1.58114}, "MaxQueueSize": 25, "VisitedNodes": 231, "BranchingVars": [0, 1, 1, 1, 0, 0, 1, 0, 5, 5, 4, 4, 4, 0, 0, 5, 0, 5, 0, 4, 5, 4, 4, 4, 0, 0, 4, 4, 1, 4, 1, 1, 1, 1, 4, 0, 1, 5, 6, 4, 0, 1, 4, 0, 4, 4, 0, 5, 0, 1, 0, 0, 0, 1, 1, 6, 1, 1, 0, 4, 0, 4, 0, 4, 6, 5, 4, 5, 1, 4, 4, 1, 0, 6, 0, 0, 4, 1, 5, 1, 4, 4, 4, 0, 4, 4, 1, 0, 4, 0, 0, 1, 0, 1, 0, 0, 3, 0, 0, 4, 1, 0, 1, 4, 6, 4, 4, 1, 1, 4, 3, 0, 0, 1, 4], "NonLinearTime": 0.511326, "OptimalityGap": 0.00137609, "BranchingRules": ["sum_dual_weighted_plus1_rel", "sum_dual_weighted_plus1_rel", "sum_dual_weighted_plus1_rel", "sum_dual_weighted_plus1_rel", "sum_dual_weighted_plus1_rel", "sum_dual_weighted_plus1_rel", "sum_dual_weighted_plus1_rel", "sum_dual_weighted_plus1_rel", "sum_dual_weighted_plus1_rel", "sum_dual_weighted_plus1_rel", "sum_dual_weighted_plus1_rel", "sum_dual_weighted_plus1_rel", "sum_dual_weighted_plus1_rel", "sum_dual_weighted_plus1_rel", "sum_dual_weighted_plus1_rel", "sum_dual_weighted_plus1_rel", "sum_dual_weighted_plus1_rel", "sum_dual_weighted_plus1_rel", "sum_dual_weighted_plus1_rel", "sum_dual_weighted_plus1_rel", "sum_dual_weighted_plus1_rel", "sum_dual_weighted_plus1_rel", "sum_dual_weighted_plus1_rel", "sum_dual_weighted_plus1_rel", "sum_dual_weighted_plus1_rel", "sum_dual_weighted_plus1_rel", "sum_dual_weighted_plus1_rel", "sum_dual_weighted_plus1_rel", "sum_dual_weighted_plus1_rel", "sum_dual_weighted_plus1_rel", "sum_dual_weighted_plus1_rel", "sum_dual_weighted_plus1_rel", "sum_dual_weighted_plus1_rel", "sum_dual_weighted_plus1_rel", "sum_dual_weighted_plus1_rel", "sum_dual_weighted_plus1_rel", "sum_dual_weighted_plus1_rel", "sum_dual_weighted_plus1_rel", "sum_dual_weighted_plus1_rel", "sum_dual_weighted_plus1_rel", "sum_dual_weighted_plus1_rel", "sum_dual_weighted_plus1_rel", "sum_dual_weighted_plus1_rel", "sum_dual_weighted_plus1_rel", "sum_dual_weighted_plus1_rel", "sum_dual_weighted_plus1_rel", "sum_dual_weighted_plus1_rel", "sum_dual_weighted_plus1_rel", "sum_dual_weighted_plus1_rel", "sum_dual_weighted_plus1_rel", "sum_dual_weighted_plus1_rel", "sum_dual_weighted_plus1_rel", "sum_dual_weighted_plus1_rel", "sum_dual_weighted_plus1_rel", "sum_dual_weighted_plus1_rel", "sum_dual_weighted_plus1_rel", "sum_dual_weighted_plus1_rel", "sum_dual_weighted_plus1_rel", "sum_dual_weighted_plus1_rel", "sum_dual_weighted_plus1_rel", "sum_dual_weighted_plus1_rel", "sum_dual_weighted_plus1_rel", "sum_dual_weighted_plus1_rel", "sum_dual_weighted_plus1_rel", "sum_dual_weighted_plus1_rel", "sum_dual_weighted_plus1_rel", "sum_dual_weighted_plus1_rel", "sum_dual_weighted_plus1_rel", "sum_dual_weighted_plus1_rel", "sum_dual_weighted_plus1_rel", "sum_dual_weighted_plus1_rel", "sum_dual_weighted_plus1_rel", "sum_dual_weighted_plus1_rel", "sum_dual_weighted_plus1_rel", "sum_dual_weighted_plus1_rel", "sum_dual_weighted_plus1_rel", "sum_dual_weighted_plus1_rel", "sum_dual_weighted_plus1_rel", "sum_dual_weighted_plus1_rel", "sum_dual_weighted_plus1_rel", "sum_dual_weighted_plus1_rel", "sum_dual_weighted_plus1_rel", "sum_dual_weighted_plus1_rel", "sum_dual_weighted_plus1_rel", "sum_dual_weighted_plus1_rel", "sum_dual_weighted_plus1_rel", "sum_dual_weighted_plus1_rel", "sum_dual_weighted_plus1_rel", "sum_dual_weighted_plus1_rel", "sum_dual_weighted_plus1_rel", "sum_dual_weighted_plus1_rel", "sum_dual_weighted_plus1_rel", "sum_dual_weighted_plus1_rel", "sum_dual_weighted_plus1_rel", "sum_dual_weighted_plus1_rel", "sum_dual_weighted_plus1_rel", "sum_dual_weighted_plus1_rel", "sum_dual_weighted_plus1_rel", "sum_dual_weighted_plus1_rel", "sum_dual_weighted_plus1_rel", "sum_dual_weighted_plus1_rel", "sum_dual_weighted_plus1_rel", "sum_dual_weighted_plus1_rel", "sum_dual_weighted_plus1_rel", "sum_dual_weighted_plus1_rel", "sum_dual_weighted_plus1_rel", "sum_dual_weighted_plus1_rel", "sum_dual_weighted_plus1_rel", "sum_dual_weighted_plus1_rel", "sum_dual_weighted_plus1_rel", "sum_dual_weighted_plus1_rel", "sum_dual_weighted_plus1_rel", "sum_dual_weighted_plus1_rel", "sum_dual_weighted_plus1_rel", "sum_dual_weighted_plus1_rel"],