{"Itbt": 0, "Pace": 0.0000693282, "Depth": 11, "Degree": 4, "RPSTime": 0.0119958, "FBBTTime": 0, "OBBTTime": 0, "TotalTime": 0.574465, "Iterations": 19, "LinearTime": 0.370131, "LowerBound": -118.768, "TimeVector": [0.49137, 0.502119, 0.51162, 0.521435, 0.530769, 0.532459, 0.534015, 0.542915, 0.544518, 0.546095, 0.547624, 0.549122, 0.550678, 0.552212, 0.553763, 0.562522, 0.564148, 0.565682, 1.14015], "UpperBound": -118.705, "rootBTTime": 0, "LowerBounds": {"1": -8108, "2": -2953.09, "3": -763.68, "4": -252.945, "5": -184.542, "6": -138.923, "7": -138.174, "8": -137.925, "9": -124.007, "10": -121.262, "11": -120.58, "12": -120.541, "13": -119.928, "14": -119.19, "15": -118.936, "16": -118.902, "17": -118.889, "18": -118.877, "19": -118.768}, "SolveResult": 0, "UpperBounds": {"1": -86.4222, "2": -118.705}, "MaxQueueSize": 4, "VisitedNodes": 39, "BranchingVars": [0, 0, 0, 0, 0, 0, 1, 1, 1, 0, 1, 1, 1, 0, 0, 1, 1, 1, 0], "NonLinearTime": 0.178523, "OptimalityGap": 0.0627292, "BranchingRules": ["eigen_cen_alternative_rel", "eigen_cen_alternative_rel", "eigen_cen_alternative_rel", "eigen_cen_alternative_rel", "eigen_cen_alternative_rel", "eigen_cen_alternative_rel", "eigen_cen_alternative_rel", "eigen_cen_alternative_rel", "eigen_cen_alternative_rel", "eigen_cen_alternative_rel", "eigen_cen_alternative_rel", "eigen_cen_alternative_rel", "eigen_cen_alternative_rel", "eigen_cen_alternative_rel", "eigen_cen_alternative_rel", "eigen_cen_alternative_rel", "eigen_cen_alternative_rel", "eigen_cen_alternative_rel", "eigen_cen_alternative_rel"], "LBImprovements": [5154.91, 2189.41, 510.735, 68.4025, 45.6194, 0.748527, 16.9118, 19.4851, 6.68587, 0.720983, 1.70352, 1.35119, 1.25756, 0.288103, 0.0587436, 0.134515, 0.370475, 0.143998, 1.11987], "InfeasibleNodes": 0, "ElapsedTimeCoeffs": 0, "LinearizationTime": 0.000014773, "NumberOfVariables": 2, "CallsToLinearSolver": 39, "LinearGenerationTime": 0.122219, "SDPCutsGenerationTime": 0, "CallsToNonLinearSolver": 8, "StrongBranchingExtraTime": 0.0205852, "ElapsedTimeWeightedCoeffs": 0, "NodesDiscardedByFathoming": 0, "NodesDiscardedByTolerance": 20, "BoundFactorConstraintsTime": 0.000733427, "ElapsedTimeVarsInConstraints": 0.000004674, "meanBTRelativeChangeRootNode": 0, "NumberOfBoundFactorConstraints": 8, "NumberOfLAPACKConvergenceFailures": 0, "NumberOfRLTVariablesAfterLinearization": 4}