{"Itbt": 0, "Pace": 0.00084366, "Depth": 16, "Degree": 3, "RPSTime": 0.553681, "FBBTTime": 0, "OBBTTime": 0, "TotalTime": 3.31166, "Iterations": 237, "LinearTime": 0.481775, "LowerBound": -1162.37, "TimeVector": [0.498371, 0.519197, 0.539282, 0.559923, 0.580428, 0.592091, 0.603729, 0.624214, 0.636397, 0.64802, 0.659663, 0.671363, 0.683145, 0.695234, 0.706941, 0.726433, 0.738907, 0.750822, 0.762628, 0.775095, 0.786941, 0.798891, 0.810282, 0.822112, 0.833877, 0.845757, 0.858226, 0.869981, 0.882443, 0.894381, 0.905785, 0.925614, 0.937851, 0.949907, 0.96156, 0.973361, 0.98523, 0.996863, 1.00886, 1.02035, 1.03199, 1.04439, 1.05596, 1.06783, 1.0793, 1.09092, 1.1024, 1.11398, 1.12566, 1.13772, 1.14927, 1.16097, 1.17275, 1.18457, 1.19612, 1.20782, 1.21929, 1.23086, 1.24235, 1.25443, 1.26698, 1.27829, 1.28984, 1.30944, 1.3208, 1.33245, 1.34442, 1.35607, 1.36775, 1.37955, 1.39208, 1.40417, 1.41555, 1.42702, 1.43867, 1.45045, 1.46246, 1.47401, 1.48559, 1.49747, 1.50918, 1.52102, 1.53358, 1.5447, 1.55607, 1.56782, 1.58049, 1.59214, 1.60225, 1.61296, 1.6237, 1.63546, 1.6469, 1.65789, 1.66941, 1.68119, 1.69288, 1.70492, 1.71635, 1.72776, 1.7399, 1.75136, 1.76276, 1.77418, 1.78572, 1.79667, 1.8085, 1.82083, 1.83272, 1.84506, 1.85683, 1.8683, 1.87963, 1.89079, 1.90255, 1.91408, 1.92589, 1.93753, 1.94891, 1.96047, 1.97199, 1.98349, 1.99467, 2.00635, 2.01785, 2.02971, 2.04144, 2.06079, 2.07298, 2.08442, 2.09617, 2.10765, 2.11936, 2.13066, 2.14319, 2.15509, 2.16635, 2.17687, 2.18793, 2.19824, 2.20971, 2.22095, 2.23233, 2.2449, 2.25597, 2.26708, 2.27842, 2.29134, 2.303, 2.31388, 2.32575, 2.33732, 2.349, 2.36037, 2.37237, 2.38381, 2.39534, 2.40709, 2.41868, 2.43029, 2.44152, 2.45269, 2.46419, 2.4748, 2.48614, 2.49756, 2.50897, 2.52049, 2.53218, 2.54336, 2.55461, 2.56569, 2.57701, 2.58857, 2.6001, 2.61138, 2.62288, 2.63366, 2.64438, 2.65493, 2.66671, 2.67863, 2.69001, 2.70161, 2.71392, 2.72595, 2.73747, 2.7484, 2.76109, 2.77371, 2.7846, 2.79526, 2.80624, 2.81767, 2.82891, 2.83993, 2.85151, 2.86262, 2.87402, 2.88512, 2.89595, 2.90648, 2.91722, 2.92889, 2.94041, 2.95136, 2.96295, 2.97345, 2.9841, 2.99523, 3.00621, 3.01725, 3.02819, 3.0406, 3.05182, 3.06362, 3.07453, 3.08524, 3.09544, 3.10659, 3.11782, 3.12916, 3.14117, 3.15268, 3.16409, 3.17545, 3.18688, 3.19834, 3.20999, 3.22108, 3.23366, 3.24523, 3.2564, 3.26733, 3.27929, 3.29123, 6.60289], "UpperBound": -1161.34, "rootBTTime": 0, "LowerBounds": {"1": -2143, "2": -1649.67, "3": -1607.57, "4": -1491.65, "5": -1489.21, "6": -1463.1, "7": -1404.07, "8": -1394.24, "9": -1351.21, "10": -1338.44, "11": -1323.6, "12": -1320.23, "13": -1317.34, "14": -1294.99, "15": -1294.73, "16": -1294.73, "17": -1268.29, "18": -1264.75, "19": -1261.05, "20": -1254.79, "21": -1254.3, "22": -1253.15, "23": -1248.11, "24": -1246.49, "25": -1245.49, "26": -1238, "27": -1236.55, "28": -1236.1, "29": -1235.34, "30": -1233.3, "31": -1233.29, "32": -1230.04, "33": -1229.39, "34": -1227.74, "35": -1226.03, "36": -1223.54, "37": -1223.27, "38": -1220.9, "39": -1216.44, "40": -1215.87, "41": -1215.62, "42": -1214.77, "43": -1214.3, "44": -1214.29, "45": -1210.91, "46": -1209.34, "47": -1207.29, "48": -1207.27, "49": -1206.93, "50": -1204.34, "51": -1203.12, "52": -1201.24, "53": -1201.23, "54": -1200.5, "55": -1200.26, "56": -1199.63, "57": -1199.62, "58": -1196.64, "59": -1196.32, "60": -1196.02, "61": -1196, "62": -1195.64, "63": -1195.63, "64": -1195.61, "65": -1195.48, "66": -1194.91, "67": -1193.22, "68": -1192.29, "69": -1191.8, "70": -1190.68, "71": -1190.6, "72": -1190.06, "73": -1190.06, "74": -1189.89, "75": -1189.89, "76": -1189.33, "77": -1189.32, "78": -1185.45, "79": -1185.26, "80": -1185.25, "81": -1184.71, "82": -1184.35, "83": -1183.86, "84": -1183.33, "85": -1183.33, "86": -1183.32, "87": -1182.92, "88": -1182.31, "89": -1182.2, "90": -1182.2, "91": -1182.2, "92": -1182.17, "93": -1181.69, "94": -1181.69, "95": -1180.79, "96": -1180.08, "97": -1180.06, "98": -1178.73, "99": -1178.53, "100": -1178.5, "101": -1178.5, "102": -1178.29, "103": -1177.74, "104": -1177.01, "105": -1176.97, "106": -1176.97, "107": -1176.96, "108": -1176.94, "109": -1176.74, "110": -1176.49, "111": -1176.3, "112": -1174.65, "113": -1174.64, "114": -1174.64, "115": -1174.2, "116": -1173.47, "117": -1173.07, "118": -1173.07, "119": -1173.01, "120": -1172.97, "121": -1172.97, "122": -1172.97, "123": -1172.86, "124": -1172.86, "125": -1172.52, "126": -1172.51, "127": -1172.44, "128": -1172.43, "129": -1172.4, "130": -1172.4, "131": -1171.86, "132": -1171.75, "133": -1171.75, "134": -1171.58, "135": -1171.41, "136": -1171.41, "137": -1170.9, "138": -1170.9, "139": -1170.9, "140": -1170.9, "143": -1170.58, "144": -1170.05, "145": -1169.9, "146": -1169.9, "147": -1169.9, "148": -1169.88, "149": -1169.48, "150": -1169.29, "151": -1169.29, "152": -1168.45, "153": -1168.44, "154": -1168.07, "155": -1167.87, "156": -1167.49, "157": -1167.47, "158": -1167.13, "159": -1166.94, "160": -1166.91, "161": -1166.91, "162": -1166.91, "163": -1166.91, "164": -1166.91, "165": -1166.87, "166": -1166.87, "167": -1166.69, "168": -1166.63, "169": -1166.62, "170": -1166.54, "171": -1166.54, "172": -1166.54, "173": -1166.54, "174": -1166.52, "175": -1166.32, "176": -1166.31, "177": -1165.72, "178": -1165.56, "179": -1165.56, "180": -1165.56, "181": -1165.53, "182": -1165.49, "183": -1165.35, "184": -1165.29, "185": -1165.21, "186": -1164.89, "187": -1164.89, "188": -1164.88, "189": -1164.76, "190": -1164.73, "191": -1164.65, "192": -1164.65, "193": -1164.65, "194": -1164.61, "195": -1164.61, "196": -1164.61, "197": -1164.5, "198": -1164.41, "199": -1164.41, "200": -1164.41, "201": -1164.03, "202": -1164.03, "203": -1164.03, "204": -1163.95, "205": -1163.81, "206": -1163.7, "207": -1163.68, "208": -1163.58, "209": -1163.58, "210": -1163.58, "211": -1163.41, "212": -1163.41, "213": -1163.41, "214": -1163.36, "215": -1163.28, "216": -1163.25, "217": -1163.24, "218": -1163.24, "219": -1163.24, "220": -1163.1, "221": -1163.1, "222": -1163.1, "223": -1163, "224": -1162.98, "225": -1162.98, "226": -1162.97, "227": -1162.92, "228": -1162.88, "229": -1162.78, "230": -1162.78, "231": -1162.76, "232": -1162.65, "233": -1162.6, "234": -1162.6, "235": -1162.6, "236": -1162.6, "237": -1162.37}, "SolveResult": 0, "UpperBounds": {"1": -1161.34}, "MaxQueueSize": 54, "VisitedNodes": 475, "BranchingVars": [0, 3, 2, 4, 3, 4, 4, 4, 2, 4, 5, 4, 1, 0, 4, 4, 5, 1, 5, 1, 2, 5, 2, 5, 5, 1, 4, 1, 0, 4, 4, 4, 1, 1, 1, 5, 3, 3, 5, 3, 3, 3, 3, 3, 3, 3, 3, 3, 5, 4, 5, 5, 5, 3, 3, 3, 3, 5, 3, 5, 5, 3, 3, 4, 3, 5, 0, 1, 1, 0, 3, 3, 3, 0, 0, 0, 0, 0, 3, 3, 4, 6, 0, 3, 3, 1, 3, 2, 2, 2, 2, 3, 6, 6, 1, 3, 3, 3, 3, 0, 0, 1, 3, 3, 3, 3, 3, 4, 0, 0, 3, 3, 3, 3, 6, 1, 3, 3, 3, 1, 1, 1, 3, 3, 0, 3, 3, 3, 3, 3, 3, 3, 3, 3, 6, 3, 2, 2, 2, 2, 2, 2, 3, 3, 3, 3, 3, 3, 6, 6, 6, 3, 3, 3, 3, 0, 0, 3, 3, 3, 3, 3, 3, 3, 6, 6, 3, 6, 6, 3, 3, 3, 3, 3, 3, 3, 6, 3, 3, 3, 3, 2, 3, 3, 3, 3, 3, 6, 3, 3, 3, 3, 3, 2, 2, 2, 3, 3, 3, 3, 3, 3, 3, 6, 3, 6, 3, 3, 3, 3, 2, 2, 2, 2, 3, 3, 2, 2, 2, 2, 2, 2, 2, 2, 2, 2, 2, 2, 2, 2, 2, 2, 2, 2, 2, 2, 2], "NonLinearTime": 0.288597, "OptimalityGap": 1.0352,