{"Itbt": 0, "Pace": 0.0116563, "Depth": 8, "Degree": 7, "RPSTime": 15.4701, "FBBTTime": 0, "OBBTTime": 0, "TotalTime": 72.4613, "Iterations": 22, "LinearTime": 56.8491, "LowerBound": 23466.7, "TimeVector": [2.93449, 5.81803, 7.9394, 11.4522, 13.5963, 17.2915, 20.36, 22.6615, 26.3477, 29.213, 31.9291, 34.657, 37.5204, 40.3691, 43.8921, 47.0598, 50.4908, 56.4692, 60.3195, 63.6585, 68.4465, 77.2493], "UpperBound": 23483.7, "rootBTTime": 0, "LowerBounds": {"1": 17250.2, "2": 18137.1, "3": 18581, "4": 19395.3, "5": 20066.2, "6": 20593.7, "7": 20856.4, "8": 21367.5, "9": 21823.8, "10": 22492.2, "11": 22582.3, "12": 22642.1, "13": 22861.2, "14": 22939.1, "15": 23081.7, "16": 23210.8, "17": 23233.8, "18": 23389.9, "19": 23413.5, "20": 23449.4, "21": 23451.8, "22": 23466.7}, "SolveResult": 0, "UpperBounds": {"1": 23945.6, "2": 23483.7}, "MaxQueueSize": 7, "VisitedNodes": 45, "BranchingVars": [0, 0, 4, 1, 3, 2, 4, 2, 3, 1, 4, 1, 4, 2, 4, 4, 4, 4, 2, 2, 4, 3], "NonLinearTime": 0.142102, "OptimalityGap": 16.9814, "BranchingRules": ["eigen_cen_alternative", "eigen_cen_alternative", "eigen_cen_alternative", "eigen_cen_alternative", "eigen_cen_alternative", "eigen_cen_alternative", "eigen_cen_alternative", "eigen_cen_alternative", "eigen_cen_alternative", "eigen_cen_alternative", "eigen_cen_alternative", "eigen_cen_alternative", "eigen_cen_alternative", "eigen_cen_alternative", "eigen_cen_alternative", "eigen_cen_alternative", "eigen_cen_alternative", "eigen_cen_alternative", "eigen_cen_alternative", "eigen_cen_alternative", "eigen_cen_alternative", "eigen_cen_alternative"], "LBImprovements": [886.869, 443.836, 5257.65, 1198.39, 1301.25, 1230.09, 2082.66, 1274.65, 1037.43, 957.185, 2045.67, 568.68, 809.25, 1863.95, 750.009, 202.707, 253.231, 0, 38.3496, 1374.44, 8.20306, 15.586], "InfeasibleNodes": 2, "ElapsedTimeCoeffs": 0, "LinearizationTime": 0.400496, "NumberOfVariables": 5, "CallsToLinearSolver": 45, "LinearGenerationTime": 5.73385, "SDPCutsGenerationTime": 0, "CallsToNonLinearSolver": 8, "StrongBranchingExtraTime": 0, "ElapsedTimeWeightedCoeffs": 0, "NodesDiscardedByFathoming": 0, "NodesDiscardedByTolerance": 21, "BoundFactorConstraintsTime": 12.5522, "ElapsedTimeVarsInConstraints": 0, "meanBTRelativeChangeRootNode": 0, "NumberOfBoundFactorConstraints": 5884, "NumberOfLAPACKConvergenceFailures": 0, "NumberOfRLTVariablesAfterLinearization": 619}