{"Itbt": 0, "Pace": 0.00800379, "Depth": 9, "Degree": 7, "RPSTime": 2.99149, "FBBTTime": 0, "OBBTTime": 0, "TotalTime": 29.8279, "Iterations": 27, "LinearTime": 26.753, "LowerBound": -350.061, "TimeVector": [1.48329, 2.62576, 3.59343, 4.71179, 5.60501, 6.48307, 7.66611, 8.64236, 9.78239, 11.3873, 12.3506, 13.2805, 14.2557, 15.2827, 16.2903, 17.7567, 18.7307, 19.5613, 20.5238, 21.7629, 22.9105, 24.0122, 25.1941, 25.9853, 27.1983, 28.1447, 57.9726], "UpperBound": -348.999, "rootBTTime": 0, "LowerBounds": {"1": -4076.78, "2": -2390.98, "3": -1893.54, "4": -1467.12, "5": -1231.22, "6": -880.614, "7": -783.766, "8": -726.399, "9": -592.951, "10": -481.249, "11": -467.763, "12": -466.53, "13": -464.529, "14": -445.23, "15": -431.155, "16": -421.756, "17": -398.815, "18": -395.562, "19": -369.5, "20": -367.337, "21": -362.805, "22": -361.291, "23": -360.834, "24": -357.17, "25": -356.175, "26": -354.109, "27": -350.061}, "SolveResult": 100, "UpperBounds": {"1": 45.4286, "2": -348.999}, "MaxQueueSize": 8, "VisitedNodes": 55, "BranchingVars": [4, 3, 0, 0, 2, 1, 4, 2, 0, 2, 3, 1, 4, 2, 2, 2, 2, 0, 1, 1, 1, 2, 2, 1, 0, 1, 3], "NonLinearTime": 0.0833502, "OptimalityGap": 1.06195, "BranchingRules": ["eigen_cen_alternative", "eigen_cen_alternative", "eigen_cen_alternative", "eigen_cen_alternative", "eigen_cen_alternative", "eigen_cen_alternative", "eigen_cen_alternative", "eigen_cen_alternative", "eigen_cen_alternative", "eigen_cen_alternative", "eigen_cen_alternative", "eigen_cen_alternative", "eigen_cen_alternative", "eigen_cen_alternative", "eigen_cen_alternative", "eigen_cen_alternative", "eigen_cen_alternative", "eigen_cen_alternative", "eigen_cen_alternative", "eigen_cen_alternative", "eigen_cen_alternative", "eigen_cen_alternative", "eigen_cen_alternative", "eigen_cen_alternative", "eigen_cen_alternative", "eigen_cen_alternative", "eigen_cen_alternative"], "LBImprovements": [1685.8, 497.444, 1012.93, 683.356, 504.817, 416.084, 190.815, 259.869, 111.702, 59.4924, 145.083, 257.295, 640.038, 14.0747, 32.3403, 60.4647, 37.9809, 38.3919, 13.3254, 70.4149, 539.673, 65.6227, 33.5819, 21.0805, 6.11339, 10.6843, 0], "InfeasibleNodes": 3, "ElapsedTimeCoeffs": 0, "LinearizationTime": 0.0597956, "NumberOfVariables": 5, "CallsToLinearSolver": 55, "LinearGenerationTime": 1.24972, "SDPCutsGenerationTime": 0, "CallsToNonLinearSolver": 8, "StrongBranchingExtraTime": 0, "ElapsedTimeWeightedCoeffs": 0, "NodesDiscardedByFathoming": 0, "NodesDiscardedByTolerance": 25, "BoundFactorConstraintsTime": 2.44093, "ElapsedTimeVarsInConstraints": 0, "meanBTRelativeChangeRootNode": 0, "NumberOfBoundFactorConstraints": 1374, "NumberOfLAPACKConvergenceFailures": 0, "NumberOfRLTVariablesAfterLinearization": 363}