{"Itbt": 0, "Pace": 0.00100197, "Depth": 14, "Degree": 7, "RPSTime": 0.397278, "FBBTTime": 0, "OBBTTime": 0, "TotalTime": 2.03161, "Iterations": 68, "LinearTime": 1.52416, "LowerBound": 89.0082, "TimeVector": [0.0594869, 0.0987471, 0.133693, 0.168563, 0.201801, 0.2264, 0.24854, 0.28069, 0.303567, 0.328572, 0.352457, 0.376218, 0.400765, 0.427549, 0.453178, 0.491664, 0.519146, 0.543398, 0.56962, 0.594737, 0.620846, 0.6457, 0.676014, 0.711015, 0.746402, 0.773177, 0.799343, 0.823087, 0.853736, 0.878768, 0.907802, 0.944387, 0.972544, 1.00029, 1.02715, 1.05656, 1.08075, 1.11171, 1.13949, 1.16662, 1.19229, 1.22148, 1.24952, 1.27684, 1.30477, 1.33323, 1.36306, 1.38758, 1.41692, 1.44594, 1.4848, 1.51397, 1.54416, 1.57272, 1.5997, 1.6288, 1.65518, 1.68535, 1.71547, 1.76342, 1.79107, 1.81842, 1.85023, 1.89152, 1.91906, 1.95018, 1.98594, 4.01756], "UpperBound": 89.0765, "rootBTTime": 0, "LowerBounds": {"1": -1938.62, "2": -790.104, "3": -168.948, "4": -136.71, "5": -129.063, "6": -106.186, "7": -102.664, "8": -83.1441, "9": -41.5208, "10": -15.0376, "11": 18.3642, "12": 26.0248, "13": 28.057, "14": 34.8327, "15": 35.1991, "16": 35.5211, "17": 37.2498, "18": 41.045, "19": 41.4471, "20": 44.7346, "21": 54.1904, "22": 56.2171, "23": 56.4968, "24": 59.7746, "25": 68.2802, "26": 68.5146, "27": 69.717, "28": 73.5946, "29": 75.1237, "30": 76.0219, "31": 76.7567, "32": 77.1148, "33": 78.9407, "34": 81.0231, "35": 81.0357, "36": 81.8318, "37": 82.2374, "38": 82.6084, "39": 82.9602, "40": 83.1443, "41": 83.3016, "42": 83.7823, "43": 84.0854, "44": 84.4967, "45": 84.6769, "46": 85.483, "47": 86.2274, "48": 86.3801, "49": 86.5519, "50": 86.7581, "51": 87.0388, "52": 87.0388, "53": 87.0768, "54": 87.1797, "55": 87.2977, "56": 87.3342, "57": 88.0387, "58": 88.2475, "59": 88.4345, "60": 88.4739, "61": 88.6014, "62": 88.7063, "63": 88.8613, "64": 88.8847, "65": 88.8911, "66": 88.9233, "67": 88.9344, "68": 89.0082}, "SolveResult": 0, "UpperBounds": {"1": 179769000000000000000000000000000000000000000000000000000000000000000000000000000000000000000000000000000000000000000000000000000000000000000000000000000000000000000000000000000000000000000000000000000000000000000000000000000000000000000000000000000000000000000000000000000000000000000000000000000000000000000, "2": 89.0765}, "MaxQueueSize": 13, "VisitedNodes": 137, "BranchingVars": [4, 1, 0, 4, 4, 1, 1, 1, 3, 3, 1, 0, 0, 0, 1, 0, 4, 2, 4, 0, 0, 2, 4, 4, 0, 1, 3, 3, 1, 0, 1, 1, 4, 3, 3, 3, 0, 4, 0, 0, 0, 4, 3, 3, 4, 3, 4, 3, 3, 3, 4, 4, 0, 0, 0, 4, 0, 0, 1, 0, 1, 1, 0, 3, 3, 4, 4, 0], "NonLinearTime": 0.110152, "OptimalityGap": 0.0682952, "BranchingRules": ["eigen_cen_alternative", "eigen_cen_alternative", "eigen_cen_alternative", "eigen_cen_alternative", "eigen_cen_alternative", "eigen_cen_alternative", "eigen_cen_alternative", "eigen_cen_alternative", "eigen_cen_alternative", "eigen_cen_alternative", "eigen_cen_alternative", "eigen_cen_alternative", "eigen_cen_alternative", "eigen_cen_alternative", "eigen_cen_alternative", "eigen_cen_alternative", "eigen_cen_alternative", "eigen_cen_alternative", "eigen_cen_alternative", "eigen_cen_alternative", "eigen_cen_alternative", "eigen_cen_alternative", "eigen_cen_alternative", "eigen_cen_alternative", "eigen_cen_alternative", "eigen_cen_alternative", "eigen_cen_alternative", "eigen_cen_alternative", "eigen_cen_alternative", "eigen_cen_alternative", "eigen_cen_alternative", "eigen_cen_alternative", "eigen_cen_alternative", "eigen_cen_alternative", "eigen_cen_alternative", "eigen_cen_alternative", "eigen_cen_alternative", "eigen_cen_alternative", "eigen_cen_alternative", "eigen_cen_alternative", "eigen_cen_alternative", "eigen_cen_alternative", "eigen_cen_alternative", "eigen_cen_alternative", "eigen_cen_alternative", "eigen_cen_alternative", "eigen_cen_alternative", "eigen_cen_alternative", "eigen_cen_alternative", "eigen_cen_alternative", "eigen_cen_alternative", "eigen_cen_alternative", "eigen_cen_alternative", "eigen_cen_alternative", "eigen_cen_alternative", "eigen_cen_alternative", "eigen_cen_alternative", "eigen_cen_alternative", "eigen_cen_alternative", "eigen_cen_alternative", "eigen_cen_alternative", "eigen_cen_alternative", "eigen_cen_alternative", "eigen_cen_alternative", "eigen_cen_alternative", "eigen_cen_alternative", "eigen_cen_alternative", "eigen_cen_alternative"], "LBImprovements": [1148.51, 687.44, 32.2382, 30.5237, 45.9185, 64.6654, 0, 0, 67.5456, 43.0946, 16.4684, 15.0202, 16.6776, 51.5474, 2.05068, 20.9757, 16.9407, 28.672, 14.77, 0, 14.0897, 12.2974, 0, 0, 0, 7.5073, 7.39773, 8.64277, 8.65857, 8.06355, 5.07515, 9.92401, 2.08235, 2.12124, 8.46223, 1.12833, 0, 1.8883, 3.26728, 3.4076, 0, 0, 6.39465, 2.58014, 0, 2.5557, 2.71868, 0, 1.88261, 0.576054, 0, 18.9775, 1.52464, 1.29414, 2.68733, 1.52713, 0, 1.02624, 1.34411, 0, 0.321883, 0.178337, 3.22827, 0.133417, 0.384659, 0, 0.0737871, 1.95758], "InfeasibleNodes": 48, "ElapsedTimeCoeffs": 0, "LinearizationTime": 0.00223667, "NumberOfVariables": 5, "CallsToLinearSolver": 137, "LinearGenerationTime": 0.213493, "SDPCutsGenerationTime": 0, "CallsToNonLinearSolver": 10, "StrongBranchingExtraTime": 0, "ElapsedTimeWeightedCoeffs": 0, "NodesDiscardedByFathoming": 0, "NodesDiscardedByTolerance": 21, "BoundFactorConstraintsTime": 0.300098, "ElapsedTimeVarsInConstraints": 0, "meanBTRelativeChangeRootNode": 0, "NumberOfBoundFactorConstraints": 147, "NumberOfLAPACKConvergenceFailures": 0, "NumberOfRLTVariablesAfterLinearization": 86}