{"Itbt": 0, "Pace": 0.0218582, "Depth": 11, "Degree": 7, "RPSTime": 88.53, "FBBTTime": 0, "OBBTTime": 0, "TotalTime": 344.503, "Iterations": 55, "LinearTime": 255.809, "LowerBound": 29650.7, "TimeVector": [6.15844, 9.86453, 14.1211, 17.8103, 24.1812, 27.5789, 31.7878, 37.8491, 42.9764, 52.3924, 57.2189, 66.2859, 69.9604, 74.859, 81.6611, 86.4181, 89.8633, 93.941, 98.7938, 104.559, 110.245, 119.843, 124.525, 130.348, 134.074, 138.172, 142.052, 147.557, 152.02, 160.081, 165.93, 170.307, 177.344, 186.033, 191.571, 196.06, 204.937, 211.747, 218.166, 225.571, 235.975, 243.311, 250.719, 255.755, 267.372, 272.128, 278.832, 286.001, 295.182, 305.013, 310.22, 317.373, 326.056, 336.828, 344.503], "UpperBound": 29675.3, "rootBTTime": 0, "LowerBounds": {"1": 13889.9, "2": 14296.3, "3": 15789.5, "4": 17738.4, "5": 19886.3, "6": 20247.6, "7": 22078.1, "8": 22091.3, "9": 22393.4, "10": 23395.1, "11": 23706.2, "12": 24619.2, "13": 24837, "14": 25004.6, "15": 25188, "16": 25521.5, "17": 25731.3, "18": 25799.4, "19": 26044.5, "20": 26113.6, "21": 26301.9, "22": 26344.7, "23": 26456.5, "24": 26827.5, "25": 27074.1, "26": 27190.2, "27": 27268.5, "28": 27901.8, "29": 27974.1, "30": 28507.6, "31": 28530.4, "32": 28581.2, "33": 28618, "34": 28655.4, "35": 28756.4, "36": 28778, "37": 28936.7, "38": 29039.2, "39": 29069, "40": 29168.3, "41": 29238, "42": 29273.9, "43": 29303.4, "44": 29332.8, "45": 29391.9, "46": 29462, "47": 29479.3, "48": 29487.6, "49": 29494.3, "50": 29496.9, "51": 29499.6, "52": 29558, "53": 29627.5, "54": 29630.9, "55": 29650.7}, "SolveResult": 0, "UpperBounds": {"1": 29675.3}, "MaxQueueSize": 18, "VisitedNodes": 111, "BranchingVars": [1, 2, 2, 1, 3, 2, 2, 3, 2, 0, 2, 0, 3, 4, 3, 3, 0, 4, 4, 4, 4, 3, 4, 3, 3, 3, 4, 4, 4, 1, 3, 1, 4, 1, 1, 0, 4, 4, 4, 0, 0, 0, 0, 4, 1, 4, 0, 4, 4, 0, 1, 0, 4, 0, 4], "NonLinearTime": 0.164006, "OptimalityGap": 24.6091, "BranchingRules": ["eigen_cen_alternative", "eigen_cen_alternative", "eigen_cen_alternative", "eigen_cen_alternative", "eigen_cen_alternative", "eigen_cen_alternative", "eigen_cen_alternative", "eigen_cen_alternative", "eigen_cen_alternative", "eigen_cen_alternative", "eigen_cen_alternative", "eigen_cen_alternative", "eigen_cen_alternative", "eigen_cen_alternative", "eigen_cen_alternative", "eigen_cen_alternative", "eigen_cen_alternative", "eigen_cen_alternative", "eigen_cen_alternative", "eigen_cen_alternative", "eigen_cen_alternative", "eigen_cen_alternative", "eigen_cen_alternative", "eigen_cen_alternative", "eigen_cen_alternative", "eigen_cen_alternative", "eigen_cen_alternative", "eigen_cen_alternative", "eigen_cen_alternative", "eigen_cen_alternative", "eigen_cen_alternative", "eigen_cen_alternative", "eigen_cen_alternative", "eigen_cen_alternative", "eigen_cen_alternative", "eigen_cen_alternative", "eigen_cen_alternative", "eigen_cen_alternative", "eigen_cen_alternative", "eigen_cen_alternative", "eigen_cen_alternative", "eigen_cen_alternative", "eigen_cen_alternative", "eigen_cen_alternative", "eigen_cen_alternative", "eigen_cen_alternative", "eigen_cen_alternative", "eigen_cen_alternative", "eigen_cen_alternative", "eigen_cen_alternative", "eigen_cen_alternative", "eigen_cen_alternative", "eigen_cen_alternative", "eigen_cen_alternative", "eigen_cen_alternative"], "LBImprovements": [406.478, 1493.14, 1948.92, 2147.91, 4950.68, 2145.74, 1317, 3953.22, 1312.82, 2949.59, 1298.44, 1837.32, 894.359, 4697.16, 3429.99, 3517.7, 2170.4, 2781.82, 2711.86, 2541.76, 2205.65, 3681.71, 2073.87, 2109.23, 3893.68, 8041.96, 7196.63, 1595.11, 2872.59, 795.786, 2866.42, 751.595, 1590.1, 413.61, 411.884, 1448.82, 1068.12, 1692.77, 169.05, 504.978, 389.485, 589.32, 417.103, 298.093, 431.082, 398.742, 671.097, 163.122, 2994.39, 0, 577.973, 198.654, 31.2387, 315.039, 60.6256], "InfeasibleNodes": 5, "ElapsedTimeCoeffs": 0, "LinearizationTime": 0.935653, "NumberOfVariables": 5, "CallsToLinearSolver": 111, "LinearGenerationTime": 28.2219, "SDPCutsGenerationTime": 0, "CallsToNonLinearSolver": 9, "StrongBranchingExtraTime": 0, "ElapsedTimeWeightedCoeffs": 0, "NodesDiscardedByFathoming": 0, "NodesDiscardedByTolerance": 51, "BoundFactorConstraintsTime": 71.9409, "ElapsedTimeVarsInConstraints": 0, "meanBTRelativeChangeRootNode": 0, "NumberOfBoundFactorConstraints": 11432, "NumberOfLAPACKConvergenceFailures": 0, "NumberOfRLTVariablesAfterLinearization": 785}