{"Itbt": 0, "Pace": 0.0243144, "Depth": 10, "Degree": 7, "RPSTime": 11.2465, "FBBTTime": 0, "OBBTTime": 0, "TotalTime": 114.905, "Iterations": 82, "LinearTime": 103.554, "LowerBound": 7578.08, "TimeVector": [2.0695, 3.75577, 5.20739, 6.50844, 7.74766, 9.02277, 10.4266, 11.7437, 12.9193, 14.124, 15.6739, 16.973, 18.2973, 19.5068, 20.5488, 22.0349, 23.6597, 24.822, 26.0188, 27.1405, 28.4977, 29.664, 30.8813, 32.1943, 33.5219, 35.4032, 36.5172, 37.8829, 38.9827, 40.216, 41.788, 43.1631, 44.2249, 45.6377, 46.7784, 48.1888, 49.4745, 50.5943, 51.7344, 53.071, 54.4692, 55.5619, 56.8953, 58.2118, 59.5155, 60.7055, 61.9086, 63.3583, 64.6503, 66.0348, 67.5593, 68.6316, 70.0108, 71.1637, 72.6542, 74.1927, 75.6988, 76.8287, 78.0639, 79.2982, 80.5356, 82.0349, 83.4839, 84.9683, 85.9374, 87.4572, 89.9791, 91.4149, 93.5616, 94.8952, 96.2096, 97.4859, 98.8691, 100.313, 101.903, 103.207, 104.727, 108.046, 109.331, 110.976, 112.243, 133.587], "UpperBound": 7584.9, "rootBTTime": 0, "LowerBounds": {"1": 2852.26, "2": 3609.13, "3": 4143.59, "4": 4429.59, "5": 4687.31, "6": 5150.86, "7": 5153.02, "8": 5434.06, "9": 5925.79, "10": 6029.09, "11": 6064.47, "12": 6289.14, "13": 6346.73, "14": 6383.25, "15": 6396.08, "16": 6416.85, "17": 6533.24, "18": 6556.23, "19": 6653.2, "20": 6684.69, "21": 6743.08, "22": 6807.31, "23": 6904.18, "24": 6973.46, "25": 7043.45, "26": 7043.86, "27": 7084.63, "28": 7094.45, "29": 7116.01, "30": 7122.38, "31": 7200.66, "32": 7213.99, "33": 7215.29, "34": 7217.22, "35": 7218.22, "36": 7261.89, "37": 7270.38, "38": 7281.23, "39": 7292.74, "40": 7296.77, "41": 7305.25, "42": 7344.58, "43": 7360.4, "44": 7382.45, "45": 7382.72, "46": 7387.13, "47": 7401.55, "48": 7409.86, "49": 7453.3, "50": 7462.6, "51": 7491.04, "52": 7494.32, "53": 7500.47, "54": 7504.63, "55": 7518.37, "56": 7524.1, "57": 7524.67, "58": 7528.11, "59": 7530.83, "60": 7537.36, "61": 7550.51, "62": 7551.7, "63": 7552.47, "64": 7555.42, "65": 7556.88, "66": 7560.5, "67": 7561.82, "68": 7562.08, "69": 7563.19, "70": 7563.36, "71": 7564.55, "72": 7567.8, "73": 7569.86, "74": 7570.07, "75": 7570.36, "76": 7571.45, "77": 7572.71, "78": 7574.48, "79": 7574.8, "80": 7574.97, "81": 7575, "82": 7578.08}, "SolveResult": 0, "UpperBounds": {"1": 7584.9}, "MaxQueueSize": 25, "VisitedNodes": 165, "BranchingVars": [2, 0, 0, 4, 4, 3, 4, 1, 4, 3, 0, 3, 3, 3, 1, 4, 3, 1, 3, 1, 1, 2, 0, 4, 1, 3, 2, 1, 3, 1, 1, 1, 1, 0, 2, 1, 1, 3, 3, 1, 1, 3, 1, 0, 1, 1, 0, 3, 1, 3, 2, 0, 2, 0, 4, 3, 2, 3, 2, 2, 2, 2, 3, 3, 1, 3, 0, 2, 3, 2, 3, 0, 3, 3, 1, 3, 0, 3, 1, 3, 3, 1], "NonLinearTime": 0.10464, "OptimalityGap": 6.81943, "BranchingRules": ["eigen_cen_alternative", "eigen_cen_alternative", "eigen_cen_alternative", "eigen_cen_alternative", "eigen_cen_alternative", "eigen_cen_alternative", "eigen_cen_alternative", "eigen_cen_alternative", "eigen_cen_alternative", "eigen_cen_alternative", "eigen_cen_alternative", "eigen_cen_alternative", "eigen_cen_alternative", "eigen_cen_alternative", "eigen_cen_alternative", "eigen_cen_alternative", "eigen_cen_alternative", "eigen_cen_alternative", "eigen_cen_alternative", "eigen_cen_alternative", "eigen_cen_alternative", "eigen_cen_alternative", "eigen_cen_alternative", "eigen_cen_alternative", "eigen_cen_alternative", "eigen_cen_alternative", "eigen_cen_alternative", "eigen_cen_alternative", "eigen_cen_alternative", "eigen_cen_alternative", "eigen_cen_alternative", "eigen_cen_alternative", "eigen_cen_alternative", "eigen_cen_alternative", "eigen_cen_alternative", "eigen_cen_alternative", "eigen_cen_alternative", "eigen_cen_alternative", "eigen_cen_alternative", "eigen_cen_alternative", "eigen_cen_alternative", "eigen_cen_alternative", "eigen_cen_alternative", "eigen_cen_alternative", "eigen_cen_alternative", "eigen_cen_alternative", "eigen_cen_alternative", "eigen_cen_alternative", "eigen_cen_alternative", "eigen_cen_alternative", "eigen_cen_alternative", "eigen_cen_alternative", "eigen_cen_alternative", "eigen_cen_alternative", "eigen_cen_alternative", "eigen_cen_alternative", "eigen_cen_alternative", "eigen_cen_alternative", "eigen_cen_alternative", "eigen_cen_alternative", "eigen_cen_alternative", "eigen_cen_alternative", "eigen_cen_alternative", "eigen_cen_alternative", "eigen_cen_alternative", "eigen_cen_alternative", "eigen_cen_alternative", "eigen_cen_alternative", "eigen_cen_alternative", "eigen_cen_alternative", "eigen_cen_alternative", "eigen_cen_alternative", "eigen_cen_alternative", "eigen_cen_alternative", "eigen_cen_alternative", "eigen_cen_alternative", "eigen_cen_alternative", "eigen_cen_alternative", "eigen_cen_alternative", "eigen_cen_alternative", "eigen_cen_alternative", "eigen_cen_alternative"], "LBImprovements": [756.874, 820.462, 543.716, 721.263, 1341.78, 774.938, 911.444, 982.785, 470.284, 778.223, 318.78, 453.942, 747.723, 701.381, 719.934, 627.01, 370.944, 962.143, 800.094, 596.539, 474.135, 315.07, 309.809, 597.99, 519.908, 738.526, 130.662, 689.808, 285.533, 408.45, 361.426, 323.37, 308.814, 192.642, 78.5562, 332.615, 375.949, 347.704, 211.889, 273.299, 1241.5, 384.24, 414.974, 108.59, 445.65, 283.193, 176.539, 114.81, 682.266, 132.7, 61.4295, 207.991, 54.9468, 138.455, 390.722, 67.5283, 37.149, 65.0279, 85.0474, 25.828, 35.0657, 18.6589, 38.8404, 37.3473, 7.67458, 39.5575, 12.9826, 106.111, 11.2984, 162.718, 31.5108, 15.1969, 14.4841, 36.845, 10.6421, 789.224, 10.0358, 5.78831, 3.80505, 61.6016, 34.1732, 3.99308], "InfeasibleNodes": 3, "ElapsedTimeCoeffs": 0, "LinearizationTime": 0.0675945, "NumberOfVariables": 5, "CallsToLinearSolver": 165, "LinearGenerationTime": 5.06214, "SDPCutsGenerationTime": 0, "CallsToNonLinearSolver": 10, "StrongBranchingExtraTime": 0, "ElapsedTimeWeightedCoeffs": 0, "NodesDiscardedByFathoming": 0, "NodesDiscardedByTolerance": 80, "BoundFactorConstraintsTime": 9.0615, "ElapsedTimeVarsInConstraints": 0, "meanBTRelativeChangeRootNode": 0, "NumberOfBoundFactorConstraints": 1440, "NumberOfLAPACKConvergenceFailures": 0, "NumberOfRLTVariablesAfterLinearization": 384}