{"Itbt": 0, "Pace": 0.00497471, "Depth": 23, "Degree": 7, "RPSTime": 0.143289, "FBBTTime": 0, "OBBTTime": 0, "TotalTime": 0.612898, "Iterations": 49, "LinearTime": 0.396865, "LowerBound": 231.38, "TimeVector": [0.0282393, 0.0458057, 0.0644501, 0.0828984, 0.100469, 0.111552, 0.121676, 0.138401, 0.149267, 0.160252, 0.170395, 0.181045, 0.191683, 0.203308, 0.21423, 0.231314, 0.240327, 0.24939, 0.260931, 0.270745, 0.28087, 0.290297, 0.299821, 0.311896, 0.323345, 0.334298, 0.345104, 0.355255, 0.365246, 0.374953, 0.385235, 0.404322, 0.415897, 0.428156, 0.439399, 0.451718, 0.463468, 0.474829, 0.486511, 0.498573, 0.510332, 0.522464, 0.533994, 0.545391, 0.557094, 0.568763, 0.58089, 0.592768, 1.20567], "UpperBound": 231.604, "rootBTTime": 0, "LowerBounds": {"1": 108.178, "2": 154.975, "3": 155.657, "4": 165.522, "5": 173.095, "6": 178.462, "7": 180.065, "8": 194.516, "9": 203.687, "10": 203.719, "11": 205.872, "12": 212.044, "13": 212.044, "14": 213.424, "15": 216.328, "16": 221.289, "17": 222.068, "18": 224.488, "19": 225.168, "20": 225.269, "21": 227.079, "22": 228.094, "23": 228.094, "24": 228.236, "25": 228.414, "26": 228.542, "27": 228.878, "28": 229.673, "29": 229.739, "30": 229.939, "31": 230.077, "32": 230.432, "33": 231.197, "34": 231.207, "35": 231.207, "36": 231.222, "37": 231.225, "38": 231.239, "39": 231.243, "40": 231.266, "42": 231.268, "43": 231.295, "45": 231.313, "48": 231.334, "49": 231.38}, "SolveResult": 0, "UpperBounds": {"1": 231.604}, "MaxQueueSize": 8, "VisitedNodes": 99, "BranchingVars": [1, 3, 0, 2, 2, 0, 0, 4, 2, 2, 2, 2, 2, 1, 0, 3, 3, 4, 1, 3, 0, 4, 4, 1, 0, 0, 4, 4, 4, 4, 4, 0, 1, 1, 1, 1, 1, 1, 1, 1, 1, 1, 1, 1, 1, 1, 1, 1, 1], "NonLinearTime": 0.0727268, "OptimalityGap": 0.224617, "BranchingRules": ["eigen_cen_alternative", "eigen_cen_alternative", "eigen_cen_alternative", "eigen_cen_alternative", "eigen_cen_alternative", "eigen_cen_alternative", "eigen_cen_alternative", "eigen_cen_alternative", "eigen_cen_alternative", "eigen_cen_alternative", "eigen_cen_alternative", "eigen_cen_alternative", "eigen_cen_alternative", "eigen_cen_alternative", "eigen_cen_alternative", "eigen_cen_alternative", "eigen_cen_alternative", "eigen_cen_alternative", "eigen_cen_alternative", "eigen_cen_alternative", "eigen_cen_alternative", "eigen_cen_alternative", "eigen_cen_alternative", "eigen_cen_alternative", "eigen_cen_alternative", "eigen_cen_alternative", "eigen_cen_alternative", "eigen_cen_alternative", "eigen_cen_alternative", "eigen_cen_alternative", "eigen_cen_alternative", "eigen_cen_alternative", "eigen_cen_alternative", "eigen_cen_alternative", "eigen_cen_alternative", "eigen_cen_alternative", "eigen_cen_alternative", "eigen_cen_alternative", "eigen_cen_alternative", "eigen_cen_alternative", "eigen_cen_alternative", "eigen_cen_alternative", "eigen_cen_alternative", "eigen_cen_alternative", "eigen_cen_alternative", "eigen_cen_alternative", "eigen_cen_alternative", "eigen_cen_alternative", "eigen_cen_alternative"], "LBImprovements": [46.7967, 23.4871, 9.86506, 47.9029, 48.1944, 16.0546, 31.9795, 9.17055, 37.2335, 37.5368, 42.8325, 45.388, 45.388, 8.64355, 71.8553, 3.87892, 2.41999, 5.94418, 3.7102, 2.96749, 1.01467, 3.42051, 3.36185, 0.305638, 1.32473, 1.13049, 3.24463, 2.61816, 2.08795, 2.72876, 1.70798, 0.764767, 0.00956436, 0.0000304296, 0.0150766, 0.00369146, 0.0136164, 0.0042567, 0.0226847, 0, 0.00624172, 0.0275079, 0, 0.0307173, 0, 0.0087005, 0.0274225, 0.0457067, 0.148249], "InfeasibleNodes": 17, "ElapsedTimeCoeffs": 0, "LinearizationTime": 0.00100205, "NumberOfVariables": 5, "CallsToLinearSolver": 99, "LinearGenerationTime": 0.0840545, "SDPCutsGenerationTime": 0, "CallsToNonLinearSolver": 9, "StrongBranchingExtraTime": 0, "ElapsedTimeWeightedCoeffs": 0, "NodesDiscardedByFathoming": 0, "NodesDiscardedByTolerance": 33, "BoundFactorConstraintsTime": 0.0980935, "ElapsedTimeVarsInConstraints": 0, "meanBTRelativeChangeRootNode": 0, "NumberOfBoundFactorConstraints": 76, "NumberOfLAPACKConvergenceFailures": 0, "NumberOfRLTVariablesAfterLinearization": 53}