{"Itbt": 0, "Pace": 0.0173285, "Depth": 18, "Degree": 5, "RPSTime": 1.95035, "FBBTTime": 0, "OBBTTime": 0, "TotalTime": 13.5058, "Iterations": 236, "LinearTime": 1.64575, "LowerBound": -60.9177, "TimeVector": [0.184325, 0.249069, 0.310694, 0.376226, 0.441157, 0.497908, 0.554295, 0.618976, 0.679194, 0.733507, 0.781733, 0.835148, 0.887446, 0.941003, 0.993322, 1.06022, 1.10951, 1.16228, 1.21426, 1.26579, 1.33149, 1.37876, 1.43409, 1.48856, 1.53454, 1.5852, 1.64883, 1.70253, 1.7587, 1.81507, 1.86242, 1.92754, 1.97824, 2.03488, 2.09326, 2.13985, 2.19342, 2.23779, 2.28559, 2.34309, 2.38513, 2.44634, 2.49727, 2.56128, 2.62305, 2.66981, 2.72286, 2.78102, 2.83477, 2.88681, 2.93353, 2.99313, 3.0485, 3.10191, 3.15316, 3.1982, 3.25603, 3.30756, 3.3628, 3.41559, 3.478, 3.53391, 3.58452, 3.64911, 3.7008, 3.7516, 3.80603, 3.85929, 3.90641, 3.96036, 4.01368, 4.06941, 4.12574, 4.1772, 4.23634, 4.30033, 4.35089, 4.41245, 4.47025, 4.52719, 4.58766, 4.62431, 4.66916, 4.7241, 4.78141, 4.83986, 4.89588, 4.95741, 5.01374, 5.07384, 5.13891, 5.19088, 5.24646, 5.30216, 5.36364, 5.47401, 5.531, 5.58611, 5.64924, 5.70493, 5.73985, 5.79417, 5.85233, 5.90269, 5.95417, 6.00684, 6.06219, 6.1274, 6.18108, 6.23823, 6.29634, 6.35028, 6.4089, 6.46289, 6.52159, 6.58129, 6.63155, 6.68356, 6.74569, 6.79716, 6.85731, 6.91973, 6.98046, 7.03964, 7.10599, 7.16046, 7.20964, 7.26666, 7.33347, 7.39087, 7.44512, 7.49779, 7.54868, 7.60915, 7.66813, 7.71981, 7.78111, 7.83028, 7.88934, 7.94492, 7.98347, 8.022, 8.08575, 8.13701, 8.19696, 8.26077, 8.31503, 8.3669, 8.42099, 8.4776, 8.53647, 8.59877, 8.65383, 8.72162, 8.76859, 8.82005, 8.87717, 8.9287, 8.99156, 9.04299, 9.10374, 9.16749, 9.21793, 9.27702, 9.33401, 9.38898, 9.44159, 9.49391, 9.56029, 9.61886, 9.6793, 9.73266, 9.79684, 9.85364, 9.91345, 9.96907, 10.0295, 10.0921, 10.1454, 10.1994, 10.2625, 10.3243, 10.3846, 10.4362, 10.4993, 10.5569, 10.617, 10.6797, 10.7379, 10.7967, 10.8465, 10.901, 10.9619, 11.0031, 11.0583, 11.1133, 11.1734, 11.2296, 11.2816, 11.3314, 11.3809, 11.436, 11.4957, 11.5529, 11.6073, 11.6659, 11.724, 11.7882, 11.8524, 11.9151, 11.9696, 12.0296, 12.0932, 12.1523, 12.2117, 12.274, 12.3411, 12.407, 12.4634, 12.5233, 12.5898, 12.6599, 12.712, 12.7764, 12.8418, 12.8931, 12.9556, 13.0067, 13.0707, 13.1364, 13.1981, 13.2576, 13.3125, 13.378, 13.4362, 26.942], "UpperBound": -60.8582, "rootBTTime": 0, "LowerBounds": {"1": -182.285, "2": -163.359, "3": -156.609, "4": -148.006, "5": -137.239, "6": -135.949, "7": -134.636, "8": -133.863, "9": -129.889, "10": -126.437, "11": -121.297, "12": -120.34, "13": -118.158, "14": -118.01, "15": -116.452, "16": -114.783, "17": -114.55, "18": -113.832, "19": -113.175, "20": -112.557, "21": -111.381, "22": -110.361, "23": -110.097, "24": -109.567, "25": -108.935, "26": -108.512, "27": -106.218, "28": -105.651, "29": -104.287, "30": -104.003, "31": -103.807, "32": -101.796, "33": -100.567, "34": -99.3867, "35": -98.972, "36": -98.4294, "37": -97.7474, "38": -97.3536, "39": -96.7237, "40": -96.1479, "41": -96.1162, "42": -94.964, "43": -93.9789, "44": -92.5208, "45": -91.3075, "46": -90.5239, "47": -89.6826, "48": -89.6721, "49": -88.9952, "50": -88.8189, "51": -88.4812, "52": -87.8536, "53": -86.613, "54": -85.1893, "55": -84.6612, "56": -83.9411, "57": -83.7946, "58": -83.7255, "59": -83.213, "60": -83.0723, "61": -82.9529, "62": -82.3163, "63": -82.0956, "64": -81.8232, "65": -81.2892, "66": -80.959, "67": -80.8519, "68": -80.105, "69": -79.665, "70": -79.4623, "71": -79.3035, "72": -79.2326, "73": -79.2115, "74": -78.9873, "75": -78.825, "76": -78.7501, "77": -78.6748, "78": -77.8796, "79": -77.5106, "80": -77.2699, "81": -76.3494, "82": -76.059, "83": -75.3906, "84": -75.2189, "85": -75.0154, "86": -74.8455, "87": -74.4443, "88": -74.0769, "89": -73.5618, "90": -73.4978, "91": -73.2204, "92": -73.0862, "93": -72.9003, "94": -72.5107, "95": -72.3695, "96": -72.2869, "97": -72.28, "98": -72.0299, "99": -71.8949, "100": -71.7481, "101": -71.5106, "102": -71.5052, "103": -71.3018, "104": -71.1485, "105": -71.0092, "106": -70.1513, "107": -69.4832, "108": -69.4363, "109": -69.4346, "110": -69.0792, "111": -68.9524, "112": -68.923, "113": -68.6992, "114": -68.6319, "115": -68.4177, "116": -68.2366, "117": -67.6061, "118": -67.5687, "119": -67.1382, "120": -67.0073, "121": -66.5361, "122": -66.4135, "123": -66.3417, "124": -66.133, "125": -66.0591, "126": -65.9493, "127": -65.8219, "128": -65.8102, "129": -65.8036, "130": -65.6045, "131": -65.4317, "132": -65.2436, "133": -65.2169, "134": -65.0289, "135": -64.9781, "136": -64.9485, "137": -64.8636, "138": -64.7461, "139": -64.7193, "140": -64.27, "141": -64.2639, "142": -64.1818, "143": -64.1699, "144": -64.1219, "145": -64.1039, "146": -64.0627, "147": -63.9765, "148": -63.8326, "149": -63.7911, "150": -63.6403, "151": -63.6392, "152": -63.5059, "153": -63.4999, "154": -63.3425, "155": -63.1499, "156": -63.1499, "157": -63.1479, "158": -62.9756, "159": -62.7162, "160": -62.6902, "161": -62.6214, "162": -62.6, "163": -62.5606, "164": -62.5399, "165": -62.5089, "166": -62.5051, "167": -62.4554, "168": -62.4061, "169": -62.4036, "170": -62.3459, "171": -62.3095, "172": -62.2658, "173": -62.2557, "174": -62.2059, "175": -62.1858, "176": -62.0934, "177": -62.0212, "178": -62.0019, "179": -61.9936, "180": -61.979, "181": -61.7513, "182": -61.7092, "183": -61.6904, "184": -61.5936, "185": -61.5634, "186": -61.5577, "187": -61.52, "188": -61.5124, "189": -61.5084, "190": -61.5061, "191": -61.5053, "192": -61.4651, "193": -61.4306, "194": -61.4234, "195": -61.4174, "196": -61.3934, "197": -61.3927, "198": -61.3857, "199": -61.3604, "200": -61.3596, "201": -61.3057, "202": -61.287, "203": -61.2842, "204": -61.2757, "205": -61.2646, "206": -61.2367, "207": -61.1571, "208": -61.1471, "209": -61.1381, "210": -61.1333, "211": -61.1192, "212": -61.0675, "213": -61.0437, "214": -61.0313, "215": -61.016, "216": -60.9984, "217": -60.9956, "218": -60.9864, "219": -60.9821, "220": -60.9771, "221": -60.9715, "222": -60.9521, "223": -60.9514, "224": -60.9512, "225": -60.9507, "226": -60.9492, "227": -60.9485, "228": -60.9432, "229": -60.9406, "230": -60.9344, "231": -60.9339, "232": -60.9281, "233": -60.9271, "234": -60.9246, "235": -60.9221, "236": -60.9177}, "SolveResult": 0, "UpperBounds": {"1": -60.8582}, "MaxQueueSize": 36, "VisitedNodes": 473, "BranchingVars": [0, 7, 7, 6, 5, 3, 6, 6, 6, 3, 4, 6, 4, 3, 4, 1, 4, 3, 4, 6, 1, 4, 4, 4, 4, 4, 3, 4, 6, 6, 4, 5, 4, 6, 1, 4, 4, 4, 4, 6, 4, 5, 4, 6, 6, 4, 4, 5, 4, 4, 4, 5, 4, 5, 7, 4, 5, 4, 4, 6, 1, 4, 7, 4, 7, 4, 7, 4, 4, 4, 4, 4, 4, 7, 6, 4, 4, 5, 1, 0, 5, 4, 4, 5, 5, 4, 4, 1, 5, 4, 5, 4, 4, 0, 6, 4, 4, 4, 5, 5, 4, 4, 5, 4, 4, 4, 4, 5, 5, 4, 5, 4, 6, 4, 0, 4, 3, 4, 4, 4, 5, 5, 6, 1, 6, 6, 4, 4, 5, 4, 4, 4, 4, 5, 4, 4, 0, 4, 5, 0, 4, 4, 4, 0, 4, 5, 0, 4, 4, 4, 5, 5, 0, 6, 6, 6, 4, 0, 4, 4, 6, 6, 4, 0, 6, 3, 4, 4, 6, 7, 5, 4, 6, 7, 5, 4, 7, 4, 7, 0, 6, 4, 6, 4, 6, 7, 4, 4, 7, 4, 4, 7, 4, 4, 0, 4, 4, 7, 7, 4, 4, 4, 7, 7, 7, 7, 7, 4, 5, 5, 4, 7, 5, 5, 7, 4, 6, 6, 7, 4, 6, 6, 4, 6, 3, 4, 5, 4, 6, 6, 6, 4, 4, 5, 4, 7], "NonLinearTime": 0.179949, "OptimalityGap": 0.0595138,