{"Itbt": 0, "Pace": 0.0222595, "Depth": 13, "Degree": 5, "RPSTime": 1.22041, "FBBTTime": 0, "OBBTTime": 0, "TotalTime": 9.90705, "Iterations": 48, "LinearTime": 1.30986, "LowerBound": 216.949, "TimeVector": [0.431572, 0.643024, 0.865821, 1.08971, 1.32488, 1.53872, 1.72586, 1.93333, 2.11375, 2.31268, 2.5276, 2.72049, 2.93211, 3.11708, 3.29528, 3.51032, 3.70453, 3.89395, 4.09843, 4.27797, 4.46359, 4.65246, 4.85582, 5.05264, 5.2457, 5.43136, 5.61578, 5.82173, 6.01903, 6.21978, 6.38562, 6.61117, 6.80847, 7.01004, 7.22545, 7.44358, 7.65139, 7.83361, 8.10155, 8.27363, 8.48591, 8.63673, 8.80273, 8.98624, 9.21614, 9.43204, 9.67367, 19.5807], "UpperBound": 217.109, "rootBTTime": 0, "LowerBounds": {"1": 141.807, "2": 163.429, "3": 167.747, "4": 179.208, "5": 185.026, "6": 193.266, "7": 195.54, "8": 195.627, "9": 199.968, "10": 201.305, "11": 202.441, "12": 204.984, "13": 206.206, "14": 207.044, "15": 207.912, "16": 208.55, "17": 208.855, "18": 209.616, "19": 210.603, "20": 211.032, "21": 211.039, "22": 211.812, "23": 212.082, "24": 212.548, "25": 213.614, "26": 213.806, "27": 214.002, "28": 214.015, "29": 214.682, "30": 214.702, "31": 214.742, "32": 214.96, "33": 215.093, "34": 215.364, "35": 215.593, "36": 215.601, "37": 215.969, "38": 216.07, "39": 216.184, "40": 216.558, "41": 216.558, "42": 216.576, "43": 216.633, "44": 216.717, "45": 216.779, "46": 216.846, "47": 216.867, "48": 216.949}, "SolveResult": 0, "UpperBounds": {"1": 264.441, "2": 217.109}, "MaxQueueSize": 11, "VisitedNodes": 97, "BranchingVars": [2, 3, 7, 3, 7, 7, 5, 7, 5, 5, 2, 0, 0, 0, 5, 2, 3, 3, 2, 5, 5, 5, 2, 5, 7, 3, 7, 5, 2, 3, 7, 2, 5, 2, 2, 5, 2, 3, 7, 7, 5, 5, 0, 3, 3, 0, 0, 0], "NonLinearTime": 0.185061, "OptimalityGap": 0.159945, "BranchingRules": ["eigen_cen_alternative", "eigen_cen_alternative", "eigen_cen_alternative", "eigen_cen_alternative", "eigen_cen_alternative", "sum_rescaled_var_range_weighted_rel", "sum_rescaled_var_range_weighted_rel", "eigen_cen_alternative", "eigen_cen_alternative", "eigen_cen_alternative", "eigen_cen_alternative", "eigen_cen_alternative", "eigen_cen_alternative", "sum_rescaled_var_range_weighted_rel", "eigen_cen_alternative", "eigen_cen_alternative", "eigen_cen_alternative", "eigen_cen_alternative", "sum_dual_weighted_plus1", "eigen_cen_alternative", "eigen_cen_alternative", "eigen_cen_alternative", "eigen_cen_alternative", "eigen_cen_alternative", "eigen_cen_alternative", "eigen_cen_alternative", "eigen_cen_alternative", "eigen_cen_alternative", "eigen_cen_alternative", "eigen_cen_alternative", "eigen_cen_alternative", "eigen_cen_alternative", "sum_rescaled_var_range_weighted_rel", "eigen_cen_alternative", "eigen_cen_alternative", "eigen_cen_alternative", "eigen_cen_alternative", "eigen_cen_alternative", "eigen_cen_alternative", "sum_rescaled_var_range_weighted_rel", "eigen_cen_alternative", "eigen_cen_alternative", "eigen_cen_alternative", "eigen_cen_alternative", "eigen_cen_alternative", "sum_rescaled_var_range_weighted_rel", "sum_rescaled_var_range_weighted_rel", "sum_rescaled_var_range_weighted_rel"], "LBImprovements": [21.6221, 4.3184, 27.7925, 5.81783, 16.2795, 9.17448, 11.5045, 24.7796, 5.0159, 4.90129, 16.0639, 6.04807, 2.64828, 9.67318, 6.78994, 8.73353, 1.74806, 2.4664, 3.41247, 9.82328, 2.76683, 2.1902, 5.91247, 1.0656, 1.74983, 0.93596, 1.59116, 5.1032, 3.16535, 6.07129, 1.83391, 3.17428, 2.82848, 0.237649, 2.89644, 0.582668, 1.82357, 0.488284, 0.374189, 1.4444, 0.287812, 0.3729, 0.467233, 4.97916, 0.430857, 0.133051, 0.308932, 0.118286], "InfeasibleNodes": 0, "ElapsedTimeCoeffs": 0, "LinearizationTime": 0.00253581, "NumberOfVariables": 8, "CallsToLinearSolver": 97, "LinearGenerationTime": 0.148256, "SDPCutsGenerationTime": 0, "CallsToNonLinearSolver": 9, "StrongBranchingExtraTime": 8.2344, "ElapsedTimeWeightedCoeffs": 0, "NodesDiscardedByFathoming": 0, "NodesDiscardedByTolerance": 49, "BoundFactorConstraintsTime": 0.120417, "ElapsedTimeVarsInConstraints": 0.000029167, "meanBTRelativeChangeRootNode": 0, "NumberOfBoundFactorConstraints": 210, "NumberOfLAPACKConvergenceFailures": 0, "NumberOfRLTVariablesAfterLinearization": 123}