{"Itbt": 0, "Pace": 0.114331, "Depth": 8, "Degree": 5, "RPSTime": 8.41865, "FBBTTime": 0, "OBBTTime": 0, "TotalTime": 142.111, "Iterations": 27, "LinearTime": 19.5787, "LowerBound": 2751.84, "TimeVector": [6.28527, 11.8764, 17.2072, 22.9486, 27.9307, 33.2211, 38.5747, 44.1698, 49.6267, 54.9734, 60.479, 66.4564, 72.4555, 77.323, 82.89, 87.3129, 92.3058, 96.0217, 101.154, 105.948, 110.964, 116.63, 121.529, 126.308, 131.487, 137.108, 147.733], "UpperBound": 2753.55, "rootBTTime": 0, "LowerBounds": {"1": 2567.38, "2": 2583.03, "3": 2602.86, "4": 2645.9, "5": 2651.2, "6": 2670.34, "7": 2678.84, "8": 2690.26, "9": 2697.4, "10": 2715.76, "11": 2726.44, "12": 2728.24, "13": 2737.02, "14": 2738.19, "15": 2739.63, "16": 2743.56, "17": 2745.58, "18": 2746.15, "19": 2747.11, "20": 2748.13, "21": 2748.99, "22": 2749, "23": 2749.04, "24": 2749.55, "25": 2750.05, "26": 2750.4, "27": 2751.84}, "SolveResult": 0, "UpperBounds": {"1": 2753.55}, "MaxQueueSize": 7, "VisitedNodes": 55, "BranchingVars": [2, 7, 5, 6, 7, 7, 7, 1, 6, 1, 1, 1, 1, 5, 5, 3, 1, 1, 5, 1, 1, 6, 6, 1, 6, 5, 6], "NonLinearTime": 0.232091, "OptimalityGap": 1.70233, "BranchingRules": ["sum_rescaled_var_range_weighted_rel", "sum_rescaled_var_range_weighted_rel", "sum_rescaled_var_range_weighted_rel", "sum_rescaled_var_range_weighted_rel", "sum_dual_weighted_plus1", "sum_rescaled_var_range_weighted_rel", "sum_rescaled_var_range_weighted_rel", "sum_rescaled_var_range_weighted_rel", "sum_rescaled_var_range_weighted_rel", "sum_rescaled_var_range_weighted_rel", "sum_rescaled_var_range_weighted_rel", "sum_rescaled_var_range_weighted_rel", "sum_rescaled_var_range_weighted_rel", "sum_rescaled_var_range_weighted_rel", "sum_rescaled_var_range_weighted_rel", "sum_rescaled_var_range_weighted_rel", "sum_dual_weighted_plus1", "sum_rescaled_var_range_weighted_rel", "sum_rescaled_var_range_weighted_rel", "sum_rescaled_var_range_weighted_rel", "sum_rescaled_var_range_weighted_rel", "sum_rescaled_var_range_weighted_rel", "sum_rescaled_var_range_weighted_rel", "sum_rescaled_var_range_weighted_rel", "sum_rescaled_var_range_weighted_rel", "sum_rescaled_var_range_weighted_rel", "sum_rescaled_var_range_weighted_rel"], "LBImprovements": [15.6541, 62.8647, 48.3434, 24.4412, 96.9309, 45.4205, 111.299, 47.9262, 30.831, 23.8742, 27.21, 18.8797, 11.9794, 5.37121, 5.95219, 2.59047, 4.46457, 6.04376, 1.92098, 55.829, 46.4443, 1.39735, 0.513818, 3.92285, 2.05156, 1.44757, 2.12495], "InfeasibleNodes": 0, "ElapsedTimeCoeffs": 0, "LinearizationTime": 0.0607397, "NumberOfVariables": 8, "CallsToLinearSolver": 55, "LinearGenerationTime": 0.541113, "SDPCutsGenerationTime": 0, "CallsToNonLinearSolver": 8, "StrongBranchingExtraTime": 121.021, "ElapsedTimeWeightedCoeffs": 0, "NodesDiscardedByFathoming": 0, "NodesDiscardedByTolerance": 28, "BoundFactorConstraintsTime": 1.08112, "ElapsedTimeVarsInConstraints": 0.00011106, "meanBTRelativeChangeRootNode": 0, "NumberOfBoundFactorConstraints": 1680, "NumberOfLAPACKConvergenceFailures": 0, "NumberOfRLTVariablesAfterLinearization": 432}