{"Itbt": 0, "Pace": 0.114948, "Depth": 13, "Degree": 5, "RPSTime": 31.3579, "FBBTTime": 0, "OBBTTime": 0, "TotalTime": 452.103, "Iterations": 206, "LinearTime": 60.221, "LowerBound": 1266.99, "TimeVector": [2.61259, 4.93392, 7.22338, 9.50181, 11.6937, 14.1008, 16.5004, 18.7469, 20.9925, 23.2513, 25.2848, 27.3785, 29.6178, 31.703, 34.004, 36.1804, 38.3129, 40.523, 42.548, 44.6002, 46.9316, 49.101, 51.141, 53.3092, 55.6667, 57.7761, 59.928, 62.0321, 64.0838, 66.2802, 68.4469, 70.5918, 72.6897, 75.0154, 76.966, 78.9538, 81.0719, 83.5083, 85.5605, 87.733, 89.825, 92.2707, 94.3711, 96.7205, 98.7133, 100.76, 103.066, 105.223, 107.476, 109.869, 112.043, 114.22, 116.514, 118.783, 120.992, 123.174, 125.57, 127.77, 130.176, 132.358, 134.608, 136.763, 138.917, 141.134, 143.34, 145.496, 147.708, 150.026, 152.252, 154.266, 156.386, 158.699, 160.685, 162.495, 164.587, 166.981, 168.996, 170.897, 173.022, 175.254, 177.777, 179.864, 181.974, 184.482, 186.682, 188.694, 190.802, 193.174, 195.46, 197.704, 199.669, 201.792, 203.878, 206.144, 208.348, 210.498, 212.626, 214.72, 216.989, 219.179, 221.523, 223.72, 225.895, 228.028, 229.941, 232.365, 234.454, 236.29, 238.396, 240.692, 242.921, 245.216, 247.232, 249.627, 251.652, 253.844, 256.296, 258.538, 260.813, 263.048, 265.243, 267.616, 269.744, 271.811, 273.67, 275.724, 277.994, 280.221, 282.287, 284.402, 286.368, 288.723, 290.864, 293.105, 295.131, 297.127, 299.525, 301.813, 304.078, 306.11, 308.442, 310.722, 312.766, 314.57, 317.104, 318.957, 321.002, 323.434, 325.527, 327.822, 329.63, 331.862, 334.15, 336.561, 338.77, 340.964, 343.119, 345.296, 347.383, 349.431, 351.702, 353.96, 356.016, 358.218, 360.311, 362.706, 365.011, 367.519, 369.451, 371.711, 373.849, 375.947, 378.063, 380.381, 382.907, 385.112, 387.304, 389.594, 392.032, 394.404, 396.509, 398.556, 400.596, 402.799, 404.867, 407.154, 409.538, 411.555, 413.745, 415.791, 418.056, 420.507, 422.705, 424.934, 427.334, 429.684, 432.147, 434.007, 436.044, 438.346, 440.567, 442.854, 445.286, 447.562, 449.857, 472.276], "UpperBound": 1267.97, "rootBTTime": 0, "LowerBounds": {"1": 701.742, "2": 827.834, "3": 835.796, "4": 912.252, "5": 930.592, "6": 935.981, "7": 946.28, "8": 1005.12, "9": 1021.82, "10": 1023.89, "11": 1034.91, "12": 1035.09, "13": 1035.32, "14": 1049.73, "15": 1075.05, "16": 1086.3, "17": 1095.57, "18": 1103.55, "19": 1106.08, "20": 1113.2, "21": 1115.36, "22": 1122.85, "23": 1124.25, "24": 1124.41, "25": 1126.33, "26": 1147.59, "27": 1151.47, "28": 1153.34, "29": 1154.7, "30": 1159.24, "31": 1159.95, "32": 1163.27, "33": 1164.07, "34": 1164.45, "35": 1169.97, "36": 1171.08, "37": 1172.31, "38": 1173.53, "39": 1176.52, "40": 1177.15, "41": 1180.03, "42": 1181.57, "43": 1181.78, "44": 1183.23, "45": 1187.25, "46": 1189.3, "47": 1191.65, "48": 1192.46, "49": 1192.96, "50": 1195.16, "51": 1201.37, "52": 1201.87, "53": 1202.14, "54": 1203.79, "55": 1207.46, "56": 1211.51, "57": 1212.05, "58": 1215.45, "59": 1220.03, "60": 1220.15, "61": 1220.81, "62": 1221.07, "63": 1221.66, "64": 1221.68, "65": 1221.69, "66": 1222.05, "67": 1222.24, "68": 1223.45, "69": 1223.56, "70": 1226, "71": 1228.1, "72": 1228.25, "73": 1228.58, "74": 1228.79, "75": 1228.84, "76": 1228.95, "77": 1232.63, "78": 1232.63, "79": 1232.84, "80": 1233.81, "81": 1235.12, "82": 1235.32, "83": 1235.61, "84": 1235.71, "85": 1235.75, "86": 1236.55, "87": 1236.89, "88": 1237.5, "89": 1238.3, "90": 1239, "91": 1239.17, "92": 1239.38, "93": 1240.43, "94": 1241.43, "95": 1241.55, "96": 1241.7, "97": 1241.91, "98": 1242.08, "99": 1242.42, "100": 1242.52, "101": 1242.59, "102": 1242.73, "103": 1242.85, "104": 1243.35, "105": 1243.49, "106": 1243.96, "107": 1244.38, "108": 1244.62, "109": 1245.32, "110": 1245.51, "111": 1245.83, "112": 1246.12, "113": 1248.2, "114": 1248.43, "115": 1248.44, "116": 1248.6, "117": 1248.85, "118": 1248.97, "119": 1249.7, "120": 1249.81, "121": 1250.01, "122": 1251.03, "123": 1251.43, "124": 1251.55, "125": 1252.02, "126": 1252.82, "127": 1253.01, "128": 1253.29, "129": 1253.74, "130": 1253.96, "131": 1254.93, "132": 1255, "133": 1255.07, "134": 1255.13, "135": 1255.41, "136": 1255.64, "137": 1255.73, "138": 1257.3, "139": 1257.61, "140": 1258.06, "141": 1258.68, "142": 1258.7, "143": 1258.72, "144": 1259.09, "145": 1259.11, "146": 1259.3, "147": 1259.65, "148": 1259.7, "149": 1259.76, "150": 1259.98, "151": 1260.31, "152": 1260.41, "153": 1260.58, "154": 1260.87, "155": 1261.32, "156": 1261.34, "157": 1261.34, "158": 1261.34, "159": 1261.34, "160": 1261.93, "161": 1262.05, "162": 1262.16, "163": 1262.52, "164": 1262.62, "165": 1262.64, "166": 1262.74, "167": 1262.84, "168": 1263.02, "169": 1263.35, "170": 1263.35, "171": 1263.66, "172": 1263.71, "173": 1263.73, "174": 1263.77, "175": 1263.87, "176": 1263.88, "177": 1263.91, "178": 1263.99, "179": 1264.06, "180": 1264.11, "181": 1264.2, "182": 1264.33, "183": 1264.48, "184": 1264.64, "185": 1264.65, "186": 1264.67, "187": 1264.71, "188": 1264.76, "189": 1264.86, "190": 1264.88, "191": 1264.88, "192": 1265.1, "193": 1265.21, "194": 1265.22, "195": 1265.23, "196": 1265.66, "197": 1265.7, "198": 1265.72, "199": 1265.78, "200": 1265.85, "201": 1265.89, "202": 1266.09, "203": 1266.25, "204": 1266.25, "205": 1266.37, "206": 1266.99}, "SolveResult": 0, "UpperBounds": {"1": 1267.97}, "MaxQueueSize": 66, "VisitedNodes": 413, "BranchingVars": [3, 7, 6, 7, 6, 0, 5, 6, 0, 4, 0, 7, 5, 6, 0, 5, 0, 1, 4, 4, 1, 0, 4, 1, 4, 0, 3, 4, 4, 2, 5, 2, 4, 5, 5, 5, 5, 5, 5, 2, 4, 4, 5, 2, 0, 5, 4, 5, 5, 4, 5, 1, 1, 3, 5, 5, 3, 5, 7, 4, 1, 2, 1, 1, 7, 1, 6, 3, 1, 1, 1, 1, 7, 1, 4, 1, 3, 3, 3, 7, 7, 7, 2, 2, 3, 4, 1, 5, 4, 5, 2, 2, 1, 5, 1, 6, 1, 7, 2, 4, 0, 7, 6, 1, 7, 2, 1, 4, 1, 0, 0, 6, 1, 1, 2, 0, 6, 0, 7, 0, 0, 0, 7, 0, 7, 7, 1, 2, 2, 1, 1, 2, 4, 2, 4, 0, 7, 1, 0, 2, 7, 3, 0, 0, 1, 0, 6, 1, 0, 2, 6, 4, 7, 7, 0, 7, 7, 7, 7, 2, 1, 0, 1, 0, 0, 0, 5, 5, 0, 2, 7, 7, 3, 4, 7, 6, 0, 1, 6, 2, 6, 2, 0, 2, 6, 4, 7, 0, 0, 5, 0, 6, 5, 1, 1, 7, 7, 0, 4, 4, 6, 4, 1, 6, 2, 5], "NonLinearTime": 0.2159, "OptimalityGap": 0.983483,