{"Itbt": 0, "Pace": 0.0400643, "Depth": 18, "Degree": 5, "RPSTime": 2.47255, "FBBTTime": 0, "OBBTTime": 0, "TotalTime": 14.9957, "Iterations": 243, "LinearTime": 1.78745, "LowerBound": 206.036, "TimeVector": [0.208358, 0.275973, 0.345803, 0.41403, 0.484056, 0.545214, 0.603471, 0.674837, 0.73229, 0.793278, 0.854605, 0.916044, 0.97493, 1.02983, 1.08349, 1.14878, 1.20507, 1.26209, 1.31833, 1.37548, 1.43449, 1.49042, 1.549, 1.6079, 1.66978, 1.72964, 1.78846, 1.84277, 1.89599, 1.95867, 2.01713, 2.08644, 2.14555, 2.20926, 2.26343, 2.31742, 2.37824, 2.43458, 2.49134, 2.5502, 2.6016, 2.66115, 2.72376, 2.78387, 2.84432, 2.90425, 2.96297, 3.02383, 3.08178, 3.1422, 3.20066, 3.26226, 3.32495, 3.38587, 3.44989, 3.50959, 3.56855, 3.63325, 3.69327, 3.75037, 3.80988, 3.86958, 3.93422, 4.00076, 4.06152, 4.11794, 4.17792, 4.24035, 4.29741, 4.35458, 4.4123, 4.47253, 4.52984, 4.59117, 4.6535, 4.71192, 4.77723, 4.83836, 4.89721, 4.95386, 5.01598, 5.07204, 5.13159, 5.18896, 5.24466, 5.30418, 5.361, 5.41969, 5.47848, 5.53825, 5.59866, 5.65826, 5.71814, 5.76911, 5.82613, 5.88882, 5.94589, 6.00344, 6.06031, 6.1225, 6.18197, 6.24329, 6.30397, 6.36315, 6.42346, 6.48104, 6.53762, 6.59653, 6.65035, 6.71281, 6.77726, 6.83778, 6.89394, 6.95031, 7.00812, 7.07305, 7.13327, 7.196, 7.25446, 7.31657, 7.37454, 7.4378, 7.49781, 7.55997, 7.61988, 7.68161, 7.73865, 7.80381, 7.86038, 7.92165, 7.98402, 8.04093, 8.10024, 8.16431, 8.2236, 8.28445, 8.34478, 8.40519, 8.46538, 8.52653, 8.59001, 8.65048, 8.71283, 8.76886, 8.82934, 8.88404, 8.94526, 9.00375, 9.06196, 9.11744, 9.1775, 9.23685, 9.29786, 9.35761, 9.42132, 9.48286, 9.54747, 9.60566, 9.66474, 9.72297, 9.79199, 9.85214, 9.91266, 9.97473, 10.0359, 10.101, 10.1625, 10.2253, 10.29, 10.3535, 10.4134, 10.4738, 10.5316, 10.5956, 10.6553, 10.7098, 10.7731, 10.8347, 10.8909, 10.9493, 11.0111, 11.0786, 11.1396, 11.1997, 11.2621, 11.3262, 11.3895, 11.4524, 11.5178, 11.5844, 11.648, 11.7127, 11.7724, 11.8285, 11.8897, 11.9501, 12.008, 12.0666, 12.1318, 12.1967, 12.2565, 12.3129, 12.3699, 12.4325, 12.4954, 12.5602, 12.6165, 12.6749, 12.7353, 12.7978, 12.8631, 12.9281, 12.9829, 13.0454, 13.1171, 13.183, 13.2511, 13.318, 13.3797, 13.4424, 13.5083, 13.5773, 13.6408, 13.6949, 13.7537, 13.8203, 13.8859, 13.9545, 14.0258, 14.0971, 14.1609, 14.2257, 14.2908, 14.3529, 14.4224, 14.4935, 14.5634, 14.6339, 14.7034, 14.7736, 14.8433, 14.915, 29.9107], "UpperBound": 206.23, "rootBTTime": 0, "LowerBounds": {"1": 146.873, "2": 154.264, "3": 156.145, "4": 161.17, "5": 165.619, "6": 166.715, "7": 168.598, "8": 168.927, "9": 169.28, "10": 171.62, "11": 171.671, "12": 171.829, "13": 172.177, "14": 173.175, "15": 174.141, "16": 174.554, "17": 175.146, "18": 175.802, "19": 176.268, "20": 177.382, "21": 177.945, "22": 178.108, "23": 179.835, "24": 180.26, "25": 181.196, "26": 181.491, "27": 182.079, "28": 182.709, "29": 183.162, "30": 183.182, "31": 183.282, "32": 183.604, "33": 184.244, "34": 184.556, "35": 185.012, "36": 185.064, "37": 185.181, "38": 185.278, "39": 186.403, "40": 186.472, "41": 186.758, "42": 188.324, "43": 188.449, "44": 189.013, "45": 189.112, "46": 189.534, "47": 189.659, "48": 189.905, "49": 190.601, "50": 190.603, "51": 192.094, "52": 192.211, "53": 192.297, "54": 193.017, "55": 193.072, "56": 193.075, "57": 193.105, "58": 193.618, "59": 194.164, "60": 194.271, "61": 194.272, "62": 194.744, "63": 194.748, "64": 194.753, "65": 195.081, "66": 195.244, "67": 195.361, "68": 195.392, "69": 195.77, "70": 195.772, "71": 195.905, "72": 196.027, "73": 196.245, "74": 196.556, "75": 196.705, "76": 197.476, "77": 197.547, "78": 197.633, "79": 197.678, "80": 198.086, "81": 198.256, "82": 198.388, "83": 198.465, "84": 198.489, "85": 198.508, "86": 198.685, "87": 198.726, "88": 198.736, "89": 198.772, "90": 198.795, "91": 198.843, "92": 198.895, "93": 198.903, "94": 198.935, "95": 198.948, "96": 199.011, "97": 199.133, "98": 199.276, "99": 199.348, "100": 199.386, "101": 199.391, "102": 199.654, "103": 199.656, "104": 199.658, "105": 199.727, "106": 199.979, "107": 200.474, "108": 200.475, "109": 200.508, "110": 200.578, "111": 200.699, "112": 200.703, "113": 200.727, "114": 200.817, "115": 200.868, "116": 200.877, "117": 201.02, "118": 201.04, "119": 201.117, "120": 201.151, "121": 201.154, "122": 201.191, "123": 201.199, "124": 201.245, "125": 201.264, "126": 201.413, "127": 201.457, "128": 201.584, "129": 201.667, "130": 201.907, "131": 201.999, "132": 202.016, "133": 202.049, "134": 202.252, "135": 202.513, "136": 202.783, "137": 202.805, "138": 202.842, "139": 202.843, "140": 202.899, "141": 203.011, "142": 203.131, "143": 203.139, "144": 203.221, "145": 203.224, "146": 203.453, "147": 203.476, "148": 203.515, "149": 203.554, "150": 203.646, "151": 203.67, "152": 203.789, "153": 203.879, "154": 203.964, "155": 203.998, "156": 204.003, "157": 204.091, "158": 204.13, "159": 204.132, "160": 204.174, "161": 204.189, "162": 204.26, "163": 204.277, "164": 204.288, "165": 204.32, "166": 204.46, "167": 204.53, "168": 204.585, "169": 204.592, "170": 204.665, "171": 204.673, "172": 204.701, "173": 204.755, "174": 204.776, "175": 204.798, "176": 204.798, "177": 204.799, "178": 204.823, "179": 204.837, "180": 204.895, "181": 205.013, "182": 205.013, "183": 205.02, "184": 205.07, "185": 205.097, "186": 205.097, "187": 205.135, "188": 205.135, "189": 205.158, "190": 205.228, "191": 205.267, "192": 205.267, "193": 205.277, "194": 205.28, "195": 205.332, "196": 205.349, "197": 205.403, "198": 205.413, "199": 205.495, "200": 205.495, "201": 205.495, "202": 205.495, "203": 205.504, "204": 205.508, "205": 205.508, "206": 205.526, "207": 205.612, "208": 205.68, "209": 205.69, "210": 205.704, "211": 205.705, "212": 205.705, "213": 205.786, "214": 205.791, "215": 205.797, "216": 205.797, "217": 205.797, "218": 205.797, "219": 205.868, "220": 205.875, "221": 205.884, "222": 205.907, "223": 205.91, "224": 205.91, "225": 205.921, "226": 205.925, "227": 205.925, "228": 206.005, "229": 206.005, "230": 206.005, "231": 206.005, "232": 206.005, "233": 206.005, "234": 206.005, "235": 206.005, "236": 206.014, "237": 206.014, "238": 206.014, "239": 206.015, "240": 206.016, "241": 206.016, "242": 206.016, "243": 206.036}, "SolveResult": 0, "UpperBounds": {"1": 215.37, "3": 206.23}, "MaxQueueSize": 67, "VisitedNodes": 487, "BranchingVars": [2, 4, 0, 5, 0, 1, 0, 4, 0, 4, 1, 1, 7, 1, 3, 3, 5, 6, 7, 7, 5, 0, 0, 0, 7, 0, 2, 7, 7, 2, 6, 7, 7, 5, 7, 7, 4, 7, 6, 4, 5, 2, 0, 2, 4, 4, 4, 4, 2, 0, 2, 5, 2, 1, 4, 0, 2, 4, 0, 2, 1, 4, 4, 2, 7, 7, 1, 1, 2, 0, 3, 0, 5, 2, 1, 5, 0, 5, 5, 3, 0, 5, 7, 6, 5, 1, 5, 2, 0, 4, 0, 0, 6, 7, 1, 2, 2, 4, 2, 3, 7, 4, 1, 5, 6, 4, 5, 5, 6, 7, 5, 7, 5, 5, 7, 5, 7, 4, 3, 5, 0, 5, 1, 1, 4, 2, 7, 7, 7, 7, 2, 6, 2, 7, 5, 0, 6, 6, 6, 2, 0, 1, 2, 0, 2, 3, 5, 4, 1, 5, 5, 2, 7, 4, 0, 5, 6, 6, 4, 5, 2, 4, 4, 2, 5, 4, 0, 2, 6, 5, 7, 6, 1, 7, 3, 3, 4, 6, 5, 6, 0, 6, 2, 1, 3, 3, 0, 0, 6, 2, 2, 2, 5, 3, 3, 7, 4, 3, 6, 6, 6, 6, 5, 0, 0, 4, 3, 7, 4, 3, 0, 6, 3, 6, 4, 4, 4, 4, 6, 0, 2, 2, 4, 7, 3, 6, 6, 4, 4, 4, 4, 4, 4, 4, 4, 2, 2, 2, 2, 2, 2, 2, 2], "NonLinearTime": 0.215838, "OptimalityGap": 0.19452,