{"Itbt": 0, "Pace": 0.0000657019, "Depth": 9, "Degree": 4, "RPSTime": 0.00374235, "FBBTTime": 0, "OBBTTime": 0, "TotalTime": 0.0574892, "Iterations": 11, "LinearTime": 0.00410271, "LowerBound": -0.000794323, "TimeVector": [0.00938719, 0.0172379, 0.0249204, 0.0324738, 0.0401214, 0.0406078, 0.0410663, 0.0485581, 0.0490314, 0.0495221, 0.107011], "UpperBound": 0.00000000000136424, "rootBTTime": 0, "LowerBounds": {"1": -875, "2": -225, "3": -94.9219, "4": -19.1574, "5": -10.9667, "6": -1.66913, "7": -0.256108, "8": -0.111582, "9": -0.0481342, "10": -0.00350428, "11": -0.000794323}, "SolveResult": 0, "UpperBounds": {"1": 0.00000000000136424}, "MaxQueueSize": 2, "VisitedNodes": 23, "BranchingVars": [0, 0, 0, 0, 0, 0, 0, 0, 0, 0, 0], "NonLinearTime": 0.0496374, "OptimalityGap": 0.000794323, "BranchingRules": ["sum_dual_weighted_plus1", "sum_dual_weighted_plus1", "sum_dual_weighted_plus1", "sum_dual_weighted_plus1", "sum_dual_weighted_plus1", "sum_dual_weighted_plus1", "sum_dual_weighted_plus1", "sum_dual_weighted_plus1", "sum_dual_weighted_plus1", "sum_dual_weighted_plus1", "sum_dual_weighted_plus1"], "LBImprovements": [650, 130.078, 75.7645, 8.19066, 9.29762, 1.41302, 0.207973, 0.108078, 0.0447125, 0.00274065, 0.00262737], "InfeasibleNodes": 1, "ElapsedTimeCoeffs": 0, "LinearizationTime": 0.000012678, "NumberOfVariables": 1, "CallsToLinearSolver": 23, "LinearGenerationTime": 0.00103568, "SDPCutsGenerationTime": 0, "CallsToNonLinearSolver": 7, "StrongBranchingExtraTime": 0, "ElapsedTimeWeightedCoeffs": 0, "NodesDiscardedByFathoming": 0, "NodesDiscardedByTolerance": 11, "BoundFactorConstraintsTime": 0.000734717, "ElapsedTimeVarsInConstraints": 0.000002386, "meanBTRelativeChangeRootNode": 0, "NumberOfBoundFactorConstraints": 5, "NumberOfLAPACKConvergenceFailures": 0, "NumberOfRLTVariablesAfterLinearization": 3}