{"Itbt": 0, "Pace": 0.0915488, "Depth": 19, "Degree": 7, "RPSTime": 25.5421, "FBBTTime": 0, "OBBTTime": 0, "TotalTime": 269.03, "Iterations": 172, "LinearTime": 243.376, "LowerBound": 4631.6, "TimeVector": [2.22454, 3.56625, 4.90955, 6.21423, 7.53734, 8.97549, 10.263, 11.6352, 13.0578, 14.537, 15.9419, 17.3397, 18.759, 19.9916, 21.4312, 22.7943, 24.0962, 25.3504, 27.0102, 28.2349, 29.5071, 30.8416, 33.2472, 35.2662, 36.7077, 37.9207, 39.0188, 40.5391, 41.8256, 43.2718, 44.6144, 45.9443, 47.1398, 48.5635, 50.0347, 51.3205, 52.6374, 54.1, 55.5124, 57.0147, 58.3545, 59.5929, 60.8935, 62.2698, 63.597, 64.8762, 66.3912, 67.8553, 69.5447, 70.7651, 72.2792, 74.4697, 75.762, 77.2964, 78.2841, 79.5183, 80.7781, 82.1247, 83.4299, 84.8156, 86.2652, 87.5035, 88.8165, 90.3987, 91.8706, 93.2973, 94.5786, 96.6171, 97.9706, 99.3213, 100.615, 102.722, 104.124, 105.981, 107.169, 108.188, 109.455, 110.69, 112.114, 113.324, 114.794, 116.022, 117.405, 118.768, 120.136, 121.836, 123.009, 124.186, 125.458, 126.856, 128.258, 129.518, 130.853, 132.159, 133.547, 134.925, 136.546, 137.901, 139.399, 140.567, 141.953, 143.586, 144.92, 146.319, 147.694, 149.172, 150.499, 152, 153.617, 155.752, 157.208, 159.228, 160.572, 161.895, 163.17, 164.654, 166.148, 167.74, 169.248, 170.595, 172.273, 173.633, 175.074, 176.664, 178.047, 180.243, 182.324, 183.802, 185.277, 186.621, 187.877, 189.143, 190.666, 192.069, 193.397, 194.676, 196.135, 197.43, 198.897, 200.727, 203.316, 204.723, 205.896, 207.647, 209.316, 211.869, 213.266, 214.738, 216.119, 217.666, 219.039, 220.505, 222.961, 225.475, 226.799, 228.318, 229.71, 231.083, 244.218, 245.677, 247.295, 248.855, 250.32, 254.448, 256.579, 258.004, 259.456, 261.718, 263.734, 266.181, 267.633, 290.987], "UpperBound": 4635.79, "rootBTTime": 0, "LowerBounds": {"1": 1692.95, "2": 2179.88, "3": 2390.62, "4": 2848.37, "5": 2913, "6": 3139.3, "7": 3237, "8": 3373.95, "9": 3480.58, "10": 3609.09, "11": 3708.13, "12": 3715.55, "13": 3747, "14": 3835.82, "15": 3848.29, "16": 3902.46, "17": 3904.46, "18": 3924.66, "19": 3945.22, "20": 3960.17, "21": 4029.52, "22": 4046.85, "23": 4092.33, "24": 4136.55, "25": 4174.42, "26": 4203.52, "27": 4220.77, "28": 4237.09, "29": 4262.75, "30": 4266.91, "31": 4280.05, "32": 4335.61, "33": 4345.65, "34": 4381.65, "35": 4386.68, "36": 4408.63, "37": 4430.25, "38": 4438.9, "39": 4442.04, "40": 4448.04, "41": 4458.52, "42": 4461.62, "43": 4477.67, "44": 4481.07, "45": 4488.57, "46": 4490.9, "47": 4507.12, "48": 4509.99, "49": 4518.83, "50": 4524.29, "51": 4528.11, "52": 4529.55, "53": 4529.6, "54": 4529.86, "55": 4531.18, "56": 4533.92, "57": 4536.32, "58": 4540.33, "59": 4545.11, "60": 4549.46, "61": 4549.89, "62": 4550.69, "63": 4554.14, "64": 4559.62, "65": 4563.92, "66": 4564.11, "67": 4565.63, "68": 4569.37, "69": 4573.66, "70": 4576.51, "71": 4578.42, "72": 4582.19, "73": 4582.47, "74": 4583.5, "75": 4587.36, "76": 4587.84, "77": 4589.47, "78": 4590.03, "79": 4590.13, "80": 4593.46, "81": 4593.49, "82": 4595.28, "83": 4595.37, "84": 4597.43, "85": 4597.51, "86": 4600.48, "87": 4601.23, "88": 4603.1, "89": 4604.44, "90": 4604.45, "91": 4607.63, "92": 4607.76, "93": 4608.34, "94": 4608.62, "95": 4609.75, "96": 4610.23, "97": 4611.11, "98": 4611.15, "99": 4611.25, "100": 4611.83, "101": 4612.47, "102": 4613.42, "103": 4614.22, "104": 4615.15, "105": 4615.71, "106": 4615.81, "107": 4616.69, "108": 4617.1, "109": 4617.37, "110": 4617.48, "111": 4618.9, "112": 4619.91, "113": 4620.57, "114": 4621.44, "115": 4621.86, "116": 4621.97, "117": 4622.02, "118": 4622.05, "119": 4622.51, "120": 4622.57, "121": 4622.62, "122": 4622.76, "123": 4623.16, "124": 4623.63, "125": 4623.93, "127": 4624, "128": 4624.03, "129": 4624.14, "130": 4624.5, "131": 4624.68, "132": 4624.76, "133": 4624.91, "134": 4625.04, "135": 4625.65, "136": 4625.75, "137": 4625.93, "138": 4625.99, "139": 4625.99, "140": 4626.01, "141": 4626.24, "142": 4626.34, "143": 4626.38, "144": 4626.68, "145": 4626.86, "146": 4626.92, "148": 4627.17, "149": 4627.28, "150": 4627.38, "151": 4627.58, "152": 4627.95, "153": 4628, "154": 4628.03, "155": 4628.6, "156": 4628.72, "157": 4629.2, "158": 4629.21, "159": 4629.36, "160": 4629.83, "161": 4629.89, "162": 4629.89, "163": 4630.09, "164": 4630.12, "165": 4630.27, "166": 4630.37, "167": 4630.62, "168": 4630.74, "169": 4630.85, "170": 4630.86, "171": 4631, "172": 4631.6}, "SolveResult": 0, "UpperBounds": {"1": 4635.79}, "MaxQueueSize": 44, "VisitedNodes": 345, "BranchingVars": [1, 0, 3, 2, 3, 0, 2, 3, 2, 4, 3, 3, 3, 2, 4, 2, 2, 4, 4, 2, 4, 4, 1, 1, 1, 2, 1, 1, 1, 1, 4, 1, 1, 4, 2, 1, 2, 2, 0, 0, 4, 0, 0, 2, 0, 1, 4, 0, 4, 4, 1, 4, 4, 2, 0, 0, 1, 4, 2, 0, 4, 1, 4, 4, 0, 2, 2, 4, 4, 2, 4, 4, 4, 2, 4, 4, 0, 4, 4, 0, 0, 4, 2, 1, 0, 2, 4, 2, 4, 4, 0, 4, 2, 0, 0, 4, 4, 1, 1, 1, 4, 4, 1, 1, 4, 2, 0, 0, 1, 2, 4, 4, 0, 0, 4, 4, 4, 0, 1, 0, 0, 4, 0, 4, 1, 3, 3, 3, 4, 4, 2, 0, 0, 4, 1, 2, 3, 1, 4, 2, 2, 1, 1, 0, 1, 1, 4, 2, 0, 2, 3, 4, 2, 1, 4, 3, 3, 2, 0, 3, 1, 3, 4, 0, 1, 1, 4, 4, 4, 1, 0, 4], "NonLinearTime": 0.111525, "OptimalityGap": 4.18881,