{"Itbt": 0, "Pace": 0.00949538, "Depth": 8, "Degree": 7, "RPSTime": 2.39773, "FBBTTime": 0, "OBBTTime": 0, "TotalTime": 21.0688, "Iterations": 34, "LinearTime": 18.5883, "LowerBound": 2466.3, "TimeVector": [0.927048, 1.51281, 2.15776, 2.77015, 3.30335, 3.814, 4.41999, 5.0224, 5.60078, 6.31647, 6.82463, 7.43118, 7.96007, 8.5247, 9.16982, 9.86136, 10.4483, 11.0627, 11.5931, 12.1397, 12.845, 13.3063, 14.0161, 14.7052, 15.4281, 16.1073, 16.7524, 17.4145, 17.9845, 18.6165, 19.2478, 19.9822, 20.5007, 41.5696], "UpperBound": 2468.03, "rootBTTime": 0, "LowerBounds": {"1": 247.453, "2": 1229.68, "3": 1390.81, "4": 1693.41, "5": 1696.05, "6": 1884.28, "7": 1909.75, "8": 1983.73, "9": 2045.86, "10": 2121.82, "11": 2143.17, "12": 2179.65, "13": 2236.04, "14": 2238.07, "15": 2267.85, "16": 2272.47, "17": 2279.78, "18": 2314.61, "19": 2329.94, "20": 2341.18, "21": 2359.27, "22": 2422.1, "23": 2429.35, "24": 2436.18, "25": 2438.21, "26": 2441.61, "27": 2445.12, "28": 2457.23, "29": 2460.06, "30": 2460.41, "31": 2461.09, "32": 2462.09, "33": 2465.23, "34": 2466.3}, "SolveResult": 0, "UpperBounds": {"1": 2468.03}, "MaxQueueSize": 11, "VisitedNodes": 69, "BranchingVars": [0, 2, 3, 3, 4, 1, 2, 1, 2, 1, 3, 0, 3, 3, 4, 1, 4, 4, 4, 3, 4, 4, 1, 4, 1, 4, 4, 1, 2, 4, 4, 4, 1, 1], "NonLinearTime": 0.0828005, "OptimalityGap": 1.72394, "BranchingRules": ["eigen_cen_alternative_rel", "eigen_cen_alternative_rel", "eigen_cen_alternative_rel", "eigen_cen_alternative_rel", "eigen_cen_alternative_rel", "eigen_cen_alternative_rel", "eigen_cen_alternative_rel", "eigen_cen_alternative_rel", "eigen_cen_alternative_rel", "eigen_cen_alternative_rel", "eigen_cen_alternative_rel", "eigen_cen_alternative_rel", "eigen_cen_alternative_rel", "eigen_cen_alternative_rel", "eigen_cen_alternative_rel", "eigen_cen_alternative_rel", "eigen_cen_alternative_rel", "eigen_cen_alternative_rel", "eigen_cen_alternative_rel", "eigen_cen_alternative_rel", "eigen_cen_alternative_rel", "eigen_cen_alternative_rel", "eigen_cen_alternative_rel", "eigen_cen_alternative_rel", "eigen_cen_alternative_rel", "eigen_cen_alternative_rel", "eigen_cen_alternative_rel", "eigen_cen_alternative_rel", "eigen_cen_alternative_rel", "eigen_cen_alternative_rel", "eigen_cen_alternative_rel", "eigen_cen_alternative_rel", "eigen_cen_alternative_rel", "eigen_cen_alternative_rel"], "LBImprovements": [982.232, 463.724, 518.94, 428.41, 188.228, 258.884, 404.859, 252.313, 441.296, 146.029, 278.931, 92.8237, 318.649, 207.053, 161.501, 163.707, 177.445, 123.599, 0, 221.394, 215.853, 37.9607, 31.0671, 169.894, 72.2293, 186.51, 42.0814, 58.6089, 5.17139, 31.4904, 27.7373, 26.7883, 1.07404, 1.14492], "InfeasibleNodes": 4, "ElapsedTimeCoeffs": 0, "LinearizationTime": 0.033492, "NumberOfVariables": 5, "CallsToLinearSolver": 69, "LinearGenerationTime": 1.06876, "SDPCutsGenerationTime": 0, "CallsToNonLinearSolver": 9, "StrongBranchingExtraTime": 0, "ElapsedTimeWeightedCoeffs": 0, "NodesDiscardedByFathoming": 0, "NodesDiscardedByTolerance": 31, "BoundFactorConstraintsTime": 1.92858, "ElapsedTimeVarsInConstraints": 0, "meanBTRelativeChangeRootNode": 0, "NumberOfBoundFactorConstraints": 887, "NumberOfLAPACKConvergenceFailures": 0, "NumberOfRLTVariablesAfterLinearization": 288}