{"Itbt": 0, "Pace": 0.0561599, "Depth": 9, "Degree": 7, "RPSTime": 102.057, "FBBTTime": 0, "OBBTTime": 0, "TotalTime": 600.313, "Iterations": 71, "LinearTime": 498.095, "LowerBound": 35163.3, "TimeVector": [6.071, 10.6778, 15.1992, 19.2144, 30.7328, 35.6083, 40.1418, 46.4932, 50.3924, 56.3407, 61.2764, 72.0496, 81.0434, 86.0723, 91.9562, 97.8751, 106.044, 111.484, 120.772, 124.99, 130.473, 136.996, 144.922, 151.541, 159.185, 168.064, 176.494, 184.348, 196.252, 200.655, 206.569, 212.062, 217.608, 229.921, 236.014, 240.803, 251.74, 262.686, 272.401, 277.919, 291.754, 299.431, 304.596, 314.363, 320.628, 331.107, 344.168, 350.294, 358.068, 368.161, 375.034, 382.781, 392.039, 401.232, 412.464, 420.838, 428.839, 440.261, 449.989, 465.6, 474.615, 485.007, 496.47, 509.763, 521.014, 533.718, 548.953, 564.711, 571.518, 589.536, 600.313], "UpperBound": 35318.4, "rootBTTime": 0, "LowerBounds": {"1": 24479.5, "2": 25417.8, "3": 27995.4, "4": 28467, "5": 29225.3, "6": 30031.1, "7": 30323.1, "8": 30526.2, "9": 30625, "10": 31746.9, "11": 32059.6, "12": 32262.1, "13": 32449.8, "14": 32662.8, "15": 32802.3, "16": 32814.8, "17": 32819.1, "18": 33069.9, "19": 33130.6, "20": 33494.8, "21": 33532.8, "22": 33753, "23": 33766.4, "24": 33777.4, "25": 33800.9, "26": 33847.2, "27": 34000.2, "28": 34100.1, "29": 34262.5, "30": 34273.6, "31": 34398.4, "32": 34422, "33": 34424.6, "34": 34438.6, "35": 34454.4, "36": 34462.3, "37": 34465.4, "38": 34512.5, "39": 34583.7, "40": 34677.9, "41": 34678.4, "42": 34685.1, "43": 34695.9, "44": 34723.9, "45": 34745.5, "46": 34748.3, "47": 34802.8, "48": 34829.8, "49": 34849.3, "50": 34851.9, "51": 34854.1, "52": 34857.8, "53": 34876, "54": 34921.7, "55": 34936, "56": 34940.6, "57": 34966.3, "58": 34979.1, "59": 35007.4, "60": 35020.5, "61": 35035.4, "62": 35037.8, "63": 35059.9, "64": 35075.7, "65": 35112.9, "66": 35116.3, "67": 35139.4, "68": 35142.8, "69": 35156.3, "70": 35158.3, "71": 35163.3}, "SolveResult": 402, "UpperBounds": {"1": 35318.4}, "MaxQueueSize": 30, "VisitedNodes": 143, "BranchingVars": [0, 4, 1, 1, 2, 4, 2, 1, 4, 2, 3, 2, 1, 2, 3, 2, 3, 2, 3, 1, 3, 4, 4, 4, 3, 2, 4, 3, 0, 1, 3, 3, 2, 3, 3, 4, 2, 0, 4, 3, 0, 4, 3, 0, 0, 0, 1, 2, 3, 2, 3, 4, 0, 2, 0, 0, 0, 0, 2, 4, 2, 0, 4, 4, 0, 2, 3, 4, 1, 1, 1], "NonLinearTime": 0.161614, "OptimalityGap": 155.17, "BranchingRules": ["eigen_cen_alternative_rel", "eigen_cen_alternative_rel", "eigen_cen_alternative_rel", "eigen_cen_alternative_rel", "eigen_cen_alternative_rel", "eigen_cen_alternative_rel", "eigen_cen_alternative_rel", "eigen_cen_alternative_rel", "eigen_cen_alternative_rel", "eigen_cen_alternative_rel", "eigen_cen_alternative_rel", "eigen_cen_alternative_rel", "eigen_cen_alternative_rel", "eigen_cen_alternative_rel", "eigen_cen_alternative_rel", "eigen_cen_alternative_rel", "eigen_cen_alternative_rel", "eigen_cen_alternative_rel", "eigen_cen_alternative_rel", "eigen_cen_alternative_rel", "eigen_cen_alternative_rel", "eigen_cen_alternative_rel", "eigen_cen_alternative_rel", "eigen_cen_alternative_rel", "eigen_cen_alternative_rel", "eigen_cen_alternative_rel", "eigen_cen_alternative_rel", "eigen_cen_alternative_rel", "eigen_cen_alternative_rel", "eigen_cen_alternative_rel", "eigen_cen_alternative_rel", "eigen_cen_alternative_rel", "eigen_cen_alternative_rel", "eigen_cen_alternative_rel", "eigen_cen_alternative_rel", "eigen_cen_alternative_rel", "eigen_cen_alternative_rel", "eigen_cen_alternative_rel", "eigen_cen_alternative_rel", "eigen_cen_alternative_rel", "eigen_cen_alternative_rel", "eigen_cen_alternative_rel", "eigen_cen_alternative_rel", "eigen_cen_alternative_rel", "eigen_cen_alternative_rel", "eigen_cen_alternative_rel", "eigen_cen_alternative_rel", "eigen_cen_alternative_rel", "eigen_cen_alternative_rel", "eigen_cen_alternative_rel", "eigen_cen_alternative_rel", "eigen_cen_alternative_rel", "eigen_cen_alternative_rel", "eigen_cen_alternative_rel", "eigen_cen_alternative_rel", "eigen_cen_alternative_rel", "eigen_cen_alternative_rel", "eigen_cen_alternative_rel", "eigen_cen_alternative_rel", "eigen_cen_alternative_rel", "eigen_cen_alternative_rel", "eigen_cen_alternative_rel", "eigen_cen_alternative_rel", "eigen_cen_alternative_rel", "eigen_cen_alternative_rel", "eigen_cen_alternative_rel", "eigen_cen_alternative_rel", "eigen_cen_alternative_rel", "eigen_cen_alternative_rel", "eigen_cen_alternative_rel", "eigen_cen_alternative_rel"], "LBImprovements": [938.304, 2577.56, 2327.75, 1564.05, 1300.88, 1715.81, 1736.47, 2292.9, 1637.14, 1055.35, 1435.19, 1270.63, 1988.77, 2015.17, 964.111, 986.113, 1028.12, 1030.15, 1334.78, 929.882, 1050.97, 942.83, 979.107, 1392.86, 1075.11, 415.286, 512.272, 1012.83, 540.356, 1289.66, 787.26, 803.627, 731.64, 897.652, 1064.12, 367.503, 470.608, 339.389, 454.023, 967.369, 381.514, 281.15, 958.931, 311.483, 707.387, 367.997, 217.702, 548.285, 987.162, 287.513, 758.701, 313.341, 342.681, 546.915, 206.789, 238.023, 234.409, 184.139, 543.656, 145.446, 237.019, 464.565, 209.445, 129.073, 231.493, 303.793, 76.2845, 103.877, 134.22, 70.0413, 159.448], "InfeasibleNodes": 1, "ElapsedTimeCoeffs": 0, "LinearizationTime": 0.935612, "NumberOfVariables": 5, "CallsToLinearSolver": 143, "LinearGenerationTime": 34.8258, "SDPCutsGenerationTime": 0, "CallsToNonLinearSolver": 10, "StrongBranchingExtraTime": 0, "ElapsedTimeWeightedCoeffs": 0, "NodesDiscardedByFathoming": 0, "NodesDiscardedByTolerance": 46, "BoundFactorConstraintsTime": 90.295, "ElapsedTimeVarsInConstraints": 0, "meanBTRelativeChangeRootNode": 0, "NumberOfBoundFactorConstraints": 11432, "NumberOfLAPACKConvergenceFailures": 0, "NumberOfRLTVariablesAfterLinearization": 785}