{"Itbt": 0, "Pace": 0.0161422, "Depth": 7, "Degree": 7, "RPSTime": 0.129158, "FBBTTime": 0, "OBBTTime": 0, "TotalTime": 0.483904, "Iterations": 18, "LinearTime": 0.285415, "LowerBound": 57.3838, "TimeVector": [0.0469822, 0.0757039, 0.107329, 0.132798, 0.160577, 0.180869, 0.202808, 0.233058, 0.260908, 0.28324, 0.306348, 0.330992, 0.353942, 0.373566, 0.395494, 0.425882, 0.450576, 0.93448], "UpperBound": 57.7218, "rootBTTime": 0, "LowerBounds": {"1": 27.4072, "2": 33.8548, "3": 41.1142, "4": 42.1379, "5": 43.7721, "6": 44.4432, "7": 45.6976, "8": 49.8958, "9": 52.8855, "10": 54.4314, "11": 54.8888, "12": 55.5922, "13": 56.4261, "14": 57.0776, "15": 57.0866, "16": 57.2381, "17": 57.3426, "18": 57.3838}, "SolveResult": 100, "UpperBounds": {"1": 66.2031, "2": 57.7218}, "MaxQueueSize": 5, "VisitedNodes": 37, "BranchingVars": [1, 0, 1, 2, 2, 2, 2, 0, 1, 1, 1, 1, 1, 0, 0, 3, 1, 1], "NonLinearTime": 0.0693202, "OptimalityGap": 0.337974, "BranchingRules": ["eigen_cen_alternative_rel", "eigen_cen_alternative_rel", "eigen_cen_alternative_rel", "eigen_cen_alternative_rel", "eigen_cen_alternative_rel", "eigen_cen_alternative_rel", "eigen_cen_alternative_rel", "eigen_cen_alternative_rel", "eigen_cen_alternative_rel", "eigen_cen_alternative_rel", "eigen_cen_alternative_rel", "eigen_cen_alternative_rel", "eigen_cen_alternative_rel", "eigen_cen_alternative_rel", "eigen_cen_alternative_rel", "eigen_cen_alternative_rel", "eigen_cen_alternative_rel", "eigen_cen_alternative_rel"], "LBImprovements": [6.44764, 7.25935, 2.65792, 7.7579, 11.8201, 14.417, 15.2456, 2.98966, 4.49835, 1.99471, 2.1888, 4.85459, 0.660473, 0.160443, 1.19672, 0.992915, 0.562141, 4.63912], "InfeasibleNodes": 4, "ElapsedTimeCoeffs": 0, "LinearizationTime": 0.00206783, "NumberOfVariables": 5, "CallsToLinearSolver": 37, "LinearGenerationTime": 0.0567955, "SDPCutsGenerationTime": 0, "CallsToNonLinearSolver": 8, "StrongBranchingExtraTime": 0, "ElapsedTimeWeightedCoeffs": 0, "NodesDiscardedByFathoming": 0, "NodesDiscardedByTolerance": 15, "BoundFactorConstraintsTime": 0.0980292, "ElapsedTimeVarsInConstraints": 0, "meanBTRelativeChangeRootNode": 0, "NumberOfBoundFactorConstraints": 110, "NumberOfLAPACKConvergenceFailures": 0, "NumberOfRLTVariablesAfterLinearization": 82}