{"Itbt": 0, "Pace": 0.00493466, "Depth": 23, "Degree": 7, "RPSTime": 0.142794, "FBBTTime": 0, "OBBTTime": 0, "TotalTime": 0.607964, "Iterations": 49, "LinearTime": 0.39535, "LowerBound": 231.38, "TimeVector": [0.027884, 0.0450623, 0.0634186, 0.0810629, 0.0986525, 0.109795, 0.119919, 0.136466, 0.147311, 0.158287, 0.168517, 0.178993, 0.189446, 0.201134, 0.212068, 0.228138, 0.23714, 0.246193, 0.25767, 0.267376, 0.277469, 0.286898, 0.296372, 0.308375, 0.319776, 0.330686, 0.341461, 0.351566, 0.361492, 0.37123, 0.381125, 0.40058, 0.412101, 0.4242, 0.435555, 0.44787, 0.459564, 0.470901, 0.482511, 0.494459, 0.50614, 0.518156, 0.529579, 0.540913, 0.552511, 0.564194, 0.576324, 0.588168, 1.19613], "UpperBound": 231.604, "rootBTTime": 0, "LowerBounds": {"1": 108.178, "2": 154.975, "3": 155.657, "4": 165.522, "5": 173.095, "6": 178.462, "7": 180.065, "8": 194.516, "9": 203.687, "10": 203.719, "11": 205.872, "12": 212.044, "13": 212.044, "14": 213.424, "15": 216.328, "16": 221.289, "17": 222.068, "18": 224.488, "19": 225.168, "20": 225.269, "21": 227.079, "22": 228.094, "23": 228.094, "24": 228.236, "25": 228.414, "26": 228.542, "27": 228.878, "28": 229.673, "29": 229.739, "30": 229.939, "31": 230.077, "32": 230.432, "33": 231.197, "34": 231.207, "35": 231.207, "36": 231.222, "37": 231.225, "38": 231.239, "39": 231.243, "40": 231.266, "42": 231.268, "43": 231.295, "45": 231.313, "48": 231.334, "49": 231.38}, "SolveResult": 0, "UpperBounds": {"1": 231.604}, "MaxQueueSize": 8, "VisitedNodes": 99, "BranchingVars": [1, 3, 0, 2, 2, 0, 0, 4, 2, 2, 2, 2, 2, 1, 0, 3, 3, 4, 1, 3, 0, 4, 4, 1, 0, 0, 4, 4, 4, 4, 4, 0, 1, 1, 1, 1, 1, 1, 1, 1, 1, 1, 1, 1, 1, 1, 1, 1, 1], "NonLinearTime": 0.0698041, "OptimalityGap": 0.224617, "BranchingRules": ["eigen_cen_alternative_rel", "eigen_cen_alternative_rel", "eigen_cen_alternative_rel", "eigen_cen_alternative_rel", "eigen_cen_alternative_rel", "eigen_cen_alternative_rel", "eigen_cen_alternative_rel", "eigen_cen_alternative_rel", "eigen_cen_alternative_rel", "eigen_cen_alternative_rel", "eigen_cen_alternative_rel", "eigen_cen_alternative_rel", "eigen_cen_alternative_rel", "eigen_cen_alternative_rel", "eigen_cen_alternative_rel", "eigen_cen_alternative_rel", "eigen_cen_alternative_rel", "eigen_cen_alternative_rel", "eigen_cen_alternative_rel", "eigen_cen_alternative_rel", "eigen_cen_alternative_rel", "eigen_cen_alternative_rel", "eigen_cen_alternative_rel", "eigen_cen_alternative_rel", "eigen_cen_alternative_rel", "eigen_cen_alternative_rel", "eigen_cen_alternative_rel", "eigen_cen_alternative_rel", "eigen_cen_alternative_rel", "eigen_cen_alternative_rel", "eigen_cen_alternative_rel", "eigen_cen_alternative_rel", "eigen_cen_alternative_rel", "eigen_cen_alternative_rel", "eigen_cen_alternative_rel", "eigen_cen_alternative_rel", "eigen_cen_alternative_rel", "eigen_cen_alternative_rel", "eigen_cen_alternative_rel", "eigen_cen_alternative_rel", "eigen_cen_alternative_rel", "eigen_cen_alternative_rel", "eigen_cen_alternative_rel", "eigen_cen_alternative_rel", "eigen_cen_alternative_rel", "eigen_cen_alternative_rel", "eigen_cen_alternative_rel", "eigen_cen_alternative_rel", "eigen_cen_alternative_rel"], "LBImprovements": [46.7967, 23.4871, 9.86506, 47.9029, 48.1944, 16.0546, 31.9795, 9.17055, 37.2335, 37.5368, 42.8325, 45.388, 45.388, 8.64355, 71.8553, 3.87892, 2.41999, 5.94418, 3.7102, 2.96749, 1.01467, 3.42051, 3.36185, 0.305638, 1.32473, 1.13049, 3.24463, 2.61816, 2.08795, 2.72876, 1.70798, 0.764767, 0.00956436, 0.0000304296, 0.0150766, 0.00369146, 0.0136164, 0.0042567, 0.0226847, 0, 0.00624172, 0.0275079, 0, 0.0307173, 0, 0.0087005, 0.0274225, 0.0457067, 0.148249], "InfeasibleNodes": 17, "ElapsedTimeCoeffs": 0, "LinearizationTime": 0.000997444, "NumberOfVariables": 5, "CallsToLinearSolver": 99, "LinearGenerationTime": 0.0834591, "SDPCutsGenerationTime": 0, "CallsToNonLinearSolver": 9, "StrongBranchingExtraTime": 0, "ElapsedTimeWeightedCoeffs": 0, "NodesDiscardedByFathoming": 0, "NodesDiscardedByTolerance": 33, "BoundFactorConstraintsTime": 0.0977943, "ElapsedTimeVarsInConstraints": 0, "meanBTRelativeChangeRootNode": 0, "NumberOfBoundFactorConstraints": 76, "NumberOfLAPACKConvergenceFailures": 0, "NumberOfRLTVariablesAfterLinearization": 53}