{"Itbt": 0, "Pace": 0.0153684, "Depth": 9, "Degree": 7, "RPSTime": 3.66156, "FBBTTime": 0, "OBBTTime": 0, "TotalTime": 29.4412, "Iterations": 56, "LinearTime": 25.6953, "LowerBound": 3800.17, "TimeVector": [0.946982, 1.4904, 2.06575, 2.56399, 3.11081, 3.62249, 4.17752, 4.71217, 5.19204, 5.68923, 6.18713, 6.7337, 7.23348, 7.85615, 8.36992, 8.94749, 9.48573, 10.0568, 10.5159, 11.0409, 11.5604, 12.0485, 12.5878, 13.0787, 13.5407, 14.0669, 14.6119, 15.1108, 15.6896, 16.1723, 16.6309, 17.1375, 17.7506, 18.2004, 18.7095, 19.2057, 19.6776, 20.2284, 20.8215, 21.3397, 21.7887, 22.2966, 22.8273, 23.3479, 23.7872, 24.2683, 24.8608, 25.3511, 25.9097, 26.4003, 26.9962, 27.4664, 27.9807, 28.463, 28.9822, 58.4234], "UpperBound": 3803.82, "rootBTTime": 0, "LowerBounds": {"1": 1884.47, "2": 2527.42, "3": 2595.34, "4": 2943.06, "5": 2991.88, "6": 2996.08, "7": 3037.64, "8": 3290.85, "9": 3418.66, "10": 3556.31, "11": 3590.7, "12": 3619.8, "13": 3636.58, "14": 3650.16, "15": 3668.67, "16": 3671.98, "17": 3694.35, "18": 3706.31, "19": 3715.84, "20": 3726.1, "21": 3731.78, "22": 3735.64, "23": 3760.46, "24": 3761.09, "25": 3767.85, "26": 3769.69, "27": 3770.21, "28": 3770.6, "29": 3772.38, "30": 3776.68, "31": 3776.87, "32": 3777.29, "33": 3785.25, "34": 3791.95, "35": 3792.71, "36": 3794.39, "37": 3795.5, "38": 3795.63, "39": 3796.07, "40": 3796.86, "41": 3796.91, "42": 3797.12, "43": 3798.29, "44": 3798.49, "45": 3798.64, "46": 3798.65, "47": 3798.9, "48": 3799.07, "49": 3799.33, "50": 3799.4, "51": 3799.41, "52": 3799.54, "53": 3799.58, "54": 3799.7, "55": 3799.95, "56": 3800.17}, "SolveResult": 0, "UpperBounds": {"1": 3803.82}, "MaxQueueSize": 19, "VisitedNodes": 113, "BranchingVars": [3, 1, 1, 2, 4, 4, 4, 4, 4, 0, 0, 2, 2, 2, 2, 2, 2, 2, 0, 0, 1, 0, 1, 0, 1, 0, 0, 1, 1, 1, 1, 1, 1, 2, 1, 2, 2, 1, 2, 2, 0, 2, 1, 2, 0, 0, 2, 2, 2, 2, 0, 0, 2, 0, 0, 2], "NonLinearTime": 0.0843167, "OptimalityGap": 3.64792, "BranchingRules": ["eigen_cen_alternative_rel", "eigen_cen_alternative_rel", "eigen_cen_alternative_rel", "eigen_cen_alternative_rel", "eigen_cen_alternative_rel", "eigen_cen_alternative_rel", "eigen_cen_alternative_rel", "eigen_cen_alternative_rel", "eigen_cen_alternative_rel", "eigen_cen_alternative_rel", "eigen_cen_alternative_rel", "eigen_cen_alternative_rel", "eigen_cen_alternative_rel", "eigen_cen_alternative_rel", "eigen_cen_alternative_rel", "eigen_cen_alternative_rel", "eigen_cen_alternative_rel", "eigen_cen_alternative_rel", "eigen_cen_alternative_rel", "eigen_cen_alternative_rel", "eigen_cen_alternative_rel", "eigen_cen_alternative_rel", "eigen_cen_alternative_rel", "eigen_cen_alternative_rel", "eigen_cen_alternative_rel", "eigen_cen_alternative_rel", "eigen_cen_alternative_rel", "eigen_cen_alternative_rel", "eigen_cen_alternative_rel", "eigen_cen_alternative_rel", "eigen_cen_alternative_rel", "eigen_cen_alternative_rel", "eigen_cen_alternative_rel", "eigen_cen_alternative_rel", "eigen_cen_alternative_rel", "eigen_cen_alternative_rel", "eigen_cen_alternative_rel", "eigen_cen_alternative_rel", "eigen_cen_alternative_rel", "eigen_cen_alternative_rel", "eigen_cen_alternative_rel", "eigen_cen_alternative_rel", "eigen_cen_alternative_rel", "eigen_cen_alternative_rel", "eigen_cen_alternative_rel", "eigen_cen_alternative_rel", "eigen_cen_alternative_rel", "eigen_cen_alternative_rel", "eigen_cen_alternative_rel", "eigen_cen_alternative_rel", "eigen_cen_alternative_rel", "eigen_cen_alternative_rel", "eigen_cen_alternative_rel", "eigen_cen_alternative_rel", "eigen_cen_alternative_rel", "eigen_cen_alternative_rel"], "LBImprovements": [642.947, 415.636, 400.747, 347.79, 564.428, 654.08, 582.165, 539.429, 568.187, 112.364, 103.651, 96.0406, 89.522, 201.978, 63.1087, 178.469, 66.1087, 61.548, 54.7535, 50.7743, 37.9091, 57.0688, 31.4918, 43.3893, 30.6368, 27.1664, 25.8624, 23.7977, 24.5308, 23.2785, 22.0291, 21.7834, 25.6831, 6.68823, 20.0798, 5.15031, 4.1955, 19.8056, 3.8819, 5.27012, 21.9785, 4.58287, 15.769, 3.53501, 2.42477, 1.52117, 3.6755, 4.10852, 3.39084, 3.04288, 23.5156, 2.6346, 3.24983, 1.38266, 3.36472, 4.13887], "InfeasibleNodes": 0, "ElapsedTimeCoeffs": 0, "LinearizationTime": 0.0316462, "NumberOfVariables": 5, "CallsToLinearSolver": 113, "LinearGenerationTime": 1.57227, "SDPCutsGenerationTime": 0, "CallsToNonLinearSolver": 9, "StrongBranchingExtraTime": 0, "ElapsedTimeWeightedCoeffs": 0, "NodesDiscardedByFathoming": 0, "NodesDiscardedByTolerance": 57, "BoundFactorConstraintsTime": 3.0019, "ElapsedTimeVarsInConstraints": 0, "meanBTRelativeChangeRootNode": 0, "NumberOfBoundFactorConstraints": 867, "NumberOfLAPACKConvergenceFailures": 0, "NumberOfRLTVariablesAfterLinearization": 288}