{"Itbt": 0, "Pace": 0.114372, "Depth": 13, "Degree": 5, "RPSTime": 31.7737, "FBBTTime": 0, "OBBTTime": 0, "TotalTime": 448.851, "Iterations": 204, "LinearTime": 59.6847, "LowerBound": 1266.99, "TimeVector": [2.71078, 5.02565, 7.3176, 9.61521, 11.8019, 14.2161, 16.6251, 18.8749, 21.1343, 23.4002, 25.4367, 27.5313, 29.7804, 31.8628, 34.1762, 36.3646, 38.4973, 40.7155, 42.7494, 44.8029, 47.1392, 49.3161, 51.3535, 53.5264, 55.8955, 58.0037, 60.1658, 62.2693, 64.3188, 66.5231, 68.6855, 70.8388, 72.9352, 75.2702, 77.2238, 79.2174, 81.3386, 83.7751, 85.8248, 88.0039, 90.0962, 92.5431, 94.6482, 96.999, 98.9973, 101.049, 103.353, 105.534, 107.771, 110.172, 112.355, 114.537, 116.841, 119.11, 121.322, 123.528, 125.943, 128.136, 130.545, 132.728, 134.981, 137.153, 139.29, 141.531, 143.736, 145.889, 148.099, 150.418, 152.649, 154.664, 156.79, 159.101, 161.092, 162.907, 165, 167.394, 169.41, 171.305, 173.44, 175.669, 178.195, 180.285, 182.395, 184.894, 187.093, 189.109, 191.219, 193.627, 195.871, 198.133, 200.105, 202.231, 204.323, 206.567, 208.777, 210.933, 213.059, 215.161, 217.418, 219.566, 221.916, 224.114, 226.289, 228.416, 230.207, 232.628, 234.714, 236.636, 238.756, 241.06, 243.299, 245.598, 247.618, 250.036, 252.07, 254.274, 256.734, 259.015, 261.257, 263.458, 265.829, 267.93, 270.023, 271.898, 273.962, 276.237, 278.468, 280.577, 282.694, 284.648, 286.967, 289.073, 291.273, 293.537, 295.572, 297.552, 299.991, 302.263, 304.571, 306.851, 308.899, 311.246, 313.597, 315.655, 318.202, 320.253, 322.689, 324.79, 327.101, 328.921, 331.161, 333.461, 335.882, 338.102, 340.303, 342.482, 344.689, 346.795, 348.739, 350.701, 352.762, 355.037, 357.306, 359.363, 361.58, 363.682, 366.083, 368.387, 370.895, 372.841, 375.079, 377.227, 379.332, 381.46, 383.784, 386.324, 388.538, 390.738, 393.04, 395.486, 397.866, 399.978, 402.033, 404.083, 406.298, 408.587, 410.981, 412.939, 414.999, 417.257, 419.448, 421.672, 424.125, 426.432, 428.904, 430.778, 432.703, 435.01, 437.127, 439.424, 441.983, 444.271, 446.575, 464.648], "UpperBound": 1267.97, "rootBTTime": 0, "LowerBounds": {"1": 701.742, "2": 827.834, "3": 835.796, "4": 912.252, "5": 930.592, "6": 935.981, "7": 946.28, "8": 1005.12, "9": 1021.82, "10": 1023.89, "11": 1034.91, "12": 1035.09, "13": 1035.32, "14": 1049.73, "15": 1075.05, "16": 1086.3, "17": 1095.57, "18": 1103.55, "19": 1106.08, "20": 1113.2, "21": 1115.36, "22": 1122.85, "23": 1124.25, "24": 1124.41, "25": 1126.33, "26": 1147.59, "27": 1151.47, "28": 1153.34, "29": 1154.7, "30": 1159.24, "31": 1159.95, "32": 1163.27, "33": 1164.07, "34": 1164.45, "35": 1169.97, "36": 1171.08, "37": 1172.31, "38": 1173.53, "39": 1176.52, "40": 1177.15, "41": 1180.03, "42": 1181.57, "43": 1181.78, "44": 1183.23, "45": 1187.25, "46": 1189.3, "47": 1191.65, "48": 1192.46, "49": 1192.96, "50": 1195.16, "51": 1201.37, "52": 1201.87, "53": 1202.14, "54": 1203.79, "55": 1207.46, "56": 1211.51, "57": 1212.05, "58": 1215.45, "59": 1220.03, "60": 1220.15, "61": 1220.81, "62": 1221.07, "63": 1221.66, "64": 1221.68, "65": 1221.69, "66": 1222.05, "67": 1222.24, "68": 1223.45, "69": 1223.56, "70": 1226, "71": 1228.1, "72": 1228.25, "73": 1228.58, "74": 1228.79, "75": 1228.84, "76": 1228.95, "77": 1232.63, "78": 1232.63, "79": 1232.84, "80": 1233.81, "81": 1235.12, "82": 1235.32, "83": 1235.61, "84": 1235.71, "85": 1235.75, "86": 1236.55, "87": 1236.89, "88": 1237.5, "89": 1238.3, "90": 1239, "91": 1239.17, "92": 1239.38, "93": 1240.43, "94": 1241.43, "95": 1241.55, "96": 1241.7, "97": 1241.91, "98": 1242.08, "99": 1242.42, "100": 1242.52, "101": 1242.59, "102": 1242.73, "103": 1242.85, "104": 1243.35, "105": 1243.49, "106": 1243.96, "107": 1244.38, "108": 1244.62, "109": 1245.32, "110": 1245.51, "111": 1245.83, "112": 1246.12, "113": 1248.2, "114": 1248.43, "115": 1248.44, "116": 1248.6, "117": 1248.85, "118": 1249.7, "119": 1249.81, "120": 1250.01, "121": 1251.03, "122": 1251.43, "123": 1251.55, "124": 1252.02, "125": 1252.82, "126": 1253.01, "127": 1253.29, "128": 1253.74, "129": 1253.96, "130": 1254.93, "131": 1255, "132": 1255.07, "133": 1255.09, "134": 1255.13, "135": 1255.41, "136": 1255.64, "137": 1255.73, "138": 1256.58, "139": 1257.3, "140": 1257.61, "141": 1258.06, "142": 1258.68, "143": 1258.7, "144": 1258.72, "145": 1259.11, "146": 1259.65, "147": 1259.7, "148": 1259.76, "149": 1259.98, "150": 1260.31, "151": 1260.41, "152": 1260.58, "153": 1260.87, "154": 1261.32, "155": 1261.34, "156": 1261.34, "157": 1261.34, "158": 1261.34, "159": 1261.49, "160": 1261.83, "161": 1261.93, "162": 1262.05, "163": 1262.16, "164": 1262.52, "165": 1262.62, "166": 1262.64, "167": 1262.74, "168": 1262.84, "169": 1263.02, "170": 1263.35, "171": 1263.35, "172": 1263.66, "173": 1263.71, "174": 1263.73, "175": 1263.77, "176": 1263.87, "177": 1263.88, "178": 1263.91, "179": 1263.99, "180": 1264.06, "181": 1264.11, "182": 1264.2, "183": 1264.33, "184": 1264.48, "185": 1264.64, "186": 1264.67, "187": 1264.71, "188": 1264.76, "189": 1264.88, "190": 1264.88, "191": 1265.21, "192": 1265.22, "193": 1265.23, "194": 1265.66, "195": 1265.7, "196": 1265.72, "197": 1265.78, "198": 1265.85, "199": 1265.89, "200": 1266.09, "201": 1266.25, "202": 1266.25, "203": 1266.37, "204": 1266.99}, "SolveResult": 0, "UpperBounds": {"1": 1267.97}, "MaxQueueSize": 64, "VisitedNodes": 409, "BranchingVars": [3, 7, 6, 7, 6, 0, 5, 6, 0, 4, 0, 7, 5, 6, 0, 5, 0, 1, 4, 4, 1, 0, 4, 1, 4, 0, 3, 4, 4, 2, 5, 2, 4, 5, 5, 5, 5, 5, 5, 2, 4, 4, 5, 2, 0, 5, 4, 5, 5, 4, 5, 1, 1, 3, 5, 5, 3, 5, 7, 4, 1, 2, 1, 1, 7, 1, 6, 3, 1, 1, 1, 1, 7, 1, 4, 1, 3, 3, 3, 7, 7, 7, 2, 2, 3, 4, 1, 5, 1, 0, 2, 2, 1, 5, 1, 6, 1, 7, 2, 4, 0, 7, 6, 1, 4, 2, 1, 4, 1, 0, 0, 6, 1, 1, 2, 0, 6, 7, 0, 0, 0, 7, 0, 7, 7, 1, 2, 2, 1, 1, 2, 4, 6, 2, 4, 0, 7, 5, 1, 0, 2, 7, 3, 0, 1, 6, 1, 0, 2, 6, 4, 7, 7, 0, 7, 7, 7, 7, 7, 0, 2, 1, 0, 1, 0, 0, 0, 5, 5, 0, 2, 7, 7, 3, 4, 7, 6, 0, 1, 6, 2, 6, 2, 0, 2, 4, 7, 0, 5, 0, 5, 1, 1, 7, 7, 0, 4, 4, 6, 4, 1, 6, 2, 5], "NonLinearTime": 0.329434, "OptimalityGap": 0.983483,