{"Itbt": 0, "Pace": 0.0345037, "Depth": 13, "Degree": 6, "RPSTime": 0.88981, "FBBTTime": 0, "OBBTTime": 0, "TotalTime": 5.63805, "Iterations": 188, "LinearTime": 4.65711, "LowerBound": 337.679, "TimeVector": [0.0509757, 0.0899576, 0.122684, 0.156411, 0.194058, 0.22897, 0.257545, 0.292792, 0.319795, 0.348959, 0.379779, 0.407972, 0.435524, 0.463921, 0.494436, 0.535038, 0.562427, 0.592737, 0.621597, 0.651248, 0.679763, 0.709597, 0.73669, 0.765549, 0.79591, 0.822801, 0.853999, 0.882979, 0.914553, 0.944818, 0.974079, 1.01367, 1.04374, 1.07369, 1.10295, 1.13638, 1.16453, 1.1938, 1.22283, 1.24839, 1.27667, 1.3062, 1.33538, 1.36028, 1.38789, 1.41777, 1.44495, 1.4724, 1.49832, 1.52659, 1.5542, 1.58062, 1.60989, 1.63708, 1.66599, 1.69515, 1.7231, 1.75193, 1.7814, 1.80875, 1.83892, 1.86877, 1.89787, 1.93429, 1.96374, 1.99089, 2.01754, 2.04813, 2.07484, 2.10209, 2.13145, 2.16136, 2.18833, 2.21426, 2.24159, 2.27063, 2.30079, 2.32908, 2.35963, 2.39053, 2.41907, 2.44766, 2.47374, 2.50033, 2.52985, 2.5598, 2.58985, 2.61845, 2.64626, 2.67396, 2.70866, 2.73723, 2.76717, 2.79553, 2.82169, 2.85209, 2.882, 2.91004, 2.94132, 2.96903, 2.99723, 3.02706, 3.05536, 3.08323, 3.11012, 3.1372, 3.16632, 3.1945, 3.22328, 3.2542, 3.27963, 3.31246, 3.34152, 3.36951, 3.40318, 3.43232, 3.46246, 3.49237, 3.52246, 3.54937, 3.57909, 3.60648, 3.63935, 3.67104, 3.69863, 3.72816, 3.75854, 3.80316, 3.83429, 3.86426, 3.89339, 3.92508, 3.95377, 3.98162, 4.01472, 4.04402, 4.07069, 4.09887, 4.13052, 4.15953, 4.19009, 4.21778, 4.25109, 4.28678, 4.31981, 4.3506, 4.38328, 4.41214, 4.4424, 4.47287, 4.50449, 4.53095, 4.55971, 4.58842, 4.61816, 4.64775, 4.67675, 4.70761, 4.73547, 4.7656, 4.79352, 4.82315, 4.85332, 4.8845, 4.91035, 4.94427, 4.97504, 5.00512, 5.0349, 5.06742, 5.0985, 5.12979, 5.16072, 5.19492, 5.2267, 5.25886, 5.28982, 5.32187, 5.34992, 5.3783, 5.40804, 5.44258, 5.4755, 5.50921, 5.53765, 5.57018, 5.59779, 11.2358], "UpperBound": 338.01, "rootBTTime": 0, "LowerBounds": {"1": 174.276, "2": 198.427, "3": 203.232, "4": 231.202, "5": 250.785, "6": 252.662, "7": 262.995, "8": 288.947, "9": 292.706, "10": 295.264, "11": 298.536, "12": 302.99, "13": 304.677, "14": 305.154, "15": 305.866, "16": 308.24, "17": 311.997, "18": 312.66, "19": 314.611, "20": 315.057, "21": 316.549, "22": 316.553, "23": 317.034, "24": 317.906, "25": 318.068, "26": 319.786, "27": 319.94, "28": 320.147, "29": 321.883, "30": 322.912, "31": 324.112, "32": 324.353, "33": 324.946, "34": 325.292, "35": 325.939, "36": 326.12, "37": 326.448, "38": 326.79, "39": 326.936, "40": 328.334, "41": 328.545, "42": 328.897, "43": 329.088, "44": 329.223, "45": 329.632, "46": 329.897, "47": 330.201, "48": 330.618, "49": 331.866, "50": 332.172, "51": 332.251, "52": 332.261, "53": 332.286, "54": 332.308, "55": 332.492, "56": 332.623, "57": 332.932, "58": 333.01, "59": 333.09, "60": 333.305, "61": 333.323, "62": 333.399, "63": 333.432, "64": 333.675, "65": 333.764, "66": 334.017, "67": 334.047, "68": 334.149, "69": 334.38, "70": 334.44, "71": 334.497, "72": 334.574, "73": 334.599, "74": 334.619, "75": 334.718, "76": 334.743, "77": 334.764, "78": 334.851, "79": 334.874, "80": 334.897, "81": 334.899, "82": 335.127, "83": 335.198, "84": 335.22, "85": 335.326, "86": 335.337, "87": 335.507, "88": 335.638, "89": 335.678, "90": 335.755, "91": 335.766, "92": 335.85, "93": 335.985, "94": 335.996, "95": 336.131, "96": 336.151, "97": 336.156, "98": 336.182, "99": 336.194, "100": 336.224, "101": 336.236, "102": 336.275, "103": 336.289, "104": 336.353, "105": 336.395, "106": 336.397, "107": 336.418, "108": 336.435, "109": 336.465, "110": 336.49, "111": 336.544, "112": 336.556, "113": 336.582, "114": 336.583, "115": 336.585, "116": 336.59, "117": 336.615, "118": 336.615, "119": 336.647, "120": 336.656, "121": 336.668, "122": 336.697, "123": 336.7, "124": 336.707, "125": 336.717, "126": 336.752, "127": 336.815, "128": 336.826, "129": 336.858, "130": 336.866, "131": 336.872, "132": 336.874, "133": 336.894, "134": 336.908, "135": 336.931, "136": 336.932, "137": 336.957, "138": 336.994, "139": 337.009, "140": 337.046, "141": 337.063, "142": 337.065, "143": 337.108, "144": 337.11, "145": 337.113, "146": 337.127, "147": 337.128, "148": 337.144, "149": 337.144, "150": 337.195, "151": 337.198, "152": 337.2, "153": 337.203, "154": 337.204, "155": 337.274, "156": 337.279, "157": 337.297, "158": 337.312, "159": 337.331, "160": 337.337, "161": 337.353, "162": 337.362, "163": 337.378, "164": 337.388, "165": 337.415, "166": 337.429, "167": 337.443, "168": 337.447, "169": 337.447, "170": 337.454, "171": 337.459, "172": 337.468, "173": 337.481, "174": 337.499, "175": 337.503, "176": 337.505, "177": 337.517, "178": 337.519, "179": 337.526, "180": 337.53, "181": 337.534, "182": 337.534, "183": 337.536, "184": 337.564, "185": 337.584, "186": 337.631, "187": 337.635, "188": 337.679}, "SolveResult": 0, "UpperBounds": {"1": 338.01}, "MaxQueueSize": 47, "VisitedNodes": 377, "BranchingVars": [2, 0, 5, 5, 0, 5, 0, 1, 1, 1, 1, 3, 1, 4, 1, 4, 1, 4, 4, 4, 4, 4, 1, 1, 4, 2, 4, 2, 4, 4, 4, 4, 1, 4, 4, 4, 2, 2, 4, 2, 2, 4, 4, 5, 4, 4, 5, 4, 2, 5, 1, 2, 2, 2, 2, 2, 2, 4, 1, 2, 4, 1, 4, 2, 1, 1, 1, 0, 5, 1, 1, 2, 1, 2, 1, 0, 4, 2, 4, 4, 2, 2, 1, 1, 5, 0, 0, 1, 2, 2, 4, 1, 4, 4, 5, 4, 1, 2, 4, 1, 2, 2, 5, 1, 2, 1, 1, 4, 2, 0, 2, 4, 2, 2, 4, 5, 4, 1, 2, 1, 0, 0, 4, 4, 5, 0, 0, 4, 5, 0, 5, 1, 2, 2, 4, 4, 1, 5, 5, 5, 0, 0, 4, 4, 2, 1, 4, 0, 2, 4, 2, 5, 1, 5, 5, 2, 1, 4, 2, 4, 5, 2, 1, 4, 2, 5, 4, 5, 0, 4, 0, 0, 5, 4, 0, 4, 0, 0, 5, 5, 5, 0, 4, 5, 2, 4, 5, 5], "NonLinearTime": 0.0910756, "OptimalityGap": 0.331011,