{"Itbt": 0, "Pace": 0.04443, "Depth": 11, "Degree": 6, "RPSTime": 41.9291, "FBBTTime": 0, "OBBTTime": 0, "TotalTime": 224.951, "Iterations": 95, "LinearTime": 182.861, "LowerBound": 19266.2, "TimeVector": [2.25498, 3.46988, 4.79579, 6.10712, 7.51698, 8.77573, 10.061, 11.4994, 12.8212, 14.2613, 15.519, 16.8013, 18.2568, 19.5456, 20.9204, 22.3607, 23.6293, 24.9767, 26.825, 28.6118, 30.2887, 32.293, 34.1481, 36.0011, 37.8654, 39.4442, 41.1467, 44.1895, 46.3894, 48.129, 49.5153, 50.8551, 52.4496, 54.0467, 55.4818, 57.2338, 59.5886, 60.9962, 62.4769, 64.4945, 66.2786, 68.6127, 70.4233, 72.3034, 75.61, 77.5558, 80.0826, 82.8868, 85.4256, 87.8971, 90.7485, 93.1504, 96.7583, 98.4492, 101.333, 103.85, 107.109, 110.238, 113.816, 117.194, 121.733, 124.421, 126.93, 129.952, 131.738, 134.677, 137.85, 139.712, 143.27, 145.088, 148.088, 151.625, 154.381, 157.96, 159.474, 164.097, 166.008, 169.541, 173.842, 177.111, 180.879, 185.445, 187.456, 189.72, 193.332, 196.837, 200.004, 203.676, 208.914, 211.431, 214.131, 216.611, 219.263, 221.436, 224.951], "UpperBound": 19285.3, "rootBTTime": 0, "LowerBounds": {"1": 14203.1, "2": 15421, "3": 15921.4, "4": 16402.4, "5": 16631.7, "6": 17054.9, "7": 17173.2, "8": 17216.9, "9": 17345.5, "10": 17406.6, "11": 17461.7, "12": 17716.4, "13": 17843.4, "14": 17846.3, "15": 17856.3, "16": 17968.8, "17": 18011.1, "18": 18154.9, "19": 18204.1, "20": 18255.8, "21": 18285.7, "22": 18443.8, "23": 18456.2, "24": 18476, "25": 18495.3, "26": 18523.5, "27": 18545.3, "28": 18596.4, "29": 18685.3, "30": 18692.7, "31": 18785.9, "32": 18798.7, "33": 18805.8, "34": 18809.5, "35": 18854.5, "36": 18869.2, "37": 18940.1, "38": 18953.6, "39": 18960, "40": 18966.2, "41": 18978.4, "42": 18979.6, "43": 18991.3, "44": 19008, "45": 19011.7, "46": 19017.7, "47": 19032.5, "48": 19050.2, "49": 19072.2, "50": 19077.1, "51": 19082, "52": 19085.9, "53": 19120.4, "54": 19152, "55": 19154.1, "56": 19158.5, "57": 19177.6, "58": 19193.2, "59": 19193.3, "60": 19202.2, "61": 19208, "62": 19209.6, "63": 19210.1, "64": 19214.9, "65": 19221.7, "66": 19222.9, "67": 19225.1, "68": 19231.2, "69": 19232.2, "70": 19233.6, "71": 19237.9, "72": 19242.2, "73": 19242.8, "74": 19243.8, "75": 19244, "76": 19247.5, "77": 19248.3, "78": 19249.9, "79": 19250, "80": 19250.5, "81": 19251.7, "82": 19253.9, "83": 19254.8, "84": 19255.9, "85": 19257.1, "86": 19257.5, "87": 19259.8, "88": 19260.7, "89": 19261.9, "90": 19263.3, "91": 19263.6, "92": 19263.6, "93": 19264.3, "94": 19264.4, "95": 19266.2}, "SolveResult": 0, "UpperBounds": {"1": 19285.3}, "MaxQueueSize": 26, "VisitedNodes": 191, "BranchingVars": [4, 3, 3, 4, 2, 1, 4, 2, 2, 1, 1, 0, 1, 1, 5, 5, 5, 5, 5, 0, 2, 4, 4, 4, 2, 1, 1, 1, 2, 5, 0, 2, 5, 0, 3, 0, 0, 5, 5, 5, 4, 5, 5, 5, 5, 0, 0, 0, 5, 1, 1, 4, 1, 3, 1, 1, 1, 3, 1, 5, 3, 3, 3, 4, 4, 4, 0, 0, 5, 3, 5, 0, 4, 3, 0, 3, 0, 1, 1, 1, 1, 1, 4, 5, 1, 3, 4, 5, 5, 1, 1, 0, 5, 1, 3], "NonLinearTime": 0.160565, "OptimalityGap": 19.1095, "BranchingRules": ["eigen_cen_alternative", "eigen_cen_alternative", "eigen_cen_alternative", "eigen_cen_alternative", "eigen_cen_alternative", "eigen_cen_alternative", "eigen_cen_alternative", "eigen_cen_alternative", "eigen_cen_alternative", "eigen_cen_alternative", "eigen_cen_alternative", "eigen_cen_alternative", "eigen_cen_alternative", "eigen_cen_alternative", "eigen_cen_alternative", "eigen_cen_alternative", "eigen_cen_alternative", "eigen_cen_alternative", "eigen_cen_alternative", "eigen_cen_alternative", "eigen_cen_alternative", "eigen_cen_alternative", "eigen_cen_alternative", "eigen_cen_alternative", "eigen_cen_alternative", "eigen_cen_alternative", "eigen_cen_alternative", "eigen_cen_alternative", "eigen_cen_alternative", "eigen_cen_alternative", "eigen_cen_alternative", "eigen_cen_alternative", "eigen_cen_alternative", "eigen_cen_alternative", "eigen_cen_alternative", "eigen_cen_alternative", "eigen_cen_alternative", "eigen_cen_alternative", "eigen_cen_alternative", "eigen_cen_alternative", "eigen_cen_alternative", "eigen_cen_alternative", "eigen_cen_alternative", "eigen_cen_alternative", "eigen_cen_alternative", "eigen_cen_alternative", "eigen_cen_alternative", "eigen_cen_alternative", "eigen_cen_alternative", "eigen_cen_alternative", "eigen_cen_alternative", "eigen_cen_alternative", "eigen_cen_alternative", "eigen_cen_alternative", "eigen_cen_alternative", "eigen_cen_alternative", "eigen_cen_alternative", "eigen_cen_alternative", "eigen_cen_alternative", "eigen_cen_alternative", "eigen_cen_alternative", "eigen_cen_alternative", "eigen_cen_alternative", "eigen_cen_alternative", "eigen_cen_alternative", "eigen_cen_alternative", "eigen_cen_alternative", "eigen_cen_alternative", "eigen_cen_alternative", "eigen_cen_alternative", "eigen_cen_alternative", "eigen_cen_alternative", "eigen_cen_alternative", "eigen_cen_alternative", "eigen_cen_alternative", "eigen_cen_alternative", "eigen_cen_alternative", "eigen_cen_alternative", "eigen_cen_alternative", "eigen_cen_alternative", "eigen_cen_alternative", "eigen_cen_alternative", "eigen_cen_alternative", "eigen_cen_alternative", "eigen_cen_alternative", "eigen_cen_alternative", "eigen_cen_alternative", "eigen_cen_alternative", "eigen_cen_alternative", "eigen_cen_alternative", "eigen_cen_alternative", "eigen_cen_alternative", "eigen_cen_alternative", "eigen_cen_alternative", "eigen_cen_alternative"], "LBImprovements": [1217.92, 981.318, 1133.51, 770.849, 774.831, 956.246, 543.222, 626.539, 809.404, 849.266, 507.106, 1237.13, 1122.75, 959.507, 638.945, 475.014, 674.176, 368.521, 392.354, 436.904, 693.942, 342.097, 412.964, 535.729, 808.84, 707.704, 504.851, 0, 507.981, 384.348, 299.967, 529.851, 415.927, 262.755, 491.849, 353.657, 141.888, 970.46, 367.767, 380.497, 2690.77, 284.675, 371.152, 272.508, 329.762, 508.958, 87.9077, 224.337, 251.75, 116.107, 120.188, 177.465, 87.5205, 151.836, 202.799, 196.875, 119.255, 84.203, 38.8979, 45.2949, 65.8525, 57.4538, 4.78543, 27.266, 28.1443, 108.199, 17.68, 142.242, 27.6762, 141.144, 13.8091, 7.77739, 21.9425, 18.106, 19.6138, 18.7918, 0, 17.1071, 26.1348, 37.9584, 9.05908, 29.5834, 12.6952, 11.5331, 14.116, 44.5272, 13.2378, 9.22529, 13.4352, 231.357, 20.025, 5.39115, 14.0098, 22.6169, 24.2949], "InfeasibleNodes": 7, "ElapsedTimeCoeffs": 0, "LinearizationTime": 0.376409, "NumberOfVariables": 6, "CallsToLinearSolver": 191, "LinearGenerationTime": 13.0068, "SDPCutsGenerationTime": 0, "CallsToNonLinearSolver": 10, "StrongBranchingExtraTime": 0, "ElapsedTimeWeightedCoeffs": 0, "NodesDiscardedByFathoming": 0, "NodesDiscardedByTolerance": 89, "BoundFactorConstraintsTime": 35.0148, "ElapsedTimeVarsInConstraints": 0, "meanBTRelativeChangeRootNode": 0, "NumberOfBoundFactorConstraints": 6004, "NumberOfLAPACKConvergenceFailures": 0, "NumberOfRLTVariablesAfterLinearization": 675}