{"Itbt": 0, "Pace": 0.0340337, "Depth": 17, "Degree": 6, "RPSTime": 0.127276, "FBBTTime": 0, "OBBTTime": 0, "TotalTime": 0.630203, "Iterations": 97, "LinearTime": 0.412132, "LowerBound": 51.1101, "TimeVector": [0.022837, 0.0361667, 0.0504143, 0.0642092, 0.0768155, 0.0808742, 0.086422, 0.101244, 0.107259, 0.112736, 0.118273, 0.123867, 0.128512, 0.134055, 0.139962, 0.154276, 0.160166, 0.165859, 0.171715, 0.177348, 0.183415, 0.189223, 0.195009, 0.199495, 0.204528, 0.21086, 0.215543, 0.221218, 0.226684, 0.232283, 0.238309, 0.251705, 0.256535, 0.262017, 0.26773, 0.27358, 0.278527, 0.284267, 0.290185, 0.294661, 0.299583, 0.304336, 0.310444, 0.316414, 0.321882, 0.327801, 0.333779, 0.338491, 0.344561, 0.349437, 0.355669, 0.360447, 0.364995, 0.37057, 0.375609, 0.381744, 0.387861, 0.393113, 0.399692, 0.405568, 0.410175, 0.416257, 0.42104, 0.434499, 0.440175, 0.445327, 0.451087, 0.456831, 0.461743, 0.466767, 0.472524, 0.477761, 0.483561, 0.489195, 0.494796, 0.500208, 0.508234, 0.514411, 0.520819, 0.525886, 0.531424, 0.535884, 0.540853, 0.546909, 0.552669, 0.557325, 0.562019, 0.56844, 0.573343, 0.57957, 0.584858, 0.591764, 0.598439, 0.603496, 0.608698, 0.615467, 1.24567], "UpperBound": 51.1608, "rootBTTime": 0, "LowerBounds": {"1": 32.594, "2": 36.1002, "3": 36.782, "4": 38.2842, "5": 38.6854, "6": 40.3911, "7": 40.8298, "8": 41.3109, "9": 44.337, "10": 45.3704, "11": 45.5494, "12": 45.8502, "13": 45.962, "14": 46.1977, "15": 46.8254, "16": 46.8546, "17": 47.0734, "18": 47.4688, "19": 48.0019, "20": 48.0094, "21": 48.0219, "22": 48.053, "23": 48.2587, "24": 48.7481, "25": 48.7808, "26": 48.8987, "27": 49.0508, "28": 49.0964, "29": 49.1447, "30": 49.3068, "31": 49.3998, "32": 49.5151, "33": 49.538, "34": 49.5459, "35": 49.5611, "36": 49.6157, "37": 49.6773, "38": 49.7288, "39": 49.8407, "40": 49.9049, "41": 49.9099, "42": 50.0053, "43": 50.0941, "44": 50.1618, "45": 50.1682, "46": 50.272, "47": 50.2804, "48": 50.3594, "49": 50.3722, "50": 50.3919, "51": 50.3927, "52": 50.526, "53": 50.5584, "54": 50.5609, "55": 50.5695, "56": 50.5734, "57": 50.6036, "58": 50.6184, "59": 50.6786, "60": 50.7016, "61": 50.7165, "62": 50.726, "63": 50.7292, "64": 50.7923, "65": 50.8476, "66": 50.8521, "67": 50.8669, "68": 50.8671, "69": 50.8791, "70": 50.8887, "71": 50.8896, "72": 50.908, "73": 50.9106, "74": 50.9174, "75": 50.922, "76": 50.9587, "77": 50.959, "78": 50.9634, "79": 50.9766, "80": 50.9797, "81": 50.9917, "82": 51.0001, "83": 51.0046, "84": 51.0166, "85": 51.0176, "86": 51.0188, "87": 51.0188, "88": 51.0405, "89": 51.0443, "90": 51.0556, "91": 51.061, "92": 51.0653, "93": 51.0762, "94": 51.0858, "95": 51.0901, "96": 51.0962, "97": 51.1101}, "SolveResult": 0, "UpperBounds": {"1": 59.7492, "16": 51.1608}, "MaxQueueSize": 15, "VisitedNodes": 195, "BranchingVars": [2, 3, 1, 1, 3, 3, 4, 4, 2, 2, 2, 4, 1, 4, 2, 2, 4, 2, 4, 4, 4, 4, 4, 3, 3, 4, 3, 2, 1, 2, 2, 3, 3, 2, 2, 3, 3, 4, 4, 3, 1, 3, 4, 2, 1, 2, 2, 3, 4, 3, 2, 3, 3, 4, 3, 4, 2, 3, 4, 1, 3, 4, 3, 1, 1, 1, 2, 2, 1, 3, 1, 3, 4, 2, 4, 1, 2, 2, 4, 3, 3, 3, 3, 4, 2, 1, 3, 2, 3, 4, 3, 4, 4, 3, 1, 4, 1], "NonLinearTime": 0.0907692, "OptimalityGap": 0.0507201, "BranchingRules": ["eigen_cen_alternative", "eigen_cen_alternative", "eigen_cen_alternative", "eigen_cen_alternative", "eigen_cen_alternative", "eigen_cen_alternative", "eigen_cen_alternative", "eigen_cen_alternative", "eigen_cen_alternative", "eigen_cen_alternative", "eigen_cen_alternative", "eigen_cen_alternative", "eigen_cen_alternative", "eigen_cen_alternative", "eigen_cen_alternative", "eigen_cen_alternative", "eigen_cen_alternative", "eigen_cen_alternative", "eigen_cen_alternative", "eigen_cen_alternative", "eigen_cen_alternative", "eigen_cen_alternative", "eigen_cen_alternative", "eigen_cen_alternative", "eigen_cen_alternative", "eigen_cen_alternative", "eigen_cen_alternative", "eigen_cen_alternative", "eigen_cen_alternative", "eigen_cen_alternative", "eigen_cen_alternative", "eigen_cen_alternative", "eigen_cen_alternative", "eigen_cen_alternative", "eigen_cen_alternative", "eigen_cen_alternative", "eigen_cen_alternative", "eigen_cen_alternative", "eigen_cen_alternative", "eigen_cen_alternative", "eigen_cen_alternative", "eigen_cen_alternative", "eigen_cen_alternative", "eigen_cen_alternative", "eigen_cen_alternative", "eigen_cen_alternative", "eigen_cen_alternative", "eigen_cen_alternative", "eigen_cen_alternative", "eigen_cen_alternative", "eigen_cen_alternative", "eigen_cen_alternative", "eigen_cen_alternative", "eigen_cen_alternative", "eigen_cen_alternative", "eigen_cen_alternative", "eigen_cen_alternative", "eigen_cen_alternative", "eigen_cen_alternative", "eigen_cen_alternative", "eigen_cen_alternative", "eigen_cen_alternative", "eigen_cen_alternative", "eigen_cen_alternative", "eigen_cen_alternative", "eigen_cen_alternative", "eigen_cen_alternative", "eigen_cen_alternative", "eigen_cen_alternative", "eigen_cen_alternative", "eigen_cen_alternative", "eigen_cen_alternative", "eigen_cen_alternative", "eigen_cen_alternative", "eigen_cen_alternative", "eigen_cen_alternative", "eigen_cen_alternative", "eigen_cen_alternative", "eigen_cen_alternative", "eigen_cen_alternative", "eigen_cen_alternative", "eigen_cen_alternative", "eigen_cen_alternative", "eigen_cen_alternative", "eigen_cen_alternative", "eigen_cen_alternative", "eigen_cen_alternative", "eigen_cen_alternative", "eigen_cen_alternative", "eigen_cen_alternative", "eigen_cen_alternative", "eigen_cen_alternative", "eigen_cen_alternative", "eigen_cen_alternative", "eigen_cen_alternative", "eigen_cen_alternative", "eigen_cen_alternative"], "LBImprovements": [3.50612, 2.18408, 1.90338, 2.54553, 29.0483, 6.68229, 4.54066, 3.02618, 1.86068, 3.93638, 0.412597, 7.31981, 0.863336, 1.27112, 1.17657, 1.19843, 5.02054, 0.789835, 0.778875, 1.90048, 1.02892, 1.04341, 0.48945, 0.980643, 1.31332, 0.246031, 0.789895, 0.580887, 0.370437, 0, 0, 0, 1.16357, 1.33316, 0.343736, 2.29311, 2.65287, 0.543234, 0.321107, 0, 0.449585, 0.720635, 1.38868, 0.21045, 0.39017, 0.119881, 0.280481, 16.1252, 0.153762, 0.460168, 5.56777, 0.266321, 7.62529, 0.168337, 2.57236, 0.143113, 0, 1.57449, 0.169031, 0.501297, 0.300139, 0.53493, 0.181419, 0.0745816, 0.0603909, 0.106963, 0.10967, 0.0549245, 0.0796651, 0.17664, 0.171387, 0.267057, 0.0939638, 0, 0.0780673, 0, 0, 0, 0.0677775, 0.116528, 0.277978, 0.123993, 0.0935555, 0.0734553, 0.037959, 0.0000000292229, 0.996651, 0, 0.0925524, 0.0302111, 0.343532, 0.0655905, 0.0371921, 0.0321336, 0.0320051, 0.0718071, 0.0171371], "InfeasibleNodes": 38, "ElapsedTimeCoeffs": 0, "LinearizationTime": 0.000496656, "NumberOfVariables": 6, "CallsToLinearSolver": 195, "LinearGenerationTime": 0.0850427, "SDPCutsGenerationTime": 0, "CallsToNonLinearSolver": 10, "StrongBranchingExtraTime": 0, "ElapsedTimeWeightedCoeffs": 0, "NodesDiscardedByFathoming": 3, "NodesDiscardedByTolerance": 57, "BoundFactorConstraintsTime": 0.0721172, "ElapsedTimeVarsInConstraints": 0, "meanBTRelativeChangeRootNode": 0, "NumberOfBoundFactorConstraints": 57, "NumberOfLAPACKConvergenceFailures": 0, "NumberOfRLTVariablesAfterLinearization": 39}