{"Itbt": 0, "Pace": 0.0326473, "Depth": 10, "Degree": 6, "RPSTime": 43.0734, "FBBTTime": 0, "OBBTTime": 0, "TotalTime": 154.307, "Iterations": 40, "LinearTime": 111.062, "LowerBound": 28168, "TimeVector": [4.62582, 7.38305, 11.0973, 13.9036, 16.9525, 19.6318, 23.114, 26.3127, 29.0251, 33.2013, 36.2372, 39.14, 41.9006, 45.2158, 48.5862, 52.484, 55.7359, 59.7212, 63.7984, 66.7977, 69.7189, 73.1034, 76.1708, 79.942, 83.5651, 86.8661, 90.5123, 96.7209, 100.193, 103.545, 106.91, 110.738, 117.678, 122.529, 126.719, 130.788, 136.649, 144.835, 150.111, 173.63], "UpperBound": 28194, "rootBTTime": 0, "LowerBounds": {"1": 23441.5, "2": 23985.3, "3": 25207.3, "4": 25747, "5": 25978, "6": 25990.3, "7": 26274.4, "8": 26290.2, "9": 26402.1, "10": 26712.6, "11": 26797, "12": 26888.4, "13": 26987.1, "14": 27362.4, "15": 27528.6, "16": 27540.4, "17": 27570.6, "18": 27605.7, "19": 27653.1, "20": 27822.5, "21": 27904.4, "22": 27908.1, "23": 27915.7, "24": 27922.4, "25": 27946, "26": 28009.7, "27": 28011.4, "28": 28015, "29": 28044.6, "30": 28048.3, "31": 28048.6, "32": 28056.1, "33": 28100.4, "34": 28126.7, "35": 28138.1, "36": 28143.4, "37": 28156.9, "38": 28157.2, "39": 28157.3, "40": 28168}, "SolveResult": 0, "UpperBounds": {"1": 28194}, "MaxQueueSize": 12, "VisitedNodes": 81, "BranchingVars": [3, 4, 5, 3, 4, 2, 0, 0, 0, 5, 0, 3, 3, 5, 3, 3, 5, 0, 4, 3, 5, 3, 0, 2, 0, 4, 4, 5, 0, 5, 4, 0, 3, 2, 2, 2, 1, 2, 2, 2], "NonLinearTime": 0.171804, "OptimalityGap": 26.0409, "BranchingRules": ["eigen_cen_alternative", "eigen_cen_alternative", "eigen_cen_alternative", "eigen_cen_alternative", "eigen_cen_alternative", "eigen_cen_alternative", "eigen_cen_alternative", "eigen_cen_alternative", "eigen_cen_alternative", "eigen_cen_alternative", "eigen_cen_alternative", "eigen_cen_alternative", "eigen_cen_alternative", "eigen_cen_alternative", "eigen_cen_alternative", "eigen_cen_alternative", "eigen_cen_alternative", "eigen_cen_alternative", "eigen_cen_alternative", "eigen_cen_alternative", "eigen_cen_alternative", "eigen_cen_alternative", "eigen_cen_alternative", "eigen_cen_alternative", "eigen_cen_alternative", "eigen_cen_alternative", "eigen_cen_alternative", "eigen_cen_alternative", "eigen_cen_alternative", "eigen_cen_alternative", "eigen_cen_alternative", "eigen_cen_alternative", "eigen_cen_alternative", "eigen_cen_alternative", "eigen_cen_alternative", "eigen_cen_alternative", "eigen_cen_alternative", "eigen_cen_alternative", "eigen_cen_alternative", "eigen_cen_alternative"], "LBImprovements": [543.877, 1221.99, 782.987, 543.139, 1926.41, 411.762, 1254.13, 1072.25, 486.276, 893.057, 743.353, 934.129, 666.046, 2189.1, 1103.49, 1120.02, 1139.03, 316.749, 255.015, 188.931, 1121.54, 136.47, 344.456, 540.765, 154.421, 147.117, 205.381, 282.865, 93.5387, 1182.19, 211.119, 70.5213, 56.8123, 52.073, 45.1699, 42.7257, 120.376, 54.8751, 52.7658, 90.3066], "InfeasibleNodes": 0, "ElapsedTimeCoeffs": 0, "LinearizationTime": 1.01184, "NumberOfVariables": 6, "CallsToLinearSolver": 81, "LinearGenerationTime": 11.468, "SDPCutsGenerationTime": 0, "CallsToNonLinearSolver": 9, "StrongBranchingExtraTime": 0, "ElapsedTimeWeightedCoeffs": 0, "NodesDiscardedByFathoming": 0, "NodesDiscardedByTolerance": 41, "BoundFactorConstraintsTime": 36.8774, "ElapsedTimeVarsInConstraints": 0, "meanBTRelativeChangeRootNode": 0, "NumberOfBoundFactorConstraints": 12369, "NumberOfLAPACKConvergenceFailures": 0, "NumberOfRLTVariablesAfterLinearization": 916}