{"Itbt": 0, "Pace": 0.036433, "Depth": 14, "Degree": 6, "RPSTime": 1.74034, "FBBTTime": 0, "OBBTTime": 0, "TotalTime": 60.1747, "Iterations": 45, "LinearTime": 58.3006, "LowerBound": 2264.49, "TimeVector": [0.738574, 1.31813, 1.74518, 2.24712, 2.7559, 3.16325, 3.59221, 4.03993, 4.54076, 4.99276, 5.47736, 5.98492, 6.47187, 6.90794, 7.38983, 7.80802, 8.26844, 8.71352, 9.20312, 9.74138, 10.1907, 10.6801, 11.1304, 11.5766, 12.0621, 12.5021, 12.9173, 13.39, 13.8655, 14.3309, 14.7641, 15.2117, 15.6759, 16.1777, 16.6595, 17.0942, 17.5136, 17.9523, 18.4872, 18.9664, 19.9189, 21.0019, 31.1469, 31.6406, 60.6684], "UpperBound": 2266.58, "rootBTTime": 0, "LowerBounds": {"1": 612.837, "2": 913.855, "3": 916.257, "4": 1061.03, "5": 1175.36, "6": 1293.99, "7": 1331.05, "8": 1529.6, "9": 1678.92, "10": 1709.19, "11": 1844.92, "12": 1865.62, "13": 2034.82, "14": 2093.81, "15": 2098.2, "16": 2112.92, "17": 2180.73, "18": 2181, "19": 2189.26, "20": 2191.4, "21": 2199.02, "22": 2199.74, "23": 2200.98, "24": 2205.29, "25": 2229.88, "26": 2232.55, "27": 2235.37, "28": 2240.19, "29": 2240.32, "30": 2240.62, "31": 2241.32, "32": 2241.52, "33": 2245.5, "34": 2246.63, "35": 2247.43, "36": 2248.48, "37": 2253.07, "38": 2255.95, "39": 2258.03, "40": 2260.44, "41": 2260.82, "42": 2261.77, "43": 2262.69, "44": 2262.94, "45": 2264.49}, "SolveResult": 0, "UpperBounds": {"1": 2266.58}, "MaxQueueSize": 12, "VisitedNodes": 91, "BranchingVars": [4, 2, 0, 1, 0, 5, 5, 5, 1, 0, 5, 5, 4, 3, 3, 4, 2, 2, 2, 2, 3, 3, 3, 3, 2, 1, 2, 0, 0, 0, 0, 0, 0, 0, 0, 0, 0, 0, 4, 1, 5, 5, 5, 1, 5], "NonLinearTime": 0.1337, "OptimalityGap": 2.09178, "BranchingRules": ["eigen_cen_alternative", "eigen_cen_alternative", "eigen_cen_alternative", "eigen_cen_alternative", "eigen_cen_alternative", "eigen_cen_alternative", "eigen_cen_alternative", "eigen_cen_alternative", "eigen_cen_alternative", "eigen_cen_alternative", "eigen_cen_alternative", "eigen_cen_alternative", "eigen_cen_alternative", "eigen_cen_alternative", "eigen_cen_alternative", "eigen_cen_alternative", "eigen_cen_alternative", "eigen_cen_alternative", "eigen_cen_alternative", "eigen_cen_alternative", "eigen_cen_alternative", "eigen_cen_alternative", "eigen_cen_alternative", "eigen_cen_alternative", "eigen_cen_alternative", "eigen_cen_alternative", "eigen_cen_alternative", "eigen_cen_alternative", "eigen_cen_alternative", "eigen_cen_alternative", "eigen_cen_alternative", "eigen_cen_alternative", "eigen_cen_alternative", "eigen_cen_alternative", "eigen_cen_alternative", "eigen_cen_alternative", "eigen_cen_alternative", "eigen_cen_alternative", "eigen_cen_alternative", "eigen_cen_alternative", "eigen_cen_alternative", "eigen_cen_alternative", "eigen_cen_alternative", "eigen_cen_alternative", "eigen_cen_alternative"], "LBImprovements": [301.018, 147.177, 613.343, 232.957, 503.556, 415.205, 0, 0, 166.005, 496.093, 189.898, 247.302, 58.9943, 87.1829, 82.5301, 86.8232, 51.8161, 60.5197, 63.814, 38.4755, 167.62, 89.0483, 85.1501, 264.232, 10.3186, 2.82493, 12.061, 22.7422, 0, 0, 16.7191, 0, 0, 0, 0, 0, 0, 0, 2.4103, 1.32107, 3.75053, 1.94854, 0, 1.55186, 0], "InfeasibleNodes": 35, "ElapsedTimeCoeffs": 0, "LinearizationTime": 0.0288143, "NumberOfVariables": 6, "CallsToLinearSolver": 91, "LinearGenerationTime": 0.808737, "SDPCutsGenerationTime": 0, "CallsToNonLinearSolver": 9, "StrongBranchingExtraTime": 0, "ElapsedTimeWeightedCoeffs": 0, "NodesDiscardedByFathoming": 0, "NodesDiscardedByTolerance": 11, "BoundFactorConstraintsTime": 1.43289, "ElapsedTimeVarsInConstraints": 0, "meanBTRelativeChangeRootNode": 0, "NumberOfBoundFactorConstraints": 926, "NumberOfLAPACKConvergenceFailures": 0, "NumberOfRLTVariablesAfterLinearization": 307}