{"Itbt": 0, "Pace": 0.0101056, "Depth": 8, "Degree": 7, "RPSTime": 326.747, "FBBTTime": 0, "OBBTTime": 0, "TotalTime": 1477.16, "Iterations": 31, "LinearTime": 162.409, "LowerBound": 58822.8, "TimeVector": [27.2863, 57.8997, 84.6632, 124.956, 154.898, 186.407, 220.033, 269.583, 304.601, 363.601, 406.936, 457.676, 495.224, 524.775, 554.76, 630.833, 684.513, 751.471, 778.263, 821.941, 880.047, 927.872, 961.932, 1019.11, 1061.51, 1141.59, 1210.58, 1343.08, 1385.59, 1426.67, 1477.16], "UpperBound": 58859.1, "rootBTTime": 0, "LowerBounds": {"1": 37982.7, "2": 47722.7, "3": 49164.9, "4": 50240.1, "5": 52072.3, "6": 52939.6, "7": 53441.8, "8": 53573.2, "9": 54001.6, "10": 56007.5, "11": 56584.3, "12": 56734.9, "13": 56768.5, "14": 56851.7, "15": 56859.2, "16": 57153.6, "17": 57588.7, "18": 57645.9, "19": 57848, "20": 57912.7, "21": 58022.3, "22": 58082.3, "23": 58158, "24": 58200.8, "25": 58289.5, "26": 58554.3, "27": 58604.1, "28": 58635.2, "29": 58697.2, "30": 58759.3, "31": 58822.8}, "SolveResult": 0, "UpperBounds": {"1": 58859.1}, "MaxQueueSize": 12, "VisitedNodes": 63, "BranchingVars": [0, 1, 4, 3, 3, 1, 4, 4, 1, 1, 1, 2, 3, 2, 3, 1, 2, 2, 3, 2, 4, 2, 1, 4, 4, 4, 4, 4, 2, 3, 4], "NonLinearTime": 0.21083, "OptimalityGap": 36.2507, "BranchingRules": ["sum_rescaled_var_range_weighted", "sum_rescaled_var_range_weighted", "eigen_cen_alternative", "sum_rescaled_var_range_weighted", "sum_rescaled_var_range_weighted", "sum_rescaled_var_range_weighted", "sum_rescaled_var_range_weighted", "sum_rescaled_var_range_weighted", "sum_rescaled_var_range_weighted", "sum_dual_weighted_plus1", "sum_dual_weighted_plus1", "sum_rescaled_var_range_weighted", "sum_rescaled_var_range_weighted", "sum_rescaled_var_range_weighted", "sum_rescaled_var_range_weighted", "sum_dual_weighted_plus1", "sum_rescaled_var_range_weighted", "sum_rescaled_var_range_weighted", "sum_rescaled_var_range_weighted", "sum_rescaled_var_range_weighted", "sum_rescaled_var_range_weighted", "sum_rescaled_var_range_weighted", "sum_rescaled_var_range_weighted", "sum_rescaled_var_range_weighted", "sum_dual_weighted_plus1", "sum_rescaled_var_range_weighted", "sum_rescaled_var_range_weighted", "sum_rescaled_var_range_weighted", "sum_rescaled_var_range_weighted", "sum_rescaled_var_range_weighted", "sum_rescaled_var_range_weighted"], "LBImprovements": [9739.98, 2517.43, 2907.42, 3201.63, 1929.32, 3828.94, 3142.56, 2434.35, 2733.22, 1581.15, 1328.37, 1287.46, 3470.85, 1306.31, 7496.95, 2199.95, 1046.47, 908.459, 3712.6, 784.494, 736.988, 758.164, 794.076, 1038.71, 1270.6, 354.258, 333.119, 303.636, 82.2034, 680.397, 43.4439], "InfeasibleNodes": 0, "ElapsedTimeCoeffs": 0, "LinearizationTime": 0.973745, "NumberOfVariables": 5, "CallsToLinearSolver": 63, "LinearGenerationTime": 16.0636, "SDPCutsGenerationTime": 0, "CallsToNonLinearSolver": 8, "StrongBranchingExtraTime": 1266.56, "ElapsedTimeWeightedCoeffs": 0, "NodesDiscardedByFathoming": 0, "NodesDiscardedByTolerance": 32, "BoundFactorConstraintsTime": 39.609, "ElapsedTimeVarsInConstraints": 0.000257906, "meanBTRelativeChangeRootNode": 0, "NumberOfBoundFactorConstraints": 11432, "NumberOfLAPACKConvergenceFailures": 0, "NumberOfRLTVariablesAfterLinearization": 785}