{"Itbt": 0, "Pace": 0.0220451, "Depth": 15, "Degree": 7, "RPSTime": 6.58989, "FBBTTime": 0, "OBBTTime": 0, "TotalTime": 29.9745, "Iterations": 137, "LinearTime": 3.29792, "LowerBound": 349.58, "TimeVector": [0.257206, 0.43305, 0.635008, 0.845706, 1.05698, 1.26829, 1.4885, 1.68505, 1.88263, 2.08351, 2.27872, 2.48238, 2.66325, 2.87989, 3.07514, 3.2877, 3.4624, 3.66104, 3.85129, 4.05084, 4.27425, 4.45409, 4.65655, 4.84298, 5.05391, 5.20701, 5.42186, 5.60852, 5.83112, 6.02786, 6.21853, 6.43627, 6.61254, 6.81931, 7.01739, 7.23091, 7.45556, 7.66072, 7.88938, 8.07009, 8.24637, 8.42554, 8.62056, 8.80121, 8.98027, 9.1672, 9.37983, 9.59975, 9.77744, 9.99201, 10.1667, 10.3879, 10.581, 10.7855, 10.9726, 11.1696, 11.353, 11.5489, 11.7699, 11.9928, 12.1865, 12.3864, 12.5847, 12.804, 13.0485, 13.2531, 13.4714, 13.6695, 13.876, 14.0913, 14.2857, 14.5191, 14.6907, 14.8876, 15.0973, 15.2924, 15.475, 15.6866, 15.9041, 16.1173, 16.3202, 16.5416, 16.724, 16.918, 17.1089, 17.3394, 17.5469, 17.7585, 17.9571, 18.1781, 18.3626, 18.556, 18.7309, 18.9405, 19.1329, 19.3343, 19.553, 19.8312, 20.0593, 20.2786, 20.4592, 20.8157, 21.0384, 21.2552, 21.435, 21.648, 21.8467, 22.0686, 22.3125, 22.5605, 22.797, 23.1721, 23.3773, 23.6754, 23.9026, 24.1337, 25.2411, 25.4691, 25.6816, 25.8974, 26.1322, 26.377, 26.6, 26.8166, 27.026, 27.3021, 27.5208, 27.7544, 27.9731, 28.1976, 28.4328, 28.807, 29.0375, 29.2765, 29.5137, 29.7686, 59.7431], "UpperBound": 349.925, "rootBTTime": 0, "LowerBounds": {"1": 152.374, "2": 191.977, "3": 210.473, "4": 248.448, "5": 249.789, "6": 251.377, "7": 275.911, "8": 276.949, "9": 279.567, "10": 283.857, "11": 285.584, "12": 288.538, "13": 298.406, "14": 302.512, "15": 303.875, "16": 307.411, "17": 311.082, "18": 313.774, "19": 315.448, "20": 316.173, "21": 317.551, "22": 317.637, "23": 323.453, "24": 324.919, "25": 326.525, "26": 327.067, "27": 327.158, "28": 327.801, "29": 328.736, "30": 328.888, "31": 329.323, "32": 330.721, "33": 331.215, "34": 333.241, "35": 333.579, "36": 335.416, "37": 335.619, "38": 335.887, "39": 336.004, "40": 336.156, "41": 336.696, "42": 337.034, "43": 337.754, "44": 337.771, "45": 337.96, "46": 338.733, "47": 340.243, "48": 340.372, "49": 341.806, "50": 341.823, "51": 341.986, "52": 342.09, "53": 342.24, "54": 343.386, "55": 343.522, "56": 343.901, "57": 343.998, "58": 344.409, "59": 344.772, "60": 345.001, "61": 345.257, "62": 345.38, "63": 345.449, "64": 345.664, "65": 345.729, "66": 345.791, "67": 345.921, "68": 346.073, "69": 346.137, "70": 346.141, "71": 346.507, "72": 346.582, "73": 346.781, "74": 346.891, "75": 347.028, "76": 347.163, "77": 347.183, "78": 347.269, "79": 347.333, "80": 347.369, "81": 347.516, "82": 347.589, "83": 347.619, "84": 347.709, "85": 347.79, "86": 347.886, "87": 347.892, "88": 347.914, "89": 347.915, "90": 348.04, "91": 348.057, "92": 348.124, "93": 348.231, "94": 348.253, "95": 348.31, "96": 348.353, "97": 348.368, "98": 348.387, "99": 348.492, "100": 348.552, "101": 348.588, "102": 348.667, "103": 348.7, "104": 348.729, "105": 348.811, "106": 348.817, "107": 348.838, "108": 348.854, "109": 348.897, "110": 348.929, "111": 348.974, "112": 349.026, "113": 349.061, "114": 349.086, "115": 349.103, "116": 349.112, "117": 349.125, "119": 349.138, "120": 349.232, "121": 349.262, "122": 349.277, "123": 349.306, "124": 349.313, "125": 349.324, "126": 349.364, "127": 349.407, "128": 349.422, "129": 349.434, "130": 349.458, "131": 349.47, "132": 349.492, "133": 349.512, "134": 349.532, "135": 349.554, "136": 349.565, "137": 349.58}, "SolveResult": 0, "UpperBounds": {"1": 349.925}, "MaxQueueSize": 28, "VisitedNodes": 275, "BranchingVars": [2, 0, 0, 1, 1, 1, 2, 1, 4, 3, 4, 4, 4, 3, 3, 3, 4, 1, 1, 1, 3, 4, 3, 4, 0, 0, 2, 0, 4, 3, 1, 0, 4, 0, 3, 1, 2, 2, 2, 1, 0, 0, 1, 0, 0, 2, 3, 3, 0, 2, 4, 3, 4, 2, 0, 2, 0, 1, 3, 1, 2, 1, 3, 2, 3, 0, 3, 3, 3, 3, 3, 4, 0, 2, 3, 1, 4, 4, 2, 2, 2, 4, 0, 1, 2, 3, 3, 3, 3, 2, 0, 4, 0, 4, 0, 1, 2, 1, 2, 3, 0, 2, 2, 2, 0, 2, 1, 4, 1, 3, 2, 2, 3, 3, 2, 3, 2, 2, 0, 4, 2, 3, 3, 1, 1, 3, 1, 2, 4, 2, 3, 4, 4, 4, 3, 4, 4], "NonLinearTime": 0.105092, "OptimalityGap": 0.345345,