{"Itbt": 0, "Pace": 0.0139088, "Depth": 12, "Degree": 7, "RPSTime": 240.01, "FBBTTime": 0, "OBBTTime": 0, "TotalTime": 1150.2, "Iterations": 53, "LinearTime": 130.944, "LowerBound": 22750.1, "TimeVector": [13.1339, 25.434, 38.5405, 51.1164, 64.9394, 80.1748, 92.7625, 106.402, 119.799, 132.603, 144.886, 158.82, 175.122, 190.737, 208.693, 222.235, 238.73, 254.359, 273.594, 294.324, 315.012, 333.756, 358.234, 376.083, 400.888, 416.729, 446.427, 467.542, 487.474, 502.284, 527.576, 563.091, 581.212, 606.68, 624.705, 656.652, 694.423, 714.172, 733.433, 761.539, 780.131, 794.962, 839.897, 855.55, 881.08, 914.495, 955.784, 1000.13, 1036.12, 1063.06, 1098.73, 1134.02, 1150.2], "UpperBound": 22772.2, "rootBTTime": 0, "LowerBounds": {"1": 10792.2, "2": 12908.4, "3": 14338.5, "4": 16552.8, "5": 17838.9, "6": 17863.5, "7": 18935.1, "8": 19161.2, "9": 19691.6, "10": 19913.7, "11": 20181.3, "12": 20626.9, "13": 20717.7, "14": 20748.5, "15": 20808.8, "16": 20817.2, "17": 21268.7, "18": 21583.5, "19": 21630.7, "20": 21840.6, "21": 21926.5, "22": 21993.4, "23": 22051.8, "24": 22117.7, "25": 22173.2, "26": 22181.4, "27": 22222.3, "28": 22333.3, "29": 22347.3, "30": 22360.6, "31": 22496.5, "32": 22503.9, "33": 22509.9, "34": 22518.1, "35": 22543.6, "36": 22596.5, "37": 22633.5, "38": 22650.4, "39": 22660.7, "40": 22672.9, "41": 22673.8, "42": 22693.9, "43": 22700.9, "44": 22710.2, "45": 22716.1, "46": 22718.2, "47": 22722.5, "48": 22725.4, "49": 22728.7, "50": 22731.6, "51": 22741.4, "52": 22742, "53": 22750.1}, "SolveResult": 0, "UpperBounds": {"1": 22772.2}, "MaxQueueSize": 17, "VisitedNodes": 107, "BranchingVars": [1, 4, 3, 4, 2, 3, 2, 3, 4, 0, 3, 0, 4, 1, 0, 4, 2, 0, 4, 1, 2, 4, 4, 0, 1, 2, 1, 1, 1, 4, 1, 1, 0, 0, 0, 4, 3, 4, 4, 2, 4, 2, 2, 1, 3, 3, 1, 4, 1, 3, 1, 0, 3], "NonLinearTime": 0.177631, "OptimalityGap": 22.0131, "BranchingRules": ["sum_dual_weighted_plus1", "sum_rescaled_var_range_weighted_rel", "sum_rescaled_var_range_weighted_rel", "sum_rescaled_var_range_weighted_rel", "sum_dual_weighted_plus1", "sum_rescaled_var_range_weighted_rel", "sum_rescaled_var_range_weighted_rel", "sum_rescaled_var_range_weighted_rel", "sum_dual_weighted_plus1", "sum_rescaled_var_range_weighted_rel", "sum_rescaled_var_range_weighted_rel", "sum_rescaled_var_range_weighted_rel", "sum_dual_weighted_plus1", "eigen_cen_alternative", "sum_rescaled_var_range_weighted_rel", "sum_rescaled_var_range_weighted_rel", "sum_rescaled_var_range_weighted_rel", "sum_rescaled_var_range_weighted_rel", "sum_rescaled_var_range_weighted_rel", "sum_rescaled_var_range_weighted_rel", "sum_rescaled_var_range_weighted_rel", "sum_rescaled_var_range_weighted_rel", "sum_dual_weighted_plus1", "sum_rescaled_var_range_weighted_rel", "sum_rescaled_var_range_weighted_rel", "sum_rescaled_var_range_weighted_rel", "sum_rescaled_var_range_weighted_rel", "sum_rescaled_var_range_weighted_rel", "sum_rescaled_var_range_weighted_rel", "sum_rescaled_var_range_weighted_rel", "sum_rescaled_var_range_weighted_rel", "sum_rescaled_var_range_weighted_rel", "sum_rescaled_var_range_weighted_rel", "sum_rescaled_var_range_weighted_rel", "sum_rescaled_var_range_weighted_rel", "sum_rescaled_var_range_weighted_rel", "sum_rescaled_var_range_weighted_rel", "sum_rescaled_var_range_weighted_rel", "sum_rescaled_var_range_weighted_rel", "sum_rescaled_var_range_weighted_rel", "sum_rescaled_var_range_weighted_rel", "sum_rescaled_var_range_weighted_rel", "sum_rescaled_var_range_weighted_rel", "sum_rescaled_var_range_weighted_rel", "sum_rescaled_var_range_weighted_rel", "sum_rescaled_var_range_weighted_rel", "sum_rescaled_var_range_weighted_rel", "sum_rescaled_var_range_weighted_rel", "sum_rescaled_var_range_weighted_rel", "sum_dual_weighted_plus1", "sum_rescaled_var_range_weighted_rel", "sum_rescaled_var_range_weighted_rel", "sum_rescaled_var_range_weighted_rel"], "LBImprovements": [2116.2, 1430.09, 3500.45, 1310.67, 1852.65, 2945.33, 1782.65, 3020.12, 935.333, 903.483, 2739.44, 1213.66, 1399.94, 1303.35, 1117.63, 1176.26, 1241.23, 749.775, 729.81, 755.923, 734.26, 228.867, 1263.61, 909.785, 709.67, 1627.72, 411.186, 699.083, 960.752, 143.296, 176.419, 353.488, 641.44, 813.821, 691.124, 188.691, 67.4598, 156.206, 336.489, 45.2575, 322.25, 49.2845, 24.4999, 528.68, 63.5756, 62.1911, 34.3808, 15.9281, 21.4004, 62.1691, 15.7454, 12.5537, 39.7824], "InfeasibleNodes": 0, "ElapsedTimeCoeffs": 0, "LinearizationTime": 0.37632, "NumberOfVariables": 5, "CallsToLinearSolver": 107, "LinearGenerationTime": 12.9651, "SDPCutsGenerationTime": 0, "CallsToNonLinearSolver": 9, "StrongBranchingExtraTime": 983.879, "ElapsedTimeWeightedCoeffs": 0, "NodesDiscardedByFathoming": 0, "NodesDiscardedByTolerance": 54, "BoundFactorConstraintsTime": 28.6238, "ElapsedTimeVarsInConstraints": 0.000142546, "meanBTRelativeChangeRootNode": 0, "NumberOfBoundFactorConstraints": 5527, "NumberOfLAPACKConvergenceFailures": 0, "NumberOfRLTVariablesAfterLinearization": 610}