{"Itbt": 0, "Pace": 0.0152855, "Depth": 9, "Degree": 7, "RPSTime": 24.057, "FBBTTime": 0, "OBBTTime": 0, "TotalTime": 200.593, "Iterations": 56, "LinearTime": 25.6025, "LowerBound": 3800.17, "TimeVector": [4.44749, 8.19262, 12.3488, 15.7916, 19.5711, 23.7783, 27.2931, 30.7989, 34.3221, 38.569, 42.3083, 46.3594, 49.7157, 53.1361, 56.758, 60.4385, 64.2244, 68.227, 72.1146, 75.3886, 79.03, 82.839, 86.6072, 89.4264, 92.6712, 96.3429, 100.156, 104.083, 107.849, 111.065, 114.201, 117.659, 121.906, 125.098, 128.399, 131.72, 135.557, 139.038, 143.192, 146.775, 149.855, 153.55, 157.101, 160.064, 163.285, 166.607, 169.97, 173.261, 176.541, 180.552, 183.768, 187.171, 190.408, 193.704, 197.078, 207.263], "UpperBound": 3803.82, "rootBTTime": 0, "LowerBounds": {"1": 1884.47, "2": 2527.42, "3": 2595.34, "4": 2943.06, "5": 2991.88, "6": 3357.83, "7": 3374.03, "8": 3556.31, "9": 3590.7, "10": 3622.15, "11": 3624.42, "12": 3631.23, "13": 3637.87, "14": 3647.46, "15": 3664.65, "16": 3668.67, "17": 3694.35, "18": 3706.31, "19": 3718.63, "20": 3727.75, "21": 3731.78, "22": 3743.68, "23": 3760.46, "24": 3764.15, "25": 3767.85, "26": 3769.69, "27": 3770.21, "28": 3772.38, "29": 3773.21, "30": 3778.34, "31": 3778.34, "32": 3780.14, "33": 3785.25, "34": 3791.95, "35": 3793.63, "36": 3795.5, "37": 3795.63, "38": 3796.06, "39": 3796.07, "40": 3796.86, "41": 3796.91, "42": 3797.12, "43": 3798.49, "44": 3798.64, "45": 3798.65, "46": 3799.13, "47": 3799.13, "48": 3799.21, "49": 3799.4, "50": 3799.41, "51": 3799.5, "52": 3799.54, "53": 3799.7, "54": 3799.74, "55": 3799.74, "56": 3800.17}, "SolveResult": 0, "UpperBounds": {"1": 3803.82}, "MaxQueueSize": 19, "VisitedNodes": 113, "BranchingVars": [3, 1, 4, 4, 4, 1, 1, 0, 0, 2, 2, 2, 2, 2, 2, 2, 2, 2, 0, 0, 1, 0, 1, 0, 1, 0, 0, 1, 1, 1, 1, 1, 1, 2, 2, 2, 1, 1, 2, 2, 0, 2, 2, 0, 0, 2, 2, 0, 2, 0, 1, 1, 0, 2, 2, 0], "NonLinearTime": 0.116255, "OptimalityGap": 3.64792, "BranchingRules": ["sum_rescaled_var_range_weighted_rel", "sum_rescaled_var_range_weighted_rel", "sum_rescaled_var_range_weighted_rel", "sum_rescaled_var_range_weighted_rel", "sum_rescaled_var_range_weighted_rel", "sum_rescaled_var_range_weighted_rel", "sum_rescaled_var_range_weighted_rel", "sum_rescaled_var_range_weighted_rel", "sum_rescaled_var_range_weighted_rel", "sum_dual_weighted_plus1", "sum_rescaled_var_range_weighted_rel", "sum_rescaled_var_range_weighted_rel", "sum_rescaled_var_range_weighted_rel", "sum_dual_weighted_plus1", "sum_rescaled_var_range_weighted_rel", "sum_rescaled_var_range_weighted_rel", "sum_rescaled_var_range_weighted_rel", "sum_rescaled_var_range_weighted_rel", "sum_rescaled_var_range_weighted_rel", "sum_rescaled_var_range_weighted_rel", "sum_rescaled_var_range_weighted_rel", "sum_rescaled_var_range_weighted_rel", "sum_rescaled_var_range_weighted_rel", "sum_rescaled_var_range_weighted_rel", "sum_rescaled_var_range_weighted_rel", "sum_rescaled_var_range_weighted_rel", "sum_rescaled_var_range_weighted_rel", "sum_dual_weighted_plus1", "sum_rescaled_var_range_weighted_rel", "sum_rescaled_var_range_weighted_rel", "sum_rescaled_var_range_weighted_rel", "sum_rescaled_var_range_weighted_rel", "sum_rescaled_var_range_weighted_rel", "sum_rescaled_var_range_weighted_rel", "sum_rescaled_var_range_weighted_rel", "sum_rescaled_var_range_weighted_rel", "sum_rescaled_var_range_weighted_rel", "sum_rescaled_var_range_weighted_rel", "sum_rescaled_var_range_weighted_rel", "sum_rescaled_var_range_weighted_rel", "sum_rescaled_var_range_weighted_rel", "sum_rescaled_var_range_weighted_rel", "sum_rescaled_var_range_weighted_rel", "sum_rescaled_var_range_weighted_rel", "sum_rescaled_var_range_weighted_rel", "sum_rescaled_var_range_weighted_rel", "sum_rescaled_var_range_weighted_rel", "sum_rescaled_var_range_weighted_rel", "sum_rescaled_var_range_weighted_rel", "sum_rescaled_var_range_weighted_rel", "sum_rescaled_var_range_weighted_rel", "sum_rescaled_var_range_weighted_rel", "sum_rescaled_var_range_weighted_rel", "sum_rescaled_var_range_weighted_rel", "sum_rescaled_var_range_weighted_rel", "sum_dual_weighted_plus1"], "LBImprovements": [642.947, 415.636, 762.492, 681.366, 564.428, 264.319, 263.834, 112.364, 103.651, 96.4865, 253.643, 182.393, 89.8825, 198.96, 172.542, 63.1087, 66.1087, 61.548, 54.5761, 50.586, 37.9091, 52.3845, 31.4918, 41.1723, 30.6368, 27.1664, 25.8624, 24.5308, 20.4225, 20.7908, 20.7908, 20.1181, 25.6831, 6.68823, 5.58128, 4.1955, 19.8056, 17.0416, 3.8819, 5.27012, 21.9785, 4.93981, 3.53501, 2.42477, 1.52117, 3.57473, 3.57473, 2.79264, 3.04288, 23.5156, 14.5302, 2.99102, 1.38266, 3.10014, 3.10014, 3.36472], "InfeasibleNodes": 0, "ElapsedTimeCoeffs": 0, "LinearizationTime": 0.031649, "NumberOfVariables": 5, "CallsToLinearSolver": 113, "LinearGenerationTime": 1.51418, "SDPCutsGenerationTime": 0, "CallsToNonLinearSolver": 9, "StrongBranchingExtraTime": 171.311, "ElapsedTimeWeightedCoeffs": 0, "NodesDiscardedByFathoming": 0, "NodesDiscardedByTolerance": 57, "BoundFactorConstraintsTime": 2.90264, "ElapsedTimeVarsInConstraints": 0.000036306, "meanBTRelativeChangeRootNode": 0, "NumberOfBoundFactorConstraints": 867, "NumberOfLAPACKConvergenceFailures": 0, "NumberOfRLTVariablesAfterLinearization": 288}