{"Itbt": 0, "Pace": 0.368079, "Depth": 23, "Degree": 2, "RPSTime": 0.0725511, "FBBTTime": 0, "OBBTTime": 0, "TotalTime": 0.506446, "Iterations": 285, "LinearTime": 0.251714, "LowerBound": 1.37492, "TimeVector": [0.0164623, 0.0394677, 0.0642562, 0.07771, 0.101683, 0.102917, 0.104152, 0.11697, 0.118142, 0.119346, 0.120608, 0.121823, 0.122934, 0.124089, 0.125208, 0.149864, 0.151169, 0.152422, 0.153566, 0.154715, 0.15581, 0.156963, 0.158142, 0.159163, 0.160321, 0.161491, 0.16259, 0.163827, 0.165018, 0.166021, 0.167215, 0.178572, 0.179804, 0.181044, 0.182179, 0.183426, 0.184444, 0.185559, 0.18672, 0.187805, 0.189021, 0.190108, 0.191203, 0.192408, 0.193487, 0.194685, 0.195667, 0.196885, 0.197971, 0.199133, 0.200238, 0.201264, 0.20251, 0.203692, 0.20477, 0.2059, 0.20704, 0.208174, 0.209341, 0.210358, 0.211407, 0.212432, 0.21375, 0.224026, 0.225305, 0.226544, 0.227791, 0.2289, 0.230124, 0.23134, 0.232515, 0.233664, 0.234671, 0.235824, 0.236824, 0.237842, 0.239058, 0.240208, 0.241409, 0.24257, 0.243743, 0.24488, 0.245988, 0.247081, 0.248123, 0.249236, 0.250419, 0.251422, 0.252461, 0.253524, 0.254789, 0.255963, 0.257087, 0.258316, 0.259578, 0.260769, 0.262058, 0.263245, 0.264401, 0.265535, 0.266725, 0.26792, 0.26899, 0.269985, 0.271174, 0.272212, 0.273319, 0.274401, 0.275515, 0.276683, 0.277711, 0.278806, 0.279984, 0.281191, 0.282334, 0.283434, 0.284596, 0.285707, 0.28691, 0.287973, 0.28909, 0.290415, 0.291564, 0.292804, 0.293855, 0.294972, 0.296055, 0.31376, 0.314894, 0.315978, 0.317122, 0.318249, 0.319394, 0.320596, 0.321754, 0.322967, 0.323982, 0.32518, 0.326301, 0.327396, 0.328479, 0.329638, 0.330782, 0.331833, 0.333006, 0.334127, 0.335296, 0.336464, 0.337551, 0.338661, 0.339729, 0.340817, 0.341893, 0.343018, 0.344156, 0.345278, 0.346354, 0.347378, 0.348513, 0.349647, 0.35068, 0.351886, 0.352964, 0.354108, 0.355171, 0.35633, 0.357245, 0.358475, 0.359627, 0.36078, 0.361869, 0.362943, 0.364066, 0.365222, 0.366382, 0.367488, 0.368576, 0.369679, 0.3708, 0.371931, 0.372998, 0.37403, 0.375106, 0.376208, 0.377367, 0.378446, 0.379593, 0.380583, 0.381665, 0.382837, 0.383939, 0.385142, 0.386207, 0.387301, 0.388494, 0.389663, 0.390703, 0.391958, 0.393163, 0.394242, 0.395452, 0.39658, 0.397747, 0.398893, 0.400021, 0.401155, 0.402297, 0.403505, 0.404675, 0.405678, 0.406823, 0.40799, 0.409104, 0.410158, 0.411308, 0.412443, 0.413561, 0.414604, 0.415675, 0.416908, 0.418091, 0.419245, 0.420405, 0.421611, 0.422683, 0.423804, 0.42488, 0.426036, 0.427122, 0.428246, 0.429395, 0.430491, 0.431535, 0.432685, 0.433722, 0.434864, 0.435962, 0.437069, 0.438185, 0.439265, 0.44035, 0.441325, 0.442494, 0.443553, 0.444654, 0.445744, 0.446819, 0.447961, 0.449113, 0.450233, 0.451405, 0.452648, 0.453738, 0.454899, 0.455955, 0.465653, 0.466804, 0.467929, 0.469064, 0.470144, 0.47111, 0.47224, 0.473399, 0.474472, 0.475488, 0.476565, 0.477717, 0.478824, 0.479915, 0.480921, 0.481934, 0.482975, 0.484164, 0.485334, 0.486498, 0.487603, 0.488674, 0.489839, 0.490944, 0.491999, 0.493145, 0.494307, 0.495382, 0.496566, 1.00301], "UpperBound": 1.37586, "rootBTTime": 0, "LowerBounds": {"1": 0, "29": 0.00147078, "30": 0.0144589, "31": 0.0209496, "32": 0.0303873, "33": 0.0447942, "35": 0.0550481, "36": 0.0825474, "37": 0.0841807, "38": 0.110319, "41": 0.113028, "42": 0.175128, "43": 0.199473, "44": 0.209569, "45": 0.226762, "46": 0.237803, "47": 0.239097, "48": 0.284163, "49": 0.28996, "50": 0.292473, "51": 0.306696, "52": 0.328982, "53": 0.33256, "54": 0.33345, "55": 0.386181, "57": 0.394405, "58": 0.399259, "60": 0.422961, "61": 0.457639, "62": 0.476123, "63": 0.484172, "64": 0.493726, "65": 0.501315, "66": 0.506382, "67": 0.530839, "68": 0.540515, "69": 0.543481, "70": 0.547618, "71": 0.567068, "72": 0.570776, "73": 0.577886, "74": 0.592089, "75": 0.604111, "76": 0.613456, "77": 0.61346, "78": 0.618386, "79": 0.621932, "80": 0.62201, "81": 0.628341, "82": 0.632123, "83": 0.640899, "85": 0.647507, "86": 0.653586, "87": 0.659929, "88": 0.662703, "89": 0.678022, "90": 0.680262, "91": 0.685807, "92": 0.722709, "93": 0.733214, "94": 0.747063, "95": 0.750943, "96": 0.75562, "97": 0.762096, "98": 0.775563, "99": 0.776275, "100": 0.785653, "101": 0.785998, "102": 0.813294, "103": 0.817158, "104": 0.827573, "105": 0.834638, "106": 0.836836, "110": 0.875573, "111": 0.882067, "112": 0.882434, "113": 0.906764, "114": 0.911135, "115": 0.913369, "116": 0.914021, "117": 0.91647, "118": 0.922782, "119": 0.94086, "120": 0.948191, "121": 0.949821, "122": 0.958996, "123": 0.962913, "124": 0.964331, "125": 0.973003, "126": 0.974664, "127": 0.987557, "131": 0.992311, "132": 0.995359, "133": 1.00982, "134": 1.01037, "135": 1.01485, "136": 1.02074, "137": 1.02297, "138": 1.02447, "139": 1.03327, "140": 1.04053, "141": 1.04665, "142": 1.06114, "143": 1.06451, "144": 1.07714, "145": 1.0858, "146": 1.0896, "147": 1.09421, "148": 1.10069, "149": 1.10206, "150": 1.1035, "155": 1.11005, "156": 1.11616, "157": 1.12009, "158": 1.12721, "159": 1.12865, "160": 1.12919, "161": 1.13447, "162": 1.1347, "163": 1.14105, "164": 1.14168, "165": 1.14262, "166": 1.14451, "167": 1.15103, "168": 1.15456, "169": 1.16276, "170": 1.1655, "171": 1.16667, "172": 1.16899, "173": 1.17697, "174": 1.17904, "175": 1.18269, "176": 1.18284, "177": 1.1872, "178": 1.19268, "182": 1.20259, "183": 1.20484, "184": 1.20561, "185": 1.20634, "186": 1.20692, "187": 1.20849, "188": 1.21302, "189": 1.21869, "190": 1.22003, "191": 1.22418, "192": 1.2254, "193": 1.22714, "194": 1.2305, "195": 1.23574, "196": 1.24123, "197": 1.25005, "198": 1.25401, "199": 1.25832, "200": 1.25847, "201": 1.26072, "202": 1.26128, "208": 1.26147, "209": 1.26164, "210": 1.26205, "211": 1.26359, "212": 1.27653, "213": 1.28475, "214": 1.28582, "215": 1.2859, "216": 1.28852, "217": 1.29033, "218": 1.29059, "219": 1.29184, "220": 1.29296, "221": 1.30047, "222": 1.30093, "223": 1.30244, "224": 1.30345, "225": 1.30372, "226": 1.30383, "227": 1.31587, "228": 1.32208, "229": 1.32322, "230": 1.3258, "231": 1.32833, "232": 1.32935, "233": 1.33037, "234": 1.33192, "235": 1.33226, "236": 1.33321, "237": 1.33738, "238": 1.33787, "239": 1.33832, "240": 1.34111, "241": 1.34179, "242": 1.34447, "243": 1.34636, "244": 1.34789, "245": 1.35338, "246": 1.35341, "247": 1.3537, "248": 1.35417, "249": 1.35419, "250": 1.35439, "251": 1.35694, "252": 1.35876, "253": 1.35977, "254": 1.36051, "255": 1.36131, "256": 1.36142, "258": 1.36252, "259": 1.36337, "260": 1.36359, "261": 1.36381, "262": 1.36552, "263": 1.36724, "264": 1.36742, "265": 1.36764, "266": 1.36821, "267": 1.36853, "268": 1.36865, "269": 1.36908, "270": 1.3705, "271": 1.37108, "272": 1.37114, "273": 1.37163, "274": 1.37174, "275": 1.37235, "276": 1.37251, "277": 1.37253, "278": 1.37338, "279": 1.3739, "280": 1.37397, "281": 1.37399, "282": 1.37416, "283": 1.37432, "284": 1.37432, "285": 1.37492}, "SolveResult": 0, "UpperBounds": {"1": 1.37586}, "MaxQueueSize": 37, "VisitedNodes": 571, "BranchingVars": [7, 0, 0, 2, 2, 2, 2, 4, 4, 4, 4, 4, 1, 7, 7, 1, 7, 7, 7, 4, 7, 4, 1, 0, 2, 7, 1, 2, 1, 3, 1, 1, 7, 5, 7, 0, 1, 7, 1, 3, 0, 3, 0, 4, 4, 0, 3, 7, 4, 7, 2, 1, 5, 4, 7, 5, 2, 1, 3, 3, 2, 3, 7, 3, 0, 4, 4, 2, 7, 5, 4, 5, 4, 4, 3, 5, 7, 4, 2, 7, 4, 4, 7, 5, 5, 5, 5, 5, 4, 2, 2, 4, 0, 3, 5, 3, 7, 2, 4, 2, 4, 4, 1, 3, 5, 7, 2, 3, 3, 7, 3, 2, 7, 7, 2, 2, 7, 2, 2, 2, 3, 5, 3, 3, 2, 7, 7, 2, 3, 3, 4, 2, 7, 4, 2, 1, 4, 2, 4, 2, 4, 3, 1, 5, 7, 2, 4, 4, 4, 2, 7, 7, 3, 3, 1, 4, 4, 4, 5, 3, 5, 2, 3, 7, 5, 2, 3, 7, 4, 1, 4, 3, 4, 5, 4, 5, 5, 7, 5, 5, 5, 5, 5, 4, 4, 4, 4, 5, 2, 5, 2, 5, 2, 5, 5, 5, 3, 5, 1, 2, 2, 1, 5, 1, 5, 3, 5, 2, 2, 5, 2, 4, 5, 2, 2, 2, 2, 3, 2, 5, 3, 3, 3, 4, 3, 5, 4, 3, 4, 4, 4, 3, 3, 4, 2, 2, 3, 4, 4, 2, 4, 5, 3, 2, 4, 6, 3, 5, 4, 4, 5, 5, 2, 5, 3, 4, 4, 2, 3, 4, 3, 2, 4, 5, 5, 2, 4, 4, 2, 4, 3, 3, 2, 4, 4, 3, 1, 5, 4, 4, 1, 4, 5, 5, 5], "NonLinearTime": 0.182123, "OptimalityGap": 0.000939995,