{"Itbt": 0, "Pace": 0.0564723, "Depth": 10, "Degree": 7, "RPSTime": 623.021, "FBBTTime": 0, "OBBTTime": 0, "TotalTime": 3485.86, "Iterations": 72, "LinearTime": 498.33, "LowerBound": 35104.2, "TimeVector": [24.2011, 46.1789, 68.759, 94.8615, 124.886, 164.942, 196.612, 241.629, 289.571, 339.445, 391.588, 423.358, 454.631, 508.795, 540.163, 571.162, 621.03, 663.291, 732.465, 763.165, 801.12, 849.274, 902.398, 968.654, 1009.93, 1043.18, 1082.06, 1120.66, 1165.44, 1226.97, 1291.14, 1321.25, 1364.78, 1425.85, 1483.79, 1509.6, 1561.77, 1604.19, 1653.64, 1708.07, 1779.09, 1832.33, 1887.93, 1921.9, 2016.31, 2066.15, 2098.71, 2170.26, 2218.85, 2257.52, 2311.75, 2350.72, 2387.39, 2458.24, 2506.44, 2570.21, 2603.79, 2660.5, 2732.4, 2791.02, 2848.28, 2897.42, 2960.77, 3015.89, 3086.89, 3147.72, 3235.19, 3306.65, 3342.92, 3402.79, 3439.47, 3485.86], "UpperBound": 35318.4, "rootBTTime": 0, "LowerBounds": {"1": 24479.5, "2": 26184.5, "3": 26265.5, "4": 27953.8, "5": 29148.3, "6": 29530.1, "7": 30294.8, "8": 30757.3, "9": 31599.9, "10": 31711.3, "11": 31847.7, "12": 31869.5, "13": 32035, "14": 32292.5, "15": 32422, "16": 32657.4, "17": 32796.3, "18": 32904.4, "19": 33308.4, "20": 33444.4, "21": 33525.6, "22": 33631.3, "23": 33647.8, "24": 33648.9, "25": 33752.5, "26": 33755.4, "27": 33779.1, "28": 33825.6, "29": 33834.3, "30": 33914.8, "31": 33935.3, "32": 34013.2, "33": 34178.6, "34": 34222, "35": 34239.2, "36": 34270.7, "37": 34292.5, "38": 34376.5, "39": 34413.3, "40": 34493, "41": 34560.9, "42": 34579.2, "43": 34604.8, "44": 34608.1, "45": 34663.3, "46": 34698.6, "47": 34710.1, "48": 34783.4, "49": 34800.6, "50": 34803, "51": 34803.1, "52": 34826.6, "53": 34842.5, "54": 34845.1, "55": 34847.5, "56": 34858.3, "57": 34863.2, "58": 34895.7, "59": 34897.6, "60": 34910.9, "61": 34936, "62": 34961.5, "63": 34971.9, "64": 35013, "65": 35026, "66": 35034.4, "67": 35055.5, "68": 35087.3, "69": 35088.2, "70": 35098.9, "71": 35101.7, "72": 35104.2}, "SolveResult": 402, "UpperBounds": {"1": 35318.4}, "MaxQueueSize": 34, "VisitedNodes": 145, "BranchingVars": [4, 0, 0, 1, 1, 1, 2, 2, 2, 2, 4, 1, 3, 3, 2, 2, 3, 3, 3, 4, 4, 0, 3, 1, 2, 4, 2, 1, 3, 0, 3, 1, 4, 0, 0, 4, 1, 0, 0, 1, 0, 3, 0, 3, 2, 3, 2, 2, 3, 4, 0, 3, 0, 2, 2, 0, 3, 0, 0, 2, 0, 4, 2, 2, 2, 2, 4, 4, 1, 3, 3, 1], "NonLinearTime": 0.347552, "OptimalityGap": 214.263, "BranchingRules": ["sum_dual_weighted_plus1_rel", "sum_dual_weighted_plus1_rel", "sum_dual_weighted_plus1_rel", "sum_dual_weighted_plus1_rel", "sum_dual_weighted_plus1_rel", "sum_dual_weighted_plus1_rel", "sum_dual_weighted_plus1_rel", "sum_dual_weighted_plus1_rel", "sum_dual_weighted_plus1_rel", "sum_dual_weighted_plus1_rel", "sum_dual_weighted_plus1_rel", "sum_dual_weighted_plus1_rel", "sum_dual_weighted_plus1_rel", "sum_dual_weighted_plus1_rel", "sum_dual_weighted_plus1_rel", "sum_dual_weighted_plus1_rel", "sum_dual_weighted_plus1_rel", "sum_dual_weighted_plus1_rel", "sum_dual_weighted_plus1_rel", "sum_dual_weighted_plus1_rel", "sum_dual_weighted_plus1_rel", "sum_dual_weighted_plus1_rel", "sum_dual_weighted_plus1_rel", "sum_dual_weighted_plus1_rel", "sum_dual_weighted_plus1_rel", "sum_dual_weighted_plus1_rel", "sum_dual_weighted_plus1_rel", "sum_dual_weighted_plus1_rel", "sum_dual_weighted_plus1_rel", "sum_dual_weighted_plus1_rel", "sum_dual_weighted_plus1_rel", "sum_dual_weighted_plus1_rel", "sum_dual_weighted_plus1_rel", "sum_dual_weighted_plus1_rel", "sum_dual_weighted_plus1_rel", "sum_dual_weighted_plus1_rel", "sum_dual_weighted_plus1_rel", "sum_dual_weighted_plus1_rel", "sum_dual_weighted_plus1_rel", "sum_dual_weighted_plus1_rel", "sum_dual_weighted_plus1_rel", "sum_dual_weighted_plus1_rel", "sum_dual_weighted_plus1_rel", "sum_dual_weighted_plus1_rel", "sum_dual_weighted_plus1_rel", "sum_dual_weighted_plus1_rel", "sum_dual_weighted_plus1_rel", "sum_dual_weighted_plus1_rel", "sum_dual_weighted_plus1_rel", "sum_dual_weighted_plus1_rel", "sum_dual_weighted_plus1_rel", "sum_dual_weighted_plus1_rel", "sum_dual_weighted_plus1_rel", "sum_dual_weighted_plus1_rel", "sum_dual_weighted_plus1_rel", "sum_dual_weighted_plus1_rel", "sum_dual_weighted_plus1_rel", "sum_dual_weighted_plus1_rel", "sum_dual_weighted_plus1_rel", "sum_dual_weighted_plus1_rel", "sum_dual_weighted_plus1_rel", "sum_dual_weighted_plus1_rel", "sum_dual_weighted_plus1_rel", "sum_dual_weighted_plus1_rel", "sum_dual_weighted_plus1_rel", "sum_dual_weighted_plus1_rel", "sum_dual_weighted_plus1_rel", "sum_dual_weighted_plus1_rel", "sum_dual_weighted_plus1_rel", "sum_dual_weighted_plus1_rel", "sum_dual_weighted_plus1_rel", "sum_dual_weighted_plus1_rel"], "LBImprovements": [1705.02, 1769.28, 2882.73, 2340.99, 2451.62, 1227.17, 1740.19, 1090.35, 1708.5, 1085, 444.861, 1883.02, 1409.49, 1338.74, 1412.32, 1950.76, 1118.47, 921.219, 1252.54, 568.71, 1275.09, 661.207, 1210.48, 573.097, 826.722, 1590.37, 919.545, 550.886, 1127.18, 498.564, 962.295, 696.981, 314.413, 441.269, 786.795, 864.675, 818.432, 783.664, 431.783, 310.115, 452.12, 865.552, 692.001, 992.225, 440.902, 925.169, 604.918, 303.954, 1055.12, 1069.52, 482.685, 1107.05, 540.328, 280.727, 577.379, 414.408, 672.105, 870.128, 474.872, 349.629, 646.545, 999.132, 371.753, 174.016, 340.469, 415.303, 43.3678, 106.647, 551.855, 43.4299, 732.239, 72.874], "InfeasibleNodes": 1, "ElapsedTimeCoeffs": 0, "LinearizationTime": 0.944838, "NumberOfVariables": 5, "CallsToLinearSolver": 145, "LinearGenerationTime": 35.7315, "SDPCutsGenerationTime": 0, "CallsToNonLinearSolver": 10, "StrongBranchingExtraTime": 2885.68, "ElapsedTimeWeightedCoeffs": 0, "NodesDiscardedByFathoming": 0, "NodesDiscardedByTolerance": 51, "BoundFactorConstraintsTime": 88.8581, "ElapsedTimeVarsInConstraints": 0.000231021, "meanBTRelativeChangeRootNode": 0, "NumberOfBoundFactorConstraints": 11432, "NumberOfLAPACKConvergenceFailures": 0, "NumberOfRLTVariablesAfterLinearization": 785}