{"Itbt": 0, "Pace": 0.014224, "Depth": 8, "Degree": 7, "RPSTime": 175.03, "FBBTTime": 0, "OBBTTime": 0, "TotalTime": 913.749, "Iterations": 45, "LinearTime": 116.592, "LowerBound": 22219.3, "TimeVector": [12.2477, 22.2581, 35.3521, 47.7013, 60.672, 75.757, 87.8337, 100.58, 116.645, 133.376, 150.299, 166.631, 188.405, 207.189, 229.6, 252.78, 271.541, 287.59, 307.636, 333.181, 352.393, 375.352, 391.973, 407.421, 434.616, 460.82, 482.299, 499.298, 516.991, 544.112, 575.026, 601.972, 632.059, 651.103, 677.533, 699.998, 718.686, 745.874, 759.499, 774.09, 808.431, 839.318, 862.897, 885.22, 913.749], "UpperBound": 22239.4, "rootBTTime": 0, "LowerBounds": {"1": 11882.9, "2": 14472.7, "3": 16611, "4": 16694.5, "5": 18223.8, "6": 19351.4, "7": 19827.6, "8": 19902, "9": 20171.8, "10": 20274, "11": 20414.9, "12": 20793, "13": 21048.9, "14": 21233.4, "15": 21248.2, "16": 21461.1, "17": 21523.5, "18": 21524.6, "19": 21716.2, "20": 21726.9, "21": 21746.8, "22": 21757.3, "23": 21791.9, "24": 21833.1, "25": 21861, "26": 21923.9, "27": 21960.8, "28": 21976.9, "29": 22017.9, "30": 22030.5, "31": 22074.3, "32": 22078.9, "33": 22081.5, "34": 22088.9, "35": 22092.2, "36": 22120.8, "37": 22133.8, "38": 22157.2, "39": 22172.5, "40": 22172.8, "41": 22194.2, "42": 22199.1, "43": 22207.9, "44": 22215.5, "45": 22219.3}, "SolveResult": 0, "UpperBounds": {"1": 22239.4}, "MaxQueueSize": 16, "VisitedNodes": 91, "BranchingVars": [1, 2, 2, 4, 0, 4, 4, 0, 4, 2, 0, 3, 1, 3, 2, 2, 2, 4, 0, 0, 1, 4, 0, 0, 1, 4, 3, 0, 3, 3, 0, 2, 2, 0, 3, 1, 0, 0, 1, 0, 1, 2, 1, 1, 1], "NonLinearTime": 0.297843, "OptimalityGap": 20.0514, "BranchingRules": ["sum_rescaled_var_range_weighted_rel", "sum_rescaled_var_range_weighted_rel", "sum_rescaled_var_range_weighted_rel", "sum_rescaled_var_range_weighted_rel", "sum_rescaled_var_range_weighted_rel", "sum_rescaled_var_range_weighted_rel", "sum_rescaled_var_range_weighted_rel", "sum_rescaled_var_range_weighted_rel", "sum_rescaled_var_range_weighted_rel", "sum_rescaled_var_range_weighted_rel", "sum_rescaled_var_range_weighted_rel", "sum_rescaled_var_range_weighted_rel", "sum_rescaled_var_range_weighted_rel", "sum_rescaled_var_range_weighted_rel", "sum_rescaled_var_range_weighted_rel", "sum_rescaled_var_range_weighted_rel", "sum_rescaled_var_range_weighted_rel", "sum_rescaled_var_range_weighted_rel", "sum_rescaled_var_range_weighted_rel", "sum_rescaled_var_range_weighted_rel", "sum_rescaled_var_range_weighted_rel", "sum_rescaled_var_range_weighted_rel", "sum_rescaled_var_range_weighted_rel", "sum_rescaled_var_range_weighted_rel", "sum_rescaled_var_range_weighted_rel", "sum_rescaled_var_range_weighted_rel", "sum_rescaled_var_range_weighted_rel", "sum_rescaled_var_range_weighted_rel", "sum_rescaled_var_range_weighted_rel", "sum_rescaled_var_range_weighted_rel", "sum_rescaled_var_range_weighted_rel", "sum_rescaled_var_range_weighted_rel", "sum_rescaled_var_range_weighted_rel", "sum_rescaled_var_range_weighted_rel", "sum_rescaled_var_range_weighted_rel", "sum_rescaled_var_range_weighted_rel", "sum_rescaled_var_range_weighted_rel", "sum_rescaled_var_range_weighted_rel", "sum_rescaled_var_range_weighted_rel", "sum_rescaled_var_range_weighted_rel", "sum_rescaled_var_range_weighted_rel", "sum_rescaled_var_range_weighted_rel", "sum_rescaled_var_range_weighted_rel", "sum_rescaled_var_range_weighted_rel", "sum_rescaled_var_range_weighted_rel"], "LBImprovements": [2589.85, 2221.82, 3216.6, 3207.46, 1127.58, 922.663, 2005.54, 2270.53, 2119.65, 959.33, 633.996, 455.156, 412.201, 482.895, 498.682, 462.781, 337.497, 436.152, 649.353, 303.617, 555.054, 321.679, 591.796, 844.914, 575.468, 150.451, 238.375, 231.049, 224.774, 313.522, 119.87, 291.107, 310.545, 1785.16, 284.355, 375.698, 429.209, 75.7028, 1824.92, 1388.64, 25.1338, 275.388, 19.5072, 10000000000.0, 10.6241], "InfeasibleNodes": 3, "ElapsedTimeCoeffs": 0, "LinearizationTime": 0.385722, "NumberOfVariables": 5, "CallsToLinearSolver": 91, "LinearGenerationTime": 11.1937, "SDPCutsGenerationTime": 0, "CallsToNonLinearSolver": 9, "StrongBranchingExtraTime": 766.723, "ElapsedTimeWeightedCoeffs": 0, "NodesDiscardedByFathoming": 0, "NodesDiscardedByTolerance": 43, "BoundFactorConstraintsTime": 24.2429, "ElapsedTimeVarsInConstraints": 0.000146114, "meanBTRelativeChangeRootNode": 0, "NumberOfBoundFactorConstraints": 5631, "NumberOfLAPACKConvergenceFailures": 0, "NumberOfRLTVariablesAfterLinearization": 615}