{"Itbt": 0, "Pace": 0.0481619, "Depth": 13, "Degree": 7, "RPSTime": 635.101, "FBBTTime": 0, "OBBTTime": 0, "TotalTime": 3439.19, "Iterations": 67, "LinearTime": 449.046, "LowerBound": 19749.3, "TimeVector": [24.9919, 55.1948, 79.4296, 109.273, 145.69, 188.764, 226.365, 258.771, 294.013, 354.777, 381.081, 416.023, 450.315, 512.59, 565.076, 597.624, 654.761, 719.024, 768.547, 790.028, 832.616, 875.691, 932.663, 965.429, 996.304, 1063.61, 1125.4, 1181.49, 1238.78, 1299.07, 1328.95, 1390.92, 1458.16, 1521.48, 1558.62, 1643.12, 1669.63, 1723.35, 1797.04, 1848.04, 1872.02, 1959.88, 2025.96, 2077.18, 2130.23, 2219.87, 2252.87, 2329.05, 2400.14, 2468.28, 2536.58, 2573.54, 2629.05, 2689.57, 2744.54, 2824.77, 2876.83, 2917.47, 2957.27, 3018.65, 3089.78, 3129.1, 3194.86, 3253.74, 3309.84, 3383.42, 3439.19], "UpperBound": 19768.5, "rootBTTime": 0, "LowerBounds": {"1": 8203.09, "2": 10690.7, "3": 11790.4, "4": 12012.1, "5": 13359.9, "6": 14498.5, "7": 15435.5, "8": 15906.3, "9": 16431.6, "10": 17053.2, "11": 17092.6, "12": 17589.6, "13": 17608.2, "14": 17756.2, "15": 18184.4, "16": 18257.5, "17": 18405.1, "18": 18545.6, "19": 18636.8, "20": 18656.1, "21": 18747.9, "22": 18758.5, "23": 18888.4, "24": 18902.9, "25": 18984.8, "26": 19119.3, "27": 19137.6, "28": 19159.7, "29": 19179.8, "30": 19238.9, "31": 19303.5, "32": 19329.4, "33": 19407.6, "34": 19478.8, "35": 19500.4, "36": 19501.4, "37": 19505.2, "38": 19541.4, "39": 19545.6, "40": 19567.6, "41": 19629.1, "42": 19632.9, "43": 19637.8, "44": 19640.1, "45": 19665.5, "46": 19665.6, "47": 19671.9, "48": 19682.7, "49": 19685.2, "50": 19691.8, "51": 19698.8, "52": 19705.7, "53": 19707.8, "54": 19713.7, "55": 19715.6, "56": 19715.7, "57": 19717.2, "58": 19717.2, "59": 19731.7, "60": 19731.8, "61": 19732, "62": 19732.9, "63": 19735.1, "64": 19741.4, "65": 19744.7, "66": 19744.7, "67": 19749.3}, "SolveResult": 0, "UpperBounds": {"1": 19768.5}, "MaxQueueSize": 16, "VisitedNodes": 135, "BranchingVars": [0, 3, 1, 4, 1, 3, 4, 1, 3, 2, 4, 3, 2, 1, 1, 1, 2, 2, 2, 3, 2, 1, 4, 1, 1, 4, 4, 1, 4, 4, 4, 0, 0, 2, 1, 0, 3, 2, 0, 1, 1, 2, 3, 3, 4, 3, 1, 3, 4, 3, 4, 2, 2, 4, 4, 3, 4, 4, 2, 3, 4, 4, 4, 4, 2, 2, 4], "NonLinearTime": 0.334996, "OptimalityGap": 19.208, "BranchingRules": ["sum_rescaled_var_range_weighted_rel", "sum_rescaled_var_range_weighted_rel", "sum_rescaled_var_range_weighted_rel", "sum_rescaled_var_range_weighted_rel", "sum_rescaled_var_range_weighted_rel", "sum_rescaled_var_range_weighted_rel", "sum_rescaled_var_range_weighted_rel", "sum_rescaled_var_range_weighted_rel", "sum_rescaled_var_range_weighted_rel", "sum_rescaled_var_range_weighted_rel", "sum_rescaled_var_range_weighted_rel", "sum_rescaled_var_range_weighted_rel", "sum_rescaled_var_range_weighted_rel", "sum_rescaled_var_range_weighted_rel", "sum_rescaled_var_range_weighted_rel", "sum_rescaled_var_range_weighted_rel", "sum_rescaled_var_range_weighted_rel", "sum_rescaled_var_range_weighted_rel", "sum_rescaled_var_range_weighted_rel", "sum_rescaled_var_range_weighted_rel", "sum_rescaled_var_range_weighted_rel", "sum_rescaled_var_range_weighted_rel", "sum_rescaled_var_range_weighted_rel", "sum_rescaled_var_range_weighted_rel", "sum_rescaled_var_range_weighted_rel", "sum_rescaled_var_range_weighted_rel", "sum_rescaled_var_range_weighted_rel", "sum_rescaled_var_range_weighted_rel", "sum_rescaled_var_range_weighted_rel", "sum_rescaled_var_range_weighted_rel", "sum_rescaled_var_range_weighted_rel", "sum_rescaled_var_range_weighted_rel", "sum_rescaled_var_range_weighted_rel", "sum_rescaled_var_range_weighted_rel", "sum_rescaled_var_range_weighted_rel", "sum_rescaled_var_range_weighted_rel", "sum_rescaled_var_range_weighted_rel", "sum_rescaled_var_range_weighted_rel", "sum_rescaled_var_range_weighted_rel", "sum_rescaled_var_range_weighted_rel", "sum_rescaled_var_range_weighted_rel", "sum_rescaled_var_range_weighted_rel", "sum_rescaled_var_range_weighted_rel", "sum_rescaled_var_range_weighted_rel", "sum_rescaled_var_range_weighted_rel", "sum_rescaled_var_range_weighted_rel", "sum_rescaled_var_range_weighted_rel", "sum_rescaled_var_range_weighted_rel", "sum_rescaled_var_range_weighted_rel", "sum_rescaled_var_range_weighted_rel", "sum_rescaled_var_range_weighted_rel", "sum_rescaled_var_range_weighted_rel", "sum_rescaled_var_range_weighted_rel", "sum_rescaled_var_range_weighted_rel", "sum_rescaled_var_range_weighted_rel", "sum_rescaled_var_range_weighted_rel", "sum_rescaled_var_range_weighted_rel", "sum_rescaled_var_range_weighted_rel", "sum_rescaled_var_range_weighted_rel", "sum_rescaled_var_range_weighted_rel", "sum_rescaled_var_range_weighted_rel", "sum_rescaled_var_range_weighted_rel", "sum_rescaled_var_range_weighted_rel", "sum_rescaled_var_range_weighted_rel", "sum_rescaled_var_range_weighted_rel", "sum_rescaled_var_range_weighted_rel", "sum_rescaled_var_range_weighted_rel"], "LBImprovements": [2487.65, 1321.35, 7714.77, 1347.79, 1138.63, 936.944, 996.18, 1683.3, 1176.52, 1131.16, 1164.87, 1158.32, 1294.76, 789.447, 1294.44, 922.247, 579.66, 342.766, 482.5, 2053.27, 1405.42, 1399.51, 441.039, 768.981, 515.658, 382.084, 270.056, 407.872, 361.645, 306.705, 402.166, 310.705, 230.197, 279.944, 373.957, 181.341, 3350, 226.461, 87.3074, 184.872, 1188.17, 32.7593, 60.946, 77.0433, 66.3567, 48.0765, 575.829, 52.4009, 30.4803, 100.668, 45.9599, 272.775, 89.9289, 31.1597, 33.6753, 37.0437, 83.4047, 46.4083, 269.253, 37.2518, 56.5228, 41.1965, 15.0041, 24.0157, 49.8397, 8.85445, 13.8097], "InfeasibleNodes": 0, "ElapsedTimeCoeffs": 0, "LinearizationTime": 0.930121, "NumberOfVariables": 5, "CallsToLinearSolver": 135, "LinearGenerationTime": 35.6722, "SDPCutsGenerationTime": 0, "CallsToNonLinearSolver": 10, "StrongBranchingExtraTime": 2883.1, "ElapsedTimeWeightedCoeffs": 0, "NodesDiscardedByFathoming": 0, "NodesDiscardedByTolerance": 68, "BoundFactorConstraintsTime": 86.727, "ElapsedTimeVarsInConstraints": 0.000230721, "meanBTRelativeChangeRootNode": 0, "NumberOfBoundFactorConstraints": 11432, "NumberOfLAPACKConvergenceFailures": 0, "NumberOfRLTVariablesAfterLinearization": 785}