{"Itbt": 0, "Pace": 0.00553368, "Depth": 8, "Degree": 7, "RPSTime": 0.588988, "FBBTTime": 0, "OBBTTime": 0, "TotalTime": 2.61907, "Iterations": 37, "LinearTime": 0.329324, "LowerBound": 231.435, "TimeVector": [0.28379, 0.356415, 0.425078, 0.498667, 0.568479, 0.627263, 0.694263, 0.764096, 0.827544, 0.886613, 0.950033, 1.01229, 1.07259, 1.13148, 1.19514, 1.26575, 1.32949, 1.3922, 1.45494, 1.51709, 1.57937, 1.64329, 1.7036, 1.7656, 1.83047, 1.89911, 1.96068, 2.02557, 2.09215, 2.15933, 2.22059, 2.28723, 2.34804, 2.40901, 2.4781, 2.54879, 5.16787], "UpperBound": 231.604, "rootBTTime": 0, "LowerBounds": {"1": 108.178, "2": 154.975, "3": 155.657, "4": 193.987, "5": 198.578, "6": 202.206, "7": 210.832, "8": 213.765, "9": 215.383, "10": 217.626, "11": 218.319, "12": 219.515, "13": 220.057, "14": 221.716, "15": 223.466, "16": 225.049, "17": 226.185, "18": 226.197, "19": 226.603, "20": 226.638, "21": 226.843, "22": 227.663, "23": 227.701, "24": 228.273, "25": 228.877, "26": 228.89, "27": 229.198, "28": 229.303, "29": 229.699, "30": 229.736, "31": 230.517, "32": 230.645, "33": 230.879, "34": 231.116, "35": 231.137, "36": 231.163, "37": 231.435}, "SolveResult": 0, "UpperBounds": {"1": 231.604}, "MaxQueueSize": 10, "VisitedNodes": 75, "BranchingVars": [1, 2, 2, 0, 0, 1, 0, 0, 0, 4, 2, 1, 4, 3, 0, 1, 0, 0, 1, 3, 1, 1, 3, 4, 0, 4, 4, 1, 1, 1, 4, 4, 3, 3, 0, 0, 3], "NonLinearTime": 0.248245, "OptimalityGap": 0.169437, "BranchingRules": ["sum_dual_weighted_plus1_rel", "sum_dual_weighted_plus1_rel", "sum_dual_weighted_plus1_rel", "sum_dual_weighted_plus1_rel", "sum_dual_weighted_plus1_rel", "sum_dual_weighted_plus1_rel", "sum_dual_weighted_plus1_rel", "sum_dual_weighted_plus1_rel", "sum_dual_weighted_plus1_rel", "sum_dual_weighted_plus1_rel", "sum_dual_weighted_plus1_rel", "sum_dual_weighted_plus1_rel", "sum_dual_weighted_plus1_rel", "sum_dual_weighted_plus1_rel", "sum_dual_weighted_plus1_rel", "sum_dual_weighted_plus1_rel", "sum_dual_weighted_plus1_rel", "sum_dual_weighted_plus1_rel", "sum_dual_weighted_plus1_rel", "sum_dual_weighted_plus1_rel", "sum_dual_weighted_plus1_rel", "sum_dual_weighted_plus1_rel", "sum_dual_weighted_plus1_rel", "sum_dual_weighted_plus1_rel", "sum_dual_weighted_plus1_rel", "sum_dual_weighted_plus1_rel", "sum_dual_weighted_plus1_rel", "sum_dual_weighted_plus1_rel", "sum_dual_weighted_plus1_rel", "sum_dual_weighted_plus1_rel", "sum_dual_weighted_plus1_rel", "sum_dual_weighted_plus1_rel", "sum_dual_weighted_plus1_rel", "sum_dual_weighted_plus1_rel", "sum_dual_weighted_plus1_rel", "sum_dual_weighted_plus1_rel", "sum_dual_weighted_plus1_rel"], "LBImprovements": [46.7967, 39.0126, 42.9216, 24.3314, 16.8051, 11.5597, 34.2954, 9.70101, 2.24301, 11.251, 23.3666, 7.12273, 13.3306, 3.33309, 2.71856, 3.84029, 0.658207, 0.405964, 4.56002, 1.63478, 5.86444, 3.47426, 1.60149, 3.88186, 0.858898, 4.28284, 2.34228, 0.396195, 10000000000.0, 1.14328, 2.65489, 0.995135, 1.07142, 0.319124, 10000000000.0, 0.421257, 0.252894], "InfeasibleNodes": 6, "ElapsedTimeCoeffs": 0, "LinearizationTime": 0.00101532, "NumberOfVariables": 5, "CallsToLinearSolver": 75, "LinearGenerationTime": 0.069473, "SDPCutsGenerationTime": 0, "CallsToNonLinearSolver": 9, "StrongBranchingExtraTime": 1.937, "ElapsedTimeWeightedCoeffs": 0, "NodesDiscardedByFathoming": 0, "NodesDiscardedByTolerance": 32, "BoundFactorConstraintsTime": 0.0718953, "ElapsedTimeVarsInConstraints": 0.000015055, "meanBTRelativeChangeRootNode": 0, "NumberOfBoundFactorConstraints": 76, "NumberOfLAPACKConvergenceFailures": 0, "NumberOfRLTVariablesAfterLinearization": 53}