{"Itbt": 0, "Pace": 0.0168729, "Depth": 11, "Degree": 7, "RPSTime": 8.99053, "FBBTTime": 0, "OBBTTime": 0, "TotalTime": 75.0835, "Iterations": 29, "LinearTime": 12.1598, "LowerBound": 217.699, "TimeVector": [3.74893, 6.58238, 9.42836, 12.5513, 15.6617, 18.5022, 21.1328, 23.8331, 26.5335, 29.1341, 31.6907, 34.1292, 36.4552, 38.8566, 41.8776, 44.1455, 46.4607, 48.9327, 51.6147, 54.0545, 56.4706, 58.738, 60.7513, 62.9905, 65.1786, 67.5712, 69.8211, 72.5749, 84.6679], "UpperBound": 217.86, "rootBTTime": 0, "LowerBounds": {"1": -610.048, "2": -338.105, "3": -209.338, "4": -136.166, "5": -46.0962, "6": 26.8224, "7": 80.4762, "8": 90.6706, "9": 141.019, "10": 151.333, "11": 160.704, "12": 182.222, "13": 187.274, "14": 200.817, "15": 203.743, "16": 204.72, "17": 205.399, "18": 206.909, "19": 208.206, "20": 208.405, "21": 210.528, "22": 213.83, "23": 214.644, "24": 215.765, "25": 217.124, "26": 217.258, "27": 217.561, "28": 217.594, "29": 217.699}, "SolveResult": 0, "UpperBounds": {"1": 217.86}, "MaxQueueSize": 7, "VisitedNodes": 59, "BranchingVars": [4, 0, 2, 2, 3, 0, 0, 2, 0, 0, 2, 4, 0, 0, 0, 4, 4, 0, 0, 4, 2, 4, 4, 2, 0, 0, 2, 2, 2], "NonLinearTime": 0.274677, "OptimalityGap": 0.160995, "BranchingRules": ["sum_rescaled_var_range_weighted_rel", "sum_rescaled_var_range_weighted_rel", "sum_rescaled_var_range_weighted_rel", "sum_rescaled_var_range_weighted_rel", "sum_rescaled_var_range_weighted_rel", "sum_rescaled_var_range_weighted_rel", "sum_rescaled_var_range_weighted_rel", "sum_rescaled_var_range_weighted_rel", "sum_rescaled_var_range_weighted_rel", "sum_rescaled_var_range_weighted_rel", "sum_rescaled_var_range_weighted_rel", "sum_rescaled_var_range_weighted_rel", "sum_rescaled_var_range_weighted_rel", "sum_rescaled_var_range_weighted_rel", "sum_rescaled_var_range_weighted_rel", "sum_rescaled_var_range_weighted_rel", "sum_rescaled_var_range_weighted_rel", "sum_rescaled_var_range_weighted_rel", "sum_rescaled_var_range_weighted_rel", "sum_rescaled_var_range_weighted_rel", "sum_rescaled_var_range_weighted_rel", "sum_rescaled_var_range_weighted_rel", "sum_rescaled_var_range_weighted_rel", "sum_rescaled_var_range_weighted_rel", "sum_rescaled_var_range_weighted_rel", "sum_rescaled_var_range_weighted_rel", "sum_rescaled_var_range_weighted_rel", "sum_rescaled_var_range_weighted_rel", "sum_rescaled_var_range_weighted_rel"], "LBImprovements": [271.943, 201.939, 163.242, 162.989, 126.572, 114.197, 80.2281, 60.6628, 62.7238, 54.066, 26.5696, 51.8793, 17.4464, 19.7693, 29.8582, 11.0449, 17.1249, 3.61941, 143.314, 13.3973, 3.30232, 3.29379, 3.35437, 1.79615, 0.57509, 0.335427, 0.539941, 0.166326, 0.124524], "InfeasibleNodes": 0, "ElapsedTimeCoeffs": 0, "LinearizationTime": 0.0286469, "NumberOfVariables": 5, "CallsToLinearSolver": 59, "LinearGenerationTime": 0.804066, "SDPCutsGenerationTime": 0, "CallsToNonLinearSolver": 8, "StrongBranchingExtraTime": 61.117, "ElapsedTimeWeightedCoeffs": 0, "NodesDiscardedByFathoming": 0, "NodesDiscardedByTolerance": 30, "BoundFactorConstraintsTime": 1.24832, "ElapsedTimeVarsInConstraints": 0.000040089, "meanBTRelativeChangeRootNode": 0, "NumberOfBoundFactorConstraints": 791, "NumberOfLAPACKConvergenceFailures": 0, "NumberOfRLTVariablesAfterLinearization": 280}