{"Itbt": 0, "Pace": 0.0286459, "Depth": 12, "Degree": 7, "RPSTime": 36.0093, "FBBTTime": 0, "OBBTTime": 0, "TotalTime": 320.648, "Iterations": 112, "LinearTime": 46.1271, "LowerBound": 1928.2, "TimeVector": [3.72588, 6.68913, 9.95155, 12.9634, 15.7189, 18.3981, 20.9414, 23.6427, 26.4502, 29.2062, 31.9086, 34.2127, 36.8579, 39.6147, 42.0841, 44.709, 47.1683, 49.7532, 52.6098, 55.0914, 57.8998, 60.0044, 62.2877, 64.6756, 67.1851, 69.68, 72.5249, 75.0438, 77.8335, 80.6734, 83.1188, 85.5145, 88.3724, 90.7795, 93.4907, 95.6149, 98.5641, 101.516, 104.014, 106.352, 108.404, 111.163, 113.596, 116.162, 119.261, 121.482, 123.906, 126.375, 128.779, 131.607, 134.181, 136.418, 139.122, 141.951, 144.29, 147.424, 149.902, 152.396, 155.622, 158.697, 160.941, 163.735, 166.017, 168.234, 171.035, 173.753, 176.397, 179.1, 181.459, 185.081, 188.05, 190.396, 197.696, 200.331, 203.163, 205.64, 208.354, 211.049, 214.073, 217.376, 223.4, 225.876, 229.34, 231.721, 234.119, 236.97, 239.663, 241.682, 244.863, 248.796, 252.496, 255.415, 257.923, 261.252, 263.797, 268.554, 271.413, 274.087, 277.512, 281.107, 285.945, 288.889, 291.45, 294.296, 297.653, 300.987, 303.526, 306.855, 310.867, 313.916, 317, 320.648], "UpperBound": 1930.09, "rootBTTime": 0, "LowerBounds": {"1": 97.4987, "2": 572.864, "3": 721.988, "4": 1105.17, "5": 1147.3, "6": 1354.91, "7": 1372.59, "8": 1387.84, "9": 1391.57, "10": 1544.99, "11": 1550.39, "12": 1559.51, "13": 1600.42, "14": 1617.23, "15": 1653.44, "16": 1695.78, "17": 1715.9, "18": 1731.64, "19": 1739.85, "20": 1755.31, "21": 1765.83, "22": 1775.49, "23": 1795.05, "24": 1798.47, "25": 1810.07, "26": 1815.01, "27": 1815.54, "28": 1817.57, "29": 1834.93, "30": 1835.16, "31": 1837.84, "32": 1846.65, "33": 1851.6, "34": 1852.71, "35": 1858.69, "36": 1859.83, "37": 1863.11, "38": 1864.31, "39": 1865.31, "40": 1867.56, "41": 1868.7, "42": 1869.09, "43": 1875.29, "44": 1875.69, "45": 1885.47, "46": 1886.02, "47": 1886.3, "48": 1886.89, "49": 1887.33, "50": 1888.62, "51": 1888.67, "52": 1889.42, "53": 1890.7, "54": 1892.03, "55": 1895.63, "56": 1901.19, "57": 1901.94, "58": 1902.75, "59": 1903.62, "60": 1904.46, "61": 1904.67, "62": 1905.72, "63": 1906.61, "64": 1912.98, "65": 1913.11, "66": 1914.27, "67": 1915, "68": 1915.84, "69": 1917.5, "70": 1919.08, "71": 1919.25, "72": 1919.52, "73": 1919.53, "74": 1919.69, "75": 1920.17, "76": 1920.28, "77": 1920.62, "78": 1920.79, "79": 1920.82, "80": 1920.94, "81": 1920.96, "82": 1921.52, "83": 1921.6, "84": 1921.81, "85": 1922.07, "86": 1922.37, "87": 1922.4, "88": 1923.17, "89": 1923.61, "90": 1923.88, "91": 1923.98, "92": 1924.25, "93": 1924.5, "94": 1924.54, "95": 1924.83, "96": 1925.17, "97": 1925.36, "98": 1925.41, "99": 1925.45, "100": 1925.7, "101": 1925.94, "102": 1926.06, "103": 1926.24, "104": 1926.95, "105": 1927.03, "106": 1927.04, "107": 1927.26, "108": 1927.51, "109": 1927.63, "110": 1927.8, "111": 1927.84, "112": 1928.2}, "SolveResult": 0, "UpperBounds": {"1": 1930.09}, "MaxQueueSize": 29, "VisitedNodes": 225, "BranchingVars": [3, 0, 0, 2, 0, 2, 2, 2, 4, 2, 4, 4, 4, 2, 4, 2, 1, 4, 4, 1, 1, 2, 1, 1, 2, 1, 1, 1, 1, 0, 2, 1, 2, 3, 1, 2, 4, 2, 3, 4, 1, 2, 3, 3, 2, 2, 1, 3, 2, 1, 0, 3, 1, 1, 2, 4, 0, 3, 4, 3, 2, 0, 3, 4, 4, 3, 3, 0, 2, 0, 3, 0, 3, 0, 0, 3, 1, 1, 1, 2, 3, 3, 0, 3, 0, 1, 1, 2, 3, 3, 0, 3, 1, 2, 1, 3, 3, 2, 1, 1, 1, 1, 3, 0, 2, 4, 3, 4, 4, 0, 1, 3], "NonLinearTime": 0.245559, "OptimalityGap": 1.89063, "BranchingRules": ["eigen_cen_alternative_rel", "eigen_cen_alternative_rel", "eigen_cen_alternative_rel", "eigen_cen_alternative_rel", "eigen_cen_alternative_rel", "eigen_cen_alternative_rel", "eigen_cen_alternative_rel", "eigen_cen_alternative_rel", "eigen_cen_alternative_rel", "eigen_cen_alternative_rel", "eigen_cen_alternative_rel", "eigen_cen_alternative_rel", "eigen_cen_alternative_rel", "eigen_cen_alternative_rel", "eigen_cen_alternative_rel", "eigen_cen_alternative_rel", "eigen_cen_alternative_rel", "eigen_cen_alternative_rel", "eigen_cen_alternative_rel", "eigen_cen_alternative_rel", "eigen_cen_alternative_rel", "eigen_cen_alternative_rel", "eigen_cen_alternative_rel", "eigen_cen_alternative_rel", "eigen_cen_alternative_rel", "eigen_cen_alternative_rel", "eigen_cen_alternative_rel", "eigen_cen_alternative_rel", "eigen_cen_alternative_rel", "eigen_cen_alternative_rel", "eigen_cen_alternative_rel", "eigen_cen_alternative_rel", "eigen_cen_alternative_rel", "eigen_cen_alternative_rel", "eigen_cen_alternative_rel", "eigen_cen_alternative_rel", "eigen_cen_alternative_rel", "eigen_cen_alternative_rel", "eigen_cen_alternative_rel", "eigen_cen_alternative_rel", "eigen_cen_alternative_rel", "eigen_cen_alternative_rel", "eigen_cen_alternative_rel", "eigen_cen_alternative_rel", "eigen_cen_alternative_rel", "eigen_cen_alternative_rel", "eigen_cen_alternative_rel", "eigen_cen_alternative_rel", "eigen_cen_alternative_rel", "eigen_cen_alternative_rel", "eigen_cen_alternative_rel", "eigen_cen_alternative_rel", "eigen_cen_alternative_rel", "eigen_cen_alternative_rel", "eigen_cen_alternative_rel", "eigen_cen_alternative_rel", "eigen_cen_alternative_rel", "eigen_cen_alternative_rel", "eigen_cen_alternative_rel", "eigen_cen_alternative_rel", "eigen_cen_alternative_rel", "eigen_cen_alternative_rel", "eigen_cen_alternative_rel", "eigen_cen_alternative_rel", "eigen_cen_alternative_rel", "eigen_cen_alternative_rel", "eigen_cen_alternative_rel", "eigen_cen_alternative_rel", "eigen_cen_alternative_rel", "eigen_cen_alternative_rel", "eigen_cen_alternative_rel", "eigen_cen_alternative_rel", "eigen_cen_alternative_rel", "eigen_cen_alternative_rel", "eigen_cen_alternative_rel", "eigen_cen_alternative_rel", "eigen_cen_alternative_rel", "eigen_cen_alternative_rel", "eigen_cen_alternative_rel", "eigen_cen_alternative_rel", "eigen_cen_alternative_rel", "eigen_cen_alternative_rel", "eigen_cen_alternative_rel", "eigen_cen_alternative_rel", "eigen_cen_alternative_rel", "eigen_cen_alternative_rel", "eigen_cen_alternative_rel", "eigen_cen_alternative_rel", "eigen_cen_alternative_rel", "eigen_cen_alternative_rel", "eigen_cen_alternative_rel", "eigen_cen_alternative_rel", "eigen_cen_alternative_rel", "eigen_cen_alternative_rel", "eigen_cen_alternative_rel", "eigen_cen_alternative_rel", "eigen_cen_alternative_rel", "eigen_cen_alternative_rel", "eigen_cen_alternative_rel", "eigen_cen_alternative_rel", "eigen_cen_alternative_rel", "eigen_cen_alternative_rel", "eigen_cen_alternative_rel", "eigen_cen_alternative_rel", "eigen_cen_alternative_rel", "eigen_cen_alternative_rel", "eigen_cen_alternative_rel", "eigen_cen_alternative_rel", "eigen_cen_alternative_rel", "eigen_cen_alternative_rel", "eigen_cen_alternative_rel", "eigen_cen_alternative_rel"], "LBImprovements": [475.365, 574.432, 383.179, 286.404, 225.294, 195.48, 186.922, 212.588, 225.659, 186.652, 204.923, 215.982, 209.652, 98.6719, 193.205, 119.234, 101.663, 200.076, 217.835, 97.3997, 92.8635, 93.2079, 56.545, 76.8274, 80.6299, 87.7428, 53.5571, 20.2722, 53.6904, 27.941, 37.8529, 98.0958, 72.3851, 64.7864, 29.9709, 76.8739, 22.912, 36.8781, 81.7168, 145.597, 35.9668, 50.4398, 91.2555, 26.2545, 27.5096, 29.8258, 64.2727, 35.1836, 27.6656, 41.4562, 39.6983, 74.6969, 13.7563, 31.5834, 47.1901, 18.0607, 28.5237, 82.0326, 17.1644, 24.2094, 16.8531, 44.5942, 43.7477, 15.5796, 18.7048, 66.5047, 4.08412, 4.3258, 27.6475, 6.62023, 5.29118, 23.1405, 7.97359, 4.18287, 10000000000.0, 44.4931, 5.62016, 7.27566, 3.4322, 1.46325, 3.87095, 0.0744037, 7.8342, 6.68421, 3.3392, 5.84761, 6.20283, 8.83776, 9.59952, 10000000000.0, 1.19289, 4.8596, 4.66742, 10000000000.0, 5.6533, 1.86, 6.64327, 6.77439, 5.81159, 5.86138, 4.96053, 3.31964, 2.67254, 4.92708, 1.16343, 1.43228, 2.63004, 10000000000.0, 1.06442, 0.957209, 2.50167, 10000000000.0], "InfeasibleNodes": 17, "ElapsedTimeCoeffs": 0, "LinearizationTime": 0.0296704, "NumberOfVariables": 5, "CallsToLinearSolver": 225, "LinearGenerationTime": 2.97628, "SDPCutsGenerationTime": 0, "CallsToNonLinearSolver": 10, "StrongBranchingExtraTime": 268.206,