{"Itbt": 0, "Pace": 0.0400229, "Depth": 6, "Degree": 2, "RPSTime": 0.0684846, "FBBTTime": 0, "OBBTTime": 0, "TotalTime": 0.924855, "Iterations": 28, "LinearTime": 0.70356, "LowerBound": 1013.51, "TimeVector": [0.102776, 0.148028, 0.200057, 0.246227, 0.286981, 0.315132, 0.340626, 0.384819, 0.412753, 0.439791, 0.46365, 0.489421, 0.512939, 0.537827, 0.565271, 0.60219, 0.63058, 0.659018, 0.683164, 0.709094, 0.734167, 0.75814, 0.781687, 0.80679, 0.832269, 0.858891, 0.887167, 1.81202], "UpperBound": 1014.39, "rootBTTime": 0, "LowerBounds": {"1": 990.404, "2": 994.136, "3": 995.706, "4": 1002.39, "5": 1003.58, "6": 1004.58, "7": 1005.82, "8": 1006.26, "9": 1007.57, "10": 1008.02, "11": 1008.96, "12": 1009.15, "13": 1010.76, "14": 1011.36, "15": 1011.84, "16": 1011.89, "17": 1012, "18": 1012.14, "19": 1012.31, "20": 1012.36, "21": 1012.39, "22": 1012.56, "23": 1012.79, "24": 1012.84, "25": 1012.92, "26": 1013, "27": 1013.07, "28": 1013.51}, "SolveResult": 0, "UpperBounds": {"1": 1014.39}, "MaxQueueSize": 11, "VisitedNodes": 57, "BranchingVars": [9, 4, 4, 27, 27, 21, 21, 6, 13, 27, 13, 21, 21, 13, 21, 23, 13, 27, 18, 18, 18, 18, 13, 13, 21, 22, 4, 18], "NonLinearTime": 0.152785, "OptimalityGap": 0.882465, "BranchingRules": ["eigen_cen_alternative_rel", "eigen_cen_alternative_rel", "eigen_cen_alternative_rel", "eigen_cen_alternative_rel", "eigen_cen_alternative_rel", "eigen_cen_alternative_rel", "eigen_cen_alternative_rel", "eigen_cen_alternative_rel", "eigen_cen_alternative_rel", "eigen_cen_alternative_rel", "eigen_cen_alternative_rel", "eigen_cen_alternative_rel", "eigen_cen_alternative_rel", "eigen_cen_alternative_rel", "eigen_cen_alternative_rel", "eigen_cen_alternative_rel", "eigen_cen_alternative_rel", "eigen_cen_alternative_rel", "eigen_cen_alternative_rel", "eigen_cen_alternative_rel", "eigen_cen_alternative_rel", "eigen_cen_alternative_rel", "eigen_cen_alternative_rel", "eigen_cen_alternative_rel", "eigen_cen_alternative_rel", "eigen_cen_alternative_rel", "eigen_cen_alternative_rel", "eigen_cen_alternative_rel"], "LBImprovements": [3.73176, 8.25567, 7.87353, 3.86511, 2.23818, 7.41679, 5.54304, 1.31321, 4.26866, 1.13779, 1.79386, 4.81437, 1.5527, 1.64299, 4.30127, 0.904008, 2.7364, 4.68994, 1.20357, 1.49418, 0.530463, 1.06684, 0.948784, 0.99771, 0.696052, 0.816287, 4.99259, 1.18359], "InfeasibleNodes": 0, "ElapsedTimeCoeffs": 0, "LinearizationTime": 0.0122228, "NumberOfVariables": 28, "CallsToLinearSolver": 57, "LinearGenerationTime": 0.0728844, "SDPCutsGenerationTime": 0, "CallsToNonLinearSolver": 8, "StrongBranchingExtraTime": 0, "ElapsedTimeWeightedCoeffs": 0, "NodesDiscardedByFathoming": 0, "NodesDiscardedByTolerance": 29, "BoundFactorConstraintsTime": 0.0381829, "ElapsedTimeVarsInConstraints": 0, "meanBTRelativeChangeRootNode": 0, "NumberOfBoundFactorConstraints": 802, "NumberOfLAPACKConvergenceFailures": 0, "NumberOfRLTVariablesAfterLinearization": 203}