{"Itbt": 0, "Pace": 0.0193212, "Depth": 7, "Degree": 2, "RPSTime": 0.00827057, "FBBTTime": 0, "OBBTTime": 0, "TotalTime": 0.126869, "Iterations": 17, "LinearTime": 0.0385074, "LowerBound": 184.888, "TimeVector": [0.0204009, 0.0324533, 0.0444574, 0.0565155, 0.069067, 0.0715915, 0.0743104, 0.086402, 0.0888188, 0.0911211, 0.0936934, 0.0960351, 0.0983539, 0.100928, 0.103316, 0.114842, 0.241711], "UpperBound": 185.07, "rootBTTime": 0, "LowerBounds": {"1": 178.323, "2": 181.764, "3": 183.484, "4": 183.634, "5": 183.676, "6": 183.947, "7": 183.974, "8": 184.379, "9": 184.518, "10": 184.556, "11": 184.624, "12": 184.657, "13": 184.666, "14": 184.788, "15": 184.808, "16": 184.824, "17": 184.888}, "SolveResult": 0, "UpperBounds": {"1": 185.07}, "MaxQueueSize": 7, "VisitedNodes": 35, "BranchingVars": [10, 4, 6, 10, 10, 6, 10, 6, 3, 3, 6, 3, 3, 6, 3, 10, 3], "NonLinearTime": 0.0800755, "OptimalityGap": 0.18163, "BranchingRules": ["sum_dual_weighted_plus1_rel", "sum_dual_weighted_plus1_rel", "sum_dual_weighted_plus1_rel", "sum_dual_weighted_plus1_rel", "sum_dual_weighted_plus1_rel", "sum_dual_weighted_plus1_rel", "sum_dual_weighted_plus1_rel", "sum_dual_weighted_plus1_rel", "sum_dual_weighted_plus1_rel", "sum_dual_weighted_plus1_rel", "sum_dual_weighted_plus1_rel", "sum_dual_weighted_plus1_rel", "sum_dual_weighted_plus1_rel", "sum_dual_weighted_plus1_rel", "sum_dual_weighted_plus1_rel", "sum_dual_weighted_plus1_rel", "sum_dual_weighted_plus1_rel"], "LBImprovements": [3.44103, 1.72074, 0.149849, 0.312543, 0.842588, 0.677176, 0.878607, 0.286588, 0.30586, 0.332228, 0.184007, 0.310526, 0.313612, 0.115666, 0.343751, 0.144992, 0.219944], "InfeasibleNodes": 0, "ElapsedTimeCoeffs": 0, "LinearizationTime": 0.000156546, "NumberOfVariables": 28, "CallsToLinearSolver": 35, "LinearGenerationTime": 0.0080838, "SDPCutsGenerationTime": 0, "CallsToNonLinearSolver": 8, "StrongBranchingExtraTime": 0, "ElapsedTimeWeightedCoeffs": 0, "NodesDiscardedByFathoming": 0, "NodesDiscardedByTolerance": 18, "BoundFactorConstraintsTime": 0.00147843, "ElapsedTimeVarsInConstraints": 0.000091123, "meanBTRelativeChangeRootNode": 0, "NumberOfBoundFactorConstraints": 77, "NumberOfLAPACKConvergenceFailures": 0, "NumberOfRLTVariablesAfterLinearization": 20}