{"Itbt": 0, "Pace": 0.0380656, "Depth": 8, "Degree": 6, "RPSTime": 54.6265, "FBBTTime": 0, "OBBTTime": 0, "TotalTime": 230.013, "Iterations": 50, "LinearTime": 175.221, "LowerBound": 25606.3, "TimeVector": [4.7609, 7.63479, 10.4324, 13.4382, 16.3394, 19.2939, 22.1244, 27.5057, 30.5368, 33.4412, 37.8942, 42.0895, 45.3888, 48.3252, 51.5625, 56.759, 63.074, 66.4611, 69.8117, 73.5675, 78.0301, 82.0827, 86.1398, 89.1229, 93.8315, 99.6716, 103.229, 107.933, 110.836, 114.404, 117.566, 123.016, 126.821, 133.245, 136.808, 142.576, 148.029, 155.154, 165.424, 169.153, 176.107, 182.727, 186.2, 191.077, 202.561, 209.316, 216.727, 222.025, 226.061, 253.512], "UpperBound": 25629, "rootBTTime": 0, "LowerBounds": {"1": 19563.8, "2": 20991.9, "3": 21478.8, "4": 22170.9, "5": 22617.7, "6": 23023.2, "7": 23237, "8": 23817.8, "9": 23875, "10": 24154.7, "11": 24306, "12": 24317.8, "13": 24324.9, "14": 24399.4, "15": 24564.3, "16": 24697.7, "17": 24768.4, "18": 24838.3, "19": 24979.7, "20": 24986.1, "21": 24988.6, "22": 25017, "23": 25054.8, "24": 25083.3, "25": 25124.8, "26": 25155.3, "27": 25192.9, "28": 25231.5, "29": 25270.8, "30": 25287.5, "31": 25295.6, "32": 25303.3, "33": 25314, "34": 25392.3, "35": 25395.6, "36": 25466, "37": 25466, "38": 25480.7, "39": 25562.9, "40": 25575.8, "41": 25579.5, "42": 25586.1, "43": 25586.5, "44": 25590.9, "45": 25592.7, "46": 25598, "47": 25599.5, "48": 25599.6, "49": 25599.6, "50": 25606.3}, "SolveResult": 0, "UpperBounds": {"1": 25629}, "MaxQueueSize": 16, "VisitedNodes": 101, "BranchingVars": [3, 5, 2, 5, 0, 5, 0, 0, 0, 2, 1, 0, 0, 2, 1, 1, 1, 4, 4, 1, 1, 4, 1, 1, 1, 1, 4, 4, 1, 1, 4, 4, 4, 4, 4, 2, 2, 2, 4, 4, 4, 0, 0, 4, 2, 0, 2, 2, 0, 0], "NonLinearTime": 0.165492, "OptimalityGap": 22.6803, "BranchingRules": ["sum_rescaled_var_range_weighted_rel", "sum_rescaled_var_range_weighted_rel", "sum_rescaled_var_range_weighted_rel", "sum_rescaled_var_range_weighted_rel", "sum_rescaled_var_range_weighted_rel", "sum_rescaled_var_range_weighted_rel", "sum_rescaled_var_range_weighted_rel", "sum_rescaled_var_range_weighted_rel", "sum_rescaled_var_range_weighted_rel", "sum_rescaled_var_range_weighted_rel", "sum_rescaled_var_range_weighted_rel", "sum_rescaled_var_range_weighted_rel", "sum_rescaled_var_range_weighted_rel", "sum_rescaled_var_range_weighted_rel", "sum_rescaled_var_range_weighted_rel", "sum_rescaled_var_range_weighted_rel", "sum_rescaled_var_range_weighted_rel", "sum_rescaled_var_range_weighted_rel", "sum_rescaled_var_range_weighted_rel", "sum_rescaled_var_range_weighted_rel", "sum_rescaled_var_range_weighted_rel", "sum_rescaled_var_range_weighted_rel", "sum_rescaled_var_range_weighted_rel", "sum_rescaled_var_range_weighted_rel", "sum_rescaled_var_range_weighted_rel", "sum_rescaled_var_range_weighted_rel", "sum_rescaled_var_range_weighted_rel", "sum_rescaled_var_range_weighted_rel", "sum_rescaled_var_range_weighted_rel", "sum_rescaled_var_range_weighted_rel", "sum_rescaled_var_range_weighted_rel", "sum_rescaled_var_range_weighted_rel", "sum_rescaled_var_range_weighted_rel", "sum_rescaled_var_range_weighted_rel", "sum_rescaled_var_range_weighted_rel", "sum_rescaled_var_range_weighted_rel", "sum_rescaled_var_range_weighted_rel", "sum_rescaled_var_range_weighted_rel", "sum_rescaled_var_range_weighted_rel", "sum_rescaled_var_range_weighted_rel", "sum_rescaled_var_range_weighted_rel", "sum_rescaled_var_range_weighted_rel", "sum_rescaled_var_range_weighted_rel", "sum_rescaled_var_range_weighted_rel", "sum_rescaled_var_range_weighted_rel", "sum_rescaled_var_range_weighted_rel", "sum_rescaled_var_range_weighted_rel", "sum_rescaled_var_range_weighted_rel", "sum_rescaled_var_range_weighted_rel", "sum_rescaled_var_range_weighted_rel"], "LBImprovements": [1428.16, 1625.82, 692.157, 1646.89, 1536.99, 1294.66, 1068.92, 950.553, 822.631, 409.58, 673.692, 837.492, 799.825, 586.655, 628.632, 597.974, 534.934, 432.516, 501.054, 1164.67, 406.997, 449.026, 909.01, 1603.9, 711.767, 424.164, 393.167, 344.352, 315.695, 313.658, 322.58, 259.585, 285.584, 235.62, 429.05, 230.581, 217.34, 216.837, 29.8513, 22.1532, 303.701, 65.7049, 23.1687, 372.152, 25.4662, 30.6141, 58.475, 58.3584, 22.6009, 21.0863], "InfeasibleNodes": 0, "ElapsedTimeCoeffs": 0, "LinearizationTime": 1.04578, "NumberOfVariables": 6, "CallsToLinearSolver": 101, "LinearGenerationTime": 14.2846, "SDPCutsGenerationTime": 0, "CallsToNonLinearSolver": 9, "StrongBranchingExtraTime": 0, "ElapsedTimeWeightedCoeffs": 0, "NodesDiscardedByFathoming": 0, "NodesDiscardedByTolerance": 51, "BoundFactorConstraintsTime": 46.6518, "ElapsedTimeVarsInConstraints": 0, "meanBTRelativeChangeRootNode": 0, "NumberOfBoundFactorConstraints": 12369, "NumberOfLAPACKConvergenceFailures": 0, "NumberOfRLTVariablesAfterLinearization": 916}