{"Itbt": 0, "Pace": 0.110339, "Depth": 12, "Degree": 6, "RPSTime": 111.816, "FBBTTime": 0, "OBBTTime": 0, "TotalTime": 590.166, "Iterations": 98, "LinearTime": 478.127, "LowerBound": 36910.5, "TimeVector": [5.45604, 8.13559, 12.4261, 15.574, 19.2301, 24.3705, 27.1346, 36.4637, 39.4483, 42.7301, 45.368, 51.5731, 55.0195, 58.8819, 62.6933, 65.4461, 68.4716, 72.1615, 75.3114, 79.5652, 88.636, 92.0422, 96.4356, 102.488, 111.402, 115.963, 120.943, 124.322, 131.65, 137.848, 145.192, 149.876, 153.122, 158.003, 164.28, 170.189, 176.302, 179.234, 186.024, 190.839, 193.979, 199.959, 205.914, 213.674, 220.496, 225.909, 238.447, 242.721, 250.481, 253.886, 262.676, 268.398, 278.098, 285.952, 289.577, 293.262, 298.209, 302.045, 312.032, 317.103, 322.537, 335.542, 339.124, 346.078, 356.619, 361.161, 367.596, 372.071, 376.909, 381.005, 387.892, 391.434, 396.851, 403.663, 407.924, 415.22, 420.844, 429.474, 437.405, 443.173, 448.917, 455.894, 462.898, 468.663, 475.433, 484.244, 492.678, 505.063, 513.952, 522.352, 531.43, 537.207, 545.533, 557.431, 563.568, 573.684, 584.004, 590.166], "UpperBound": 36936.3, "rootBTTime": 0, "LowerBounds": {"1": 31561.8, "2": 32302.1, "3": 32636.6, "4": 32942, "5": 33192, "6": 33500.9, "7": 34089.5, "8": 34157, "9": 34351, "10": 34372.3, "11": 34706.8, "12": 34750.7, "13": 34895.3, "14": 34921.9, "15": 35033.3, "16": 35086, "17": 35129.8, "18": 35210.3, "19": 35324.9, "20": 35331.4, "21": 35386.7, "22": 35484.1, "23": 35541.9, "24": 35546.8, "25": 35560.6, "26": 35629.9, "27": 35729.2, "28": 35759, "29": 35765.6, "30": 35866.9, "31": 36035.7, "32": 36043.3, "33": 36047, "34": 36061.1, "35": 36078.2, "36": 36116.9, "37": 36145, "38": 36181.1, "39": 36202.3, "40": 36217.6, "41": 36262, "42": 36322.1, "43": 36326.8, "44": 36374.6, "45": 36421.5, "46": 36425.8, "47": 36431.9, "48": 36448.9, "49": 36453.5, "50": 36472.5, "51": 36486.5, "52": 36505.3, "53": 36526.1, "54": 36536.2, "55": 36554.7, "56": 36590.1, "57": 36598.2, "58": 36606.4, "59": 36624.5, "60": 36638.9, "61": 36641.6, "62": 36651.8, "63": 36666.8, "64": 36669.6, "65": 36682.4, "66": 36683.2, "67": 36686.6, "68": 36707.1, "69": 36725.8, "70": 36732.5, "71": 36745.8, "72": 36760.8, "73": 36785.1, "74": 36785.9, "75": 36790.5, "76": 36795.2, "77": 36795.7, "78": 36796.3, "79": 36797, "80": 36801.6, "81": 36803.5, "82": 36822.4, "83": 36826.9, "84": 36830.8, "85": 36837.1, "86": 36839.5, "87": 36841.2, "88": 36843.6, "89": 36845.8, "90": 36847.2, "91": 36861.5, "92": 36868.5, "93": 36882.3, "94": 36883.3, "95": 36887.8, "96": 36891.7, "97": 36895.2, "98": 36910.5}, "SolveResult": 0, "UpperBounds": {"1": 36936.3}, "MaxQueueSize": 31, "VisitedNodes": 197, "BranchingVars": [0, 5, 4, 1, 2, 2, 1, 2, 5, 1, 5, 5, 4, 2, 4, 4, 1, 4, 5, 1, 2, 4, 2, 2, 2, 4, 1, 4, 2, 0, 3, 3, 0, 3, 3, 0, 3, 5, 3, 5, 4, 1, 3, 3, 3, 4, 3, 4, 2, 4, 3, 0, 2, 3, 1, 4, 0, 4, 1, 2, 0, 2, 4, 1, 2, 2, 2, 0, 0, 1, 2, 4, 0, 2, 4, 2, 2, 2, 2, 0, 2, 2, 0, 0, 2, 0, 2, 2, 1, 0, 3, 2, 2, 1, 3, 2, 2, 2], "NonLinearTime": 0.223305, "OptimalityGap": 25.8752, "BranchingRules": ["sum_rescaled_var_range_weighted_rel", "sum_rescaled_var_range_weighted_rel", "sum_rescaled_var_range_weighted_rel", "sum_rescaled_var_range_weighted_rel", "sum_rescaled_var_range_weighted_rel", "sum_rescaled_var_range_weighted_rel", "sum_rescaled_var_range_weighted_rel", "sum_rescaled_var_range_weighted_rel", "sum_rescaled_var_range_weighted_rel", "sum_rescaled_var_range_weighted_rel", "sum_rescaled_var_range_weighted_rel", "sum_rescaled_var_range_weighted_rel", "sum_rescaled_var_range_weighted_rel", "sum_rescaled_var_range_weighted_rel", "sum_rescaled_var_range_weighted_rel", "sum_rescaled_var_range_weighted_rel", "sum_rescaled_var_range_weighted_rel", "sum_rescaled_var_range_weighted_rel", "sum_rescaled_var_range_weighted_rel", "sum_rescaled_var_range_weighted_rel", "sum_rescaled_var_range_weighted_rel", "sum_rescaled_var_range_weighted_rel", "sum_rescaled_var_range_weighted_rel", "sum_rescaled_var_range_weighted_rel", "sum_rescaled_var_range_weighted_rel", "sum_rescaled_var_range_weighted_rel", "sum_rescaled_var_range_weighted_rel", "sum_rescaled_var_range_weighted_rel", "sum_rescaled_var_range_weighted_rel", "sum_rescaled_var_range_weighted_rel", "sum_rescaled_var_range_weighted_rel", "sum_rescaled_var_range_weighted_rel", "sum_rescaled_var_range_weighted_rel", "sum_rescaled_var_range_weighted_rel", "sum_rescaled_var_range_weighted_rel", "sum_rescaled_var_range_weighted_rel", "sum_rescaled_var_range_weighted_rel", "sum_rescaled_var_range_weighted_rel", "sum_rescaled_var_range_weighted_rel", "sum_rescaled_var_range_weighted_rel", "sum_rescaled_var_range_weighted_rel", "sum_rescaled_var_range_weighted_rel", "sum_rescaled_var_range_weighted_rel", "sum_rescaled_var_range_weighted_rel", "sum_rescaled_var_range_weighted_rel", "sum_rescaled_var_range_weighted_rel", "sum_rescaled_var_range_weighted_rel", "sum_rescaled_var_range_weighted_rel", "sum_rescaled_var_range_weighted_rel", "sum_rescaled_var_range_weighted_rel", "sum_rescaled_var_range_weighted_rel", "sum_rescaled_var_range_weighted_rel", "sum_rescaled_var_range_weighted_rel", "sum_rescaled_var_range_weighted_rel", "sum_rescaled_var_range_weighted_rel", "sum_rescaled_var_range_weighted_rel", "sum_rescaled_var_range_weighted_rel", "sum_rescaled_var_range_weighted_rel", "sum_rescaled_var_range_weighted_rel", "sum_rescaled_var_range_weighted_rel", "sum_rescaled_var_range_weighted_rel", "sum_rescaled_var_range_weighted_rel", "sum_rescaled_var_range_weighted_rel", "sum_rescaled_var_range_weighted_rel", "sum_rescaled_var_range_weighted_rel", "sum_rescaled_var_range_weighted_rel", "sum_rescaled_var_range_weighted_rel", "sum_rescaled_var_range_weighted_rel", "sum_rescaled_var_range_weighted_rel", "sum_rescaled_var_range_weighted_rel", "sum_rescaled_var_range_weighted_rel", "sum_rescaled_var_range_weighted_rel", "sum_rescaled_var_range_weighted_rel", "sum_rescaled_var_range_weighted_rel", "sum_rescaled_var_range_weighted_rel", "sum_rescaled_var_range_weighted_rel", "sum_rescaled_var_range_weighted_rel", "sum_rescaled_var_range_weighted_rel", "sum_rescaled_var_range_weighted_rel", "sum_rescaled_var_range_weighted_rel", "sum_rescaled_var_range_weighted_rel", "sum_rescaled_var_range_weighted_rel", "sum_rescaled_var_range_weighted_rel", "sum_rescaled_var_range_weighted_rel", "sum_rescaled_var_range_weighted_rel", "sum_rescaled_var_range_weighted_rel", "sum_rescaled_var_range_weighted_rel", "sum_rescaled_var_range_weighted_rel", "sum_rescaled_var_range_weighted_rel", "sum_rescaled_var_range_weighted_rel", "sum_rescaled_var_range_weighted_rel", "sum_rescaled_var_range_weighted_rel", "sum_rescaled_var_range_weighted_rel", "sum_rescaled_var_range_weighted_rel", "sum_rescaled_var_range_weighted_rel", "sum_rescaled_var_range_weighted_rel", "sum_rescaled_var_range_weighted_rel", "sum_rescaled_var_range_weighted_rel"], "LBImprovements": [740.275, 334.546, 305.398, 558.853, 897.53, 1394.38, 261.435, 1229.65, 399.721, 549.657, 503.518, 335.25, 651.492, 1340.08, 1013.65, 1030.91, 629.221, 518.893, 304.946, 434.17, 830.893, 696.996, 1124.93, 1384.03, 1566.9, 405.794, 137.71, 567.75, 921.022, 211.294, 518.971, 758.277, 401.91, 622.156, 447.93, 678.837, 453.154, 250.8, 558.501, 208.165, 606.433, 52.566, 643.87, 130.691, 324.312, 198.766, 637.928, 141.245, 753.504, 471.79, 468.284, 280.574, 357.16, 538.167, 171.097, 116.956, 284.117, 373.268, 237.013, 334.292, 335.236, 195.49, 229.964, 125.555, 157.094, 530.172, 1039.82, 285.18, 462.252, 98.387, 97.7958, 322.038, 132.457, 260.054, 122.805, 348.414, 407.75, 159.135, 616.499, 621.799, 695.168, 280.052, 593.538, 364.208, 417.492, 52.2276, 250.588, 51.6001, 164.13, 110.202, 155.468, 1085.5, 371.577, 34.1592, 1061.6, 51.2806, 26.0502, 566.579], "InfeasibleNodes": 0, "ElapsedTimeCoeffs": 0, "LinearizationTime": 1.01461, "NumberOfVariables": 6, "CallsToLinearSolver": 197, "LinearGenerationTime": 28.9753, "SDPCutsGenerationTime": 0, "CallsToNonLinearSolver": 10,