{"Itbt": 0, "Pace": 0.0740432, "Depth": 22, "Degree": 6, "RPSTime": 10.1421, "FBBTTime": 0, "OBBTTime": 0, "TotalTime": 136.471, "Iterations": 151, "LinearTime": 126.196, "LowerBound": 3122.73, "TimeVector": [1.36196, 2.32331, 3.18746, 4.13297, 5.10412, 6.103, 6.83764, 7.66276, 8.532, 9.31914, 10.245, 11.1842, 12.0814, 12.9618, 13.8324, 14.7332, 15.5238, 16.2543, 17.1232, 17.7792, 18.5716, 19.4573, 20.3371, 21.379, 22.284, 23.0694, 24.0254, 24.7496, 25.4012, 26.2741, 27.0344, 27.9977, 28.7002, 29.4299, 30.217, 30.9895, 31.8774, 32.8397, 33.5755, 34.3425, 35.2235, 35.9711, 36.82, 37.7121, 38.7138, 39.497, 40.2633, 41.0724, 41.9419, 42.7181, 43.432, 44.2689, 45.1225, 46.165, 47, 47.6931, 49.0994, 49.9878, 50.8901, 51.9276, 52.8871, 53.8508, 54.6136, 55.4311, 56.4472, 57.3282, 58.18, 58.9527, 59.7313, 60.693, 61.4873, 62.2486, 63.1512, 64.0671, 64.8534, 65.6634, 66.4513, 67.3776, 68.3387, 69.1786, 69.9562, 70.6944, 71.6837, 72.4922, 73.439, 74.5325, 75.3654, 76.2846, 77.248, 78.1959, 79.1725, 80.0984, 81.072, 82.1248, 83.1085, 83.9458, 84.8489, 85.7525, 86.4657, 87.4662, 88.3563, 89.2533, 90.1325, 90.8589, 91.9385, 92.833, 94.6955, 95.6348, 96.5846, 97.5883, 98.6101, 99.4647, 100.311, 101.222, 102.292, 103.144, 103.928, 104.79, 105.581, 106.49, 107.411, 108.355, 109.352, 110.117, 111.211, 112.123, 113.081, 113.956, 114.934, 115.76, 116.762, 118.005, 118.847, 119.811, 120.655, 121.564, 122.382, 123.26, 124.142, 125.142, 126.111, 126.832, 127.74, 129.577, 130.511, 131.639, 132.62, 133.483, 134.477, 135.374, 150.282], "UpperBound": 3125.75, "rootBTTime": 0, "LowerBounds": {"1": 1279.6, "2": 1762.61, "3": 1996.72, "4": 2004.89, "5": 2120.7, "6": 2145.83, "7": 2227.53, "8": 2269.64, "9": 2338.18, "10": 2351.26, "11": 2381.29, "12": 2396.45, "13": 2462.57, "14": 2472.06, "15": 2489.16, "16": 2492.37, "17": 2494.5, "18": 2509.47, "19": 2515.97, "20": 2524.85, "21": 2526.54, "22": 2579.91, "23": 2591.95, "24": 2598.55, "25": 2613.38, "26": 2626.22, "27": 2639.58, "28": 2639.92, "29": 2644.48, "30": 2667.08, "31": 2676.94, "32": 2687.51, "33": 2691.06, "34": 2705.26, "35": 2709.2, "36": 2712.17, "37": 2722.65, "38": 2723.09, "39": 2728.94, "40": 2736.72, "41": 2740.41, "42": 2744.35, "43": 2756.23, "44": 2757.12, "45": 2760.07, "46": 2760.5, "47": 2768.32, "48": 2770.42, "49": 2772.32, "50": 2780.79, "51": 2781.96, "52": 2792.38, "53": 2796.75, "54": 2799.67, "55": 2812.16, "56": 2826.23, "57": 2828.83, "58": 2863.52, "59": 2864.92, "60": 2873.29, "61": 2873.93, "62": 2874.27, "63": 2881.59, "64": 2883.48, "65": 2884.35, "66": 2889.77, "67": 2898, "68": 2898.25, "69": 2901.33, "70": 2921.42, "71": 2921.92, "72": 2923.89, "73": 2927.18, "74": 2929.85, "75": 2930.26, "76": 2931, "77": 2937.83, "78": 2959.02, "79": 2961.58, "80": 2964.99, "81": 2965.24, "82": 2969.89, "83": 2971.94, "84": 2983.26, "85": 2985.56, "86": 2989.63, "87": 2990.26, "88": 2991.8, "89": 2992.51, "90": 2994.71, "91": 3017.63, "92": 3021.53, "93": 3023.74, "94": 3024.45, "95": 3027.27, "96": 3030.07, "97": 3035.61, "98": 3043.08, "99": 3047.95, "100": 3061.76, "101": 3063.94, "102": 3067.05, "103": 3070.54, "104": 3070.85, "105": 3073.1, "106": 3073.13, "107": 3073.56, "108": 3074.29, "109": 3075.11, "110": 3075.67, "111": 3080.75, "112": 3080.75, "113": 3080.85, "114": 3081.17, "115": 3081.36, "116": 3082.88, "117": 3084.15, "118": 3085.42, "119": 3085.43, "120": 3085.48, "121": 3092.73, "122": 3093.13, "123": 3093.55, "124": 3094.03, "125": 3095.09, "126": 3101.93, "127": 3106.15, "128": 3106.69, "129": 3107.52, "130": 3108.89, "131": 3110.12, "132": 3111.19, "133": 3113, "134": 3114.22, "135": 3114.53, "136": 3115.21, "137": 3115.24, "138": 3115.39, "139": 3115.91, "140": 3116.49, "141": 3116.52, "142": 3116.54, "143": 3118.07, "144": 3119.09, "145": 3120.43, "146": 3120.65, "147": 3121.64, "148": 3121.85, "149": 3121.86, "150": 3122.3, "151": 3122.73}, "SolveResult": 0, "UpperBounds": {"1": 3264.49, "2": 3125.75}, "MaxQueueSize": 31, "VisitedNodes": 303, "BranchingVars": [1, 2, 3, 3, 5, 5, 2, 0, 0, 0, 0, 0, 0, 2, 4, 4, 0, 4, 3, 4, 4, 3, 3, 4, 5, 4, 4, 0, 0, 3, 3, 4, 4, 5, 5, 5, 1, 4, 5, 4, 4, 4, 5, 4, 3, 1, 1, 4, 1, 4, 4, 1, 1, 1, 4, 1, 1, 1, 1, 1, 1, 1, 1, 1, 5, 1, 1, 1, 5, 1, 1, 1, 1, 5, 1, 1, 0, 1, 1, 1, 1, 1, 1, 1, 1, 2, 1, 5, 2, 1, 3, 5, 5, 5, 5, 0, 2, 2, 0, 3, 3, 3, 1, 4, 1, 3, 4, 3, 3, 4, 1, 1, 3, 1, 2, 2, 1, 5, 1, 4, 5, 5, 5, 4, 5, 4, 2, 2, 4, 2, 1, 2, 0, 0, 1, 1, 5, 5, 5, 1, 0, 0, 1, 1, 1, 1, 2, 2, 1, 0, 5], "NonLinearTime": 0.132894, "OptimalityGap": 3.01806,