{"Itbt": 0, "Pace": 0.0000806163, "Depth": 14, "Degree": 2, "RPSTime": 0.027792, "FBBTTime": 0, "OBBTTime": 0, "TotalTime": 0.200186, "Iterations": 145, "LinearTime": 0.0821292, "LowerBound": -450.132, "TimeVector": [0.0129448, 0.0218537, 0.0308062, 0.0396339, 0.0483717, 0.0491037, 0.0498929, 0.0590754, 0.0598184, 0.060558, 0.0612684, 0.0619682, 0.0627476, 0.0635046, 0.064242, 0.0729093, 0.0736679, 0.0743931, 0.0751675, 0.0759241, 0.0766583, 0.0774356, 0.0781205, 0.0788383, 0.0795606, 0.0802938, 0.0810539, 0.0818698, 0.0826145, 0.0832744, 0.0839699, 0.0924882, 0.0932366, 0.0939786, 0.0947529, 0.095453, 0.0961512, 0.0968986, 0.0976851, 0.0984414, 0.0990945, 0.099756, 0.100491, 0.101194, 0.101916, 0.102628, 0.103375, 0.104114, 0.104824, 0.105563, 0.106375, 0.107075, 0.1078, 0.108516, 0.109271, 0.10991, 0.11063, 0.111479, 0.112264, 0.112996, 0.113653, 0.114339, 0.11507, 0.123905, 0.124669, 0.125464, 0.126109, 0.126858, 0.127553, 0.128251, 0.129028, 0.129772, 0.130536, 0.131261, 0.131993, 0.132752, 0.133483, 0.134224, 0.135026, 0.135729, 0.136485, 0.137098, 0.137833, 0.138577, 0.139285, 0.140083, 0.14083, 0.141597, 0.142376, 0.143177, 0.143935, 0.144688, 0.145427, 0.146188, 0.146918, 0.147654, 0.148407, 0.149141, 0.149936, 0.150644, 0.151402, 0.152086, 0.152775, 0.153499, 0.154277, 0.155016, 0.155811, 0.156537, 0.157342, 0.15806, 0.158816, 0.159586, 0.160328, 0.161057, 0.161757, 0.162463, 0.163204, 0.163912, 0.164623, 0.165394, 0.166135, 0.166859, 0.167468, 0.168201, 0.168985, 0.169741, 0.170486, 0.179551, 0.180261, 0.181024, 0.181795, 0.182496, 0.183252, 0.183997, 0.184694, 0.185463, 0.186209, 0.186917, 0.187651, 0.18838, 0.189132, 0.189898, 0.190708, 0.191493, 0.391679], "UpperBound": -450, "rootBTTime": 0, "LowerBounds": {"1": -2933.33, "2": -2488.89, "3": -2288.89, "4": -1992.59, "5": -1866.67, "6": -1850.79, "7": -1770, "8": -1599, "9": -1577.98, "10": -1494.44, "11": -1412.61, "12": -1396.14, "13": -1377.78, "14": -1375.23, "15": -1367.99, "16": -1250, "17": -1206.67, "18": -1165.41, "19": -1163.94, "20": -1156.16, "21": -1067.43, "22": -1043.59, "23": -1036.99, "24": -1022.22, "25": -1012.1, "26": -964.917, "27": -962.963, "28": -942.659, "29": -940.741, "30": -918.272, "31": -911.823, "32": -906.294, "33": -906.192, "34": -895.312, "35": -830.366, "36": -818.64, "37": -809.551, "38": -808.373, "39": -801.389, "40": -801.296, "41": -799.332, "42": -792.604, "43": -726.264, "44": -717.364, "45": -713.944, "46": -709.777, "47": -707.98, "48": -697.708, "49": -690.927, "50": -685.423, "51": -668.349, "52": -662.689, "53": -637.369, "54": -633.595, "55": -628.612, "56": -625.679, "57": -615.795, "58": -615.292, "59": -605.161, "60": -604.077, "61": -603.988, "62": -600.99, "63": -600.712, "64": -595.716, "65": -587.879, "66": -586.259, "67": -581.912, "68": -581.68, "69": -580.096, "70": -577.778, "71": -572.585, "72": -560.439, "73": -546.317, "74": -543.869, "75": -541.395, "76": -536.151, "77": -535.169, "78": -532.887, "79": -528.727, "80": -527.159, "81": -522.322, "82": -518.58, "83": -514.749, "84": -513.542, "85": -507.43, "86": -503.588, "87": -499.289, "88": -497.469, "89": -496.619, "90": -493.306, "91": -492.237, "92": -492.044, "93": -490.218, "94": -489.309, "95": -487.497, "96": -483.933, "97": -483.018, "98": -482.663, "99": -480.699, "100": -477.951, "101": -477.81, "102": -476.378, "103": -475.849, "104": -475.484, "105": -474.779, "106": -472.572, "107": -471.889, "108": -470.518, "109": -470.468, "110": -469.65, "111": -469.388, "112": -468.945, "113": -468.414, "114": -467.576, "115": -467.514, "116": -466.297, "117": -466.255, "118": -464.751, "119": -464.618, "120": -464.023, "121": -463.833, "122": -462.681, "123": -462.14, "124": -461.561, "125": -460.495, "126": -460.143, "127": -459.804, "128": -457.94, "129": -457.189, "130": -457.087, "131": -456.361, "132": -456.317, "133": -455.69, "134": -455.65, "135": -455.449, "136": -454.912, "137": -454.003, "138": -452.526, "139": -452.512, "140": -451.728, "141": -451.648, "142": -451.476, "143": -451.265, "144": -450.802, "145": -450.132}, "SolveResult": 0, "UpperBounds": {"1": -450}, "MaxQueueSize": 36, "VisitedNodes": 291, "BranchingVars": [4, 3, 4, 1, 4, 0, 3, 0, 0, 2, 2, 0, 3, 2, 1, 1, 2, 1, 0, 1, 4, 2, 2, 0, 1, 2, 0, 1, 0, 0, 3, 4, 3, 2, 1, 4, 3, 2, 1, 4, 4, 4, 1, 4, 4, 4, 3, 4, 1, 2, 0, 4, 3, 4, 1, 3, 4, 0, 2, 0, 2, 2, 0, 4, 1, 4, 4, 4, 2, 2, 0, 4, 0, 4, 1, 3, 4, 4, 4, 4, 0, 4, 0, 2, 3, 2, 4, 0, 4, 3, 1, 1, 4, 4, 4, 2, 4, 1, 4, 4, 4, 4, 4, 3, 4, 4, 4, 1, 3, 4, 4, 1, 4, 4, 4, 2, 4, 4, 4, 4, 1, 1, 4, 4, 3, 4, 4, 4, 4, 4, 4, 4, 4, 4, 4, 4, 1, 4, 2, 4, 4, 4, 4, 1, 2], "NonLinearTime": 0.0902375, "OptimalityGap": 0.132461,