{"Itbt": 0, "Pace": 0.0908216, "Depth": 15, "Degree": 4, "RPSTime": 23.9361, "FBBTTime": 0, "OBBTTime": 0, "TotalTime": 414.343, "Iterations": 166, "LinearTime": 30.8641, "LowerBound": 1457.62, "TimeVector": [3.09579, 5.76795, 8.41366, 11.0514, 13.7234, 16.379, 19.1768, 21.7753, 24.4494, 27.0027, 29.6197, 32.2953, 34.8917, 37.7018, 40.2505, 42.9064, 45.6617, 48.3887, 50.9895, 53.5839, 56.2026, 58.8715, 61.5582, 64.2581, 66.7436, 69.519, 72.1301, 74.8899, 77.3835, 80.0927, 82.808, 85.4359, 88.0947, 90.8759, 93.6175, 96.2911, 98.8002, 101.397, 104.122, 106.716, 109.417, 112.089, 114.663, 117.386, 119.977, 122.603, 125.225, 127.905, 130.641, 133.312, 136.05, 138.686, 141.318, 144.096, 146.584, 149.127, 151.766, 154.422, 156.992, 159.447, 161.582, 163.933, 166.647, 169.339, 171.598, 174.084, 176.854, 179.329, 181.897, 184.321, 186.963, 189.328, 191.925, 194.453, 196.967, 199.658, 202.12, 204.442, 207.142, 209.74, 212.377, 214.456, 216.652, 219.171, 221.78, 224.29, 226.476, 229.092, 231.683, 233.923, 236.656, 239.055, 241.215, 243.773, 246.161, 248.856, 250.966, 253.355, 255.775, 258.322, 261.014, 263.47, 265.767, 268.318, 270.827, 273.413, 275.825, 278.008, 280.682, 283.288, 285.591, 288.015, 290.691, 293.087, 295.806, 297.957, 300.374, 302.837, 305.085, 307.595, 309.687, 311.806, 314.021, 316.68, 318.722, 321.274, 323.969, 326.088, 328.229, 330.472, 332.678, 334.9, 337.317, 339.529, 342.017, 344.591, 346.897, 349.422, 351.741, 354.36, 356.519, 358.759, 360.978, 363.754, 366.062, 368.133, 370.307, 372.658, 375.01, 377.208, 379.758, 381.866, 384.325, 386.842, 389.338, 391.58, 393.486, 396.269, 398.659, 400.868, 403.441, 405.543, 407.652, 410.029, 412.221, 416.535], "UpperBound": 1459.02, "rootBTTime": 0, "LowerBounds": {"1": 1093.51, "2": 1162.82, "3": 1168.45, "4": 1218.92, "5": 1233.23, "6": 1238.8, "7": 1246.1, "8": 1270.68, "9": 1287.77, "10": 1288.92, "11": 1304.17, "12": 1307.03, "13": 1312.67, "14": 1320.65, "15": 1329.02, "16": 1341.07, "17": 1348.63, "18": 1352.82, "19": 1356.27, "20": 1357.27, "21": 1361.67, "22": 1363.7, "23": 1365.34, "24": 1368.53, "25": 1369.43, "26": 1369.79, "27": 1376.61, "28": 1386.62, "29": 1387.14, "30": 1394.05, "31": 1395.67, "32": 1396.22, "33": 1401.34, "34": 1401.95, "35": 1403.36, "36": 1404.11, "37": 1404.97, "38": 1406.41, "39": 1407.66, "40": 1415.43, "41": 1418.13, "42": 1418.36, "43": 1418.58, "44": 1418.88, "45": 1419.24, "46": 1420.2, "47": 1420.38, "48": 1421.55, "49": 1421.93, "50": 1422.89, "51": 1426.08, "52": 1426.32, "53": 1431.39, "54": 1434.5, "55": 1434.83, "56": 1435.74, "57": 1436.35, "58": 1436.53, "59": 1437.02, "60": 1437.29, "61": 1438.25, "62": 1438.73, "63": 1439.57, "64": 1441, "65": 1441.04, "66": 1441.46, "67": 1441.55, "68": 1441.62, "69": 1442.14, "70": 1442.18, "71": 1442.4, "72": 1442.63, "73": 1442.65, "74": 1443.15, "75": 1443.27, "76": 1443.45, "77": 1443.46, "78": 1443.96, "79": 1444.55, "80": 1444.62, "81": 1444.63, "82": 1444.76, "83": 1445.04, "84": 1445.26, "85": 1445.59, "86": 1445.79, "87": 1446.04, "88": 1446.94, "89": 1447.71, "90": 1448, "91": 1448.56, "92": 1448.74, "93": 1449.42, "94": 1449.6, "95": 1449.8, "96": 1449.85, "97": 1450.09, "98": 1450.59, "99": 1451.53, "100": 1451.57, "101": 1451.67, "102": 1451.82, "103": 1451.84, "104": 1452, "105": 1452.46, "106": 1452.59, "107": 1452.91, "108": 1452.92, "109": 1453.06, "110": 1453.07, "111": 1453.08, "112": 1453.13, "113": 1453.27, "114": 1453.38, "115": 1453.65, "116": 1453.7, "117": 1453.93, "118": 1454.2, "119": 1454.42, "120": 1454.48, "121": 1454.71, "122": 1454.8, "123": 1454.81, "124": 1454.87, "125": 1455.07, "126": 1455.17, "127": 1455.32, "128": 1455.36, "129": 1455.41, "130": 1455.46, "131": 1455.5, "132": 1455.51, "133": 1455.61, "134": 1455.79, "135": 1455.86, "136": 1455.88, "137": 1456.06, "138": 1456.08, "139": 1456.14, "140": 1456.18, "141": 1456.23, "142": 1456.39, "143": 1456.49, "144": 1456.5, "145": 1456.51, "146": 1456.53, "147": 1456.54, "148": 1456.64, "149": 1456.69, "150": 1456.7, "151": 1456.73, "152": 1456.77, "153": 1456.81, "154": 1456.83, "155": 1457.02, "156": 1457.03, "157": 1457.04, "158": 1457.05, "159": 1457.19, "160": 1457.2, "161": 1457.28, "162": 1457.43, "163": 1457.49, "164": 1457.49, "165": 1457.52, "166": 1457.62}, "SolveResult": 0, "UpperBounds": {"1": 1459.02}, "MaxQueueSize": 39, "VisitedNodes": 333, "BranchingVars": [0, 3, 4, 1, 1, 3, 1, 8, 8, 8, 1, 11, 2, 11, 2, 4, 11, 2, 4, 4, 4, 8, 2, 1, 8, 0, 4, 3, 9, 8, 8, 9, 8, 8, 8, 11, 0, 9, 8, 4, 1, 11, 9, 1, 4, 1, 2, 1, 1, 9, 1, 0, 2, 7, 8, 11, 6, 4, 3, 7, 7, 8, 1, 11, 7, 3, 6, 8, 8, 1, 11, 3, 11, 3, 3, 11, 4, 0, 3, 4, 3, 3, 3, 8, 8, 7, 3, 7, 6, 3, 9, 8, 7, 3, 8, 8, 3, 3, 7, 0, 11, 11, 11, 9, 3, 9, 1, 8, 7, 1, 11, 1, 3, 11, 11, 8, 8, 8, 8, 8, 1, 1, 8, 3, 9, 8, 8, 9, 8, 9, 1, 1, 4, 1, 9, 11, 1, 0, 3, 1, 1, 4, 1, 8, 8, 3, 1, 1, 8, 1, 6, 8, 0, 1, 1, 0, 8, 8, 8, 1, 7, 1, 1, 9, 0, 0], "NonLinearTime": 0.295535, "OptimalityGap": 1.40733,