{"Itbt": 0, "Pace": 0.0461818, "Depth": 13, "Degree": 4, "RPSTime": 0.718037, "FBBTTime": 0, "OBBTTime": 0, "TotalTime": 5.7843, "Iterations": 66, "LinearTime": 0.958762, "LowerBound": 201.855, "TimeVector": [0.944742, 1.02758, 1.11243, 1.19328, 1.27243, 1.34797, 1.42218, 1.50106, 1.5736, 1.64601, 1.71889, 1.79393, 1.86433, 1.94016, 2.01635, 2.10268, 2.17685, 2.24972, 2.32889, 2.40028, 2.47654, 2.55283, 2.62303, 2.68966, 2.75899, 2.83624, 2.90856, 2.98473, 3.05959, 3.13329, 3.20513, 3.29505, 3.37177, 3.44922, 3.51999, 3.59514, 3.66594, 3.73534, 3.80703, 3.88296, 3.95745, 4.02869, 4.10043, 4.17533, 4.24787, 4.31772, 4.38597, 4.46097, 4.52934, 4.59711, 4.6681, 4.74239, 4.81659, 4.89204, 4.96193, 5.03084, 5.10849, 5.18113, 5.25754, 5.33293, 5.40644, 5.47713, 5.54729, 5.63396, 5.7077, 11.492], "UpperBound": 202.056, "rootBTTime": 0, "LowerBounds": {"1": 172.764, "2": 180.895, "3": 183.51, "4": 185.288, "5": 189.118, "6": 190.345, "7": 192.547, "8": 192.67, "9": 192.789, "10": 195.122, "11": 195.407, "12": 195.449, "13": 195.544, "14": 196.007, "15": 196.938, "16": 197.106, "17": 197.423, "18": 197.619, "19": 197.656, "20": 197.763, "21": 197.798, "22": 198.172, "23": 198.239, "24": 198.68, "25": 198.959, "26": 199.299, "27": 199.45, "28": 199.484, "29": 199.521, "30": 199.544, "31": 199.591, "32": 199.703, "33": 199.798, "34": 199.923, "35": 199.93, "36": 199.936, "37": 199.964, "38": 200.014, "39": 200.084, "40": 200.109, "41": 200.415, "42": 200.672, "43": 201.013, "44": 201.098, "45": 201.206, "46": 201.232, "47": 201.256, "48": 201.275, "49": 201.293, "50": 201.329, "51": 201.385, "52": 201.388, "53": 201.472, "54": 201.53, "55": 201.588, "56": 201.591, "57": 201.667, "58": 201.712, "59": 201.719, "60": 201.722, "61": 201.738, "62": 201.76, "63": 201.767, "64": 201.796, "65": 201.802, "66": 201.855}, "SolveResult": 0, "UpperBounds": {"1": 202.056}, "MaxQueueSize": 17, "VisitedNodes": 133, "BranchingVars": [5, 2, 8, 5, 9, 8, 8, 2, 2, 2, 5, 2, 10, 5, 7, 8, 10, 1, 4, 4, 10, 10, 4, 1, 1, 10, 10, 5, 5, 10, 7, 10, 5, 1, 10, 4, 9, 9, 1, 1, 1, 0, 0, 7, 5, 5, 7, 5, 5, 4, 5, 10, 0, 0, 5, 5, 10, 4, 2, 0, 4, 2, 6, 1, 6, 6], "NonLinearTime": 0.323339, "OptimalityGap": 0.200829, "BranchingRules": ["sum_dual_weighted_plus1_rel", "sum_dual_weighted_plus1_rel", "sum_dual_weighted_plus1_rel", "sum_dual_weighted_plus1_rel", "sum_dual_weighted_plus1_rel", "sum_dual_weighted_plus1_rel", "sum_dual_weighted_plus1_rel", "sum_dual_weighted_plus1_rel", "sum_dual_weighted_plus1_rel", "sum_dual_weighted_plus1_rel", "sum_dual_weighted_plus1_rel", "sum_dual_weighted_plus1_rel", "sum_dual_weighted_plus1_rel", "sum_dual_weighted_plus1_rel", "sum_dual_weighted_plus1_rel", "sum_dual_weighted_plus1_rel", "sum_dual_weighted_plus1_rel", "sum_dual_weighted_plus1_rel", "sum_dual_weighted_plus1_rel", "sum_dual_weighted_plus1_rel", "sum_dual_weighted_plus1_rel", "sum_dual_weighted_plus1_rel", "sum_dual_weighted_plus1_rel", "sum_dual_weighted_plus1_rel", "sum_dual_weighted_plus1_rel", "sum_dual_weighted_plus1_rel", "sum_dual_weighted_plus1_rel", "sum_dual_weighted_plus1_rel", "sum_dual_weighted_plus1_rel", "sum_dual_weighted_plus1_rel", "sum_dual_weighted_plus1_rel", "sum_dual_weighted_plus1_rel", "sum_dual_weighted_plus1_rel", "sum_dual_weighted_plus1_rel", "sum_dual_weighted_plus1_rel", "sum_dual_weighted_plus1_rel", "sum_dual_weighted_plus1_rel", "sum_dual_weighted_plus1_rel", "sum_dual_weighted_plus1_rel", "sum_dual_weighted_plus1_rel", "sum_dual_weighted_plus1_rel", "sum_dual_weighted_plus1_rel", "sum_dual_weighted_plus1_rel", "sum_dual_weighted_plus1_rel", "sum_dual_weighted_plus1_rel", "sum_dual_weighted_plus1_rel", "sum_dual_weighted_plus1_rel", "sum_dual_weighted_plus1_rel", "sum_dual_weighted_plus1_rel", "sum_dual_weighted_plus1_rel", "sum_dual_weighted_plus1_rel", "sum_dual_weighted_plus1_rel", "sum_dual_weighted_plus1_rel", "sum_dual_weighted_plus1_rel", "sum_dual_weighted_plus1_rel", "sum_dual_weighted_plus1_rel", "sum_dual_weighted_plus1_rel", "sum_dual_weighted_plus1_rel", "sum_dual_weighted_plus1_rel", "sum_dual_weighted_plus1_rel", "sum_dual_weighted_plus1_rel", "sum_dual_weighted_plus1_rel", "sum_dual_weighted_plus1_rel", "sum_dual_weighted_plus1_rel", "sum_dual_weighted_plus1_rel", "sum_dual_weighted_plus1_rel"], "LBImprovements": [8.13144, 4.39219, 11.9388, 3.83008, 3.5522, 4.77677, 3.46035, 2.87385, 2.61763, 2.53394, 2.21215, 6.81347, 2.21964, 3.53702, 0.85926, 2.37793, 4.37299, 6.16797, 1.64333, 1.1956, 2.00026, 1.93672, 1.21154, 4.24763, 2.27286, 0.291572, 2.45592, 2.49966, 3.36742, 3.35002, 0.3732, 3.77418, 2.86846, 2.46463, 1.32642, 1.45195, 0.708465, 0.99906, 4.26949, 2.08032, 2.48927, 0.603004, 0.193609, 0.374446, 0.505855, 4.68687, 0.609923, 0.254551, 0.548708, 0.259333, 0.821967, 2.97669, 0.249753, 0.189546, 0.301109, 0.40323, 2.76152, 0.14278, 0.376326, 0.380092, 0.281007, 0.271707, 0.122006, 3.74084, 0.0910758, 0.227902], "InfeasibleNodes": 3, "ElapsedTimeCoeffs": 0, "LinearizationTime": 0.000431489, "NumberOfVariables": 12, "CallsToLinearSolver": 133, "LinearGenerationTime": 0.250053, "SDPCutsGenerationTime": 0, "CallsToNonLinearSolver": 10, "StrongBranchingExtraTime": 4.44078, "ElapsedTimeWeightedCoeffs": 0, "NodesDiscardedByFathoming": 0, "NodesDiscardedByTolerance": 64, "BoundFactorConstraintsTime": 0.0203399, "ElapsedTimeVarsInConstraints": 0.000034843, "meanBTRelativeChangeRootNode": 0, "NumberOfBoundFactorConstraints": 85, "NumberOfLAPACKConvergenceFailures": 0, "NumberOfRLTVariablesAfterLinearization": 46}