{"Itbt": 0, "Pace": 1.04111, "Depth": 8, "Degree": 4, "RPSTime": 0.231131, "FBBTTime": 0, "OBBTTime": 0, "TotalTime": 1.77645, "Iterations": 21, "LinearTime": 0.376832, "LowerBound": 25.0678, "TimeVector": [0.471818, 0.540102, 0.60542, 0.6789, 0.754396, 0.816726, 0.881985, 0.955137, 1.01857, 1.07232, 1.1348, 1.1977, 1.26184, 1.31573, 1.37634, 1.45222, 1.51849, 1.58319, 1.64666, 1.71209, 3.48854], "UpperBound": 25.0912, "rootBTTime": 0, "LowerBounds": {"1": 24.5235, "2": 24.8976, "3": 24.9459, "4": 24.9459, "7": 24.9698, "8": 24.9844, "9": 24.9987, "10": 25.0053, "11": 25.0128, "12": 25.0332, "13": 25.0397, "14": 25.0424, "15": 25.0502, "16": 25.051, "17": 25.0565, "18": 25.0618, "19": 25.0631, "20": 25.0654, "21": 25.0678}, "SolveResult": 0, "UpperBounds": {"1": 25.0912}, "MaxQueueSize": 7, "VisitedNodes": 43, "BranchingVars": [5, 7, 8, 7, 8, 8, 0, 0, 8, 8, 0, 8, 0, 8, 8, 8, 0, 8, 8, 8, 7], "NonLinearTime": 0.17192, "OptimalityGap": 0.023448, "BranchingRules": ["eigen_cen_alternative_rel", "eigen_cen_alternative_rel", "eigen_cen_alternative_rel", "eigen_cen_alternative_rel", "eigen_cen_alternative_rel", "eigen_cen_alternative_rel", "eigen_cen_alternative_rel", "eigen_cen_alternative_rel", "eigen_cen_alternative_rel", "eigen_cen_alternative_rel", "eigen_cen_alternative_rel", "eigen_cen_alternative_rel", "eigen_cen_alternative_rel", "eigen_cen_alternative_rel", "eigen_cen_alternative_rel", "eigen_cen_alternative_rel", "eigen_cen_alternative_rel", "eigen_cen_alternative_rel", "eigen_cen_alternative_rel", "eigen_cen_alternative_rel", "eigen_cen_alternative_rel"], "LBImprovements": [0.374096, 0.0482791, 0.059422, 0, 0.0239518, 0.0528704, 0.0633393, 0.151214, 0.0140839, 0.0370702, 0.0269315, 0.0286451, 0.0112879, 0.0230991, 0.017544, 0.0173121, 0.0266427, 0.0107957, 0.0126799, 0.00586363, 0.0225956], "InfeasibleNodes": 0, "ElapsedTimeCoeffs": 0, "LinearizationTime": 0.000473715, "NumberOfVariables": 12, "CallsToLinearSolver": 43, "LinearGenerationTime": 0.0896924, "SDPCutsGenerationTime": 0, "CallsToNonLinearSolver": 8, "StrongBranchingExtraTime": 1.20873, "ElapsedTimeWeightedCoeffs": 0, "NodesDiscardedByFathoming": 0, "NodesDiscardedByTolerance": 22, "BoundFactorConstraintsTime": 0.00496209, "ElapsedTimeVarsInConstraints": 0.000028154, "meanBTRelativeChangeRootNode": 0, "NumberOfBoundFactorConstraints": 86, "NumberOfLAPACKConvergenceFailures": 0, "NumberOfRLTVariablesAfterLinearization": 51}