{"Itbt": 0, "Pace": 0.00983318, "Depth": 12, "Degree": 6, "RPSTime": 0.821871, "FBBTTime": 0, "OBBTTime": 0, "TotalTime": 5.19011, "Iterations": 31, "LinearTime": 0.915244, "LowerBound": 252.902, "TimeVector": [0.628741, 0.781236, 0.953565, 1.08615, 1.23559, 1.38192, 1.52191, 1.67521, 1.82362, 1.97198, 2.13098, 2.27437, 2.41551, 2.56064, 2.70935, 2.86682, 3.00671, 3.16425, 3.32186, 3.47338, 3.65686, 3.8061, 3.95944, 4.11064, 4.26264, 4.39725, 4.56733, 4.72569, 4.87684, 5.02763, 10.2177], "UpperBound": 253.099, "rootBTTime": 0, "LowerBounds": {"1": 128.775, "2": 170.412, "3": 179.513, "4": 209.31, "5": 210.373, "6": 211.549, "7": 226.064, "8": 227.682, "9": 227.772, "10": 235.732, "11": 237.623, "12": 242.568, "13": 244.825, "14": 248.973, "15": 249.083, "16": 249.454, "17": 249.67, "18": 249.84, "19": 251.028, "20": 251.875, "21": 251.883, "22": 251.96, "23": 252.435, "24": 252.45, "25": 252.734, "26": 252.752, "27": 252.759, "28": 252.772, "29": 252.786, "30": 252.81, "31": 252.902}, "SolveResult": 0, "UpperBounds": {"1": 253.099}, "MaxQueueSize": 7, "VisitedNodes": 63, "BranchingVars": [4, 0, 0, 2, 2, 2, 0, 3, 3, 0, 2, 3, 2, 3, 3, 4, 4, 3, 3, 5, 0, 4, 2, 2, 5, 5, 0, 2, 3, 3, 3], "NonLinearTime": 0.167562, "OptimalityGap": 0.196549, "BranchingRules": ["sum_dual_weighted_plus1_rel", "sum_dual_weighted_plus1_rel", "sum_dual_weighted_plus1_rel", "sum_dual_weighted_plus1_rel", "sum_dual_weighted_plus1_rel", "sum_dual_weighted_plus1_rel", "sum_dual_weighted_plus1_rel", "sum_dual_weighted_plus1_rel", "sum_dual_weighted_plus1_rel", "sum_dual_weighted_plus1_rel", "sum_dual_weighted_plus1_rel", "sum_dual_weighted_plus1_rel", "sum_dual_weighted_plus1_rel", "sum_dual_weighted_plus1_rel", "sum_dual_weighted_plus1_rel", "sum_dual_weighted_plus1_rel", "sum_dual_weighted_plus1_rel", "sum_dual_weighted_plus1_rel", "sum_dual_weighted_plus1_rel", "sum_dual_weighted_plus1_rel", "sum_dual_weighted_plus1_rel", "sum_dual_weighted_plus1_rel", "sum_dual_weighted_plus1_rel", "sum_dual_weighted_plus1_rel", "sum_dual_weighted_plus1_rel", "sum_dual_weighted_plus1_rel", "sum_dual_weighted_plus1_rel", "sum_dual_weighted_plus1_rel", "sum_dual_weighted_plus1_rel", "sum_dual_weighted_plus1_rel", "sum_dual_weighted_plus1_rel"], "LBImprovements": [41.6365, 38.898, 30.8593, 10000000000.0, 17.3096, 14.5151, 10000000000.0, 8.04919, 24.1887, 6.83689, 11.4595, 2.25629, 4.14848, 0.697058, 24.7265, 1.57424, 2.20427, 8.6661, 1.70625, 0.560145, 1.33091, 6.7284, 0.375138, 0.321976, 0.460537, 0.457474, 10000000000.0, 10000000000.0, 0.116325, 0.31442, 0.332153], "InfeasibleNodes": 17, "ElapsedTimeCoeffs": 0, "LinearizationTime": 0.00193672, "NumberOfVariables": 6, "CallsToLinearSolver": 63, "LinearGenerationTime": 0.226295, "SDPCutsGenerationTime": 0, "CallsToNonLinearSolver": 8, "StrongBranchingExtraTime": 3.96954, "ElapsedTimeWeightedCoeffs": 0, "NodesDiscardedByFathoming": 0, "NodesDiscardedByTolerance": 15, "BoundFactorConstraintsTime": 0.0977825, "ElapsedTimeVarsInConstraints": 0.000031657, "meanBTRelativeChangeRootNode": 0, "NumberOfBoundFactorConstraints": 148, "NumberOfLAPACKConvergenceFailures": 0, "NumberOfRLTVariablesAfterLinearization": 92}