{"Itbt": 0, "Pace": 0.0102008, "Depth": 10, "Degree": 6, "RPSTime": 10.7353, "FBBTTime": 0, "OBBTTime": 0, "TotalTime": 122.15, "Iterations": 60, "LinearTime": 15.9616, "LowerBound": 1850.23, "TimeVector": [2.5204, 4.78062, 6.69996, 8.92496, 10.6953, 12.9119, 14.9405, 16.8281, 18.8032, 21.0738, 23.1274, 25.6651, 27.6776, 29.5501, 31.3917, 33.3293, 35.7513, 38.0238, 40.087, 41.8533, 43.9894, 46.1006, 48.2797, 50.2232, 52.0503, 53.8377, 55.824, 57.7495, 59.5189, 61.7343, 64.0245, 65.9164, 68.4245, 70.8713, 72.9573, 75.1121, 77.418, 79.3957, 81.0582, 82.9582, 85.0551, 86.9469, 88.8253, 90.8249, 92.5255, 94.1597, 95.9761, 97.7117, 99.9839, 102.242, 104.346, 106.33, 108.204, 110.16, 112.112, 114.064, 116.16, 118.022, 120.043, 149.668], "UpperBound": 1851.95, "rootBTTime": 0, "LowerBounds": {"1": 107.706, "2": 605.2, "3": 616.166, "4": 909.228, "5": 933.045, "6": 996.548, "7": 1022.85, "8": 1228.69, "9": 1237.73, "10": 1267.61, "11": 1303.85, "12": 1320.54, "13": 1323.65, "14": 1364.55, "15": 1417.34, "16": 1425.19, "17": 1434.97, "18": 1493.86, "19": 1525.49, "20": 1541.64, "21": 1541.86, "22": 1558.52, "23": 1559.57, "24": 1581.4, "25": 1599.45, "26": 1600.17, "27": 1608.58, "28": 1632.22, "29": 1654.73, "30": 1673.28, "31": 1681.55, "32": 1688.79, "33": 1698.16, "34": 1707.45, "35": 1728.44, "36": 1735.25, "37": 1759.66, "38": 1764.67, "39": 1782.99, "40": 1787.76, "41": 1788.76, "42": 1789.56, "43": 1812.03, "44": 1814.64, "45": 1815.8, "46": 1825.88, "47": 1828.43, "48": 1835.97, "49": 1836.45, "50": 1839.76, "51": 1841.24, "52": 1841.53, "53": 1842.06, "54": 1843.71, "55": 1845.76, "56": 1849.09, "57": 1849.09, "58": 1849.09, "59": 1849.39, "60": 1850.23}, "SolveResult": 0, "UpperBounds": {"1": 1851.95}, "MaxQueueSize": 21, "VisitedNodes": 121, "BranchingVars": [4, 1, 1, 2, 2, 0, 2, 5, 2, 2, 0, 0, 5, 0, 3, 0, 5, 5, 3, 3, 3, 3, 5, 5, 5, 0, 3, 0, 3, 5, 5, 0, 3, 0, 3, 0, 3, 3, 5, 3, 3, 5, 2, 2, 5, 2, 0, 3, 3, 3, 1, 1, 2, 0, 0, 3, 5, 3, 0, 5], "NonLinearTime": 0.242006, "OptimalityGap": 1.72765, "BranchingRules": ["eigen_cen_alternative_rel", "eigen_cen_alternative_rel", "eigen_cen_alternative_rel", "eigen_cen_alternative_rel", "eigen_cen_alternative_rel", "eigen_cen_alternative_rel", "eigen_cen_alternative_rel", "eigen_cen_alternative_rel", "eigen_cen_alternative_rel", "eigen_cen_alternative_rel", "eigen_cen_alternative_rel", "eigen_cen_alternative_rel", "eigen_cen_alternative_rel", "eigen_cen_alternative_rel", "eigen_cen_alternative_rel", "eigen_cen_alternative_rel", "eigen_cen_alternative_rel", "eigen_cen_alternative_rel", "eigen_cen_alternative_rel", "eigen_cen_alternative_rel", "eigen_cen_alternative_rel", "eigen_cen_alternative_rel", "eigen_cen_alternative_rel", "eigen_cen_alternative_rel", "eigen_cen_alternative_rel", "eigen_cen_alternative_rel", "eigen_cen_alternative_rel", "eigen_cen_alternative_rel", "eigen_cen_alternative_rel", "eigen_cen_alternative_rel", "eigen_cen_alternative_rel", "eigen_cen_alternative_rel", "eigen_cen_alternative_rel", "eigen_cen_alternative_rel", "eigen_cen_alternative_rel", "eigen_cen_alternative_rel", "eigen_cen_alternative_rel", "eigen_cen_alternative_rel", "eigen_cen_alternative_rel", "eigen_cen_alternative_rel", "eigen_cen_alternative_rel", "eigen_cen_alternative_rel", "eigen_cen_alternative_rel", "eigen_cen_alternative_rel", "eigen_cen_alternative_rel", "eigen_cen_alternative_rel", "eigen_cen_alternative_rel", "eigen_cen_alternative_rel", "eigen_cen_alternative_rel", "eigen_cen_alternative_rel", "eigen_cen_alternative_rel", "eigen_cen_alternative_rel", "eigen_cen_alternative_rel", "eigen_cen_alternative_rel", "eigen_cen_alternative_rel", "eigen_cen_alternative_rel", "eigen_cen_alternative_rel", "eigen_cen_alternative_rel", "eigen_cen_alternative_rel", "eigen_cen_alternative_rel"], "LBImprovements": [497.493, 304.028, 316.879, 455.326, 295.642, 241.179, 281.001, 188.653, 321.838, 226.25, 237.789, 204.951, 218.206, 234.896, 182.832, 229.541, 272.478, 204.298, 527.994, 377.965, 146.926, 229.244, 229.196, 254.57, 249.641, 182.815, 219.857, 157.339, 187.324, 190.772, 216.297, 252.091, 192.666, 181.594, 199.343, 144.678, 106.007, 108.154, 29.0459, 77.3856, 548.888, 25.0793, 31.6786, 26.6062, 75.5295, 23.5084, 72.8957, 10000000000.0, 162.862, 263.316, 7.84812, 11.6736, 54.817, 12.2088, 11.0816, 253.74, 1.13512, 10000000000.0, 13.769, 0.614951], "InfeasibleNodes": 6, "ElapsedTimeCoeffs": 0, "LinearizationTime": 0.0194809, "NumberOfVariables": 6, "CallsToLinearSolver": 121, "LinearGenerationTime": 0.81199, "SDPCutsGenerationTime": 0, "CallsToNonLinearSolver": 9, "StrongBranchingExtraTime": 104.374, "ElapsedTimeWeightedCoeffs": 0, "NodesDiscardedByFathoming": 0, "NodesDiscardedByTolerance": 55, "BoundFactorConstraintsTime": 1.27936, "ElapsedTimeVarsInConstraints": 0.000046628, "meanBTRelativeChangeRootNode": 0, "NumberOfBoundFactorConstraints": 712, "NumberOfLAPACKConvergenceFailures": 0, "NumberOfRLTVariablesAfterLinearization": 262}