{"Itbt": 0, "Pace": 0.027113, "Depth": 8, "Degree": 5, "RPSTime": 0.548247, "FBBTTime": 0, "OBBTTime": 0, "TotalTime": 6.75238, "Iterations": 25, "LinearTime": 6.1181, "LowerBound": 594.153, "TimeVector": [0.487137, 0.766248, 1.13882, 1.40741, 1.67834, 2.00994, 2.29617, 2.55943, 2.8129, 3.09672, 3.34971, 3.55662, 3.89448, 4.19091, 4.38721, 4.60266, 4.82371, 5.01343, 5.19018, 5.45289, 5.83567, 6.09297, 6.29579, 6.50198, 13.2544], "UpperBound": 594.718, "rootBTTime": 0, "LowerBounds": {"1": 345.108, "2": 484.776, "3": 512.824, "4": 537.183, "5": 556.181, "6": 558.233, "7": 558.547, "8": 566.869, "9": 574.19, "10": 579.79, "11": 583.385, "12": 584.448, "13": 584.877, "14": 586.198, "15": 587.339, "16": 589.187, "17": 590.299, "18": 590.964, "19": 592.391, "20": 592.915, "21": 593.561, "22": 593.699, "23": 594.024, "24": 594.024, "25": 594.153}, "SolveResult": 0, "UpperBounds": {"1": 594.718}, "MaxQueueSize": 6, "VisitedNodes": 51, "BranchingVars": [7, 5, 4, 6, 7, 3, 5, 4, 7, 0, 4, 5, 2, 2, 7, 5, 4, 7, 6, 3, 4, 7, 4, 4, 6], "NonLinearTime": 0.0860135, "OptimalityGap": 0.565169, "BranchingRules": ["sum_dual_weighted_plus1", "sum_dual_weighted_plus1", "sum_dual_weighted_plus1", "sum_dual_weighted_plus1", "sum_dual_weighted_plus1", "sum_dual_weighted_plus1", "sum_dual_weighted_plus1", "sum_dual_weighted_plus1", "sum_dual_weighted_plus1", "sum_dual_weighted_plus1", "sum_dual_weighted_plus1", "sum_dual_weighted_plus1", "sum_dual_weighted_plus1", "sum_dual_weighted_plus1", "sum_dual_weighted_plus1", "sum_dual_weighted_plus1", "sum_dual_weighted_plus1", "sum_dual_weighted_plus1", "sum_dual_weighted_plus1", "sum_dual_weighted_plus1", "sum_dual_weighted_plus1", "sum_dual_weighted_plus1", "sum_dual_weighted_plus1", "sum_dual_weighted_plus1", "sum_dual_weighted_plus1"], "LBImprovements": [139.668, 52.4078, 45.7236, 18.9978, 10.6873, 26.6436, 21.243, 27.4217, 9.19537, 6.40802, 18.5422, 2.89057, 32.3661, 20.3481, 2.96004, 1.77743, 3.73517, 4.54957, 1.63331, 0.784318, 10.727, 5.4629, 0.961971, 0.961968, 0.680329], "InfeasibleNodes": 0, "ElapsedTimeCoeffs": 0, "LinearizationTime": 0.0269013, "NumberOfVariables": 8, "CallsToLinearSolver": 51, "LinearGenerationTime": 0.251112, "SDPCutsGenerationTime": 0, "CallsToNonLinearSolver": 8, "StrongBranchingExtraTime": 0, "ElapsedTimeWeightedCoeffs": 0, "NodesDiscardedByFathoming": 0, "NodesDiscardedByTolerance": 26, "BoundFactorConstraintsTime": 0.441074, "ElapsedTimeVarsInConstraints": 0.000071774, "meanBTRelativeChangeRootNode": 0, "NumberOfBoundFactorConstraints": 942, "NumberOfLAPACKConvergenceFailures": 0, "NumberOfRLTVariablesAfterLinearization": 315}