{"Itbt": 0, "Pace": 0.166986, "Depth": 11, "Degree": 5, "RPSTime": 166.02, "FBBTTime": 0, "OBBTTime": 0, "TotalTime": 587.312, "Iterations": 134, "LinearTime": 420.9, "LowerBound": 28765.3, "TimeVector": [4.9365, 7.37105, 10.1439, 12.8376, 15.368, 18.8214, 21.5704, 24.5969, 27.6114, 30.8306, 33.7881, 38.275, 41.4159, 44.4642, 47.7426, 51.823, 54.873, 58.1245, 61.1414, 64.1788, 67.0463, 72.9506, 77.1681, 80.7039, 84.6823, 88.3833, 91.7443, 95.397, 98.5209, 101.751, 105.268, 109.321, 113.825, 117.345, 121.951, 125.322, 128.762, 132.219, 135.961, 142.089, 145.702, 149.307, 152.961, 156.422, 159.784, 164.88, 168.231, 172.247, 175.433, 179.175, 184.405, 187.631, 191.166, 197.208, 203.698, 207.005, 212.359, 216.655, 220.706, 224.294, 227.804, 230.924, 236.291, 241.26, 244.741, 249.922, 256.844, 260.79, 264.435, 269.004, 273.349, 277.93, 281.28, 284.63, 287.888, 292.218, 296.484, 299.967, 303.456, 308.456, 313.993, 317.911, 322.001, 326.283, 331.955, 342.594, 347.109, 351.073, 354.9, 358.497, 364.059, 368.576, 372.539, 377.665, 381.001, 385.274, 389.783, 393.412, 398.205, 404.87, 410.065, 415.658, 421.585, 426.903, 430.748, 435.028, 439.399, 444.295, 448.708, 453.486, 459.753, 463.239, 469.065, 474.091, 482.411, 491.882, 496.898, 502.256, 505.827, 510.253, 516.22, 520.265, 524.656, 530.409, 537.289, 545.468, 552.266, 559.974, 563.951, 568.074, 573.084, 576.997, 580.883, 615.929], "UpperBound": 28794.1, "rootBTTime": 0, "LowerBounds": {"1": 25248.1, "2": 26069.9, "3": 26946.3, "4": 26968.9, "5": 27214.3, "6": 27622.3, "7": 27699.7, "8": 27789.1, "9": 27874.7, "10": 27876.5, "11": 27992.8, "12": 28016.3, "13": 28140.4, "14": 28144.7, "15": 28187.4, "16": 28190.4, "17": 28223.2, "18": 28238.1, "19": 28244.7, "20": 28250.9, "21": 28272.5, "22": 28303, "23": 28320.1, "24": 28328.4, "25": 28344.8, "26": 28402.3, "27": 28409.4, "28": 28436.9, "29": 28452, "30": 28467, "31": 28484.4, "32": 28506.9, "33": 28510.5, "34": 28528.9, "35": 28546.9, "36": 28556.4, "37": 28562, "38": 28566.9, "39": 28571.3, "40": 28575.4, "41": 28576.4, "42": 28577.7, "43": 28584, "44": 28584.6, "45": 28586.5, "46": 28586.5, "47": 28590.5, "48": 28606.4, "49": 28609.2, "50": 28611.6, "51": 28612.6, "52": 28623.6, "53": 28628.8, "54": 28638.4, "55": 28647.4, "56": 28649.4, "57": 28650.4, "58": 28650.8, "59": 28654.2, "60": 28654.6, "61": 28656, "62": 28658.1, "63": 28660.1, "64": 28670.1, "65": 28670.2, "66": 28670.8, "67": 28673.5, "68": 28675.8, "69": 28679.8, "70": 28684.3, "71": 28684.6, "72": 28691.3, "73": 28691.6, "74": 28692.7, "75": 28693, "76": 28693.9, "77": 28694.6, "78": 28694.8, "79": 28699.7, "80": 28704.2, "81": 28704.9, "82": 28704.9, "83": 28707.8, "84": 28708.4, "85": 28710.1, "86": 28711.8, "87": 28712.1, "88": 28713.3, "89": 28713.5, "90": 28713.7, "91": 28714, "92": 28715.1, "93": 28717.2, "94": 28719.6, "95": 28719.9, "96": 28724.1, "97": 28726.8, "98": 28730, "99": 28730.1, "100": 28731.8, "101": 28733.3, "102": 28733.6, "103": 28734, "104": 28735.8, "105": 28735.9, "106": 28738.3, "107": 28739, "108": 28739.6, "109": 28739.8, "110": 28741.1, "111": 28741.7, "112": 28743, "113": 28743.8, "114": 28744.7, "115": 28747, "116": 28747.7, "117": 28748, "118": 28750.4, "119": 28752.4, "120": 28753.7, "121": 28755.5, "122": 28755.9, "123": 28755.9, "124": 28757.4, "125": 28758.8, "126": 28759.1, "127": 28760, "128": 28760.7, "129": 28761.2, "130": 28761.3, "131": 28762.4, "132": 28763.3, "133": 28764.1, "134": 28765.3}, "SolveResult": 0, "UpperBounds": {"1": 28794.1}, "MaxQueueSize": 44, "VisitedNodes": 269, "BranchingVars": [7, 4, 3, 5, 4, 3, 2, 2, 3, 5, 4, 5, 2, 0, 3, 2, 2, 5, 4, 4, 6, 5, 4, 3, 2, 7, 4, 4, 4, 7, 4, 4, 4, 7, 7, 7, 2, 7, 4, 7, 7, 2, 7, 6, 7, 2, 7, 7, 0, 7, 7, 6, 2, 7, 4, 4, 1, 4, 7, 1, 1, 3, 7, 2, 7, 2, 4, 0, 5, 6, 7, 4, 2, 2, 0, 6, 2, 4, 0, 5, 5, 7, 0, 7, 6, 0, 0, 7, 1, 6, 5, 0, 6, 6, 4, 4, 4, 7, 2, 7, 1, 0, 7, 0, 5, 6, 5, 0, 4, 4, 2, 4, 0, 0, 2, 2, 0, 6, 5, 5, 0, 0, 0, 0, 3, 5, 6, 7, 6, 6, 5, 5, 0, 0], "NonLinearTime": 0.392403, "OptimalityGap": 28.7764, "BranchingRules": ["sum_dual_weighted_plus1", "sum_dual_weighted_plus1", "sum_dual_weighted_plus1", "sum_dual_weighted_plus1", "sum_dual_weighted_plus1", "sum_dual_weighted_plus1", "sum_dual_weighted_plus1", "sum_dual_weighted_plus1", "sum_dual_weighted_plus1", "sum_dual_weighted_plus1", "sum_dual_weighted_plus1", "sum_dual_weighted_plus1", "sum_dual_weighted_plus1", "sum_dual_weighted_plus1", "sum_dual_weighted_plus1", "sum_dual_weighted_plus1", "sum_dual_weighted_plus1", "sum_dual_weighted_plus1", "sum_dual_weighted_plus1", "sum_dual_weighted_plus1", "sum_dual_weighted_plus1", "sum_dual_weighted_plus1", "sum_dual_weighted_plus1", "sum_dual_weighted_plus1", "sum_dual_weighted_plus1", "sum_dual_weighted_plus1", "sum_dual_weighted_plus1", "sum_dual_weighted_plus1", "sum_dual_weighted_plus1", "sum_dual_weighted_plus1", "sum_dual_weighted_plus1", "sum_dual_weighted_plus1", "sum_dual_weighted_plus1", "sum_dual_weighted_plus1", "sum_dual_weighted_plus1", "sum_dual_weighted_plus1", "sum_dual_weighted_plus1", "sum_dual_weighted_plus1", "sum_dual_weighted_plus1", "sum_dual_weighted_plus1", "sum_dual_weighted_plus1", "sum_dual_weighted_plus1", "sum_dual_weighted_plus1", "sum_dual_weighted_plus1", "sum_dual_weighted_plus1", "sum_dual_weighted_plus1", "sum_dual_weighted_plus1", "sum_dual_weighted_plus1", "sum_dual_weighted_plus1", "sum_dual_weighted_plus1", "sum_dual_weighted_plus1", "sum_dual_weighted_plus1", "sum_dual_weighted_plus1", "sum_dual_weighted_plus1", "sum_dual_weighted_plus1", "sum_dual_weighted_plus1", "sum_dual_weighted_plus1", "sum_dual_weighted_plus1", "sum_dual_weighted_plus1", "sum_dual_weighted_plus1", "sum_dual_weighted_plus1", "sum_dual_weighted_plus1", "sum_dual_weighted_plus1", "sum_dual_weighted_plus1", "sum_dual_weighted_plus1", "sum_dual_weighted_plus1", "sum_dual_weighted_plus1", "sum_dual_weighted_plus1", "sum_dual_weighted_plus1", "sum_dual_weighted_plus1", "sum_dual_weighted_plus1", "sum_dual_weighted_plus1", "sum_dual_weighted_plus1", "sum_dual_weighted_plus1", "sum_dual_weighted_plus1", "sum_dual_weighted_plus1", "sum_dual_weighted_plus1", "sum_dual_weighted_plus1", "sum_dual_weighted_plus1", "sum_dual_weighted_plus1", "sum_dual_weighted_plus1", "sum_dual_weighted_plus1", "sum_dual_weighted_plus1", "sum_dual_weighted_plus1", "sum_dual_weighted_plus1", "sum_dual_weighted_plus1", "sum_dual_weighted_plus1", "sum_dual_weighted_plus1", "sum_dual_weighted_plus1", "sum_dual_weighted_plus1", "sum_dual_weighted_plus1", "sum_dual_weighted_plus1", "sum_dual_weighted_plus1", "sum_dual_weighted_plus1", "sum_dual_weighted_plus1", "sum_dual_weighted_plus1", "sum_dual_weighted_plus1", "sum_dual_weighted_plus1", "sum_dual_weighted_plus1", "sum_dual_weighted_plus1", "sum_dual_weighted_plus1", "sum_dual_weighted_plus1", "sum_dual_weighted_plus1", "sum_dual_weighted_plus1", "sum_dual_weighted_plus1", "sum_dual_weighted_plus1", "sum_dual_weighted_plus1", "sum_dual_weighted_plus1", "sum_dual_weighted_plus1", "sum_dual_weighted_plus1", "sum_dual_weighted_plus1", "sum_dual_weighted_plus1", "sum_dual_weighted_plus1", "sum_dual_weighted_plus1", "sum_dual_weighted_plus1", "sum_dual_weighted_plus1", "sum_dual_weighted_plus1", "sum_dual_weighted_plus1", "sum_dual_weighted_plus1", "sum_dual_weighted_plus1", "sum_dual_weighted_plus1", "sum_dual_weighted_plus1", "sum_dual_weighted_plus1", "sum_dual_weighted_plus1", "sum_dual_weighted_plus1", "sum_dual_weighted_plus1", "sum_dual_weighted_plus1", "sum_dual_weighted_plus1", "sum_dual_weighted_plus1", "sum_dual_weighted_plus1", "sum_dual_weighted_plus1", "sum_dual_weighted_plus1", "sum_dual_weighted_plus1", "sum_dual_weighted_plus1"],