{"Itbt": 0, "Pace": 0.105251, "Depth": 10, "Degree": 5, "RPSTime": 74.3947, "FBBTTime": 0, "OBBTTime": 0, "TotalTime": 368.401, "Iterations": 62, "LinearTime": 293.673, "LowerBound": 36730.6, "TimeVector": [5.28996, 7.92843, 10.6005, 13.6335, 16.6589, 19.3305, 26.5312, 29.3341, 32.5349, 35.2558, 38.8677, 41.7329, 45.0506, 58.6771, 61.7007, 64.5979, 68.1657, 71.6675, 78.806, 82.5153, 87.0501, 91.5932, 99.0625, 112.239, 115.552, 118.994, 122.449, 125.754, 144.743, 149.87, 154.99, 157.949, 163.085, 166.959, 169.939, 172.98, 176.962, 184.808, 188.328, 193.375, 197.055, 210.432, 218.149, 221.587, 226.696, 231.043, 236.8, 240.508, 250.83, 265.858, 275.086, 278.772, 283.001, 286.568, 290.247, 302.283, 319.164, 322.868, 328.22, 334.155, 347.554, 396.791], "UpperBound": 36765.9, "rootBTTime": 0, "LowerBounds": {"1": 33230.4, "2": 34122.6, "3": 34339.8, "4": 34627, "5": 34985.8, "6": 34996.7, "7": 35326.9, "8": 35333.5, "9": 35459.4, "10": 35511.4, "11": 35565.4, "12": 35568.9, "13": 35775.7, "14": 35891.2, "15": 35906.6, "16": 35933.2, "17": 35968.8, "18": 36073.5, "19": 36106.6, "20": 36160.6, "21": 36224.3, "22": 36299.1, "23": 36301.7, "24": 36321.6, "25": 36364.3, "26": 36383.1, "27": 36397.3, "28": 36420.4, "29": 36442.2, "30": 36461, "31": 36465.9, "32": 36466.4, "33": 36473.4, "34": 36493.9, "35": 36528.5, "36": 36542.7, "37": 36551.9, "38": 36554, "39": 36559.2, "40": 36578.1, "41": 36587.3, "42": 36595.3, "43": 36616.3, "44": 36623.2, "45": 36648.2, "46": 36657.1, "47": 36680.3, "48": 36681.3, "49": 36681.3, "50": 36681.5, "51": 36684.5, "52": 36689, "53": 36692.4, "54": 36692.7, "55": 36692.8, "56": 36697.7, "57": 36706.9, "58": 36711.4, "59": 36712.4, "60": 36722.7, "61": 36727.9, "62": 36730.6}, "SolveResult": 0, "UpperBounds": {"1": 36765.9}, "MaxQueueSize": 19, "VisitedNodes": 125, "BranchingVars": [2, 0, 7, 7, 1, 0, 5, 3, 3, 3, 3, 3, 3, 0, 4, 3, 0, 3, 4, 3, 0, 4, 4, 3, 4, 0, 5, 1, 4, 1, 1, 7, 4, 5, 5, 4, 2, 2, 1, 1, 1, 4, 5, 5, 1, 2, 3, 5, 2, 0, 7, 4, 7, 7, 0, 5, 3, 5, 3, 7, 4, 5], "NonLinearTime": 0.332617, "OptimalityGap": 35.2944, "BranchingRules": ["sum_dual_weighted_plus1", "sum_dual_weighted_plus1", "sum_dual_weighted_plus1", "sum_dual_weighted_plus1", "sum_dual_weighted_plus1", "sum_dual_weighted_plus1", "sum_dual_weighted_plus1", "sum_dual_weighted_plus1", "sum_dual_weighted_plus1", "sum_dual_weighted_plus1", "sum_dual_weighted_plus1", "sum_dual_weighted_plus1", "sum_dual_weighted_plus1", "sum_dual_weighted_plus1", "sum_dual_weighted_plus1", "sum_dual_weighted_plus1", "sum_dual_weighted_plus1", "sum_dual_weighted_plus1", "sum_dual_weighted_plus1", "sum_dual_weighted_plus1", "sum_dual_weighted_plus1", "sum_dual_weighted_plus1", "sum_dual_weighted_plus1", "sum_dual_weighted_plus1", "sum_dual_weighted_plus1", "sum_dual_weighted_plus1", "sum_dual_weighted_plus1", "sum_dual_weighted_plus1", "sum_dual_weighted_plus1", "sum_dual_weighted_plus1", "sum_dual_weighted_plus1", "sum_dual_weighted_plus1", "sum_dual_weighted_plus1", "sum_dual_weighted_plus1", "sum_dual_weighted_plus1", "sum_dual_weighted_plus1", "sum_dual_weighted_plus1", "sum_dual_weighted_plus1", "sum_dual_weighted_plus1", "sum_dual_weighted_plus1", "sum_dual_weighted_plus1", "sum_dual_weighted_plus1", "sum_dual_weighted_plus1", "sum_dual_weighted_plus1", "sum_dual_weighted_plus1", "sum_dual_weighted_plus1", "sum_dual_weighted_plus1", "sum_dual_weighted_plus1", "sum_dual_weighted_plus1", "sum_dual_weighted_plus1", "sum_dual_weighted_plus1", "sum_dual_weighted_plus1", "sum_dual_weighted_plus1", "sum_dual_weighted_plus1", "sum_dual_weighted_plus1", "sum_dual_weighted_plus1", "sum_dual_weighted_plus1", "sum_dual_weighted_plus1", "sum_dual_weighted_plus1", "sum_dual_weighted_plus1", "sum_dual_weighted_plus1", "sum_dual_weighted_plus1"], "LBImprovements": [892.112, 504.409, 646.036, 832.444, 341.103, 336.733, 448.812, 573.097, 904.864, 1017.01, 325.758, 897.509, 448.601, 182.315, 254.053, 365.866, 332.925, 368.67, 354.408, 462.564, 241.576, 279.09, 252.305, 576.803, 347.105, 204.18, 355.465, 268.549, 255.568, 90.8962, 129.367, 732.505, 207.939, 163.137, 440.885, 388.846, 140.852, 174.249, 125.339, 158.129, 190.105, 86.0416, 63.9797, 399.801, 231.129, 73.5539, 42.3994, 324.695, 60.6463, 25.456, 96.9905, 351.985, 77.9728, 531.248, 76.0362, 258.337, 38.0475, 557.297, 37.0376, 18.673, 33.9158, 131.335], "InfeasibleNodes": 0, "ElapsedTimeCoeffs": 0, "LinearizationTime": 1.67791, "NumberOfVariables": 8, "CallsToLinearSolver": 125, "LinearGenerationTime": 13.2463, "SDPCutsGenerationTime": 0, "CallsToNonLinearSolver": 9, "StrongBranchingExtraTime": 0, "ElapsedTimeWeightedCoeffs": 0, "NodesDiscardedByFathoming": 0, "NodesDiscardedByTolerance": 63, "BoundFactorConstraintsTime": 67.7131, "ElapsedTimeVarsInConstraints": 0.000755158, "meanBTRelativeChangeRootNode": 0, "NumberOfBoundFactorConstraints": 15504, "NumberOfLAPACKConvergenceFailures": 0, "NumberOfRLTVariablesAfterLinearization": 1278}