{"Itbt": 0, "Pace": 0.113342, "Depth": 14, "Degree": 5, "RPSTime": 4.55637, "FBBTTime": 0, "OBBTTime": 0, "TotalTime": 64.0644, "Iterations": 203, "LinearTime": 59.3882, "LowerBound": 1266.97, "TimeVector": [0.527615, 0.861178, 1.19769, 1.53407, 1.83973, 2.16322, 2.48715, 2.80403, 3.08212, 3.46083, 3.77352, 4.10246, 4.43028, 4.72169, 5.02983, 5.37199, 5.70255, 6.02385, 6.351, 6.70481, 7.05941, 7.36745, 7.64496, 7.97896, 8.30651, 8.66064, 8.94656, 9.31124, 9.6721, 10.0085, 10.2842, 10.5897, 10.899, 11.2037, 11.4811, 11.7781, 12.0686, 12.4278, 12.7448, 13.1067, 13.4586, 13.772, 14.0634, 14.4436, 14.7599, 15.0477, 15.358, 15.714, 16.0368, 16.3489, 16.64, 16.9376, 17.2416, 17.543, 17.874, 18.1672, 18.4609, 18.7443, 19.0549, 19.3194, 19.6136, 19.9107, 20.2188, 20.5604, 20.8877, 21.1775, 21.4934, 21.79, 22.0903, 22.409, 22.7456, 23.0668, 23.3741, 23.6826, 23.9941, 24.2787, 24.6233, 24.9049, 25.2468, 25.6614, 25.9942, 26.2872, 26.5865, 26.9116, 27.2357, 27.5389, 27.8336, 28.1339, 28.4186, 28.7093, 29.0081, 29.3685, 29.7165, 30.0291, 30.3554, 30.6685, 30.9615, 31.2424, 31.5113, 31.818, 32.1324, 32.4286, 32.7248, 33.0584, 33.3595, 33.6821, 33.996, 34.2599, 34.6283, 34.9294, 35.2482, 35.496, 35.834, 36.1564, 36.4587, 36.7615, 37.0509, 37.3547, 37.6706, 38.0099, 38.351, 38.6374, 38.9619, 39.3012, 39.6221, 39.9023, 40.1975, 40.545, 40.8769, 41.1594, 41.4507, 41.7074, 42.033, 42.2967, 42.5847, 42.8895, 43.2062, 43.5512, 43.8378, 44.1345, 44.5189, 44.7882, 45.1283, 45.4077, 45.7256, 46.0151, 46.3355, 46.6343, 46.9875, 47.29, 47.6165, 47.909, 48.2192, 48.4842, 48.8174, 49.1902, 49.492, 49.7844, 50.0469, 50.3514, 50.7032, 51.026, 51.34, 51.6415, 51.9477, 52.297, 52.6572, 52.9689, 53.2662, 53.49, 53.8187, 54.1516, 54.4323, 54.7702, 55.0737, 55.3966, 55.8009, 56.1222, 56.4565, 56.7944, 57.0958, 57.4077, 57.7534, 58.0508, 58.3658, 58.6591, 58.9248, 59.2384, 59.5313, 59.8371, 60.1231, 60.4354, 60.7621, 61.0454, 61.3342, 61.6595, 62.0231, 62.3154, 62.6611, 63.069, 63.3952, 63.7538, 67.6951], "UpperBound": 1267.97, "rootBTTime": 0, "LowerBounds": {"1": 701.742, "2": 827.834, "3": 835.796, "4": 912.252, "5": 912.738, "6": 933.511, "7": 946.28, "8": 986.824, "9": 996.591, "10": 999.246, "11": 1011.83, "12": 1035.32, "13": 1048.65, "14": 1050.79, "15": 1051.56, "16": 1075.05, "17": 1081.96, "18": 1091.42, "19": 1099.82, "20": 1114.71, "21": 1121.43, "22": 1124.41, "23": 1128, "24": 1130.54, "25": 1132.85, "26": 1141.29, "27": 1143.92, "28": 1153.34, "29": 1163.43, "30": 1164, "31": 1164.26, "32": 1164.76, "33": 1166.13, "34": 1169.23, "35": 1170.02, "36": 1172.1, "37": 1174.82, "38": 1175.73, "39": 1176.46, "40": 1179.94, "41": 1181.57, "42": 1183.99, "43": 1184.59, "44": 1185.88, "45": 1185.91, "46": 1186.59, "47": 1187.9, "48": 1188.72, "49": 1189.32, "50": 1191.49, "51": 1193.76, "52": 1194.05, "53": 1200.51, "54": 1200.78, "55": 1202.14, "56": 1202.96, "57": 1204.3, "58": 1206.55, "59": 1209.77, "60": 1209.93, "61": 1213.82, "62": 1215.4, "63": 1216.51, "64": 1217.41, "65": 1218, "66": 1219.69, "67": 1223.5, "68": 1223.78, "69": 1223.78, "70": 1225.56, "71": 1227.13, "72": 1227.56, "73": 1228.29, "74": 1228.83, "75": 1229.02, "76": 1232.76, "77": 1233.12, "78": 1233.38, "79": 1233.48, "80": 1233.61, "81": 1234.03, "82": 1234.53, "83": 1234.88, "84": 1235.05, "85": 1235.32, "86": 1235.62, "87": 1236.36, "88": 1236.6, "89": 1236.77, "90": 1237.31, "91": 1237.38, "92": 1237.4, "93": 1238.47, "94": 1239.09, "95": 1239.22, "96": 1239.39, "97": 1239.61, "98": 1239.7, "99": 1239.83, "100": 1240.31, "101": 1240.34, "102": 1240.99, "103": 1241.79, "104": 1243.06, "105": 1243.1, "106": 1243.48, "107": 1244.53, "108": 1244.59, "109": 1244.8, "110": 1246.17, "111": 1246.76, "112": 1247.45, "113": 1248.1, "114": 1248.14, "115": 1248.22, "116": 1248.71, "117": 1249.13, "118": 1249.35, "119": 1249.5, "120": 1250.01, "121": 1250.21, "122": 1250.29, "123": 1250.32, "124": 1250.71, "125": 1251.91, "126": 1252.41, "127": 1252.61, "128": 1252.73, "129": 1252.83, "130": 1252.85, "131": 1253.08, "132": 1253.35, "133": 1253.51, "134": 1253.71, "135": 1253.77, "136": 1254.24, "137": 1254.86, "138": 1255.06, "139": 1255.14, "140": 1255.27, "141": 1256.06, "142": 1256.55, "143": 1256.69, "144": 1257.14, "145": 1257.19, "146": 1257.33, "147": 1257.38, "148": 1257.8, "149": 1257.91, "150": 1258.63, "151": 1259.12, "152": 1259.38, "153": 1259.38, "154": 1259.47, "155": 1259.89, "156": 1260.17, "157": 1260.35, "158": 1260.48, "159": 1260.48, "160": 1260.71, "161": 1261.25, "162": 1261.52, "163": 1261.63, "164": 1262.06, "165": 1262.12, "166": 1262.12, "167": 1262.32, "168": 1262.58, "169": 1262.69, "170": 1262.87, "171": 1262.92, "172": 1263.02, "173": 1263.04, "174": 1263.06, "175": 1263.3, "176": 1263.44, "177": 1263.69, "178": 1264.09, "179": 1264.38, "180": 1264.47, "181": 1264.57, "182": 1264.6, "183": 1264.67, "184": 1264.73, "185": 1264.87, "186": 1264.88, "187": 1265.09, "188": 1265.21, "189": 1265.65, "190": 1265.85, "191": 1265.9, "192": 1266.1, "193": 1266.14, "194": 1266.23, "195": 1266.3, "196": 1266.3, "197": 1266.33, "198": 1266.36, "199": 1266.39, "200": 1266.54, "201": 1266.62, "202": 1266.65, "203": 1266.97}, "SolveResult": 0, "UpperBounds": {"1": 1267.97}, "MaxQueueSize": 61, "VisitedNodes": 407, "BranchingVars": [3, 6, 6, 7, 7, 0, 0, 7, 0, 2, 0, 5, 4, 7, 7, 0, 7, 5, 4, 1, 5, 2, 4, 5, 5, 5, 3, 1, 5, 4, 5, 5, 5, 3, 5, 2, 3, 4, 5, 4, 1, 1, 4, 1, 5, 5, 4, 4, 2, 4, 5, 2, 2, 5, 1, 6, 7, 1, 0, 0, 4, 5, 6, 1, 5, 1, 6, 2, 2, 3, 3, 6, 1, 3, 1, 1, 1, 0, 1, 6, 5, 4, 7, 5, 1, 7, 4, 0, 0, 3, 3, 1, 1, 1, 1, 1, 0, 1, 0, 1, 1, 1, 3, 4, 2, 4, 5, 1, 4, 2, 5, 2, 3, 2, 0, 0, 4, 1, 2, 2, 0, 0, 1, 6, 0, 6, 0, 4, 0, 0, 2, 4, 0, 0, 0, 2, 1, 2, 2, 0, 1, 0, 2, 2, 7, 1, 2, 4, 2, 1, 5, 6, 7, 0, 0, 0, 4, 4, 1, 2, 2, 5, 0, 1, 0, 5, 0, 2, 4, 2, 6, 2, 1, 5, 4, 4, 5, 1, 2, 4, 4, 4, 0, 4, 4, 5, 0, 5, 3, 4, 7, 4, 4, 3, 7, 3, 3, 2, 1, 2, 3, 3, 4], "NonLinearTime": 0.119684, "OptimalityGap": 1.00051,