{"Itbt": 0, "Pace": 0.01609, "Depth": 14, "Degree": 3, "RPSTime": 2.81488, "FBBTTime": 0, "OBBTTime": 0, "TotalTime": 28.7979, "Iterations": 99, "LinearTime": 1.7232, "LowerBound": 233.753, "TimeVector": [0.697563, 1.00783, 1.31982, 1.6358, 1.94052, 2.22632, 2.52438, 2.83175, 3.11514, 3.40944, 3.71223, 3.99757, 4.28762, 4.57164, 4.8736, 5.17621, 5.46411, 5.75543, 6.05595, 6.35238, 6.64877, 6.93517, 7.22669, 7.50163, 7.78267, 8.07041, 8.36025, 8.66269, 8.95287, 9.24843, 9.5553, 9.85197, 10.1388, 10.4526, 10.7308, 11.0087, 11.2794, 11.5854, 11.8723, 12.1565, 12.4417, 12.7178, 12.9921, 13.2685, 13.5436, 13.8432, 14.1329, 14.4171, 14.6891, 14.9748, 15.2547, 15.5579, 15.8645, 16.1537, 16.4631, 16.741, 17.0334, 17.3047, 17.5741, 17.8785, 18.177, 18.4661, 18.7513, 19.0388, 19.3383, 19.6294, 19.9134, 20.1856, 20.4736, 20.7543, 21.0561, 21.3484, 21.6209, 21.8749, 22.187, 22.4615, 22.7692, 23.0307, 23.3126, 23.6026, 23.8659, 24.1467, 24.4319, 24.7037, 24.9859, 25.2829, 25.5662, 25.8252, 26.0936, 26.3572, 26.6275, 26.8957, 27.1635, 27.4585, 27.7291, 28.0097, 28.2714, 28.5303, 57.3283], "UpperBound": 233.986, "rootBTTime": 0, "LowerBounds": {"1": 96.1866, "2": 140.559, "3": 140.82, "4": 162.266, "5": 179.243, "6": 183.84, "7": 183.894, "8": 193.842, "9": 196.856, "10": 200.164, "11": 204.483, "12": 207.691, "13": 208.039, "14": 210.179, "15": 211.074, "16": 211.63, "17": 213.789, "18": 214.603, "19": 215.035, "20": 215.464, "21": 217.188, "22": 219.061, "23": 219.424, "24": 219.664, "25": 219.952, "26": 220.253, "27": 220.752, "28": 221.022, "29": 221.055, "30": 221.165, "31": 221.447, "32": 221.536, "33": 222.817, "34": 222.823, "35": 223.471, "36": 223.778, "37": 223.814, "38": 224.033, "39": 225.087, "40": 225.418, "41": 226.316, "42": 226.712, "43": 227.043, "44": 227.189, "45": 227.375, "46": 227.477, "47": 227.905, "48": 227.989, "49": 228.093, "50": 228.132, "51": 228.429, "52": 228.603, "53": 228.767, "54": 228.829, "55": 228.907, "56": 229.112, "57": 229.154, "58": 229.203, "59": 229.273, "60": 229.908, "61": 230.014, "62": 230.049, "63": 230.208, "64": 230.254, "65": 230.52, "66": 230.831, "67": 231.135, "68": 231.162, "69": 231.559, "70": 231.634, "71": 231.822, "72": 232.005, "73": 232.163, "74": 232.225, "75": 232.258, "76": 232.414, "77": 232.472, "78": 232.678, "79": 232.772, "80": 232.774, "81": 232.959, "82": 232.983, "83": 232.987, "84": 233.13, "85": 233.195, "86": 233.234, "87": 233.246, "88": 233.248, "89": 233.473, "90": 233.515, "91": 233.539, "92": 233.539, "93": 233.644, "94": 233.655, "95": 233.656, "96": 233.663, "97": 233.685, "98": 233.688, "99": 233.753}, "SolveResult": 0, "UpperBounds": {"1": 233.986}, "MaxQueueSize": 26, "VisitedNodes": 199, "BranchingVars": [8, 11, 6, 11, 4, 6, 6, 0, 2, 8, 8, 4, 11, 4, 6, 4, 8, 8, 15, 0, 4, 0, 7, 12, 8, 4, 9, 6, 2, 11, 9, 0, 0, 14, 8, 2, 2, 7, 12, 7, 6, 2, 8, 6, 2, 6, 6, 12, 7, 4, 7, 15, 4, 0, 7, 7, 7, 6, 6, 8, 0, 12, 7, 7, 7, 13, 7, 7, 12, 8, 4, 7, 8, 6, 8, 6, 11, 4, 2, 13, 4, 2, 7, 6, 12, 11, 8, 13, 2, 2, 12, 8, 13, 13, 13, 7, 13, 13, 2], "NonLinearTime": 0.31206, "OptimalityGap": 0.232971, "BranchingRules": ["sum_dual_weighted_plus1_rel", "sum_dual_weighted_plus1_rel", "sum_dual_weighted_plus1_rel", "sum_dual_weighted_plus1_rel", "sum_dual_weighted_plus1_rel", "sum_dual_weighted_plus1_rel", "sum_dual_weighted_plus1_rel", "sum_dual_weighted_plus1_rel", "sum_dual_weighted_plus1_rel", "sum_dual_weighted_plus1_rel", "sum_dual_weighted_plus1_rel", "sum_dual_weighted_plus1_rel", "sum_dual_weighted_plus1_rel", "sum_dual_weighted_plus1_rel", "sum_dual_weighted_plus1_rel", "sum_dual_weighted_plus1_rel", "sum_dual_weighted_plus1_rel", "sum_dual_weighted_plus1_rel", "sum_dual_weighted_plus1_rel", "sum_dual_weighted_plus1_rel", "sum_dual_weighted_plus1_rel", "sum_dual_weighted_plus1_rel", "sum_dual_weighted_plus1_rel", "sum_dual_weighted_plus1_rel", "sum_dual_weighted_plus1_rel", "sum_dual_weighted_plus1_rel", "sum_dual_weighted_plus1_rel", "sum_dual_weighted_plus1_rel", "sum_dual_weighted_plus1_rel", "sum_dual_weighted_plus1_rel", "sum_dual_weighted_plus1_rel", "sum_dual_weighted_plus1_rel", "sum_dual_weighted_plus1_rel", "sum_dual_weighted_plus1_rel", "sum_dual_weighted_plus1_rel", "sum_dual_weighted_plus1_rel", "sum_dual_weighted_plus1_rel", "sum_dual_weighted_plus1_rel", "sum_dual_weighted_plus1_rel", "sum_dual_weighted_plus1_rel", "sum_dual_weighted_plus1_rel", "sum_dual_weighted_plus1_rel", "sum_dual_weighted_plus1_rel", "sum_dual_weighted_plus1_rel", "sum_dual_weighted_plus1_rel", "sum_dual_weighted_plus1_rel", "sum_dual_weighted_plus1_rel", "sum_dual_weighted_plus1_rel", "sum_dual_weighted_plus1_rel", "sum_dual_weighted_plus1_rel", "sum_dual_weighted_plus1_rel", "sum_dual_weighted_plus1_rel", "sum_dual_weighted_plus1_rel", "sum_dual_weighted_plus1_rel", "sum_dual_weighted_plus1_rel", "sum_dual_weighted_plus1_rel", "sum_dual_weighted_plus1_rel", "sum_dual_weighted_plus1_rel", "sum_dual_weighted_plus1_rel", "sum_dual_weighted_plus1_rel", "sum_dual_weighted_plus1_rel", "sum_dual_weighted_plus1_rel", "sum_dual_weighted_plus1_rel", "sum_dual_weighted_plus1_rel", "sum_dual_weighted_plus1_rel", "sum_dual_weighted_plus1_rel", "sum_dual_weighted_plus1_rel", "sum_dual_weighted_plus1_rel", "sum_dual_weighted_plus1_rel", "sum_dual_weighted_plus1_rel", "sum_dual_weighted_plus1_rel", "sum_dual_weighted_plus1_rel", "sum_dual_weighted_plus1_rel", "sum_dual_weighted_plus1_rel", "sum_dual_weighted_plus1_rel", "sum_dual_weighted_plus1_rel", "sum_dual_weighted_plus1_rel", "sum_dual_weighted_plus1_rel", "sum_dual_weighted_plus1_rel", "sum_dual_weighted_plus1_rel", "sum_dual_weighted_plus1_rel", "sum_dual_weighted_plus1_rel", "sum_dual_weighted_plus1_rel", "sum_dual_weighted_plus1_rel", "sum_dual_weighted_plus1_rel", "sum_dual_weighted_plus1_rel", "sum_dual_weighted_plus1_rel", "sum_dual_weighted_plus1_rel", "sum_dual_weighted_plus1_rel", "sum_dual_weighted_plus1_rel", "sum_dual_weighted_plus1_rel", "sum_dual_weighted_plus1_rel", "sum_dual_weighted_plus1_rel", "sum_dual_weighted_plus1_rel", "sum_dual_weighted_plus1_rel", "sum_dual_weighted_plus1_rel", "sum_dual_weighted_plus1_rel", "sum_dual_weighted_plus1_rel", "sum_dual_weighted_plus1_rel"], "LBImprovements": [44.3727, 38.6835, 21.4458, 21.628, 14.5994, 16.3238, 12.9623, 27.1794, 10.8342, 14.8716, 7.14772, 11.7337, 12.7124, 3.6108, 12.9592, 8.03382, 7.26537, 14.0001, 7.78786, 12.668, 13.3313, 0.890399, 13.8095, 4.11376, 7.42341, 6.45926, 5.56405, 11.4503, 4.03176, 1.65156, 6.03005, 5.5072, 0.653898, 5.94403, 10.8801, 4.65053, 4.17515, 8.22425, 4.02584, 1.77068, 5.31825, 3.33647, 9.76776, 4.37009, 0.718218, 9.17028, 4.50923, 2.21887, 1.10954, 4.85512, 6.76898, 3.21868, 6.83587, 3.94384, 7.78937, 4.66616, 1.67699, 3.47505, 3.68591, 8.02737, 17.1574, 3.61431, 6.68059, 6.58159, 11.6554, 3.69868, 6.64613, 1.9674, 1.68676, 5.52677, 4.11022, 0.97743, 0.0622414, 1.02214, 4.51741, 1.72727, 5.16308, 0.795281, 4.49302, 4.30832, 0.744527, 1.92634, 3.47663, 1.34432, 0.344248, 2.03363, 1.34121, 0.911692, 0.171074, 0.170918, 0.495527, 0.304297, 0.225066, 1.43729, 0.23747, 7.89212, 0.241407, 0.256078, 0.154107], "InfeasibleNodes": 0, "ElapsedTimeCoeffs": 0, "LinearizationTime": 0.00318372, "NumberOfVariables": 16, "CallsToLinearSolver": 199, "LinearGenerationTime": 0.243489, "SDPCutsGenerationTime": 0, "CallsToNonLinearSolver": 10, "StrongBranchingExtraTime": 26.5845, "ElapsedTimeWeightedCoeffs": 0, "NodesDiscardedByFathoming": 0, "NodesDiscardedByTolerance": 100, "BoundFactorConstraintsTime": 0.09521, "ElapsedTimeVarsInConstraints": 0.000078121, "meanBTRelativeChangeRootNode": 0, "NumberOfBoundFactorConstraints": 324, "NumberOfLAPACKConvergenceFailures": 0, "NumberOfRLTVariablesAfterLinearization": 126}