{"Itbt": 0, "Pace": 0.0163287, "Depth": 15, "Degree": 3, "RPSTime": 0.804577, "FBBTTime": 0, "OBBTTime": 0, "TotalTime": 6.9329, "Iterations": 105, "LinearTime": 0.513906, "LowerBound": 105.599, "TimeVector": [0.45257, 0.522575, 0.594636, 0.664008, 0.737263, 0.797432, 0.860438, 0.930782, 0.993047, 1.05558, 1.11787, 1.18465, 1.24702, 1.30747, 1.36623, 1.43792, 1.50258, 1.56272, 1.62432, 1.68473, 1.74828, 1.81341, 1.87206, 1.92827, 1.9865, 2.04591, 2.10767, 2.16531, 2.22648, 2.28962, 2.34995, 2.42129, 2.4831, 2.5497, 2.61013, 2.67081, 2.73248, 2.79566, 2.85284, 2.91619, 2.97836, 3.03638, 3.10263, 3.16739, 3.22355, 3.28636, 3.3471, 3.40678, 3.46611, 3.53231, 3.59743, 3.66317, 3.72178, 3.77862, 3.84095, 3.90234, 3.96454, 4.02569, 4.08953, 4.15105, 4.21478, 4.2746, 4.33473, 4.41062, 4.47228, 4.53375, 4.59435, 4.65699, 4.71623, 4.77757, 4.83968, 4.89566, 4.96172, 5.02538, 5.08553, 5.14765, 5.20897, 5.26695, 5.32784, 5.39362, 5.45355, 5.51565, 5.57455, 5.63269, 5.69538, 5.75554, 5.81921, 5.88098, 5.94447, 6.00545, 6.06958, 6.13254, 6.19601, 6.2583, 6.31769, 6.38202, 6.44385, 6.50368, 6.5649, 6.62563, 6.68388, 6.74504, 6.7999, 6.86185, 13.7948], "UpperBound": 105.7, "rootBTTime": 0, "LowerBounds": {"1": 53.2872, "2": 75.0552, "3": 85.0267, "4": 87.3898, "5": 87.4179, "6": 93.9976, "7": 94.2587, "8": 96.3196, "9": 100.001, "10": 100.223, "11": 100.257, "12": 100.314, "13": 101.09, "14": 101.115, "15": 101.272, "16": 101.327, "17": 101.528, "18": 101.69, "19": 102.16, "20": 102.384, "21": 102.422, "22": 102.895, "23": 103.096, "24": 103.277, "25": 103.288, "26": 103.298, "27": 103.343, "28": 103.502, "29": 103.52, "30": 103.593, "31": 103.699, "32": 103.943, "33": 104.069, "34": 104.122, "35": 104.181, "36": 104.257, "37": 104.284, "38": 104.348, "39": 104.474, "40": 104.601, "41": 104.69, "42": 104.751, "43": 104.756, "44": 104.812, "45": 104.861, "46": 104.866, "47": 104.941, "48": 104.957, "49": 104.997, "50": 105.005, "51": 105.013, "52": 105.03, "53": 105.042, "54": 105.07, "55": 105.114, "56": 105.127, "57": 105.138, "58": 105.141, "59": 105.172, "60": 105.175, "61": 105.282, "62": 105.309, "63": 105.342, "64": 105.346, "65": 105.357, "66": 105.358, "67": 105.372, "68": 105.378, "69": 105.403, "70": 105.423, "71": 105.427, "72": 105.432, "73": 105.436, "74": 105.449, "75": 105.453, "76": 105.454, "77": 105.458, "78": 105.466, "79": 105.472, "80": 105.484, "81": 105.486, "82": 105.492, "83": 105.496, "84": 105.497, "85": 105.497, "86": 105.516, "87": 105.535, "88": 105.537, "89": 105.538, "90": 105.544, "91": 105.551, "92": 105.552, "93": 105.554, "94": 105.556, "95": 105.556, "96": 105.558, "97": 105.558, "98": 105.565, "99": 105.566, "100": 105.577, "101": 105.577, "102": 105.582, "103": 105.584, "104": 105.586, "105": 105.599}, "SolveResult": 0, "UpperBounds": {"1": 105.7}, "MaxQueueSize": 23, "VisitedNodes": 211, "BranchingVars": [9, 3, 3, 10, 10, 9, 9, 10, 11, 4, 9, 8, 8, 10, 11, 5, 4, 8, 8, 4, 9, 11, 8, 11, 10, 10, 4, 9, 3, 8, 3, 9, 8, 11, 10, 8, 3, 4, 5, 10, 9, 3, 4, 1, 8, 10, 8, 10, 4, 3, 4, 8, 8, 3, 11, 9, 8, 8, 8, 9, 8, 8, 4, 8, 8, 10, 10, 2, 8, 10, 10, 4, 3, 4, 10, 9, 10, 9, 10, 9, 4, 8, 11, 9, 9, 11, 3, 10, 8, 8, 4, 10, 11, 11, 9, 5, 11, 4, 11, 11, 9, 9, 4, 9, 9], "NonLinearTime": 0.283607, "OptimalityGap": 0.101487, "BranchingRules": ["sum_dual_weighted_plus1_rel", "sum_dual_weighted_plus1_rel", "sum_dual_weighted_plus1_rel", "sum_dual_weighted_plus1_rel", "sum_dual_weighted_plus1_rel", "sum_dual_weighted_plus1_rel", "sum_dual_weighted_plus1_rel", "sum_dual_weighted_plus1_rel", "sum_dual_weighted_plus1_rel", "sum_dual_weighted_plus1_rel", "sum_dual_weighted_plus1_rel", "sum_dual_weighted_plus1_rel", "sum_dual_weighted_plus1_rel", "sum_dual_weighted_plus1_rel", "sum_dual_weighted_plus1_rel", "sum_dual_weighted_plus1_rel", "sum_dual_weighted_plus1_rel", "sum_dual_weighted_plus1_rel", "sum_dual_weighted_plus1_rel", "sum_dual_weighted_plus1_rel", "sum_dual_weighted_plus1_rel", "sum_dual_weighted_plus1_rel", "sum_dual_weighted_plus1_rel", "sum_dual_weighted_plus1_rel", "sum_dual_weighted_plus1_rel", "sum_dual_weighted_plus1_rel", "sum_dual_weighted_plus1_rel", "sum_dual_weighted_plus1_rel", "sum_dual_weighted_plus1_rel", "sum_dual_weighted_plus1_rel", "sum_dual_weighted_plus1_rel", "sum_dual_weighted_plus1_rel", "sum_dual_weighted_plus1_rel", "sum_dual_weighted_plus1_rel", "sum_dual_weighted_plus1_rel", "sum_dual_weighted_plus1_rel", "sum_dual_weighted_plus1_rel", "sum_dual_weighted_plus1_rel", "sum_dual_weighted_plus1_rel", "sum_dual_weighted_plus1_rel", "sum_dual_weighted_plus1_rel", "sum_dual_weighted_plus1_rel", "sum_dual_weighted_plus1_rel", "sum_dual_weighted_plus1_rel", "sum_dual_weighted_plus1_rel", "sum_dual_weighted_plus1_rel", "sum_dual_weighted_plus1_rel", "sum_dual_weighted_plus1_rel", "sum_dual_weighted_plus1_rel", "sum_dual_weighted_plus1_rel", "sum_dual_weighted_plus1_rel", "sum_dual_weighted_plus1_rel", "sum_dual_weighted_plus1_rel", "sum_dual_weighted_plus1_rel", "sum_dual_weighted_plus1_rel", "sum_dual_weighted_plus1_rel", "sum_dual_weighted_plus1_rel", "sum_dual_weighted_plus1_rel", "sum_dual_weighted_plus1_rel", "sum_dual_weighted_plus1_rel", "sum_dual_weighted_plus1_rel", "sum_dual_weighted_plus1_rel", "sum_dual_weighted_plus1_rel", "sum_dual_weighted_plus1_rel", "sum_dual_weighted_plus1_rel", "sum_dual_weighted_plus1_rel", "sum_dual_weighted_plus1_rel", "sum_dual_weighted_plus1_rel", "sum_dual_weighted_plus1_rel", "sum_dual_weighted_plus1_rel", "sum_dual_weighted_plus1_rel", "sum_dual_weighted_plus1_rel", "sum_dual_weighted_plus1_rel", "sum_dual_weighted_plus1_rel", "sum_dual_weighted_plus1_rel", "sum_dual_weighted_plus1_rel", "sum_dual_weighted_plus1_rel", "sum_dual_weighted_plus1_rel", "sum_dual_weighted_plus1_rel", "sum_dual_weighted_plus1_rel", "sum_dual_weighted_plus1_rel", "sum_dual_weighted_plus1_rel", "sum_dual_weighted_plus1_rel", "sum_dual_weighted_plus1_rel", "sum_dual_weighted_plus1_rel", "sum_dual_weighted_plus1_rel", "sum_dual_weighted_plus1_rel", "sum_dual_weighted_plus1_rel", "sum_dual_weighted_plus1_rel", "sum_dual_weighted_plus1_rel", "sum_dual_weighted_plus1_rel", "sum_dual_weighted_plus1_rel", "sum_dual_weighted_plus1_rel", "sum_dual_weighted_plus1_rel", "sum_dual_weighted_plus1_rel", "sum_dual_weighted_plus1_rel", "sum_dual_weighted_plus1_rel", "sum_dual_weighted_plus1_rel", "sum_dual_weighted_plus1_rel", "sum_dual_weighted_plus1_rel", "sum_dual_weighted_plus1_rel", "sum_dual_weighted_plus1_rel", "sum_dual_weighted_plus1_rel", "sum_dual_weighted_plus1_rel", "sum_dual_weighted_plus1_rel"], "LBImprovements": [21.768, 12.3346, 11.2929, 6.60778, 12.8053, 7.53081, 6.05542, 4.76996, 2.15871, 0.0335294, 4.00017, 0.801246, 2.19864, 1.26899, 2.79763, 0.363375, 2.82005, 0.731876, 5.23896, 0.893035, 1.69969, 1.86093, 0.202038, 1.47375, 1.18551, 0.222779, 0.15878, 2.63867, 1.42019, 0.588081, 1.29797, 0.340461, 2.52558, 0.690523, 0.776226, 4.00659, 0.887728, 3.06999, 1.5612, 0.265524, 0.681733, 1.20053, 0.2491, 0.636554, 0.209662, 0.247322, 0.200487, 0.217308, 0.435237, 0.711657, 0.423622, 0.685597, 0.267426, 1.61479, 0.488417, 0.819167, 0.208015, 0.286011, 0.185267, 0.549788, 0.342324, 0.176619, 0.461435, 0.0774135, 0.101018, 0.0966766, 0.304117, 0.62152, 0.0934815, 0.0300073, 0.235159, 0.151197, 1.83012, 0.693676, 0.0435106, 0.0804327, 0.0799962, 0.639858, 1.15929, 7.55345, 0.328785, 0.517483, 0.110039, 0.085245, 0.0885519, 0.375459, 0.213549, 0.0073906, 0.0735563, 0.032081, 0.025804, 0.00549012, 0.0881267, 0.0431583, 0.0716118, 0.0411474, 0.0352706, 0.154587, 0.129245, 0.039765, 0.0303262, 0.0617133, 0.111047, 0.0325856, 0.0134258], "InfeasibleNodes": 0, "ElapsedTimeCoeffs": 0, "LinearizationTime": 0.000207382, "NumberOfVariables": 16, "CallsToLinearSolver": 211, "LinearGenerationTime": 0.11964, "SDPCutsGenerationTime": 0, "CallsToNonLinearSolver": 10, "StrongBranchingExtraTime": 6.0787, "ElapsedTimeWeightedCoeffs": 0, "NodesDiscardedByFathoming": 0, "NodesDiscardedByTolerance": 106,