{"Itbt": 0, "Pace": 0.0445432, "Depth": 13, "Degree": 4, "RPSTime": 21.1898, "FBBTTime": 0, "OBBTTime": 0, "TotalTime": 359.925, "Iterations": 144, "LinearTime": 26.5676, "LowerBound": 1443.65, "TimeVector": [2.89214, 5.5243, 8.12628, 10.7412, 13.4638, 15.9955, 18.5007, 21.0958, 23.6643, 26.2474, 28.7332, 31.4705, 33.9902, 36.5337, 39.172, 41.7962, 44.3859, 46.9611, 49.5705, 52.0852, 54.5497, 57.1298, 59.6181, 62.174, 64.6886, 67.1785, 69.7978, 72.2991, 74.7923, 77.3066, 79.7871, 82.1622, 84.8326, 87.4814, 89.9423, 92.7346, 95.1983, 98.0116, 100.498, 102.988, 105.549, 108.123, 110.727, 113.271, 115.755, 118.419, 120.865, 123.6, 126.105, 128.739, 131.077, 133.264, 135.897, 138.263, 140.765, 143.35, 145.9, 148.4, 151.108, 153.83, 156.503, 159.008, 161.626, 164.286, 166.96, 169.436, 171.704, 174.37, 176.894, 179.148, 181.566, 184.214, 186.835, 189.275, 191.833, 194.127, 196.435, 198.957, 201.583, 204.237, 206.54, 208.93, 211.488, 213.748, 216.158, 218.534, 220.962, 223.652, 226.362, 229.026, 231.633, 234.418, 237.076, 239.41, 242.203, 244.609, 247.104, 249.494, 252.191, 254.494, 256.806, 259.137, 261.673, 264.345, 266.678, 269.1, 271.521, 274.001, 276.484, 278.714, 281.168, 283.952, 286.325, 289.079, 291.507, 293.644, 295.824, 298.176, 300.612, 302.945, 305.285, 307.723, 310.318, 312.701, 314.956, 317.299, 319.587, 322.089, 324.422, 326.931, 329.473, 331.689, 334.088, 336.507, 338.996, 341.518, 343.911, 346.239, 348.585, 350.919, 353.241, 355.456, 357.655, 376.063], "UpperBound": 1445.08, "rootBTTime": 0, "LowerBounds": {"1": 803.792, "2": 935.069, "3": 981.088, "4": 1053.95, "5": 1083.19, "6": 1097.06, "7": 1104.93, "8": 1154.33, "9": 1184.75, "10": 1184.96, "11": 1195.88, "12": 1204.5, "13": 1208.15, "14": 1238.18, "15": 1247.06, "16": 1287.11, "17": 1292.24, "18": 1293.05, "19": 1299.95, "20": 1306.86, "21": 1309.1, "22": 1310.18, "23": 1322.17, "24": 1330.59, "25": 1332.71, "26": 1345.08, "27": 1345.85, "28": 1356.7, "29": 1358.24, "30": 1362.65, "31": 1367.64, "32": 1372.73, "33": 1374.99, "34": 1375.47, "35": 1375.74, "36": 1379.58, "37": 1379.97, "38": 1380.36, "39": 1381.6, "40": 1382.75, "41": 1384.33, "42": 1389.42, "43": 1390.43, "44": 1395.35, "45": 1395.38, "46": 1398.1, "47": 1400.7, "48": 1402.26, "49": 1403.88, "50": 1403.97, "51": 1405.61, "52": 1408.4, "53": 1410.35, "54": 1413.05, "55": 1414.09, "56": 1414.18, "57": 1415.48, "58": 1417.83, "59": 1417.98, "60": 1419.71, "61": 1421.92, "62": 1422.89, "63": 1424.07, "64": 1424.31, "65": 1424.77, "66": 1425.2, "67": 1425.2, "68": 1425.32, "69": 1425.36, "70": 1425.71, "71": 1426.45, "72": 1427.16, "73": 1427.22, "74": 1428.03, "75": 1428.21, "76": 1428.59, "77": 1430.38, "78": 1430.7, "79": 1432.07, "80": 1432.68, "81": 1433.86, "82": 1434.47, "83": 1434.76, "84": 1434.84, "85": 1435.65, "86": 1435.9, "87": 1435.92, "88": 1436, "89": 1436.08, "90": 1436.17, "91": 1436.3, "92": 1436.95, "93": 1437.18, "94": 1437.4, "95": 1437.41, "96": 1437.43, "97": 1438.23, "98": 1439.07, "99": 1439.14, "100": 1439.36, "101": 1439.43, "102": 1439.61, "103": 1439.65, "104": 1439.67, "105": 1439.75, "106": 1439.81, "107": 1439.91, "108": 1439.95, "109": 1440, "110": 1440.23, "111": 1440.25, "112": 1440.38, "113": 1440.6, "114": 1440.72, "115": 1440.76, "116": 1440.79, "117": 1440.95, "118": 1440.96, "119": 1440.96, "120": 1441.16, "121": 1441.23, "122": 1441.59, "123": 1441.71, "124": 1441.83, "125": 1442.1, "126": 1442.14, "127": 1442.16, "128": 1442.18, "129": 1442.29, "130": 1442.32, "131": 1442.44, "132": 1442.47, "133": 1442.61, "134": 1442.74, "135": 1442.83, "136": 1443.04, "137": 1443.06, "138": 1443.12, "139": 1443.39, "140": 1443.41, "141": 1443.48, "142": 1443.61, "143": 1443.63, "144": 1443.65}, "SolveResult": 0, "UpperBounds": {"1": 1445.08}, "MaxQueueSize": 39, "VisitedNodes": 289, "BranchingVars": [10, 11, 6, 6, 6, 11, 1, 1, 1, 1, 1, 7, 9, 1, 9, 4, 9, 11, 7, 11, 9, 7, 11, 11, 4, 9, 1, 4, 9, 9, 10, 4, 9, 7, 4, 9, 5, 1, 11, 7, 11, 7, 7, 10, 7, 4, 6, 6, 7, 9, 9, 6, 6, 6, 7, 6, 6, 4, 9, 9, 7, 7, 4, 7, 10, 6, 9, 10, 0, 6, 8, 7, 0, 4, 1, 1, 6, 7, 5, 7, 1, 3, 1, 7, 9, 11, 7, 8, 4, 11, 9, 4, 4, 11, 0, 11, 9, 9, 0, 11, 0, 0, 6, 0, 11, 0, 10, 0, 9, 11, 9, 4, 10, 9, 9, 11, 11, 0, 9, 9, 10, 9, 6, 3, 6, 4, 6, 3, 0, 6, 3, 0, 9, 6, 4, 9, 0, 10, 0, 0, 0, 1, 1, 1], "NonLinearTime": 0.326745, "OptimalityGap": 1.43417,