{"Itbt": 0, "Pace": 0.0968446, "Depth": 23, "Degree": 4, "RPSTime": 41.4189, "FBBTTime": 0, "OBBTTime": 0, "TotalTime": 839.248, "Iterations": 128, "LinearTime": 63.1598, "LowerBound": 4173.32, "TimeVector": [8.51389, 16.3175, 24.3309, 32.2804, 39.9646, 47.4391, 55.0055, 63.0796, 70.7203, 78.2849, 85.8106, 93.1778, 101.02, 108.62, 116.442, 124.07, 131.681, 139.087, 146.617, 154.681, 161.898, 169.881, 177.523, 185.101, 192.462, 200.013, 207.513, 215.184, 222.378, 229.986, 237.76, 245.182, 253.029, 259.959, 267.235, 273.918, 281.119, 288.043, 295.521, 302.372, 310.264, 318.152, 325.313, 332.955, 340.144, 346.292, 353.102, 360.379, 367.034, 374.77, 382.782, 388.968, 395.153, 402.172, 409.514, 415.45, 421.401, 427.732, 433.909, 439.866, 446.231, 453.111, 460.413, 467.231, 474.025, 479.788, 485.637, 492.392, 500.039, 507.066, 512.83, 520.613, 526.81, 532.579, 538.189, 544.438, 550.089, 556.499, 561.739, 567.421, 573.259, 578.778, 584.705, 590.435, 597.115, 602.919, 609.422, 615.776, 621.15, 627.941, 633.889, 639.441, 644.724, 650.343, 655.833, 660.977, 668.353, 676.41, 682.239, 687.643, 693.138, 698.436, 703.646, 708.935, 714.92, 720.29, 726.119, 732.925, 738.719, 743.998, 749.69, 755.06, 759.563, 765.025, 769.507, 774.667, 780.028, 785.497, 790.731, 795.865, 801.798, 807.301, 813.023, 818.236, 823.409, 828.91, 834.073, 855.086], "UpperBound": 4173.32, "rootBTTime": 0, "LowerBounds": {"1": 3481.46, "2": 3641.59, "3": 3653.83, "4": 3772.85, "5": 3780.33, "6": 3795.42, "7": 3896.34, "8": 3904.53, "9": 3905.43, "10": 3907.01, "11": 3911.96, "12": 3915.16, "13": 3925.42, "14": 3989.83, "15": 3998.05, "16": 4001.65, "17": 4009.89, "18": 4013.54, "19": 4031.19, "20": 4034.67, "21": 4046.23, "22": 4047.73, "23": 4060.79, "24": 4063.53, "25": 4078.57, "26": 4080.34, "27": 4082.36, "28": 4088.79, "29": 4096.58, "30": 4101.39, "31": 4102.61, "32": 4104.47, "33": 4108.7, "34": 4114.83, "35": 4120.82, "36": 4121.29, "37": 4125.36, "38": 4126.5, "39": 4128.11, "40": 4132.64, "41": 4134.38, "42": 4134.84, "43": 4136.51, "44": 4137.84, "45": 4137.9, "46": 4140.39, "47": 4142.62, "48": 4143.29, "49": 4152.88, "50": 4152.93, "51": 4154.2, "52": 4155.32, "53": 4155.64, "54": 4158.49, "55": 4158.53, "56": 4159.26, "57": 4160.16, "58": 4160.16, "59": 4160.42, "60": 4162.09, "61": 4162.76, "62": 4163.64, "63": 4164.85, "64": 4165.05, "65": 4165.41, "66": 4165.54, "67": 4165.79, "68": 4165.88, "69": 4165.93, "70": 4166.28, "71": 4166.5, "72": 4167.01, "73": 4167.28, "74": 4167.3, "75": 4167.34, "76": 4167.42, "77": 4167.43, "78": 4167.99, "79": 4168.94, "80": 4169.02, "81": 4169.54, "82": 4169.73, "83": 4169.99, "84": 4170.14, "85": 4170.15, "86": 4170.88, "87": 4171.01, "88": 4171.25, "89": 4171.41, "90": 4171.61, "91": 4171.63, "92": 4171.75, "93": 4172.06, "94": 4172.11, "95": 4172.16, "96": 4172.46, "97": 4172.74, "98": 4172.74, "99": 4172.75, "100": 4172.8, "101": 4172.83, "102": 4172.83, "103": 4173.05, "104": 4173.05, "105": 4173.14, "106": 4173.14, "107": 4173.15, "108": 4173.18, "109": 4173.2, "110": 4173.22, "111": 4173.28, "112": 4173.28, "113": 4173.3, "114": 4173.3, "115": 4173.31, "116": 4173.31, "117": 4173.32, "118": 4173.32, "119": 4173.32, "120": 4173.32, "121": 4173.32, "124": 4173.32, "125": 4173.32, "127": 4173.32, "128": 4173.32}, "SolveResult": 0, "UpperBounds": {"1": 4258.93, "128": 4173.32}, "MaxQueueSize": 114, "VisitedNodes": 257, "BranchingVars": [11, 1, 6, 8, 8, 8, 5, 9, 5, 10, 10, 5, 9, 10, 6, 10, 5, 10, 10, 8, 1, 5, 4, 4, 6, 9, 6, 6, 8, 1, 1, 5, 6, 6, 4, 10, 9, 4, 6, 1, 4, 0, 10, 8, 4, 10, 4, 6, 4, 4, 10, 0, 3, 0, 11, 6, 6, 3, 6, 3, 0, 10, 9, 11, 11, 8, 8, 0, 7, 4, 8, 10, 0, 0, 0, 6, 4, 3, 1, 1, 8, 1, 4, 6, 3, 6, 0, 0, 4, 3, 7, 4, 4, 4, 4, 0, 4, 8, 1, 4, 6, 10, 0, 10, 10, 10, 6, 7, 0, 1, 10, 0, 8, 8, 10, 3, 10, 11, 10, 8, 0, 0, 0, 6, 0, 4, 0, 11], "NonLinearTime": 0.338694, "OptimalityGap": 0.00261275, "BranchingRules": ["eigen_cen_alternative_rel", "eigen_cen_alternative_rel", "eigen_cen_alternative_rel", "eigen_cen_alternative_rel", "eigen_cen_alternative_rel", "eigen_cen_alternative_rel", "eigen_cen_alternative_rel", "eigen_cen_alternative_rel", "eigen_cen_alternative_rel", "eigen_cen_alternative_rel", "eigen_cen_alternative_rel", "eigen_cen_alternative_rel", "eigen_cen_alternative_rel", "eigen_cen_alternative_rel", "eigen_cen_alternative_rel", "eigen_cen_alternative_rel", "eigen_cen_alternative_rel", "eigen_cen_alternative_rel", "eigen_cen_alternative_rel", "eigen_cen_alternative_rel", "eigen_cen_alternative_rel", "eigen_cen_alternative_rel", "eigen_cen_alternative_rel", "eigen_cen_alternative_rel", "eigen_cen_alternative_rel", "eigen_cen_alternative_rel", "eigen_cen_alternative_rel", "eigen_cen_alternative_rel", "eigen_cen_alternative_rel", "eigen_cen_alternative_rel", "eigen_cen_alternative_rel", "eigen_cen_alternative_rel", "eigen_cen_alternative_rel", "eigen_cen_alternative_rel", "eigen_cen_alternative_rel", "eigen_cen_alternative_rel", "eigen_cen_alternative_rel", "eigen_cen_alternative_rel", "eigen_cen_alternative_rel", "eigen_cen_alternative_rel", "eigen_cen_alternative_rel", "eigen_cen_alternative_rel", "eigen_cen_alternative_rel", "eigen_cen_alternative_rel", "eigen_cen_alternative_rel", "eigen_cen_alternative_rel", "eigen_cen_alternative_rel", "eigen_cen_alternative_rel", "eigen_cen_alternative_rel", "eigen_cen_alternative_rel", "eigen_cen_alternative_rel", "eigen_cen_alternative_rel", "eigen_cen_alternative_rel", "eigen_cen_alternative_rel", "eigen_cen_alternative_rel", "eigen_cen_alternative_rel", "eigen_cen_alternative_rel", "eigen_cen_alternative_rel", "eigen_cen_alternative_rel", "eigen_cen_alternative_rel", "eigen_cen_alternative_rel", "eigen_cen_alternative_rel", "eigen_cen_alternative_rel", "eigen_cen_alternative_rel", "eigen_cen_alternative_rel", "eigen_cen_alternative_rel", "eigen_cen_alternative_rel", "eigen_cen_alternative_rel", "eigen_cen_alternative_rel", "eigen_cen_alternative_rel", "eigen_cen_alternative_rel", "eigen_cen_alternative_rel", "eigen_cen_alternative_rel", "eigen_cen_alternative_rel", "eigen_cen_alternative_rel", "eigen_cen_alternative_rel", "eigen_cen_alternative_rel", "eigen_cen_alternative_rel", "eigen_cen_alternative_rel", "eigen_cen_alternative_rel", "eigen_cen_alternative_rel", "eigen_cen_alternative_rel", "eigen_cen_alternative_rel", "eigen_cen_alternative_rel", "eigen_cen_alternative_rel", "eigen_cen_alternative_rel", "eigen_cen_alternative_rel", "eigen_cen_alternative_rel", "eigen_cen_alternative_rel", "eigen_cen_alternative_rel", "eigen_cen_alternative_rel", "eigen_cen_alternative_rel", "eigen_cen_alternative_rel", "eigen_cen_alternative_rel", "eigen_cen_alternative_rel", "eigen_cen_alternative_rel", "eigen_cen_alternative_rel", "eigen_cen_alternative_rel", "eigen_cen_alternative_rel", "eigen_cen_alternative_rel", "eigen_cen_alternative_rel", "eigen_cen_alternative_rel", "eigen_cen_alternative_rel", "eigen_cen_alternative_rel", "eigen_cen_alternative_rel", "eigen_cen_alternative_rel", "eigen_cen_alternative_rel", "eigen_cen_alternative_rel", "eigen_cen_alternative_rel", "eigen_cen_alternative_rel", "eigen_cen_alternative_rel", "eigen_cen_alternative_rel", "eigen_cen_alternative_rel", "eigen_cen_alternative_rel", "eigen_cen_alternative_rel", "eigen_cen_alternative_rel", "eigen_cen_alternative_rel", "eigen_cen_alternative_rel", "eigen_cen_alternative_rel", "eigen_cen_alternative_rel", "eigen_cen_alternative_rel", "eigen_cen_alternative_rel", "eigen_cen_alternative_rel", "eigen_cen_alternative_rel", "eigen_cen_alternative_rel", "eigen_cen_alternative_rel", "eigen_cen_alternative_rel", "eigen_cen_alternative_rel"],