{"Itbt": 0, "Pace": 0.0318289, "Depth": 12, "Degree": 4, "RPSTime": 1.27481, "FBBTTime": 0, "OBBTTime": 0, "TotalTime": 8.39575, "Iterations": 133, "LinearTime": 0.764048, "LowerBound": 85.1754, "TimeVector": [0.513963, 0.580179, 0.645444, 0.713694, 0.780903, 0.836456, 0.892912, 0.960427, 1.01702, 1.07938, 1.14453, 1.20225, 1.26025, 1.31992, 1.37566, 1.44273, 1.49974, 1.55668, 1.61484, 1.67032, 1.72757, 1.78902, 1.84594, 1.90521, 1.9598, 2.01896, 2.08137, 2.13925, 2.1968, 2.25277, 2.31354, 2.3781, 2.43689, 2.49537, 2.55244, 2.61037, 2.6677, 2.72276, 2.78227, 2.83686, 2.89558, 2.95072, 3.0076, 3.07316, 3.13659, 3.19551, 3.25015, 3.3026, 3.35842, 3.41522, 3.47587, 3.54003, 3.60031, 3.66157, 3.722, 3.78082, 3.84704, 3.90772, 3.96435, 4.01863, 4.07803, 4.13828, 4.19739, 4.26545, 4.32718, 4.38421, 4.44482, 4.50475, 4.56242, 4.61654, 4.67572, 4.73328, 4.79078, 4.84725, 4.90084, 4.95896, 5.01568, 5.07064, 5.12317, 5.18694, 5.24216, 5.30135, 5.36283, 5.41992, 5.48098, 5.53894, 5.5964, 5.65928, 5.71935, 5.77661, 5.83163, 5.89162, 5.9542, 6.01501, 6.07236, 6.13029, 6.19634, 6.2573, 6.31394, 6.37676, 6.4348, 6.49254, 6.55765, 6.62062, 6.67833, 6.73764, 6.80226, 6.86145, 6.92037, 6.98751, 7.04887, 7.11302, 7.17385, 7.22903, 7.28641, 7.3476, 7.41178, 7.47371, 7.53419, 7.59788, 7.65313, 7.71535, 7.77188, 7.8333, 7.8987, 7.95711, 8.01461, 8.08325, 8.14421, 8.20434, 8.25816, 8.32498, 16.7207], "UpperBound": 85.2595, "rootBTTime": 0, "LowerBounds": {"1": 49.4944, "2": 58.1154, "3": 61.9141, "4": 68.4547, "5": 69.3152, "6": 71.6829, "7": 71.9682, "8": 73.5655, "9": 73.6277, "10": 75.4329, "11": 76.7566, "12": 76.8658, "13": 76.8863, "14": 77.0168, "15": 77.1608, "16": 77.3402, "17": 77.4378, "18": 77.8623, "19": 78.159, "20": 79.0924, "21": 80.044, "22": 80.1096, "23": 80.1142, "24": 80.1832, "25": 80.4605, "26": 80.6725, "27": 80.7392, "28": 80.8371, "29": 80.9436, "30": 81.3219, "31": 81.3437, "32": 81.611, "33": 81.6529, "34": 81.8, "35": 81.8572, "36": 81.9253, "37": 81.9493, "38": 82.0165, "39": 82.1156, "40": 82.2798, "41": 82.3068, "42": 82.3793, "43": 82.431, "44": 82.5671, "45": 82.6166, "46": 82.8042, "47": 82.8585, "48": 82.9535, "50": 82.956, "51": 83.1404, "52": 83.2206, "53": 83.2246, "54": 83.2428, "55": 83.2665, "56": 83.5468, "57": 83.6725, "58": 83.8874, "59": 83.8991, "60": 83.9059, "61": 83.9442, "62": 83.9552, "63": 84.0147, "64": 84.0941, "65": 84.1224, "66": 84.149, "67": 84.2933, "68": 84.326, "69": 84.3619, "70": 84.3786, "71": 84.4079, "72": 84.4555, "73": 84.4738, "74": 84.4941, "75": 84.5302, "76": 84.537, "77": 84.5507, "78": 84.5839, "79": 84.5839, "80": 84.599, "81": 84.6503, "82": 84.7017, "83": 84.7153, "84": 84.7227, "85": 84.7331, "86": 84.7413, "87": 84.7875, "88": 84.7985, "89": 84.8262, "90": 84.8319, "91": 84.8458, "92": 84.8575, "93": 84.8778, "94": 84.8855, "95": 84.8972, "96": 84.8973, "97": 84.91, "98": 84.9245, "99": 84.9324, "100": 84.9324, "101": 84.9366, "102": 84.9491, "103": 84.9602, "104": 84.9627, "105": 84.9669, "106": 84.9754, "107": 84.9916, "108": 84.998, "109": 84.9989, "110": 85.0067, "111": 85.0207, "112": 85.0288, "113": 85.0376, "114": 85.0466, "115": 85.0513, "116": 85.0603, "117": 85.0651, "118": 85.066, "119": 85.0692, "120": 85.0693, "121": 85.0775, "122": 85.0838, "123": 85.105, "124": 85.1151, "125": 85.1158, "126": 85.1176, "127": 85.1249, "128": 85.1351, "129": 85.1377, "130": 85.1436, "131": 85.1485, "132": 85.1501, "133": 85.1754}, "SolveResult": 0, "UpperBounds": {"1": 85.2595}, "MaxQueueSize": 37, "VisitedNodes": 267, "BranchingVars": [0, 5, 5, 1, 1, 1, 1, 9, 6, 6, 6, 9, 8, 9, 9, 8, 6, 8, 8, 8, 9, 8, 1, 1, 8, 0, 8, 4, 1, 1, 8, 9, 8, 8, 9, 9, 9, 9, 1, 0, 6, 8, 9, 9, 9, 1, 8, 7, 7, 1, 9, 9, 9, 9, 9, 0, 6, 0, 7, 6, 9, 1, 6, 7, 7, 7, 0, 6, 1, 6, 7, 0, 9, 9, 1, 6, 7, 0, 0, 0, 5, 1, 5, 0, 7, 6, 5, 5, 6, 0, 0, 5, 0, 6, 5, 7, 0, 0, 5, 6, 0, 0, 0, 0, 7, 1, 0, 7, 0, 7, 0, 0, 1, 7, 0, 9, 0, 0, 1, 0, 7, 0, 0, 5, 0, 2, 9, 5, 1, 1, 5, 1, 5], "NonLinearTime": 0.262385, "OptimalityGap": 0.0840737, "BranchingRules": ["eigen_cen_alternative_rel", "eigen_cen_alternative_rel", "eigen_cen_alternative_rel", "eigen_cen_alternative_rel", "eigen_cen_alternative_rel", "eigen_cen_alternative_rel", "eigen_cen_alternative_rel", "eigen_cen_alternative_rel", "eigen_cen_alternative_rel", "eigen_cen_alternative_rel", "eigen_cen_alternative_rel", "eigen_cen_alternative_rel", "eigen_cen_alternative_rel", "eigen_cen_alternative_rel", "eigen_cen_alternative_rel", "eigen_cen_alternative_rel", "eigen_cen_alternative_rel", "eigen_cen_alternative_rel", "eigen_cen_alternative_rel", "eigen_cen_alternative_rel", "eigen_cen_alternative_rel", "eigen_cen_alternative_rel", "eigen_cen_alternative_rel", "eigen_cen_alternative_rel", "eigen_cen_alternative_rel", "eigen_cen_alternative_rel", "eigen_cen_alternative_rel", "eigen_cen_alternative_rel", "eigen_cen_alternative_rel", "eigen_cen_alternative_rel", "eigen_cen_alternative_rel", "eigen_cen_alternative_rel", "eigen_cen_alternative_rel", "eigen_cen_alternative_rel", "eigen_cen_alternative_rel", "eigen_cen_alternative_rel", "eigen_cen_alternative_rel", "eigen_cen_alternative_rel", "eigen_cen_alternative_rel", "eigen_cen_alternative_rel", "eigen_cen_alternative_rel", "eigen_cen_alternative_rel", "eigen_cen_alternative_rel", "eigen_cen_alternative_rel", "eigen_cen_alternative_rel", "eigen_cen_alternative_rel", "eigen_cen_alternative_rel", "eigen_cen_alternative_rel", "eigen_cen_alternative_rel", "eigen_cen_alternative_rel", "eigen_cen_alternative_rel", "eigen_cen_alternative_rel", "eigen_cen_alternative_rel", "eigen_cen_alternative_rel", "eigen_cen_alternative_rel", "eigen_cen_alternative_rel", "eigen_cen_alternative_rel", "eigen_cen_alternative_rel", "eigen_cen_alternative_rel", "eigen_cen_alternative_rel", "eigen_cen_alternative_rel", "eigen_cen_alternative_rel", "eigen_cen_alternative_rel", "eigen_cen_alternative_rel", "eigen_cen_alternative_rel", "eigen_cen_alternative_rel", "eigen_cen_alternative_rel", "eigen_cen_alternative_rel", "eigen_cen_alternative_rel", "eigen_cen_alternative_rel", "eigen_cen_alternative_rel", "eigen_cen_alternative_rel", "eigen_cen_alternative_rel", "eigen_cen_alternative_rel", "eigen_cen_alternative_rel", "eigen_cen_alternative_rel", "eigen_cen_alternative_rel", "eigen_cen_alternative_rel", "eigen_cen_alternative_rel", "eigen_cen_alternative_rel", "eigen_cen_alternative_rel", "eigen_cen_alternative_rel", "eigen_cen_alternative_rel", "eigen_cen_alternative_rel", "eigen_cen_alternative_rel", "eigen_cen_alternative_rel", "eigen_cen_alternative_rel", "eigen_cen_alternative_rel", "eigen_cen_alternative_rel", "eigen_cen_alternative_rel", "eigen_cen_alternative_rel", "eigen_cen_alternative_rel", "eigen_cen_alternative_rel", "eigen_cen_alternative_rel", "eigen_cen_alternative_rel", "eigen_cen_alternative_rel", "eigen_cen_alternative_rel", "eigen_cen_alternative_rel", "eigen_cen_alternative_rel", "eigen_cen_alternative_rel", "eigen_cen_alternative_rel", "eigen_cen_alternative_rel", "eigen_cen_alternative_rel", "eigen_cen_alternative_rel", "eigen_cen_alternative_rel", "eigen_cen_alternative_rel", "eigen_cen_alternative_rel", "eigen_cen_alternative_rel", "eigen_cen_alternative_rel", "eigen_cen_alternative_rel", "eigen_cen_alternative_rel", "eigen_cen_alternative_rel", "eigen_cen_alternative_rel", "eigen_cen_alternative_rel", "eigen_cen_alternative_rel", "eigen_cen_alternative_rel", "eigen_cen_alternative_rel", "eigen_cen_alternative_rel", "eigen_cen_alternative_rel", "eigen_cen_alternative_rel", "eigen_cen_alternative_rel", "eigen_cen_alternative_rel", "eigen_cen_alternative_rel", "eigen_cen_alternative_rel", "eigen_cen_alternative_rel", "eigen_cen_alternative_rel", "eigen_cen_alternative_rel", "eigen_cen_alternative_rel", "eigen_cen_alternative_rel", "eigen_cen_alternative_rel", "eigen_cen_alternative_rel", "eigen_cen_alternative_rel", "eigen_cen_alternative_rel"],