{"Itbt": 0, "Pace": 0.0608368, "Depth": 7, "Degree": 4, "RPSTime": 0.50766, "FBBTTime": 0, "OBBTTime": 0, "TotalTime": 4.94177, "Iterations": 23, "LinearTime": 0.530939, "LowerBound": 83.5368, "TimeVector": [0.54354, 0.747819, 0.954898, 1.15854, 1.36463, 1.55584, 1.74642, 1.96508, 2.16352, 2.36143, 2.55359, 2.75523, 2.96542, 3.15908, 3.35568, 3.55226, 3.75116, 3.95623, 4.15662, 4.35417, 4.55055, 4.73712, 9.6789], "UpperBound": 83.6011, "rootBTTime": 0, "LowerBounds": {"1": 70.9028, "2": 74.943, "3": 76.9874, "4": 78.0928, "5": 80.2411, "6": 81.1797, "7": 81.6504, "8": 81.7632, "9": 81.8133, "10": 82.2142, "11": 82.7022, "12": 83.0436, "13": 83.0489, "14": 83.0664, "15": 83.0817, "16": 83.3093, "17": 83.3697, "18": 83.407, "19": 83.4105, "20": 83.4579, "21": 83.4631, "22": 83.4631, "23": 83.5368}, "SolveResult": 0, "UpperBounds": {"1": 83.6011}, "MaxQueueSize": 7, "VisitedNodes": 47, "BranchingVars": [6, 6, 1, 1, 11, 1, 1, 1, 1, 11, 1, 1, 1, 1, 6, 11, 1, 1, 1, 1, 1, 1, 1], "NonLinearTime": 0.194447, "OptimalityGap": 0.0642681, "BranchingRules": ["eigen_cen_alternative_rel", "eigen_cen_alternative_rel", "eigen_cen_alternative_rel", "eigen_cen_alternative_rel", "eigen_cen_alternative_rel", "eigen_cen_alternative_rel", "eigen_cen_alternative_rel", "eigen_cen_alternative_rel", "eigen_cen_alternative_rel", "eigen_cen_alternative_rel", "eigen_cen_alternative_rel", "eigen_cen_alternative_rel", "eigen_cen_alternative_rel", "eigen_cen_alternative_rel", "eigen_cen_alternative_rel", "eigen_cen_alternative_rel", "eigen_cen_alternative_rel", "eigen_cen_alternative_rel", "eigen_cen_alternative_rel", "eigen_cen_alternative_rel", "eigen_cen_alternative_rel", "eigen_cen_alternative_rel", "eigen_cen_alternative_rel"], "LBImprovements": [4.04022, 3.14981, 4.66293, 3.08692, 1.52208, 1.0345, 1.05186, 1.64374, 1.23024, 0.834719, 0.379465, 0.861804, 0.490995, 0.344093, 0.22765, 0.153773, 0.213751, 1.00594, 0.15858, 0.0484947, 0.0893082, 0.088021, 0.0304397], "InfeasibleNodes": 0, "ElapsedTimeCoeffs": 0, "LinearizationTime": 0.00179417, "NumberOfVariables": 12, "CallsToLinearSolver": 47, "LinearGenerationTime": 0.0971831, "SDPCutsGenerationTime": 0, "CallsToNonLinearSolver": 8, "StrongBranchingExtraTime": 4.1731, "ElapsedTimeWeightedCoeffs": 0, "NodesDiscardedByFathoming": 0, "NodesDiscardedByTolerance": 24, "BoundFactorConstraintsTime": 0.0207092, "ElapsedTimeVarsInConstraints": 0.000032926, "meanBTRelativeChangeRootNode": 0, "NumberOfBoundFactorConstraints": 200, "NumberOfLAPACKConvergenceFailures": 0, "NumberOfRLTVariablesAfterLinearization": 102}