{"Itbt": 0, "Pace": 0.15608, "Depth": 15, "Degree": 4, "RPSTime": 61.9293, "FBBTTime": 0, "OBBTTime": 0, "TotalTime": 1245.55, "Iterations": 163, "LinearTime": 92.3753, "LowerBound": 2828, "TimeVector": [8.83399, 16.8562, 24.9639, 33.1503, 41.2671, 49.7047, 57.7291, 65.7305, 74.1137, 81.9342, 90.1322, 98.1984, 106.328, 114.493, 122.646, 130.969, 138.322, 146.37, 154.627, 162.959, 171.333, 179.44, 187.446, 195.166, 203.129, 211.257, 219.185, 226.923, 235.325, 242.959, 251.042, 258.404, 266.726, 274.459, 282.647, 290.628, 298.294, 306.345, 314.352, 322.385, 330.313, 338.643, 345.995, 353.252, 361.037, 368.59, 376.871, 384.762, 393.32, 401, 408.601, 416.821, 425.071, 432.476, 440.519, 448.501, 455.654, 463.492, 471.115, 478.422, 486.038, 494.481, 502.29, 509.987, 517.769, 524.987, 532.89, 540.485, 547.571, 555.708, 562.824, 570.426, 577.512, 585.586, 593.009, 601.026, 608.934, 617.205, 625.139, 632.53, 639.78, 647.449, 655.493, 663.8, 670.569, 677.591, 685.556, 692.863, 700.822, 708.883, 716.722, 724.352, 731.859, 739.843, 747.324, 754.745, 762.585, 769.646, 776.438, 784.058, 791.696, 798.63, 806.275, 812.946, 820.844, 828.314, 836.461, 843.713, 851.086, 858.689, 866.477, 874.642, 881.541, 888.631, 896.797, 903.358, 911.925, 918.939, 926.388, 933.967, 942.248, 948.938, 956.375, 965.021, 972.414, 979.475, 986.926, 993.531, 1000.58, 1008.14, 1014.95, 1022.41, 1030.03, 1037.96, 1045.52, 1052.58, 1059.81, 1067.62, 1074.16, 1082.34, 1089.15, 1096.24, 1103.12, 1109.84, 1116.72, 1124.86, 1132.42, 1139.24, 1145.17, 1151.95, 1159.61, 1167.9, 1175.07, 1182.63, 1189.27, 1197.23, 1204.52, 1210.74, 1218.25, 1226.11, 1233.65, 1239.86, 1267.16], "UpperBound": 2830.74, "rootBTTime": 0, "LowerBounds": {"1": 2202.21, "2": 2340.61, "3": 2399.53, "4": 2480.19, "5": 2516.58, "6": 2536.43, "7": 2560.09, "8": 2569.14, "9": 2598.47, "10": 2598.52, "11": 2619.81, "12": 2621.04, "13": 2622.9, "14": 2632.18, "15": 2645.28, "16": 2647.87, "17": 2656.53, "18": 2663.03, "19": 2674.7, "20": 2679.13, "21": 2680.27, "22": 2697.02, "23": 2699.38, "24": 2704.82, "25": 2706.45, "26": 2706.49, "27": 2711.91, "28": 2713.69, "29": 2717.5, "30": 2719.08, "31": 2721.48, "32": 2727.93, "33": 2727.99, "34": 2736.11, "35": 2737.83, "36": 2745.54, "37": 2748.6, "38": 2749.8, "39": 2753.32, "40": 2754.59, "41": 2756.81, "42": 2758.44, "43": 2758.54, "44": 2762.72, "45": 2763.98, "46": 2764.43, "47": 2764.55, "48": 2766.08, "49": 2771.1, "50": 2772.97, "51": 2773.84, "52": 2774.44, "53": 2774.57, "54": 2776.48, "55": 2776.94, "56": 2777.56, "57": 2777.96, "58": 2777.99, "59": 2779.56, "60": 2779.87, "61": 2780.1, "62": 2781.44, "63": 2783.78, "64": 2784.13, "65": 2787.21, "66": 2787.48, "67": 2789.03, "68": 2789.93, "69": 2791.14, "70": 2791.31, "71": 2792.17, "72": 2793.09, "73": 2795.46, "74": 2797.2, "75": 2797.38, "76": 2798.57, "77": 2799.25, "78": 2800.6, "79": 2801.89, "80": 2802.05, "81": 2802.73, "82": 2803.87, "83": 2803.89, "84": 2804, "85": 2804.29, "86": 2804.42, "87": 2805.94, "88": 2806.29, "89": 2806.41, "90": 2806.81, "91": 2807.5, "92": 2807.65, "93": 2808.29, "94": 2809.37, "95": 2809.42, "96": 2809.64, "97": 2810.92, "98": 2811.36, "99": 2811.51, "100": 2812.71, "101": 2813.12, "102": 2813.72, "103": 2813.91, "104": 2813.96, "105": 2814.01, "106": 2814.18, "107": 2814.32, "108": 2814.42, "109": 2814.64, "110": 2815.14, "111": 2815.16, "112": 2815.7, "113": 2816.32, "114": 2816.54, "115": 2817.48, "116": 2817.54, "117": 2817.91, "118": 2818.23, "119": 2818.86, "120": 2819.23, "121": 2819.33, "122": 2819.57, "123": 2819.73, "124": 2820.11, "125": 2820.23, "126": 2820.6, "127": 2820.61, "128": 2820.65, "129": 2820.99, "130": 2821.04, "131": 2821.07, "132": 2821.29, "133": 2821.73, "134": 2821.91, "135": 2822.36, "136": 2822.48, "137": 2822.51, "138": 2822.52, "139": 2822.71, "140": 2822.92, "141": 2822.92, "142": 2822.93, "143": 2823.84, "144": 2823.96, "145": 2824.71, "146": 2824.76, "147": 2824.84, "148": 2825.26, "149": 2825.99, "150": 2826.19, "151": 2826.26, "152": 2826.39, "153": 2826.64, "154": 2826.74, "155": 2826.91, "156": 2827.08, "157": 2827.32, "158": 2827.5, "159": 2827.58, "160": 2827.67, "161": 2827.73, "162": 2827.82, "163": 2828}, "SolveResult": 0, "UpperBounds": {"1": 2830.74}, "MaxQueueSize": 55, "VisitedNodes": 327, "BranchingVars": [11, 7, 7, 10, 0, 2, 1, 1, 1, 10, 3, 8, 2, 10, 0, 1, 1, 0, 11, 0, 0, 1, 1, 3, 10, 10, 6, 1, 9, 3, 9, 2, 0, 11, 9, 7, 11, 10, 6, 2, 11, 2, 8, 6, 3, 7, 9, 7, 1, 2, 3, 9, 9, 0, 10, 3, 7, 6, 8, 7, 8, 1, 9, 10, 9, 7, 10, 10, 0, 8, 11, 10, 8, 10, 0, 8, 3, 2, 2, 0, 7, 3, 9, 2, 10, 9, 9, 8, 9, 7, 6, 8, 8, 0, 9, 8, 8, 8, 10, 10, 8, 1, 7, 1, 0, 7, 2, 10, 11, 2, 9, 2, 10, 10, 8, 7, 7, 6, 0, 9, 7, 9, 9, 8, 0, 7, 6, 9, 7, 1, 7, 9, 3, 3, 10, 9, 7, 0, 7, 8, 7, 0, 10, 9, 10, 8, 1, 0, 7, 2, 0, 7, 1, 0, 9, 9, 0, 7, 11, 6, 3, 7, 0], "NonLinearTime": 0.298834, "OptimalityGap": 2.73338,