{"Itbt": 0, "Pace": 0.000188988, "Depth": 10, "Degree": 2, "RPSTime": 0.132693, "FBBTTime": 0, "OBBTTime": 0, "TotalTime": 0.959583, "Iterations": 98, "LinearTime": 0.234545, "LowerBound": -450.234, "TimeVector": [0.329263, 0.343251, 0.356899, 0.370678, 0.385213, 0.391273, 0.396845, 0.410385, 0.416529, 0.422416, 0.428179, 0.433593, 0.439479, 0.445482, 0.451502, 0.464822, 0.470738, 0.476512, 0.482207, 0.488054, 0.494021, 0.500098, 0.505499, 0.511384, 0.517037, 0.523178, 0.529092, 0.534875, 0.540628, 0.546615, 0.552367, 0.566034, 0.571503, 0.577395, 0.583122, 0.58889, 0.594781, 0.600616, 0.606493, 0.612325, 0.618043, 0.623425, 0.62927, 0.634844, 0.640647, 0.646771, 0.65246, 0.658224, 0.664269, 0.670137, 0.675543, 0.681566, 0.687377, 0.692719, 0.698486, 0.704129, 0.70996, 0.715399, 0.721192, 0.726765, 0.732568, 0.738182, 0.743969, 0.757651, 0.76371, 0.769418, 0.775286, 0.781351, 0.786784, 0.79241, 0.798137, 0.803477, 0.808851, 0.814174, 0.819981, 0.825625, 0.831161, 0.83674, 0.842453, 0.8485, 0.854152, 0.859913, 0.865528, 0.871432, 0.877196, 0.882898, 0.888792, 0.894466, 0.900265, 0.906222, 0.911795, 0.917095, 0.922739, 0.928672, 0.934374, 0.940156, 0.945829, 1.90541], "UpperBound": -450, "rootBTTime": 0, "LowerBounds": {"1": -2933.33, "2": -2488.89, "3": -2192.59, "4": -1785.19, "5": -1770, "6": -1577.78, "7": -1444.64, "8": -1390.12, "9": -1263.49, "10": -1251.85, "11": -1227.25, "12": -1126.75, "13": -1034.57, "14": -1013.76, "15": -1006.49, "16": -926.749, "17": -903.374, "18": -889.712, "19": -877.778, "20": -834.568, "21": -834.444, "22": -774.386, "23": -751.166, "24": -701.748, "25": -689.712, "26": -680.334, "27": -675.838, "28": -667.328, "29": -666.165, "30": -652.756, "31": -633.556, "32": -632.017, "33": -617.833, "34": -606.296, "35": -600, "36": -593.141, "37": -589.067, "38": -584.667, "39": -583.592, "40": -556.503, "41": -556.379, "42": -553.873, "43": -539.623, "44": -539.481, "45": -534.43, "46": -524.155, "47": -517.808, "48": -515.609, "49": -504.563, "50": -504.527, "51": -504.094, "52": -503.156, "53": -501.718, "54": -500.777, "55": -499.465, "56": -495.974, "57": -493.236, "58": -492.857, "59": -490.31, "60": -489.483, "61": -488.963, "62": -484.708, "63": -481.126, "64": -479.907, "65": -477.544, "66": -476.079, "67": -474.836, "68": -473.707, "69": -472.793, "70": -472.088, "71": -471.425, "72": -470.125, "73": -468.622, "74": -467.383, "75": -466.867, "76": -466.018, "77": -465.941, "78": -461.587, "79": -461.109, "80": -460.512, "81": -459.808, "82": -459.25, "83": -459.084, "84": -458.842, "85": -456.226, "86": -456.17, "87": -456.049, "88": -454.832, "89": -454.582, "90": -454.395, "91": -454.079, "92": -452.951, "93": -452.226, "94": -451.677, "95": -451.656, "96": -450.775, "97": -450.558, "98": -450.234}, "SolveResult": 0, "UpperBounds": {"1": -450}, "MaxQueueSize": 27, "VisitedNodes": 197, "BranchingVars": [4, 4, 4, 4, 1, 2, 2, 4, 1, 2, 0, 3, 3, 1, 2, 4, 1, 3, 1, 2, 4, 4, 3, 4, 3, 0, 1, 1, 0, 1, 1, 4, 4, 4, 1, 3, 0, 4, 1, 2, 2, 4, 1, 4, 0, 2, 0, 4, 2, 4, 0, 3, 4, 3, 0, 2, 3, 1, 3, 4, 1, 4, 2, 1, 1, 4, 1, 1, 0, 1, 1, 4, 4, 4, 2, 1, 1, 0, 4, 0, 3, 2, 4, 0, 2, 4, 1, 1, 4, 4, 4, 0, 4, 1, 4, 2, 1, 4], "NonLinearTime": 0.215178, "OptimalityGap": 0.233689, "BranchingRules": ["sum_rescaled_var_range_weighted_rel", "sum_rescaled_var_range_weighted_rel", "sum_rescaled_var_range_weighted_rel", "sum_rescaled_var_range_weighted_rel", "sum_rescaled_var_range_weighted_rel", "sum_rescaled_var_range_weighted_rel", "sum_rescaled_var_range_weighted_rel", "sum_rescaled_var_range_weighted_rel", "sum_rescaled_var_range_weighted_rel", "sum_rescaled_var_range_weighted_rel", "sum_rescaled_var_range_weighted_rel", "sum_rescaled_var_range_weighted_rel", "sum_rescaled_var_range_weighted_rel", "sum_rescaled_var_range_weighted_rel", "sum_rescaled_var_range_weighted_rel", "sum_rescaled_var_range_weighted_rel", "sum_rescaled_var_range_weighted_rel", "sum_rescaled_var_range_weighted_rel", "sum_rescaled_var_range_weighted_rel", "sum_rescaled_var_range_weighted_rel", "sum_rescaled_var_range_weighted_rel", "sum_rescaled_var_range_weighted_rel", "sum_rescaled_var_range_weighted_rel", "sum_rescaled_var_range_weighted_rel", "sum_rescaled_var_range_weighted_rel", "sum_rescaled_var_range_weighted_rel", "sum_rescaled_var_range_weighted_rel", "sum_rescaled_var_range_weighted_rel", "sum_rescaled_var_range_weighted_rel", "sum_rescaled_var_range_weighted_rel", "sum_rescaled_var_range_weighted_rel", "sum_rescaled_var_range_weighted_rel", "sum_rescaled_var_range_weighted_rel", "sum_rescaled_var_range_weighted_rel", "sum_rescaled_var_range_weighted_rel", "sum_rescaled_var_range_weighted_rel", "sum_rescaled_var_range_weighted_rel", "sum_rescaled_var_range_weighted_rel", "sum_rescaled_var_range_weighted_rel", "sum_rescaled_var_range_weighted_rel", "sum_rescaled_var_range_weighted_rel", "sum_rescaled_var_range_weighted_rel", "sum_rescaled_var_range_weighted_rel", "sum_rescaled_var_range_weighted_rel", "sum_rescaled_var_range_weighted_rel", "sum_rescaled_var_range_weighted_rel", "sum_rescaled_var_range_weighted_rel", "sum_rescaled_var_range_weighted_rel", "sum_rescaled_var_range_weighted_rel", "sum_rescaled_var_range_weighted_rel", "sum_rescaled_var_range_weighted_rel", "sum_rescaled_var_range_weighted_rel", "sum_rescaled_var_range_weighted_rel", "sum_rescaled_var_range_weighted_rel", "sum_rescaled_var_range_weighted_rel", "sum_rescaled_var_range_weighted_rel", "sum_rescaled_var_range_weighted_rel", "sum_rescaled_var_range_weighted_rel", "sum_rescaled_var_range_weighted_rel", "sum_rescaled_var_range_weighted_rel", "sum_rescaled_var_range_weighted_rel", "sum_rescaled_var_range_weighted_rel", "sum_rescaled_var_range_weighted_rel", "sum_rescaled_var_range_weighted_rel", "sum_rescaled_var_range_weighted_rel", "sum_rescaled_var_range_weighted_rel", "sum_rescaled_var_range_weighted_rel", "sum_rescaled_var_range_weighted_rel", "sum_rescaled_var_range_weighted_rel", "sum_rescaled_var_range_weighted_rel", "sum_rescaled_var_range_weighted_rel", "sum_rescaled_var_range_weighted_rel", "sum_rescaled_var_range_weighted_rel", "sum_rescaled_var_range_weighted_rel", "sum_rescaled_var_range_weighted_rel", "sum_rescaled_var_range_weighted_rel", "sum_rescaled_var_range_weighted_rel", "sum_rescaled_var_range_weighted_rel", "sum_rescaled_var_range_weighted_rel", "sum_rescaled_var_range_weighted_rel", "sum_rescaled_var_range_weighted_rel", "sum_rescaled_var_range_weighted_rel", "sum_rescaled_var_range_weighted_rel", "sum_rescaled_var_range_weighted_rel", "sum_rescaled_var_range_weighted_rel", "sum_rescaled_var_range_weighted_rel", "sum_rescaled_var_range_weighted_rel", "sum_rescaled_var_range_weighted_rel", "sum_rescaled_var_range_weighted_rel", "sum_rescaled_var_range_weighted_rel", "sum_rescaled_var_range_weighted_rel", "sum_rescaled_var_range_weighted_rel", "sum_rescaled_var_range_weighted_rel", "sum_rescaled_var_range_weighted_rel", "sum_rescaled_var_range_weighted_rel", "sum_rescaled_var_range_weighted_rel", "sum_rescaled_var_range_weighted_rel", "sum_rescaled_var_range_weighted_rel"], "LBImprovements": [444.444, 296.296, 407.407, 395.062, 325.357, 314.286, 10000000000.0, 263.374, 429.048, 238.095, 220.764, 200, 200, 407.46, 103.114, 175.583, 237.209, 200, 176.03, 158.73, 167.116, 121.63, 133.333, 112.682, 133.333, 300.493, 271.64, 82.661, 131.734, 128.601, 128.993, 92.3946, 117.055, 117.333, 104.026, 133.333, 32.5633, 91.4308, 80.4367, 63.6463, 105.82, 81.0799, 37.9046, 63.4025, 68.4126, 50.4481, 236.284, 30.9003, 78.1761, 175.583, 14.6109, 42.644, 42.8764, 88.8889, 27.3768, 135.861, 37.1874, 22.7323, 35.9153, 8.35688, 96.7626, 25.6249, 6.28989, 18.3198, 59.6939, 42.5487, 18.6657, 69.4142, 53.2922, 17.5059, 32.2925, 18.4691, 38.4236, 14.4325, 21.1495, 43.3546, 18.939, 2.33653, 4.88264, 10.3363, 88.8889, 11.1668, 25.8481, 22.11, 8.24629, 7.54725, 13.0517, 82.2662, 12.6144, 2.71815, 3.30323, 4.49601, 2.18403, 2.15263, 5.13851, 3.26238, 181.093, 0.271179], "InfeasibleNodes": 5,