{"Itbt": 0, "Pace": 600000, "Depth": 127, "Degree": 2, "RPSTime": 2186.52, "FBBTTime": 0, "OBBTTime": 0, "TotalTime": 2989.96, "Iterations": 127, "LinearTime": 115.637, "LowerBound": 0, "TimeVector": [214.281, 230.195, 246.006, 262.329, 278.118, 293.94, 309.886, 326.541, 344.674, 362.175, 379.978, 399.468, 419.148, 438.966, 458.99, 479.781, 500.085, 520.647, 541.38, 562.205, 583.342, 604.831, 626.118, 647.44, 669.565, 691.899, 714.231, 736.955, 759.863, 781.56, 804.996, 828.554, 851.332, 873.596, 894.393, 915.786, 937.456, 958.978, 979.628, 1001.34, 1023.01, 1043.8, 1065.3, 1086.36, 1108.23, 1129.14, 1150.98, 1171.89, 1194.3, 1215.33, 1237.96, 1259.71, 1281.79, 1303.98, 1326.04, 1347.23, 1369.83, 1391.7, 1413.86, 1436.2, 1458.79, 1481.06, 1503.16, 1525.93, 1548.38, 1570.8, 1593.13, 1615.72, 1638.32, 1660.89, 1682.72, 1705.6, 1728.11, 1751.28, 1773.84, 1796.81, 1819.7, 1842.86, 1865.85, 1888.76, 1911.08, 1934.28, 1957.03, 1979.28, 2002.23, 2025.35, 2048.49, 2071.83, 2095.29, 2117.92, 2141.43, 2165.08, 2188.73, 2212.73, 2236.42, 2260.04, 2283.62, 2307.29, 2331.08, 2353.92, 2376.77, 2401.14, 2424.04, 2447.5, 2470.66, 2495, 2518.43, 2542.53, 2566.2, 2589.79, 2614.01, 2638.35, 2662.53, 2686.98, 2711.02, 2734.92, 2758.61, 2781.72, 2805.58, 2828.56, 2852.25, 2875.85, 2899.38, 2922.74, 2945.72, 2968.02, 3012.26], "UpperBound": 0.0625231, "rootBTTime": 0, "LowerBounds": {"1": 0}, "SolveResult": 402, "UpperBounds": {"1": 0.0625231}, "MaxQueueSize": 48, "VisitedNodes": 255, "BranchingVars": [1, 199, 198, 1, 97, 97, 0, 198, 98, 157, 157, 199, 70, 42, 88, 46, 128, 121, 31, 170, 192, 43, 17, 82, 33, 51, 67, 112, 104, 61, 33, 131, 47, 176, 100, 104, 19, 45, 119, 43, 169, 145, 46, 156, 74, 20, 112, 178, 51, 40, 169, 151, 35, 83, 101, 143, 67, 27, 57, 4, 126, 95, 50, 111, 159, 26, 54, 5, 64, 195, 155, 159, 91, 144, 30, 60, 107, 193, 149, 18, 87, 70, 32, 63, 87, 146, 179, 183, 24, 81, 88, 11, 160, 116, 75, 59, 10, 37, 135, 21, 143, 81, 53, 82, 144, 83, 167, 12, 2, 177, 175, 162, 110, 115, 187, 138, 182, 69, 156, 163, 91, 41, 22, 189, 166, 172, 52], "NonLinearTime": 3.24013, "OptimalityGap": 0.0625231, "BranchingRules": ["sum_dual_weighted_plus1_rel", "sum_dual_weighted_plus1_rel", "sum_dual_weighted_plus1_rel", "sum_dual_weighted_plus1_rel", "sum_dual_weighted_plus1_rel", "sum_dual_weighted_plus1_rel", "sum_dual_weighted_plus1_rel", "sum_dual_weighted_plus1_rel", "sum_dual_weighted_plus1_rel", "sum_dual_weighted_plus1_rel", "sum_dual_weighted_plus1_rel", "sum_dual_weighted_plus1_rel", "sum_dual_weighted_plus1_rel", "sum_dual_weighted_plus1_rel", "sum_dual_weighted_plus1_rel", "sum_dual_weighted_plus1_rel", "sum_dual_weighted_plus1_rel", "sum_dual_weighted_plus1_rel", "sum_dual_weighted_plus1_rel", "sum_dual_weighted_plus1_rel", "sum_dual_weighted_plus1_rel", "sum_dual_weighted_plus1_rel", "sum_dual_weighted_plus1_rel", "sum_dual_weighted_plus1_rel", "sum_dual_weighted_plus1_rel", "sum_dual_weighted_plus1_rel", "sum_dual_weighted_plus1_rel", "sum_dual_weighted_plus1_rel", "sum_dual_weighted_plus1_rel", "sum_dual_weighted_plus1_rel", "sum_dual_weighted_plus1_rel", "sum_dual_weighted_plus1_rel", "sum_dual_weighted_plus1_rel", "sum_dual_weighted_plus1_rel", "sum_dual_weighted_plus1_rel", "sum_dual_weighted_plus1_rel", "sum_dual_weighted_plus1_rel", "sum_dual_weighted_plus1_rel", "sum_dual_weighted_plus1_rel", "sum_dual_weighted_plus1_rel", "sum_dual_weighted_plus1_rel", "sum_dual_weighted_plus1_rel", "sum_dual_weighted_plus1_rel", "sum_dual_weighted_plus1_rel", "sum_dual_weighted_plus1_rel", "sum_dual_weighted_plus1_rel", "sum_dual_weighted_plus1_rel", "sum_dual_weighted_plus1_rel", "sum_dual_weighted_plus1_rel", "sum_dual_weighted_plus1_rel", "sum_dual_weighted_plus1_rel", "sum_dual_weighted_plus1_rel", "sum_dual_weighted_plus1_rel", "sum_dual_weighted_plus1_rel", "sum_dual_weighted_plus1_rel", "sum_dual_weighted_plus1_rel", "sum_dual_weighted_plus1_rel", "sum_dual_weighted_plus1_rel", "sum_dual_weighted_plus1_rel", "sum_dual_weighted_plus1_rel", "sum_dual_weighted_plus1_rel", "sum_dual_weighted_plus1_rel", "sum_dual_weighted_plus1_rel", "sum_dual_weighted_plus1_rel", "sum_dual_weighted_plus1_rel", "sum_dual_weighted_plus1_rel", "sum_dual_weighted_plus1_rel", "sum_dual_weighted_plus1_rel", "sum_dual_weighted_plus1_rel", "sum_dual_weighted_plus1_rel", "sum_dual_weighted_plus1_rel", "sum_dual_weighted_plus1_rel", "sum_dual_weighted_plus1_rel", "sum_dual_weighted_plus1_rel", "sum_dual_weighted_plus1_rel", "sum_dual_weighted_plus1_rel", "sum_dual_weighted_plus1_rel", "sum_dual_weighted_plus1_rel", "sum_dual_weighted_plus1_rel", "sum_dual_weighted_plus1_rel", "sum_dual_weighted_plus1_rel", "sum_dual_weighted_plus1_rel", "sum_dual_weighted_plus1_rel", "sum_dual_weighted_plus1_rel", "sum_dual_weighted_plus1_rel", "sum_dual_weighted_plus1_rel", "sum_dual_weighted_plus1_rel", "sum_dual_weighted_plus1_rel", "sum_dual_weighted_plus1_rel", "sum_dual_weighted_plus1_rel", "sum_dual_weighted_plus1_rel", "sum_dual_weighted_plus1_rel", "sum_dual_weighted_plus1_rel", "sum_dual_weighted_plus1_rel", "sum_dual_weighted_plus1_rel", "sum_dual_weighted_plus1_rel", "sum_dual_weighted_plus1_rel", "sum_dual_weighted_plus1_rel", "sum_dual_weighted_plus1_rel", "sum_dual_weighted_plus1_rel", "sum_dual_weighted_plus1_rel", "sum_dual_weighted_plus1_rel", "sum_dual_weighted_plus1_rel", "sum_dual_weighted_plus1_rel", "sum_dual_weighted_plus1_rel", "sum_dual_weighted_plus1_rel", "sum_dual_weighted_plus1_rel", "sum_dual_weighted_plus1_rel", "sum_dual_weighted_plus1_rel", "sum_dual_weighted_plus1_rel", "sum_dual_weighted_plus1_rel", "sum_dual_weighted_plus1_rel", "sum_dual_weighted_plus1_rel", "sum_dual_weighted_plus1_rel", "sum_dual_weighted_plus1_rel", "sum_dual_weighted_plus1_rel", "sum_dual_weighted_plus1_rel", "sum_dual_weighted_plus1_rel", "sum_dual_weighted_plus1_rel", "sum_dual_weighted_plus1_rel", "sum_dual_weighted_plus1_rel", "sum_dual_weighted_plus1_rel", "sum_dual_weighted_plus1_rel", "sum_dual_weighted_plus1_rel", "sum_dual_weighted_plus1_rel", "sum_dual_weighted_plus1_rel", "sum_dual_weighted_plus1_rel"], "LBImprovements": [0, 0, 0, 0, 0, 0, 0, 0, 0, 0, 0, 0, 0, 0, 0, 0, 0, 0, 0, 0, 0, 0, 0, 0, 0, 0, 0, 0, 0, 0, 0, 0, 0, 0, 0, 0, 0, 0, 0, 0, 0, 0, 0, 0, 0, 0, 0, 0, 0, 0, 0, 0, 0, 0, 0, 0, 0, 0, 0, 0, 0, 0, 0, 0, 0, 0, 0, 0, 0, 0, 0, 0, 0, 0, 0, 0, 0, 0, 0, 0, 0, 0, 0, 0, 0, 0, 0, 0, 0, 0, 0, 0, 0, 0, 0, 0, 0, 0, 0, 0, 0, 0, 0, 0, 0, 0, 0, 0, 0, 0, 0, 0, 0, 0, 0, 0, 0, 0, 0, 0, 0, 0, 0, 0, 0, 0, 0], "InfeasibleNodes": 2, "ElapsedTimeCoeffs": 0, "LinearizationTime": 186.912, "NumberOfVariables": 200, "CallsToLinearSolver": 255, "LinearGenerationTime": 37.4858, "SDPCutsGenerationTime": 0, "CallsToNonLinearSolver": 10, "StrongBranchingExtraTime": 2387.96, "ElapsedTimeWeightedCoeffs": 0, "NodesDiscardedByFathoming": 0, "NodesDiscardedByTolerance": 79, "BoundFactorConstraintsTime": 288.829, "ElapsedTimeVarsInConstraints": 0.00242775, "meanBTRelativeChangeRootNode": 0, "NumberOfBoundFactorConstraints": 80200, "NumberOfLAPACKConvergenceFailures": 0, "NumberOfRLTVariablesAfterLinearization": 20100}