{"Itbt": 0, "Pace": 0.0103237, "Depth": 13, "Degree": 6, "RPSTime": 9.26395, "FBBTTime": 0, "OBBTTime": 0, "TotalTime": 130.193, "Iterations": 35, "LinearTime": 15.4516, "LowerBound": 2265.23, "TimeVector": [3.85354, 7.25065, 10.7743, 13.5907, 16.9097, 20.3254, 23.8522, 27.0645, 30.5282, 33.8458, 36.7938, 40.2926, 43.7306, 47.0906, 50.0643, 53.1931, 56.5155, 60.0461, 64.2674, 67.449, 70.8911, 74.3338, 77.7264, 80.9054, 84.0719, 87.2343, 90.8172, 93.7491, 97.077, 100.284, 104.117, 108.166, 111.886, 126.913, 160.029], "UpperBound": 2266.58, "rootBTTime": 0, "LowerBounds": {"1": 612.837, "2": 1223.07, "3": 1573.24, "4": 1611.46, "5": 1797.01, "6": 1817.17, "7": 1980.04, "8": 1998.99, "9": 2030.75, "10": 2092.63, "11": 2105.88, "12": 2116.7, "13": 2137.13, "14": 2185.25, "15": 2188.71, "16": 2193.46, "17": 2211.61, "18": 2230.37, "19": 2235.35, "20": 2241.68, "21": 2246.85, "22": 2249.14, "23": 2250.71, "24": 2251.88, "25": 2253.29, "26": 2254.89, "27": 2256.67, "28": 2257.01, "29": 2258.48, "30": 2259.99, "31": 2260.54, "32": 2260.91, "33": 2262.23, "34": 2262.83, "35": 2265.23}, "SolveResult": 0, "UpperBounds": {"1": 2266.58}, "MaxQueueSize": 6, "VisitedNodes": 71, "BranchingVars": [0, 5, 2, 1, 3, 4, 3, 1, 3, 0, 1, 0, 1, 2, 0, 1, 1, 1, 0, 0, 4, 4, 5, 5, 0, 0, 1, 1, 0, 2, 2, 0, 3, 0, 3], "NonLinearTime": 0.216833, "OptimalityGap": 1.3546, "BranchingRules": ["sum_rescaled_var_range_weighted_rel", "sum_rescaled_var_range_weighted_rel", "sum_rescaled_var_range_weighted_rel", "sum_rescaled_var_range_weighted_rel", "sum_rescaled_var_range_weighted_rel", "sum_rescaled_var_range_weighted_rel", "sum_rescaled_var_range_weighted_rel", "sum_rescaled_var_range_weighted_rel", "sum_rescaled_var_range_weighted_rel", "sum_rescaled_var_range_weighted_rel", "sum_rescaled_var_range_weighted_rel", "sum_rescaled_var_range_weighted_rel", "sum_rescaled_var_range_weighted_rel", "sum_rescaled_var_range_weighted_rel", "sum_rescaled_var_range_weighted_rel", "sum_rescaled_var_range_weighted_rel", "sum_rescaled_var_range_weighted_rel", "sum_rescaled_var_range_weighted_rel", "sum_rescaled_var_range_weighted_rel", "sum_rescaled_var_range_weighted_rel", "sum_rescaled_var_range_weighted_rel", "sum_rescaled_var_range_weighted_rel", "sum_rescaled_var_range_weighted_rel", "sum_rescaled_var_range_weighted_rel", "sum_rescaled_var_range_weighted_rel", "sum_rescaled_var_range_weighted_rel", "sum_rescaled_var_range_weighted_rel", "sum_rescaled_var_range_weighted_rel", "sum_rescaled_var_range_weighted_rel", "sum_rescaled_var_range_weighted_rel", "sum_rescaled_var_range_weighted_rel", "sum_rescaled_var_range_weighted_rel", "sum_rescaled_var_range_weighted_rel", "sum_rescaled_var_range_weighted_rel", "sum_rescaled_var_range_weighted_rel"], "LBImprovements": [610.232, 350.172, 223.768, 10000000000.0, 201.982, 162.868, 112.593, 189.718, 106.382, 92.6115, 10000000000.0, 94.916, 129.585, 45.1274, 190.717, 10000000000.0, 30.0662, 16.4755, 10000000000.0, 15.326, 3.86056, 4.1434, 5.9589, 6.59782, 10000000000.0, 10000000000.0, 3.31844, 12.9574, 10000000000.0, 0.922933, 2.29231, 7.72633, 3.37686, 10000000000.0, 2.27259], "InfeasibleNodes": 26, "ElapsedTimeCoeffs": 0, "LinearizationTime": 0.0287885, "NumberOfVariables": 6, "CallsToLinearSolver": 71, "LinearGenerationTime": 0.667276, "SDPCutsGenerationTime": 0, "CallsToNonLinearSolver": 9, "StrongBranchingExtraTime": 113.134, "ElapsedTimeWeightedCoeffs": 0, "NodesDiscardedByFathoming": 0, "NodesDiscardedByTolerance": 10, "BoundFactorConstraintsTime": 1.15198, "ElapsedTimeVarsInConstraints": 0.000046547, "meanBTRelativeChangeRootNode": 0, "NumberOfBoundFactorConstraints": 926, "NumberOfLAPACKConvergenceFailures": 0, "NumberOfRLTVariablesAfterLinearization": 307}