{"Itbt": 0, "Pace": 0.0350125, "Depth": 9, "Degree": 6, "RPSTime": 278.994, "FBBTTime": 0, "OBBTTime": 0, "TotalTime": 1161.4, "Iterations": 38, "LinearTime": 124.119, "LowerBound": 28168.4, "TimeVector": [20.4984, 41.3842, 63.8893, 91.5721, 112.987, 149.206, 174.461, 206.87, 231.861, 252.281, 282.534, 309.783, 336.908, 363.007, 385.139, 416.657, 445.505, 476.796, 500.272, 532.575, 572.047, 605.067, 639.484, 683.533, 722.407, 744.956, 768.138, 799.522, 835.649, 861.25, 891.1, 924.896, 953.437, 981.485, 1026.2, 1081.78, 1123.22, 1161.4], "UpperBound": 28194, "rootBTTime": 0, "LowerBounds": {"1": 23441.5, "2": 24789.7, "3": 24795.4, "4": 25759.1, "5": 25816.7, "6": 26160, "7": 26310.5, "8": 27028, "9": 27091.1, "10": 27097, "11": 27116, "12": 27139.8, "13": 27149.8, "14": 27465.8, "15": 27495.1, "16": 27583.3, "17": 27621.2, "18": 27651.1, "19": 27847.8, "20": 27860.9, "21": 27881.5, "22": 27891.5, "23": 27918.5, "24": 27956.5, "25": 27984.4, "26": 28024.3, "27": 28045.3, "28": 28049.1, "29": 28060.5, "30": 28077.6, "31": 28086.4, "32": 28092.3, "33": 28104.1, "34": 28109.8, "35": 28116.8, "36": 28149.5, "37": 28165, "38": 28168.4}, "SolveResult": 0, "UpperBounds": {"1": 28194}, "MaxQueueSize": 13, "VisitedNodes": 77, "BranchingVars": [5, 4, 4, 3, 3, 0, 3, 2, 4, 3, 2, 2, 0, 3, 3, 4, 3, 0, 3, 5, 5, 3, 4, 3, 2, 4, 2, 4, 4, 3, 3, 5, 3, 3, 5, 4, 2, 2], "NonLinearTime": 0.361194, "OptimalityGap": 25.5607, "BranchingRules": ["sum_rescaled_var_range_weighted_rel", "sum_rescaled_var_range_weighted_rel", "sum_rescaled_var_range_weighted_rel", "sum_rescaled_var_range_weighted_rel", "sum_rescaled_var_range_weighted_rel", "sum_rescaled_var_range_weighted_rel", "sum_rescaled_var_range_weighted_rel", "sum_rescaled_var_range_weighted_rel", "sum_rescaled_var_range_weighted_rel", "sum_rescaled_var_range_weighted_rel", "sum_rescaled_var_range_weighted_rel", "sum_rescaled_var_range_weighted_rel", "sum_rescaled_var_range_weighted_rel", "sum_rescaled_var_range_weighted_rel", "sum_rescaled_var_range_weighted_rel", "sum_rescaled_var_range_weighted_rel", "sum_rescaled_var_range_weighted_rel", "sum_rescaled_var_range_weighted_rel", "sum_rescaled_var_range_weighted_rel", "sum_rescaled_var_range_weighted_rel", "sum_rescaled_var_range_weighted_rel", "sum_rescaled_var_range_weighted_rel", "sum_rescaled_var_range_weighted_rel", "sum_rescaled_var_range_weighted_rel", "sum_rescaled_var_range_weighted_rel", "sum_rescaled_var_range_weighted_rel", "sum_rescaled_var_range_weighted_rel", "sum_rescaled_var_range_weighted_rel", "sum_rescaled_var_range_weighted_rel", "sum_rescaled_var_range_weighted_rel", "sum_rescaled_var_range_weighted_rel", "sum_rescaled_var_range_weighted_rel", "sum_rescaled_var_range_weighted_rel", "sum_rescaled_var_range_weighted_rel", "sum_rescaled_var_range_weighted_rel", "sum_rescaled_var_range_weighted_rel", "sum_rescaled_var_range_weighted_rel", "sum_rescaled_var_range_weighted_rel"], "LBImprovements": [1348.25, 1026.96, 963.672, 400.9, 1274.39, 868.048, 839.304, 555.3, 756.76, 1892.62, 505.227, 326.029, 1037.39, 942.246, 489.361, 277.557, 297.226, 240.407, 695.591, 216.732, 222.643, 258.005, 173.873, 427.747, 499.555, 144.177, 596.827, 561.114, 141.424, 124.222, 79.3173, 101.796, 60.8633, 69.9574, 113.77, 158.733, 49.7954, 21.1671], "InfeasibleNodes": 0, "ElapsedTimeCoeffs": 0, "LinearizationTime": 1.03639, "NumberOfVariables": 6, "CallsToLinearSolver": 77, "LinearGenerationTime": 11.184, "SDPCutsGenerationTime": 0, "CallsToNonLinearSolver": 9, "StrongBranchingExtraTime": 995.896, "ElapsedTimeWeightedCoeffs": 0, "NodesDiscardedByFathoming": 0, "NodesDiscardedByTolerance": 39, "BoundFactorConstraintsTime": 34.9432, "ElapsedTimeVarsInConstraints": 0.000337916, "meanBTRelativeChangeRootNode": 0, "NumberOfBoundFactorConstraints": 12369, "NumberOfLAPACKConvergenceFailures": 0, "NumberOfRLTVariablesAfterLinearization": 916}