{"Itbt": 0, "Pace": 0.0537522, "Depth": 10, "Degree": 6, "RPSTime": 349.866, "FBBTTime": 0, "OBBTTime": 0, "TotalTime": 1928.09, "Iterations": 47, "LinearTime": 235.552, "LowerBound": 36899.7, "TimeVector": [28.2401, 49.746, 78.8413, 112.781, 135.595, 162.531, 201.163, 247.533, 281.759, 303.356, 341.636, 393.194, 431.797, 469.853, 504.094, 549.484, 583.052, 632.873, 668.149, 716.281, 742.762, 789.291, 824.117, 853.602, 912.545, 952.894, 1012.54, 1056, 1103.25, 1136.37, 1190.35, 1246.09, 1298.85, 1322.79, 1352.35, 1399, 1468.16, 1506.24, 1541.35, 1582.94, 1625.88, 1678.73, 1737.1, 1789.89, 1846.82, 1891.08, 1928.09], "UpperBound": 36936.3, "rootBTTime": 0, "LowerBounds": {"1": 31561.8, "2": 32629.6, "3": 33707.1, "4": 34010, "5": 34347.5, "6": 34467.6, "7": 34550, "8": 34949.9, "9": 35118.9, "10": 35124.7, "11": 35231.6, "12": 35246.7, "13": 35523.6, "14": 35744, "15": 35747.4, "16": 35811.4, "17": 35843.5, "18": 35900.8, "19": 35939, "20": 35961.1, "21": 36047.2, "22": 36094.5, "23": 36139.6, "24": 36160.1, "25": 36181.4, "26": 36261.6, "27": 36458.5, "28": 36516, "29": 36544.5, "30": 36555, "31": 36556.4, "32": 36575.8, "33": 36627.8, "34": 36640.3, "35": 36645.7, "36": 36646.3, "37": 36706.3, "38": 36723.5, "39": 36753.3, "40": 36757.1, "41": 36760.2, "42": 36774.3, "43": 36835.1, "44": 36836.9, "45": 36838.6, "46": 36863.6, "47": 36899.7}, "SolveResult": 0, "UpperBounds": {"1": 36936.3}, "MaxQueueSize": 15, "VisitedNodes": 95, "BranchingVars": [2, 2, 2, 0, 0, 3, 0, 1, 3, 2, 3, 1, 0, 3, 3, 1, 3, 1, 1, 1, 5, 3, 4, 1, 1, 1, 3, 0, 5, 4, 0, 0, 4, 3, 5, 0, 1, 5, 2, 0, 0, 1, 1, 4, 1, 4, 0], "NonLinearTime": 0.333788, "OptimalityGap": 36.6483, "BranchingRules": ["eigen_cen_alternative_rel", "eigen_cen_alternative_rel", "eigen_cen_alternative_rel", "eigen_cen_alternative_rel", "eigen_cen_alternative_rel", "eigen_cen_alternative_rel", "eigen_cen_alternative_rel", "eigen_cen_alternative_rel", "eigen_cen_alternative_rel", "eigen_cen_alternative_rel", "eigen_cen_alternative_rel", "eigen_cen_alternative_rel", "eigen_cen_alternative_rel", "eigen_cen_alternative_rel", "eigen_cen_alternative_rel", "eigen_cen_alternative_rel", "eigen_cen_alternative_rel", "eigen_cen_alternative_rel", "eigen_cen_alternative_rel", "eigen_cen_alternative_rel", "eigen_cen_alternative_rel", "eigen_cen_alternative_rel", "eigen_cen_alternative_rel", "eigen_cen_alternative_rel", "eigen_cen_alternative_rel", "eigen_cen_alternative_rel", "eigen_cen_alternative_rel", "eigen_cen_alternative_rel", "eigen_cen_alternative_rel", "eigen_cen_alternative_rel", "eigen_cen_alternative_rel", "eigen_cen_alternative_rel", "eigen_cen_alternative_rel", "eigen_cen_alternative_rel", "eigen_cen_alternative_rel", "eigen_cen_alternative_rel", "eigen_cen_alternative_rel", "eigen_cen_alternative_rel", "eigen_cen_alternative_rel", "eigen_cen_alternative_rel", "eigen_cen_alternative_rel", "eigen_cen_alternative_rel", "eigen_cen_alternative_rel", "eigen_cen_alternative_rel", "eigen_cen_alternative_rel", "eigen_cen_alternative_rel", "eigen_cen_alternative_rel"], "LBImprovements": [1067.8, 1077.52, 760.495, 939.86, 1396.53, 657.033, 681.603, 893.58, 692.504, 922.507, 669.243, 892.859, 657.775, 1994.68, 1174.08, 745.021, 1056.22, 615.151, 616.056, 583.469, 593.143, 912.506, 1825.67, 485.673, 813.568, 491.746, 498.873, 258.328, 425.036, 435.84, 149.841, 380.525, 18.502, 799.303, 506.807, 256.812, 196.728, 412.745, 451.874, 312.414, 237.586, 60.786, 74.1708, 303.135, 102.342, 25.7137, 45.133], "InfeasibleNodes": 0, "ElapsedTimeCoeffs": 0, "LinearizationTime": 1.02217, "NumberOfVariables": 6, "CallsToLinearSolver": 95, "LinearGenerationTime": 13.5499, "SDPCutsGenerationTime": 0, "CallsToNonLinearSolver": 9, "StrongBranchingExtraTime": 1641.16, "ElapsedTimeWeightedCoeffs": 0, "NodesDiscardedByFathoming": 0, "NodesDiscardedByTolerance": 48, "BoundFactorConstraintsTime": 44.2051, "ElapsedTimeVarsInConstraints": 0.000335466, "meanBTRelativeChangeRootNode": 0, "NumberOfBoundFactorConstraints": 12369, "NumberOfLAPACKConvergenceFailures": 0, "NumberOfRLTVariablesAfterLinearization": 916}