{"Itbt": 0, "Pace": 0.0588061, "Depth": 15, "Degree": 6, "RPSTime": 49.5289, "FBBTTime": 0, "OBBTTime": 0, "TotalTime": 561.635, "Iterations": 240, "LinearTime": 74.9089, "LowerBound": 2186.22, "TimeVector": [2.76556, 5.00432, 7.16366, 9.52247, 11.9352, 14.1943, 16.3976, 18.6027, 20.7141, 22.9648, 25.156, 27.6147, 29.8206, 32.0226, 34.4165, 36.3615, 38.9428, 41.007, 43.6214, 45.836, 48.1151, 50.2128, 52.3848, 54.6522, 56.9017, 59.2952, 61.5423, 63.8563, 65.8078, 68.2586, 70.7496, 73.3273, 75.6214, 78.0431, 80.1663, 82.5941, 84.6917, 86.9166, 89.0127, 91.0604, 93.1489, 95.3892, 97.6008, 100.176, 102.091, 104.385, 106.666, 109.132, 111.327, 113.494, 115.742, 118.024, 119.852, 122.343, 124.83, 127.371, 130.062, 132.56, 134.868, 136.957, 139.337, 141.383, 143.505, 146.001, 148.53, 150.592, 152.683, 154.611, 156.943, 159.193, 161.714, 164.446, 166.612, 168.764, 171.368, 173.437, 175.536, 177.873, 179.964, 181.988, 184.06, 186.206, 188.237, 190.371, 192.552, 194.797, 196.956, 199.321, 201.701, 204.354, 206.852, 209.331, 211.014, 213.357, 215.884, 218.093, 220.42, 222.348, 224.819, 227.3, 229.739, 231.769, 234.022, 236.265, 238.256, 240.377, 242.849, 245.163, 247.43, 249.642, 251.743, 254.038, 256.647, 258.958, 261.298, 263.603, 265.742, 268.036, 270.506, 272.939, 275.176, 277.751, 280.266, 282.861, 285.158, 286.997, 289.669, 291.678, 293.874, 296.215, 298.546, 300.903, 302.94, 305.27, 307.818, 310.054, 312.785, 315.295, 317.74, 320.382, 322.745, 325.078, 327.282, 329.606, 332.181, 334.83, 337.037, 339.507, 341.894, 344.339, 346.827, 349.227, 351.825, 354.043, 356.481, 359.103, 361.295, 363.557, 365.66, 367.924, 370.208, 372.65, 375.136, 377.732, 380.154, 382.693, 384.509, 387.144, 389.442, 391.78, 394.547, 396.428, 398.178, 400.533, 403.276, 405.855, 408.03, 410.238, 412.508, 415.089, 417.534, 419.731, 422.395, 425.008, 427.276, 429.661, 431.86, 434.624, 436.815, 438.824, 441.036, 443.635, 446.151, 448.669, 451.342, 453.514, 455.983, 458.106, 460.463, 462.899, 465.551, 467.674, 470.427, 472.963, 475.508, 477.927, 480.521, 483.002, 485.401, 487.781, 490.254, 492.48, 494.909, 497.364, 499.974, 502.428, 504.681, 507.081, 509.688, 511.982, 514.341, 517.137, 519.273, 521.866, 524.162, 526.595, 529.322, 532.219, 534.542, 537.027, 539.712, 541.908, 544.32, 546.773, 549.385, 551.604, 554.271, 556.83, 559.099, 586.191], "UpperBound": 2188.41, "rootBTTime": 0, "LowerBounds": {"1": 781.425, "2": 989.562, "3": 1152.56, "4": 1221.18, "5": 1318.95, "6": 1325.66, "7": 1325.78, "8": 1410.45, "9": 1481.11, "10": 1492.59, "11": 1547.4, "12": 1557.66, "13": 1588.96, "14": 1590.37, "15": 1656.42, "16": 1675.52, "17": 1715.61, "18": 1728.98, "19": 1753.21, "20": 1763.91, "21": 1787.39, "22": 1788.86, "23": 1793.7, "24": 1797.62, "25": 1807.24, "26": 1823.92, "27": 1826.9, "28": 1833.86, "29": 1850.71, "30": 1870.56, "31": 1875.56, "32": 1908.44, "33": 1916.51, "34": 1924.22, "35": 1925.47, "36": 1941.29, "37": 1942.13, "38": 1944.53, "39": 1957.31, "40": 1964.14, "41": 1964.66, "42": 1969.74, "43": 1973.11, "44": 1973.25, "45": 1973.72, "46": 1978.06, "47": 1980.38, "48": 1995.25, "49": 1999.57, "50": 2001.05, "51": 2017.28, "52": 2017.33, "53": 2026.96, "54": 2028.38, "55": 2044.53, "56": 2046.01, "57": 2046.27, "58": 2046.61, "59": 2046.99, "60": 2047.37, "61": 2051.36, "62": 2053.37, "63": 2060.42, "64": 2061.15, "65": 2067.02, "66": 2071.03, "67": 2071.66, "68": 2073.44, "69": 2074.66, "70": 2076.73, "71": 2076.97, "72": 2078.97, "73": 2082.63, "74": 2082.88, "75": 2082.91, "76": 2084.19, "77": 2086.46, "78": 2087.05, "79": 2089.64, "80": 2089.95, "81": 2090.51, "82": 2091.63, "83": 2094.9, "84": 2095.02, "85": 2098.68, "86": 2099.6, "87": 2100.75, "88": 2105.01, "89": 2106.82, "90": 2107.97, "91": 2108.33, "92": 2110.89, "93": 2113.17, "94": 2113.51, "95": 2116.59, "96": 2118.64, "97": 2118.83, "98": 2119.83, "99": 2123.05, "100": 2123.69, "101": 2125.74, "102": 2128.25, "103": 2130.74, "104": 2130.77, "105": 2131.14, "106": 2132.35, "107": 2132.5, "108": 2135.09, "109": 2136.42, "110": 2137.63, "111": 2139.03, "112": 2139.61, "113": 2140.93, "114": 2141.62, "115": 2142.25, "116": 2144.22, "117": 2144.66, "118": 2145.1, "119": 2147.88, "120": 2147.93, "121": 2149.23, "122": 2149.93, "123": 2150.38, "124": 2151.38, "125": 2151.48, "126": 2152.54, "127": 2153.03, "128": 2154.65, "129": 2154.67, "130": 2154.83, "131": 2154.88, "132": 2155.2, "133": 2156.47, "134": 2156.65, "135": 2157.85, "136": 2159.04, "137": 2159.09, "138": 2160.05, "139": 2160.41, "140": 2160.71, "141": 2161.95, "142": 2163.1, "143": 2163.88, "144": 2165.06, "145": 2165.46, "146": 2165.64, "147": 2167.29, "148": 2167.43, "149": 2170.39, "150": 2170.47, "151": 2170.78, "152": 2171.84, "153": 2172.01, "154": 2172.07, "155": 2172.1, "156": 2172.18, "157": 2172.23, "158": 2172.25, "159": 2172.3, "160": 2172.45, "161": 2173.68, "162": 2173.82, "163": 2174.17, "164": 2174.34, "165": 2174.41, "166": 2174.44, "167": 2174.61, "168": 2174.63, "169": 2174.96, "170": 2175.03, "171": 2175.17, "172": 2175.17, "173": 2175.17, "174": 2175.19, "175": 2175.57, "176": 2175.85, "177": 2175.87, "178": 2176.17, "179": 2176.29, "180": 2176.35, "181": 2176.65, "182": 2177.23, "183": 2177.87, "184": 2178.31, "185": 2178.45, "186": 2178.51, "187": 2178.83, "188": 2178.88, "189": 2179.26, "190": 2179.39, "191": 2179.4, "192": 2179.49, "193": 2179.79, "194": 2180.08, "195": 2180.33, "196": 2180.72, "197": 2180.81, "198": 2180.94, "199": 2181.01, "200": 2181.23, "201": 2181.78, "202": 2181.92, "203": 2181.92, "204": 2182.11, "205": 2182.17, "206": 2182.27, "207": 2182.27, "208": 2182.31, "209": 2182.54, "210": 2182.66, "211": 2182.71, "212": 2183.29, "213": 2183.29, "214": 2183.31, "215": 2183.35, "216": 2183.36, "217": 2183.57, "218": 2183.67, "219": 2183.83, "220": 2184, "221": 2184, "222": 2184.14, "223": 2184.21, "224": 2184.23, "225": 2184.4, "226": 2184.48, "227": 2184.52, "228": 2184.54, "229": 2184.59, "230": 2184.85, "231": 2185, "232": 2185.03, "233": 2185.15, "234": 2185.22, "235": 2185.26, "236": 2185.4, "237": 2185.48, "238": 2185.8, "239": 2186.13, "240": 2186.22}, "SolveResult": 0, "UpperBounds": {"1": 2188.41}, "MaxQueueSize": 61, "VisitedNodes": 481, "BranchingVars": [4, 0, 1, 0, 2, 2, 2, 5, 3, 5, 5, 2, 2, 5, 3, 4, 5, 3, 3, 2, 3, 3, 1, 3, 5, 5, 5, 3, 5, 3, 5, 5, 3, 1, 3, 1, 5, 1, 1, 3, 1, 5, 1, 4, 1, 3, 4, 5, 4, 3, 4, 4, 3, 5, 4, 5, 3, 4, 4, 4, 3, 1, 4, 3, 2, 2, 1, 1, 2, 2, 4, 2, 2, 4, 1, 1, 2, 3, 1, 1, 2, 1, 4, 1, 4, 1, 1, 1, 1, 1, 2, 4, 5, 3, 0, 2, 2, 4, 3, 2, 1, 5, 5, 1, 4, 2, 0, 4, 1, 0, 5, 2, 3, 2, 3, 0, 1, 4, 5, 0, 1, 2, 2, 0, 5, 0, 0, 5, 2, 5, 3, 1, 5, 5, 0, 5, 3, 2, 2, 2, 0, 5, 5, 3, 2, 5, 0, 1, 2, 4, 5, 4, 3, 0, 5, 4, 1, 0, 5, 1, 1, 0, 1, 3, 0, 4, 1, 0, 2, 5, 2, 1, 1, 0, 5, 0, 0, 1, 1, 0, 1, 5, 4, 2, 2, 5, 0, 1, 2, 4, 1, 2, 1, 1, 0, 4, 1, 2, 1, 1, 1, 5, 0, 2, 1, 4, 2, 1, 1, 3, 1, 3, 5, 4, 4, 2, 1, 5, 1, 3, 3, 5, 4, 0, 5, 5, 3, 3, 3, 0, 3, 5, 3, 1, 3, 1, 3, 3, 1, 3], "NonLinearTime": 0.49389, "OptimalityGap": 2.18458,