{"Itbt": 0, "Pace": 0.122362, "Depth": 18, "Degree": 6, "RPSTime": 127.677, "FBBTTime": 0, "OBBTTime": 0, "TotalTime": 1916.13, "Iterations": 272, "LinearTime": 262.331, "LowerBound": 3663.27, "TimeVector": [7.91173, 15.0408, 22.4812, 29.4097, 36.4344, 43.66, 50.4163, 58.099, 65.0815, 71.5486, 78.3581, 85.4885, 92.1018, 99.1395, 106.459, 112.81, 118.924, 125.74, 132.377, 139.021, 145.754, 153.064, 158.831, 166.371, 173.633, 180.341, 187.081, 193.723, 200.235, 207.48, 214.366, 220.959, 227.447, 234.565, 241.684, 248.279, 255.712, 263.286, 269.591, 276.889, 284.246, 290.77, 296.775, 304.374, 311.531, 317.941, 324.886, 331.581, 339.461, 346.093, 353.013, 359.853, 366.806, 373.681, 380.823, 388.551, 395.875, 403.346, 410.3, 417.539, 424.939, 431.969, 438.812, 445.894, 452.393, 459.927, 466.543, 473.635, 479.317, 486.785, 493.022, 499.079, 506.13, 512.155, 518.509, 524.924, 530.257, 537.357, 544.907, 551.531, 558.773, 564.948, 572.631, 579.304, 586.157, 592.611, 599.622, 606.107, 612.603, 619.824, 626.983, 633.943, 640.641, 647.607, 655.207, 661.657, 668.069, 674.632, 681.092, 688.335, 694.652, 701.004, 708.511, 716.597, 723.98, 730.047, 736.037, 743.436, 750.579, 756.817, 764.122, 771.163, 777.823, 785.591, 792.049, 797.552, 804.561, 810.783, 818.542, 826.666, 833.908, 839.655, 847.416, 853.95, 861.852, 868.126, 874.909, 882.324, 889.133, 896.252, 903.801, 911.372, 918.228, 925.279, 931.559, 938.617, 945.828, 952.328, 958.93, 965.512, 972.532, 979.245, 986.066, 992.614, 999.044, 1005.49, 1012.47, 1020.28, 1027.43, 1033.9, 1041.2, 1048.85, 1054.93, 1062.65, 1068.85, 1075.46, 1083.18, 1089.62, 1097.2, 1105.06, 1112.18, 1119.03, 1126.54, 1134.33, 1140.89, 1147.72, 1154.58, 1162.01, 1167.79, 1174.14, 1182.1, 1189.06, 1197.02, 1204.14, 1211.44, 1219.08, 1226.37, 1232.21, 1239.69, 1246.2, 1253.87, 1260.2, 1266.59, 1273.74, 1281.34, 1286.4, 1293.32, 1301.18, 1308.36, 1315.94, 1323.9, 1329.87, 1337.09, 1344.54, 1352.39, 1358.76, 1366.48, 1374.13, 1381.15, 1388.72, 1396.31, 1402.15, 1408.78, 1416.54, 1423.15, 1431.23, 1439.54, 1446.5, 1453.7, 1461.21, 1468.21, 1475.85, 1483.51, 1490.15, 1497.66, 1504.66, 1512.12, 1520.21, 1527.07, 1534.95, 1543.82, 1550.87, 1558.11, 1566.44, 1572.96, 1579.42, 1587.24, 1597.06, 1604.55, 1610.88, 1617.55, 1625.51, 1633.23, 1641.39, 1648.49, 1657.66, 1664.48, 1671.35, 1676.9, 1683.41, 1691.69, 1699.92, 1706.91, 1713.64, 1720.38, 1727.56, 1734.35, 1741.15, 1748.95, 1756.39, 1763.98, 1770.33, 1778.77, 1785.69, 1792.82, 1800.83, 1808.78, 1816.73, 1823.8, 1830.38, 1838.31, 1845.63, 1852.59, 1859.22, 1865.94, 1873.22, 1880.97, 1886.81, 1893.79, 1900.64, 1908.68, 1938], "UpperBound": 3666.88, "rootBTTime": 0, "LowerBounds": {"1": 1367.87, "2": 2146.07, "3": 2337.16, "4": 2590.24, "5": 2613.61, "6": 2807.65, "7": 2850.58, "8": 2909.02, "9": 2982.13, "10": 3085.47, "11": 3110.56, "12": 3129.23, "13": 3170.96, "14": 3206.13, "15": 3217.7, "16": 3218.01, "17": 3234.59, "18": 3268.88, "19": 3305.97, "20": 3316.94, "21": 3335.82, "22": 3341.27, "23": 3351.84, "24": 3370.54, "25": 3372.27, "26": 3390.84, "27": 3398.69, "28": 3402.88, "29": 3414.82, "30": 3415.19, "31": 3420.04, "32": 3420.47, "33": 3426.71, "34": 3431.88, "35": 3440.81, "36": 3442.48, "37": 3462.19, "38": 3467.11, "39": 3471.69, "40": 3472.54, "41": 3475.37, "42": 3475.61, "43": 3486.01, "44": 3501.89, "45": 3503.33, "46": 3505.04, "47": 3508.91, "48": 3511.65, "49": 3511.73, "50": 3518.17, "51": 3519.98, "52": 3521.53, "53": 3524.57, "54": 3533.89, "55": 3535.22, "56": 3535.53, "57": 3540.66, "58": 3541.43, "59": 3543.22, "60": 3545.42, "61": 3546.46, "62": 3553.24, "63": 3555.58, "64": 3557.44, "65": 3558.66, "66": 3559.05, "67": 3564.7, "68": 3566.77, "69": 3568.01, "70": 3569.09, "71": 3569.13, "72": 3569.28, "73": 3571.44, "74": 3572.15, "75": 3572.34, "76": 3577.11, "77": 3580.19, "78": 3582.08, "79": 3583.32, "80": 3583.62, "81": 3584.4, "82": 3589.1, "83": 3590.44, "84": 3590.84, "85": 3591.73, "86": 3593.05, "87": 3595.59, "88": 3595.7, "89": 3597.23, "90": 3597.89, "91": 3598.11, "92": 3598.67, "93": 3600.82, "94": 3601.8, "95": 3606.22, "96": 3607.32, "97": 3607.62, "98": 3608.73, "99": 3609.61, "100": 3609.64, "101": 3611.52, "102": 3612.14, "103": 3615.03, "104": 3617.11, "105": 3617.44, "106": 3617.52, "107": 3617.72, "108": 3618.93, "109": 3620.58, "110": 3620.82, "111": 3621.01, "112": 3624.13, "113": 3624.58, "114": 3624.66, "115": 3624.93, "116": 3625.21, "117": 3626.46, "118": 3627.98, "119": 3628.5, "120": 3628.74, "121": 3628.81, "122": 3628.87, "123": 3629.97, "124": 3631.48, "125": 3631.52, "126": 3631.57, "127": 3632.7, "128": 3633.02, "129": 3633.53, "130": 3633.68, "131": 3634.86, "132": 3635.26, "133": 3635.3, "134": 3636.15, "135": 3636.16, "136": 3636.72, "137": 3637.09, "138": 3638.73, "139": 3639.07, "140": 3640.36, "141": 3641.99, "142": 3643.32, "143": 3643.5, "144": 3644.81, "145": 3645.16, "146": 3645.53, "147": 3646.08, "148": 3646.62, "149": 3646.98, "150": 3647.63, "151": 3647.78, "152": 3647.95, "153": 3648.09, "154": 3648.14, "155": 3648.93, "156": 3649.53, "157": 3650.31, "158": 3650.42, "159": 3650.6, "160": 3650.74, "161": 3650.84, "162": 3651.64, "163": 3652.47, "164": 3652.7, "165": 3652.78, "166": 3652.94, "167": 3653.65, "168": 3653.71, "169": 3653.71, "170": 3653.8, "171": 3653.81, "172": 3653.82, "173": 3654.05, "174": 3654.47, "175": 3654.5, "176": 3655.22, "177": 3655.33, "178": 3655.41, "179": 3655.73, "180": 3656.1, "181": 3656.32, "182": 3656.5, "183": 3657.11, "184": 3657.16, "185": 3657.21, "186": 3657.31, "187": 3657.45, "188": 3657.6, "189": 3657.6, "190": 3657.65, "191": 3657.97, "192": 3657.99, "193": 3658.18, "194": 3658.63, "195": 3658.85, "196": 3659.07, "197": 3659.11, "198": 3659.3, "199": 3659.44, "200": 3659.73, "201": 3659.77, "202": 3659.81, "203": 3659.93, "204": 3660, "205": 3660.08, "206": 3660.21, "207": 3660.23, "208": 3660.24, "209": 3660.38, "210": 3660.43, "211": 3660.44, "212": 3660.45, "213": 3660.48, "214": 3660.51, "215": 3660.58, "216": 3660.7, "217": 3660.75, "218": 3660.93, "219": 3660.95, "220": 3661, "221": 3661.02, "222": 3661.04, "223": 3661.15, "224": 3661.16, "225": 3661.17, "226": 3661.25, "227": 3661.34, "229": 3661.46, "230": 3661.53, "231": 3661.59, "232": 3661.69, "233": 3661.69, "234": 3661.72, "235": 3661.72, "236": 3661.73, "237": 3661.73, "238": 3661.77, "239": 3661.89, "240": 3661.91, "241": 3661.93, "242": 3661.95, "243": 3662.01, "244": 3662.05, "245": 3662.19, "246": 3662.3, "247": 3662.3, "248": 3662.31, "249": 3662.32, "250": 3662.33, "251": 3662.43, "252": 3662.48, "253": 3662.48, "254": 3662.5, "255": 3662.51, "256": 3662.51, "257": 3662.51, "258": 3662.61, "259": 3662.73, "260": 3662.73, "261": 3662.79, "262": 3662.86, "263": 3662.88, "264": 3662.9, "265": 3662.99, "266": 3663.01, "267": 3663.03, "268": 3663.12, "269": 3663.13, "270": 3663.18, "271": 3663.21, "272": 3663.27}, "SolveResult": 0, "UpperBounds": {"1": 3666.88}, "MaxQueueSize": 71, "VisitedNodes": 545, "BranchingVars": [2, 0, 0, 4, 4, 4, 1, 4, 1, 0, 1, 1, 1, 3, 1, 0, 3, 2, 1, 2, 1, 3, 2, 2, 3, 3, 3, 0, 3, 3, 5, 4, 3, 1, 1, 3, 3, 4, 5, 5, 2, 3, 1, 3, 1, 1, 5, 0, 5, 4, 0, 2, 3, 2, 3, 3, 1, 2, 5, 1, 1, 5, 4, 1, 5, 1, 0, 2, 2, 3, 3, 5, 3, 2, 4, 5, 5, 5, 2, 2, 3, 5, 5, 1, 5, 2, 0, 4, 1, 3, 0, 4, 5, 5, 5, 5, 2, 4, 1, 3, 3, 4, 4, 4, 4, 4, 4, 4, 5, 5, 4, 4, 5, 5, 2, 3, 4, 1, 2, 4, 3, 3, 5, 1, 4, 1, 5, 3, 5, 3, 5, 5, 5, 2, 4, 2, 0, 3, 3, 5, 5, 5, 1, 5, 3, 5, 4, 2, 2, 5, 5, 5, 2, 2, 1, 2, 2, 1, 2, 3, 2, 2, 2, 3, 2, 2, 2, 1, 3, 1, 2, 2, 3, 2, 3, 2, 2, 3, 5, 2, 5, 3, 5, 2, 2, 4, 1, 1, 4, 2, 2, 1, 4, 4, 3, 5, 4, 2, 2, 3, 5, 5, 5, 1, 3, 3, 3, 4, 3, 1, 1, 0, 3, 5, 1, 2, 1, 3, 3, 0, 1, 5, 2, 1, 2, 4, 5, 1, 1, 2, 2, 1, 2, 2, 4, 2, 2, 3, 2, 0, 2, 1, 0, 5, 0, 2, 0, 5, 0, 3, 0, 2, 0, 0, 5, 2, 5, 0, 0, 0, 0, 2, 2, 0, 0, 0, 0, 5, 0, 0, 1, 5], "NonLinearTime": 0.260139, "OptimalityGap": 3.61117,