{"Itbt": 0, "Pace": 0.0163756, "Depth": 20, "Degree": 3, "RPSTime": 0.06529, "FBBTTime": 0, "OBBTTime": 0, "TotalTime": 0.494147, "Iterations": 160, "LinearTime": 0.316574, "LowerBound": 35.3845, "TimeVector": [0.0194464, 0.0303709, 0.0413128, 0.0520247, 0.0765298, 0.078632, 0.0810697, 0.092042, 0.0942936, 0.0966471, 0.0988194, 0.101021, 0.103322, 0.10551, 0.10775, 0.118318, 0.120651, 0.122931, 0.125352, 0.12765, 0.130039, 0.132225, 0.134567, 0.136708, 0.139215, 0.141491, 0.143774, 0.146174, 0.148467, 0.15094, 0.153315, 0.16389, 0.166342, 0.168667, 0.170882, 0.173224, 0.175586, 0.178046, 0.180448, 0.182766, 0.18504, 0.187342, 0.189658, 0.191915, 0.194205, 0.19639, 0.198748, 0.201088, 0.203398, 0.20564, 0.20789, 0.210261, 0.212607, 0.214856, 0.217191, 0.219549, 0.221891, 0.224071, 0.226511, 0.22888, 0.231214, 0.233465, 0.235723, 0.24662, 0.248909, 0.251304, 0.253851, 0.256145, 0.258635, 0.260944, 0.263249, 0.265606, 0.268002, 0.270345, 0.272581, 0.274908, 0.277198, 0.279525, 0.281951, 0.284397, 0.286865, 0.289139, 0.291705, 0.2941, 0.296396, 0.298731, 0.3012, 0.303413, 0.305605, 0.307972, 0.310516, 0.312879, 0.315385, 0.317795, 0.320318, 0.32293, 0.325227, 0.327587, 0.329828, 0.332251, 0.334718, 0.337217, 0.339589, 0.341913, 0.344381, 0.346708, 0.349102, 0.351614, 0.353943, 0.356437, 0.358962, 0.361302, 0.363711, 0.366134, 0.3685, 0.370855, 0.373368, 0.375711, 0.378176, 0.380537, 0.382937, 0.385255, 0.387682, 0.390062, 0.392491, 0.394881, 0.397183, 0.40867, 0.411195, 0.413559, 0.415789, 0.418152, 0.420558, 0.423082, 0.42551, 0.427917, 0.430182, 0.43271, 0.434994, 0.43743, 0.439801, 0.442253, 0.44465, 0.447186, 0.449529, 0.451984, 0.454289, 0.456649, 0.459043, 0.46158, 0.463882, 0.466461, 0.469011, 0.471459, 0.47386, 0.476329, 0.478695, 0.480958, 0.483288, 0.977435], "UpperBound": 35.4199, "rootBTTime": 0, "LowerBounds": {"1": 5.20959, "2": 11.1197, "3": 12.0496, "4": 22.9096, "5": 25.2156, "6": 26.9898, "7": 28.2649, "8": 28.9753, "9": 30.1478, "10": 30.8201, "11": 31.756, "12": 32.5354, "13": 32.8612, "14": 33.0346, "15": 33.0808, "16": 33.5887, "17": 33.7102, "18": 33.7148, "19": 33.7827, "20": 33.8674, "21": 33.9585, "22": 33.9954, "23": 34.0328, "24": 34.1992, "25": 34.2546, "26": 34.3302, "27": 34.3841, "28": 34.3966, "29": 34.416, "30": 34.4285, "31": 34.4408, "32": 34.5645, "33": 34.5828, "34": 34.61, "35": 34.6214, "36": 34.6268, "37": 34.6372, "38": 34.6512, "39": 34.7098, "40": 34.7245, "41": 34.753, "42": 34.7574, "43": 34.7747, "44": 34.7759, "45": 34.7981, "46": 34.8247, "47": 34.8628, "48": 34.8653, "49": 34.885, "50": 34.9066, "51": 34.9113, "52": 34.9183, "53": 34.9231, "54": 34.9491, "55": 34.9636, "56": 34.9649, "57": 34.9693, "58": 34.9941, "59": 35.0306, "60": 35.0452, "61": 35.0585, "62": 35.076, "63": 35.0848, "64": 35.1345, "65": 35.1352, "66": 35.1465, "67": 35.1494, "68": 35.1663, "69": 35.1669, "70": 35.1669, "71": 35.1676, "72": 35.1879, "73": 35.1882, "74": 35.1919, "75": 35.1961, "76": 35.2015, "77": 35.2478, "78": 35.2557, "79": 35.2623, "80": 35.2644, "81": 35.265, "82": 35.2707, "83": 35.2715, "84": 35.2719, "85": 35.2764, "86": 35.2836, "87": 35.2848, "88": 35.2861, "89": 35.2873, "90": 35.2876, "91": 35.2877, "92": 35.2907, "93": 35.2918, "94": 35.2924, "95": 35.2925, "96": 35.2932, "97": 35.2984, "98": 35.3025, "99": 35.305, "100": 35.3086, "101": 35.3134, "102": 35.3141, "103": 35.3159, "104": 35.3193, "105": 35.3212, "106": 35.3223, "107": 35.324, "108": 35.3277, "109": 35.3307, "110": 35.3316, "111": 35.3347, "112": 35.3353, "113": 35.3358, "114": 35.336, "115": 35.3371, "116": 35.3395, "117": 35.3403, "118": 35.3404, "119": 35.3411, "120": 35.3434, "121": 35.3468, "122": 35.3523, "123": 35.3528, "124": 35.354, "125": 35.3564, "126": 35.3568, "127": 35.3573, "128": 35.3579, "129": 35.3598, "130": 35.3601, "131": 35.3606, "132": 35.3613, "133": 35.3616, "134": 35.3619, "135": 35.3648, "136": 35.3658, "137": 35.3659, "138": 35.3664, "139": 35.3667, "140": 35.3682, "141": 35.3692, "142": 35.3695, "143": 35.3699, "144": 35.3709, "145": 35.3723, "146": 35.373, "147": 35.3741, "148": 35.375, "149": 35.3759, "150": 35.377, "151": 35.377, "152": 35.3784, "153": 35.3794, "154": 35.3796, "155": 35.3796, "156": 35.3808, "157": 35.3812, "158": 35.3815, "159": 35.3821, "160": 35.3845}, "SolveResult": 0, "UpperBounds": {"1": 35.4199}, "MaxQueueSize": 30, "VisitedNodes": 321, "BranchingVars": [9, 1, 1, 0, 0, 1, 1, 0, 1, 1, 3, 0, 0, 0, 0, 0, 0, 0, 0, 0, 0, 2, 0, 8, 0, 0, 2, 1, 9, 4, 1, 7, 8, 8, 1, 0, 0, 3, 1, 1, 4, 1, 8, 1, 1, 1, 8, 1, 9, 1, 8, 1, 0, 7, 1, 3, 0, 1, 0, 9, 9, 1, 1, 2, 1, 1, 1, 9, 0, 0, 0, 0, 1, 1, 5, 1, 0, 0, 3, 0, 1, 7, 0, 1, 0, 1, 7, 9, 0, 1, 1, 7, 0, 0, 1, 1, 1, 7, 7, 1, 0, 0, 7, 7, 1, 1, 7, 7, 0, 0, 1, 0, 0, 1, 7, 7, 0, 0, 1, 0, 1, 1, 1, 1, 1, 1, 0, 1, 1, 1, 1, 9, 1, 1, 7, 1, 7, 9, 1, 1, 7, 1, 7, 1, 7, 0, 1, 9, 9, 0, 9, 2, 3, 1, 1, 1, 9, 7, 1, 1], "NonLinearTime": 0.112247, "OptimalityGap": 0.0353975,