{"Itbt": 0, "Pace": 0.0219627, "Depth": 10, "Degree": 3, "RPSTime": 11.9108, "FBBTTime": 0, "OBBTTime": 0, "TotalTime": 38.8196, "Iterations": 105, "LinearTime": 26.5536, "LowerBound": 9242.41, "TimeVector": [1.05483, 1.39532, 1.7367, 2.0798, 2.4412, 2.75941, 3.07657, 3.43726, 3.76019, 4.08992, 4.43769, 4.76542, 5.095, 5.43429, 5.76531, 6.13065, 6.46731, 6.81089, 7.14078, 7.46004, 7.78079, 8.10227, 8.46392, 8.78914, 9.12779, 9.47564, 9.82759, 10.1626, 10.4976, 10.8285, 11.1538, 11.5093, 11.8365, 12.1723, 12.5174, 12.8792, 13.2324, 13.5773, 13.9173, 14.2616, 14.6028, 14.9368, 15.2837, 15.6363, 15.9708, 16.3302, 16.7181, 17.0684, 17.4207, 17.763, 18.1373, 18.4641, 18.8178, 19.1643, 19.5416, 19.8936, 20.244, 20.6016, 21.0004, 21.3737, 21.7306, 22.0721, 22.4625, 22.8505, 23.1908, 23.5334, 23.9599, 24.3198, 24.7097, 25.0909, 25.4468, 25.791, 26.1791, 26.5502, 26.941, 27.3433, 27.7858, 28.1429, 28.565, 28.9668, 29.4082, 29.872, 30.2434, 30.6, 30.9559, 31.3337, 31.7649, 32.208, 32.548, 32.9718, 33.3306, 33.6856, 34.0644, 34.5231, 34.9694, 35.3345, 35.7171, 36.0731, 36.4382, 36.8076, 37.1547, 37.5541, 37.9567, 38.3621, 46.9383], "UpperBound": 9251.53, "rootBTTime": 0, "LowerBounds": {"1": 7474.89, "2": 7969.41, "3": 8240.2, "4": 8306.34, "5": 8431.12, "6": 8484.09, "7": 8527.78, "8": 8609.64, "9": 8662.34, "10": 8670.31, "11": 8687.69, "12": 8691.33, "13": 8726.07, "14": 8766.23, "15": 8786.53, "16": 8792.87, "17": 8800.24, "18": 8849.11, "19": 8850.97, "20": 8856.15, "21": 8876.52, "22": 8881.08, "23": 8928.34, "24": 8930.76, "25": 8930.79, "26": 8930.96, "27": 8932.3, "28": 8942.84, "29": 8942.98, "30": 8949.17, "31": 8955.8, "32": 8984.48, "33": 9000.21, "34": 9000.85, "35": 9007.26, "36": 9013.22, "37": 9024.92, "38": 9036.54, "39": 9049.65, "40": 9052.57, "41": 9053.67, "42": 9055.71, "43": 9057.18, "44": 9064.84, "45": 9066.11, "46": 9076.81, "47": 9077.49, "48": 9079.89, "49": 9079.91, "50": 9085.31, "51": 9086.98, "52": 9091.65, "53": 9094.91, "54": 9096.52, "55": 9100.26, "56": 9111.37, "57": 9120.23, "58": 9120.27, "59": 9131.8, "60": 9134.42, "61": 9135.81, "62": 9138.5, "63": 9142.12, "64": 9152.89, "65": 9153.53, "66": 9156.95, "67": 9159.63, "68": 9164.41, "69": 9167.34, "70": 9167.63, "71": 9167.76, "72": 9170.31, "73": 9181.2, "74": 9181.99, "75": 9182.35, "76": 9182.6, "77": 9182.62, "78": 9182.75, "79": 9183.74, "80": 9193.32, "81": 9197.79, "82": 9200.83, "83": 9202.49, "84": 9205.14, "85": 9206.44, "86": 9207.34, "87": 9212.08, "88": 9214.96, "89": 9216.73, "90": 9216.86, "91": 9217.58, "92": 9218.17, "93": 9218.93, "94": 9223.54, "95": 9224.26, "96": 9224.75, "97": 9225.38, "98": 9226, "99": 9229.07, "100": 9233.95, "101": 9237.07, "102": 9237.45, "103": 9240.79, "104": 9241.43, "105": 9242.41}, "SolveResult": 0, "UpperBounds": {"1": 9462.9, "5": 9251.53}, "MaxQueueSize": 42, "VisitedNodes": 211, "BranchingVars": [0, 14, 3, 14, 13, 6, 3, 6, 13, 6, 10, 6, 13, 12, 12, 9, 10, 12, 12, 6, 3, 13, 4, 9, 9, 3, 10, 15, 3, 12, 10, 12, 15, 12, 15, 10, 9, 15, 4, 10, 12, 13, 15, 8, 9, 12, 9, 12, 12, 12, 10, 6, 12, 10, 12, 12, 3, 9, 2, 10, 9, 3, 2, 9, 12, 3, 4, 13, 3, 9, 13, 15, 15, 10, 12, 9, 2, 15, 3, 9, 9, 4, 4, 13, 9, 1, 4, 8, 15, 4, 6, 4, 4, 11, 11, 9, 12, 9, 13, 4, 12, 4, 7, 9, 4], "NonLinearTime": 0.354961, "OptimalityGap": 9.11823, "BranchingRules": ["sum_dual_weighted_plus1", "sum_dual_weighted_plus1", "sum_dual_weighted_plus1", "sum_dual_weighted_plus1", "sum_dual_weighted_plus1", "sum_dual_weighted_plus1", "sum_dual_weighted_plus1", "sum_dual_weighted_plus1", "sum_dual_weighted_plus1", "sum_dual_weighted_plus1", "sum_dual_weighted_plus1", "sum_dual_weighted_plus1", "sum_dual_weighted_plus1", "sum_dual_weighted_plus1", "sum_dual_weighted_plus1", "sum_dual_weighted_plus1", "sum_dual_weighted_plus1", "sum_dual_weighted_plus1", "sum_dual_weighted_plus1", "sum_dual_weighted_plus1", "sum_dual_weighted_plus1", "sum_dual_weighted_plus1", "sum_dual_weighted_plus1", "sum_dual_weighted_plus1", "sum_dual_weighted_plus1", "sum_dual_weighted_plus1", "sum_dual_weighted_plus1", "sum_dual_weighted_plus1", "sum_dual_weighted_plus1", "sum_dual_weighted_plus1", "sum_dual_weighted_plus1", "sum_dual_weighted_plus1", "sum_dual_weighted_plus1", "sum_dual_weighted_plus1", "sum_dual_weighted_plus1", "sum_dual_weighted_plus1", "sum_dual_weighted_plus1", "sum_dual_weighted_plus1", "sum_dual_weighted_plus1", "sum_dual_weighted_plus1", "sum_dual_weighted_plus1", "sum_dual_weighted_plus1", "sum_dual_weighted_plus1", "sum_dual_weighted_plus1", "sum_dual_weighted_plus1", "sum_dual_weighted_plus1", "sum_dual_weighted_plus1", "sum_dual_weighted_plus1", "sum_dual_weighted_plus1", "sum_dual_weighted_plus1", "sum_dual_weighted_plus1", "sum_dual_weighted_plus1", "sum_dual_weighted_plus1", "sum_dual_weighted_plus1", "sum_dual_weighted_plus1", "sum_dual_weighted_plus1", "sum_dual_weighted_plus1", "sum_dual_weighted_plus1", "sum_dual_weighted_plus1", "sum_dual_weighted_plus1", "sum_dual_weighted_plus1", "sum_dual_weighted_plus1", "sum_dual_weighted_plus1", "sum_dual_weighted_plus1", "sum_dual_weighted_plus1", "sum_dual_weighted_plus1", "sum_dual_weighted_plus1", "sum_dual_weighted_plus1", "sum_dual_weighted_plus1", "sum_dual_weighted_plus1", "sum_dual_weighted_plus1", "sum_dual_weighted_plus1", "sum_dual_weighted_plus1", "sum_dual_weighted_plus1", "sum_dual_weighted_plus1", "sum_dual_weighted_plus1", "sum_dual_weighted_plus1", "sum_dual_weighted_plus1", "sum_dual_weighted_plus1", "sum_dual_weighted_plus1", "sum_dual_weighted_plus1", "sum_dual_weighted_plus1", "sum_dual_weighted_plus1", "sum_dual_weighted_plus1", "sum_dual_weighted_plus1", "sum_dual_weighted_plus1", "sum_dual_weighted_plus1", "sum_dual_weighted_plus1", "sum_dual_weighted_plus1", "sum_dual_weighted_plus1", "sum_dual_weighted_plus1", "sum_dual_weighted_plus1", "sum_dual_weighted_plus1", "sum_dual_weighted_plus1", "sum_dual_weighted_plus1", "sum_dual_weighted_plus1", "sum_dual_weighted_plus1", "sum_dual_weighted_plus1", "sum_dual_weighted_plus1", "sum_dual_weighted_plus1", "sum_dual_weighted_plus1", "sum_dual_weighted_plus1", "sum_dual_weighted_plus1", "sum_dual_weighted_plus1", "sum_dual_weighted_plus1"], "LBImprovements": [494.528, 270.786, 243.895, 221.438, 239.188, 203.599, 163.543, 190.596, 124.19, 95.9211, 161.42, 101.544, 216.77, 164.735, 141.807, 139.426, 130.549, 187.43, 204.744, 99.6552, 215.131, 204.225, 84.8845, 165.755, 149.125, 121.606, 132.547, 137.056, 81.9431, 189.338, 97.8684, 172.474, 120.022, 163.554, 92.994, 64.2698, 109.502, 131.09, 157.684, 83.247, 148.812, 114.592, 147.958, 116.352, 190.579, 82.8189, 106.244, 182.606, 162.861, 160.963, 55.1385, 114.785, 155.36, 128.858, 100.575, 126.078, 62.3731, 98.6593, 65.9909, 82.4365, 116.06, 131.094, 99.3064, 104.038, 182.475, 139.747, 106.097, 132.069, 66.6154, 118.551, 74.649, 117.914, 66.6851, 94.4771, 67.0714, 73.9685, 90.4109, 147.596, 39.8018, 111.806, 68.8647, 84.0083, 113.343, 149.326, 142.541, 131.253, 84.8404, 9.29586, 77.2984, 100.39, 117.736, 115.459, 89.3673, 23.3697, 17.9577, 111.492, 113.776, 126.012, 87.7693, 83.3839, 162.833, 95.3933, 47.1672, 67.1545, 6.94497], "InfeasibleNodes": 0, "ElapsedTimeCoeffs": 0, "LinearizationTime": 0.464259, "NumberOfVariables": 16, "CallsToLinearSolver": 211, "LinearGenerationTime": 3.15708, "SDPCutsGenerationTime": 0, "CallsToNonLinearSolver": 10, "StrongBranchingExtraTime": 0, "ElapsedTimeWeightedCoeffs": 0, "NodesDiscardedByFathoming": 0, "NodesDiscardedByTolerance": 106, "BoundFactorConstraintsTime": 10.6377, "ElapsedTimeVarsInConstraints": 0.000656662, "meanBTRelativeChangeRootNode": 0, "NumberOfBoundFactorConstraints": 5984, "NumberOfLAPACKConvergenceFailures": 0, "NumberOfRLTVariablesAfterLinearization": 952}