{"Itbt": 0, "Pace": 0.255322, "Depth": 12, "Degree": 4, "RPSTime": 107.131, "FBBTTime": 0, "OBBTTime": 0, "TotalTime": 600.018, "Iterations": 109, "LinearTime": 492.506, "LowerBound": 24387.8, "TimeVector": [5.99119, 8.2947, 10.9323, 13.5626, 16.1237, 18.774, 21.3901, 24.3469, 29.4739, 32.5946, 35.2612, 37.7008, 42.3304, 48.8875, 53.9565, 61.1789, 63.9996, 66.8696, 72.1569, 74.912, 77.9989, 80.6341, 83.2988, 86.1427, 89.3595, 92.0739, 94.8162, 97.8516, 102.446, 109.045, 117.689, 121.792, 131.906, 134.881, 143.614, 146.258, 157.149, 165.989, 175.032, 181.086, 189.164, 191.973, 198.309, 201.149, 204.378, 208.722, 211.864, 224.051, 226.964, 230.338, 233.472, 236.385, 239.213, 246.682, 254.439, 263.405, 270.721, 277.174, 280.227, 282.929, 287.321, 298.426, 301.229, 304.34, 307.496, 316.477, 319.385, 322.317, 334.411, 342.223, 345.493, 348.697, 367.327, 371.834, 378.014, 387.196, 390.57, 402.549, 408.581, 420.252, 422.855, 432.959, 435.979, 441.838, 448.922, 456.212, 462.328, 465.248, 472.371, 478.739, 482.226, 485.407, 492.361, 495.369, 509.369, 512.694, 518.001, 528.395, 535.722, 545.747, 551.703, 556.292, 563.918, 567.923, 577.941, 585.966, 591.662, 596.973, 600.018], "UpperBound": 24530.8, "rootBTTime": 0, "LowerBounds": {"1": 22037.8, "2": 22389.3, "3": 22890.3, "4": 22970.8, "5": 23076.3, "6": 23407, "7": 23422, "8": 23431.4, "9": 23519.2, "10": 23582.2, "11": 23658.2, "12": 23686.2, "13": 23756.6, "14": 23821.8, "15": 23871.3, "16": 23880.7, "17": 23911.4, "18": 23936.1, "19": 23959.7, "20": 23964, "21": 23968.3, "22": 23969.9, "23": 23985.6, "24": 24003.4, "25": 24022.4, "26": 24023.6, "27": 24052.7, "28": 24065.4, "29": 24088.6, "30": 24110, "31": 24138.4, "32": 24145, "33": 24158.1, "34": 24165.5, "35": 24168.8, "36": 24173, "37": 24173.9, "38": 24182.9, "39": 24190.1, "40": 24213.2, "41": 24223.3, "42": 24223.6, "43": 24233.9, "44": 24238.3, "45": 24240, "46": 24243.4, "47": 24251.1, "48": 24256.3, "49": 24258, "50": 24259.4, "51": 24266.4, "52": 24266.8, "53": 24272.3, "54": 24273.1, "55": 24273.5, "56": 24278.6, "57": 24282.4, "58": 24285.3, "59": 24285.9, "60": 24288.5, "61": 24288.9, "62": 24289.8, "63": 24300, "64": 24307.8, "65": 24307.8, "66": 24309.3, "67": 24311.4, "68": 24312.3, "69": 24319.5, "70": 24319.5, "71": 24319.9, "72": 24320.9, "73": 24321, "74": 24324.8, "75": 24329.8, "76": 24332.9, "77": 24334.7, "78": 24336.6, "79": 24337.8, "80": 24337.8, "81": 24338.9, "82": 24339.7, "83": 24339.9, "84": 24344.1, "85": 24346, "86": 24350.2, "87": 24350.3, "88": 24350.4, "89": 24352.4, "90": 24355.9, "91": 24358.8, "92": 24361, "93": 24361.4, "94": 24363.6, "95": 24364.1, "96": 24365.3, "97": 24366.7, "98": 24369.8, "99": 24373.7, "100": 24374.6, "101": 24375.9, "102": 24376.1, "103": 24376.5, "104": 24379.5, "105": 24379.9, "106": 24381, "107": 24381.6, "108": 24385.4, "109": 24387.8}, "SolveResult": 402, "UpperBounds": {"1": 24530.8}, "MaxQueueSize": 77, "VisitedNodes": 219, "BranchingVars": [2, 0, 0, 6, 8, 3, 8, 6, 3, 4, 3, 1, 7, 3, 4, 7, 1, 8, 1, 3, 5, 4, 1, 1, 7, 8, 4, 3, 4, 3, 3, 1, 5, 3, 5, 4, 3, 3, 10, 7, 11, 8, 11, 4, 5, 10, 11, 11, 6, 11, 1, 4, 3, 1, 11, 5, 11, 11, 1, 3, 1, 5, 6, 3, 2, 5, 3, 1, 10, 3, 9, 1, 2, 4, 9, 5, 9, 0, 4, 10, 10, 10, 5, 9, 2, 2, 1, 1, 5, 8, 8, 8, 11, 1, 4, 11, 5, 9, 9, 2, 8, 4, 9, 4, 0, 9, 1, 2, 11], "NonLinearTime": 0.38028, "OptimalityGap": 142.985, "BranchingRules": ["eigen_cen_alternative", "eigen_cen_alternative", "eigen_cen_alternative", "eigen_cen_alternative", "eigen_cen_alternative", "eigen_cen_alternative", "eigen_cen_alternative", "eigen_cen_alternative", "eigen_cen_alternative", "eigen_cen_alternative", "eigen_cen_alternative", "eigen_cen_alternative", "eigen_cen_alternative", "eigen_cen_alternative", "eigen_cen_alternative", "eigen_cen_alternative", "eigen_cen_alternative", "eigen_cen_alternative", "eigen_cen_alternative", "eigen_cen_alternative", "eigen_cen_alternative", "eigen_cen_alternative", "eigen_cen_alternative", "eigen_cen_alternative", "eigen_cen_alternative", "eigen_cen_alternative", "eigen_cen_alternative", "eigen_cen_alternative", "eigen_cen_alternative", "eigen_cen_alternative", "eigen_cen_alternative", "eigen_cen_alternative", "eigen_cen_alternative", "eigen_cen_alternative", "eigen_cen_alternative", "eigen_cen_alternative", "eigen_cen_alternative", "eigen_cen_alternative", "eigen_cen_alternative", "eigen_cen_alternative", "eigen_cen_alternative", "eigen_cen_alternative", "eigen_cen_alternative", "eigen_cen_alternative", "eigen_cen_alternative", "eigen_cen_alternative", "eigen_cen_alternative", "eigen_cen_alternative", "eigen_cen_alternative", "eigen_cen_alternative", "eigen_cen_alternative", "eigen_cen_alternative", "eigen_cen_alternative", "eigen_cen_alternative", "eigen_cen_alternative", "eigen_cen_alternative", "eigen_cen_alternative", "eigen_cen_alternative", "eigen_cen_alternative", "eigen_cen_alternative", "eigen_cen_alternative", "eigen_cen_alternative", "eigen_cen_alternative", "eigen_cen_alternative", "eigen_cen_alternative", "eigen_cen_alternative", "eigen_cen_alternative", "eigen_cen_alternative", "eigen_cen_alternative", "eigen_cen_alternative", "eigen_cen_alternative", "eigen_cen_alternative", "eigen_cen_alternative", "eigen_cen_alternative", "eigen_cen_alternative", "eigen_cen_alternative", "eigen_cen_alternative", "eigen_cen_alternative", "eigen_cen_alternative", "eigen_cen_alternative", "eigen_cen_alternative", "eigen_cen_alternative", "eigen_cen_alternative", "eigen_cen_alternative", "eigen_cen_alternative", "eigen_cen_alternative", "eigen_cen_alternative", "eigen_cen_alternative", "eigen_cen_alternative", "eigen_cen_alternative", "eigen_cen_alternative", "eigen_cen_alternative", "eigen_cen_alternative", "eigen_cen_alternative", "eigen_cen_alternative", "eigen_cen_alternative", "eigen_cen_alternative", "eigen_cen_alternative", "eigen_cen_alternative", "eigen_cen_alternative", "eigen_cen_alternative", "eigen_cen_alternative", "eigen_cen_alternative", "eigen_cen_alternative", "eigen_cen_alternative", "eigen_cen_alternative", "eigen_cen_alternative", "eigen_cen_alternative", "eigen_cen_alternative"], "LBImprovements": [351.461, 581.517, 516.707, 451.224, 355.155, 578.54, 489.43, 150.751, 352.105, 174.419, 514.815, 277.748, 203.093, 266.85, 151.052, 122.773, 278.712, 321.952, 105.758, 279.387, 197.187, 302.477, 314.424, 106.608, 263.476, 326.658, 255.112, 103.383, 184.416, 48.0314, 128.009, 210.957, 75.7925, 155.444, 87.4923, 357.044, 77.198, 99.4637, 147.65, 106.274, 55.2799, 276.235, 85.6184, 194.029, 79.9149, 81.4298, 81.7715, 51.4743, 118.003, 70.4726, 141.901, 305.41, 360.186, 201.748, 47.4832, 57.927, 67.8077, 60.6188, 174.077, 252.37, 110.249, 79.9614, 342.946, 154.983, 50.9911, 52.1089, 276.794, 191.776, 60.4127, 62.1051, 45.4195, 110.605, 70.0885, 102.921, 87.7744, 76.9372, 53.0547, 39.9872, 195.851, 47.5467, 137.898, 34.9391, 97.0124, 52.8992, 46.8877, 63.9146, 243.5, 99.5454, 55.2145, 112.699, 43.195, 146.107, 33.6314, 258.561, 16.8523, 39.4122, 71.8941, 54.0586, 71.7684, 68.2262, 29.9209, 135.47, 29.595, 33.7703, 41.5494, 42.6745, 131.097, 40.9729, 34.8573], "InfeasibleNodes": 1, "ElapsedTimeCoeffs": 0, "LinearizationTime": 2.63011, "NumberOfVariables": 12, "CallsToLinearSolver": 219, "LinearGenerationTime": 16.2754, "SDPCutsGenerationTime": 0, "CallsToNonLinearSolver": 10, "StrongBranchingExtraTime": 0, "ElapsedTimeWeightedCoeffs": 0, "NodesDiscardedByFathoming": 0, "NodesDiscardedByTolerance": 32, "BoundFactorConstraintsTime": 102.402, "ElapsedTimeVarsInConstraints": 0, "meanBTRelativeChangeRootNode": 0, "NumberOfBoundFactorConstraints": 17550, "NumberOfLAPACKConvergenceFailures": 0, "NumberOfRLTVariablesAfterLinearization": 1807}