{"Itbt": 0, "Pace": 0.0349359, "Depth": 16, "Degree": 4, "RPSTime": 0.177127, "FBBTTime": 0, "OBBTTime": 0, "TotalTime": 1.89524, "Iterations": 112, "LinearTime": 1.61869, "LowerBound": 73.1109, "TimeVector": [0.0420095, 0.0703315, 0.0954413, 0.121648, 0.14714, 0.163675, 0.1793, 0.204429, 0.220293, 0.237448, 0.25309, 0.270546, 0.286069, 0.303566, 0.320352, 0.346442, 0.361464, 0.377971, 0.391949, 0.408845, 0.425251, 0.44114, 0.456848, 0.471399, 0.488295, 0.503844, 0.518555, 0.532913, 0.549768, 0.564507, 0.578065, 0.602297, 0.617838, 0.632688, 0.647419, 0.661571, 0.678212, 0.693986, 0.710255, 0.725324, 0.742301, 0.756724, 0.77345, 0.786905, 0.803998, 0.820406, 0.835521, 0.850242, 0.865125, 0.881423, 0.897491, 0.912385, 0.928085, 0.944295, 0.960401, 0.978497, 0.993315, 1.01132, 1.02643, 1.04424, 1.06159, 1.07701, 1.09445, 1.12229, 1.13959, 1.15656, 1.17411, 1.1896, 1.2063, 1.22322, 1.24087, 1.25557, 1.27186, 1.28806, 1.30201, 1.31663, 1.33227, 1.34983, 1.36552, 1.3805, 1.3941, 1.40877, 1.42352, 1.43829, 1.4548, 1.47265, 1.48875, 1.50705, 1.52101, 1.5351, 1.55211, 1.5704, 1.58598, 1.59929, 1.61349, 1.62881, 1.64373, 1.65932, 1.67383, 1.68758, 1.7048, 1.7183, 1.73651, 1.75171, 1.76845, 1.78456, 1.80206, 1.81878, 1.83608, 1.85209, 1.87007, 3.76531], "UpperBound": 73.1801, "rootBTTime": 0, "LowerBounds": {"1": 18.8628, "2": 25.8942, "3": 33.0684, "4": 36.236, "5": 45.13, "6": 52.4219, "7": 53.4907, "8": 54.4048, "9": 55.6114, "10": 56.311, "11": 59.3861, "12": 60.3733, "13": 60.6075, "14": 61.7854, "15": 61.9016, "16": 62.9363, "17": 64.3526, "18": 64.8422, "19": 65.2878, "20": 65.7458, "21": 65.7556, "22": 66.1449, "23": 66.4602, "24": 66.7952, "25": 66.8583, "26": 67.1449, "27": 67.3968, "28": 67.4655, "29": 67.532, "30": 67.6544, "31": 68.3833, "32": 68.7665, "33": 68.8726, "34": 68.9363, "35": 69.1179, "36": 69.3382, "37": 69.5125, "38": 69.5546, "39": 69.6175, "40": 69.9638, "41": 69.9911, "42": 70.1755, "43": 70.2438, "44": 70.3922, "45": 70.9925, "46": 71.1663, "47": 71.1927, "48": 71.2465, "49": 71.283, "50": 71.6798, "51": 71.7088, "52": 71.8796, "53": 71.9821, "54": 72.0584, "55": 72.1339, "56": 72.1373, "57": 72.3737, "58": 72.4902, "59": 72.5367, "60": 72.5576, "61": 72.5983, "62": 72.622, "63": 72.7249, "64": 72.7514, "65": 72.774, "66": 72.7858, "67": 72.8086, "68": 72.8115, "69": 72.8247, "70": 72.8258, "71": 72.828, "72": 72.853, "73": 72.8648, "74": 72.8855, "75": 72.8932, "76": 72.8964, "77": 72.8975, "78": 72.906, "79": 72.931, "80": 72.931, "81": 72.9332, "82": 72.9332, "83": 72.9332, "84": 72.9457, "85": 72.9563, "86": 72.96, "87": 72.965, "88": 72.965, "89": 72.9835, "90": 72.9855, "91": 72.9968, "92": 73.0051, "93": 73.0057, "94": 73.0183, "95": 73.0183, "96": 73.0252, "97": 73.0252, "98": 73.0269, "99": 73.0332, "100": 73.0371, "101": 73.0483, "102": 73.0498, "103": 73.0542, "104": 73.0577, "105": 73.0615, "106": 73.0696, "107": 73.0882, "108": 73.0908, "109": 73.0922, "110": 73.0954, "111": 73.098, "112": 73.1109}, "SolveResult": 0, "UpperBounds": {"1": 293.423, "2": 73.1801}, "MaxQueueSize": 24, "VisitedNodes": 225, "BranchingVars": [8, 0, 0, 5, 1, 5, 5, 1, 10, 10, 0, 0, 0, 0, 0, 0, 2, 8, 5, 3, 10, 1, 3, 4, 3, 5, 3, 5, 5, 3, 5, 3, 3, 4, 2, 3, 5, 10, 10, 3, 10, 3, 3, 5, 9, 2, 10, 10, 2, 3, 3, 2, 2, 3, 3, 8, 2, 1, 2, 2, 2, 5, 8, 8, 8, 5, 5, 3, 5, 5, 3, 3, 1, 2, 4, 1, 1, 3, 3, 3, 10, 10, 0, 10, 3, 3, 3, 3, 3, 3, 3, 10, 10, 3, 3, 1, 1, 3, 2, 2, 2, 2, 5, 5, 10, 5, 8, 2, 1, 1, 1, 1], "NonLinearTime": 0.0993918, "OptimalityGap": 0.0692252, "BranchingRules": ["eigen_cen_alternative", "eigen_cen_alternative", "eigen_cen_alternative", "eigen_cen_alternative", "eigen_cen_alternative", "eigen_cen_alternative", "eigen_cen_alternative", "eigen_cen_alternative", "eigen_cen_alternative", "eigen_cen_alternative", "eigen_cen_alternative", "eigen_cen_alternative", "eigen_cen_alternative", "eigen_cen_alternative", "eigen_cen_alternative", "eigen_cen_alternative", "eigen_cen_alternative", "eigen_cen_alternative", "eigen_cen_alternative", "eigen_cen_alternative", "eigen_cen_alternative", "eigen_cen_alternative", "eigen_cen_alternative", "eigen_cen_alternative", "eigen_cen_alternative", "eigen_cen_alternative", "eigen_cen_alternative", "eigen_cen_alternative", "eigen_cen_alternative", "eigen_cen_alternative", "eigen_cen_alternative", "eigen_cen_alternative", "eigen_cen_alternative", "eigen_cen_alternative", "eigen_cen_alternative", "eigen_cen_alternative", "eigen_cen_alternative", "eigen_cen_alternative", "eigen_cen_alternative", "eigen_cen_alternative", "eigen_cen_alternative", "eigen_cen_alternative", "eigen_cen_alternative", "eigen_cen_alternative", "eigen_cen_alternative", "eigen_cen_alternative", "eigen_cen_alternative", "eigen_cen_alternative", "eigen_cen_alternative", "eigen_cen_alternative", "eigen_cen_alternative", "eigen_cen_alternative", "eigen_cen_alternative", "eigen_cen_alternative", "eigen_cen_alternative", "eigen_cen_alternative", "eigen_cen_alternative", "eigen_cen_alternative", "eigen_cen_alternative", "eigen_cen_alternative", "eigen_cen_alternative", "eigen_cen_alternative", "eigen_cen_alternative", "eigen_cen_alternative", "eigen_cen_alternative", "eigen_cen_alternative", "eigen_cen_alternative", "eigen_cen_alternative", "eigen_cen_alternative", "eigen_cen_alternative", "eigen_cen_alternative", "eigen_cen_alternative", "eigen_cen_alternative", "eigen_cen_alternative", "eigen_cen_alternative", "eigen_cen_alternative", "eigen_cen_alternative", "eigen_cen_alternative", "eigen_cen_alternative", "eigen_cen_alternative", "eigen_cen_alternative", "eigen_cen_alternative", "eigen_cen_alternative", "eigen_cen_alternative", "eigen_cen_alternative", "eigen_cen_alternative", "eigen_cen_alternative", "eigen_cen_alternative", "eigen_cen_alternative", "eigen_cen_alternative", "eigen_cen_alternative", "eigen_cen_alternative", "eigen_cen_alternative", "eigen_cen_alternative", "eigen_cen_alternative", "eigen_cen_alternative", "eigen_cen_alternative", "eigen_cen_alternative", "eigen_cen_alternative", "eigen_cen_alternative", "eigen_cen_alternative", "eigen_cen_alternative", "eigen_cen_alternative", "eigen_cen_alternative", "eigen_cen_alternative", "eigen_cen_alternative", "eigen_cen_alternative", "eigen_cen_alternative", "eigen_cen_alternative", "eigen_cen_alternative", "eigen_cen_alternative", "eigen_cen_alternative"], "LBImprovements": [7.03146, 10.3418, 21.3364, 8.89396, 7.2919, 3.18949, 2.82029, 10.883, 3.77472, 4.29651, 4.96654, 8.56303, 5.13828, 7.76921, 4.95669, 4.52922, 3.0441, 6.15034, 3.09546, 3.76674, 15.67, 15.0104, 3.93204, 2.32268, 4.82147, 1.72771, 6.24273, 1.87275, 1.23451, 9.09759, 2.86323, 2.51649, 5.63369, 4.06938, 3.69359, 2.54135, 1.65375, 2.15426, 3.27576, 6.00579, 2.06735, 2.68929, 2.85163, 1.98149, 0.200145, 1.58513, 4.88042, 3.6631, 0.850854, 1.36853, 4.21846, 1.01682, 1.12362, 4.8054, 0.488097, 0.352858, 1.03604, 0.0673759, 1.1381, 0.25105, 0.226439, 0.403266, 0.0609046, 0.503247, 0.28363, 0.275774, 0.0974367, 9.82825, 0.131551, 0.139223, 0.177051, 10.2555, 0.0684417, 4.65959, 3.37035, 0.0367745, 0.0335775, 0.22974, 0.331486, 0.191586, 0.0503675, 0.0851698, 0.0999831, 0.104107, 0.219347, 0.196028, 0.488627, 0.230135, 0.130085, 0.159786, 0.191733, 0.0491308, 1.35104, 0.129213, 0.105231, 0.0856442, 0.0629712, 0.568475, 0.245024, 0.241681, 0.538959, 0.177911, 0.0787457, 0.410297, 0.0364207, 0.0630119, 0.192854, 0.60434, 0.0628798, 0.139383, 0.0681323, 0.278386], "InfeasibleNodes": 0, "ElapsedTimeCoeffs": 0, "LinearizationTime": 0.0017584, "NumberOfVariables": 12, "CallsToLinearSolver": 225, "LinearGenerationTime": 0.148933, "SDPCutsGenerationTime": 0, "CallsToNonLinearSolver": 10, "StrongBranchingExtraTime": 0, "ElapsedTimeWeightedCoeffs": 0, "NodesDiscardedByFathoming": 1, "NodesDiscardedByTolerance": 112, "BoundFactorConstraintsTime": 0.0856597, "ElapsedTimeVarsInConstraints": 0, "meanBTRelativeChangeRootNode": 0, "NumberOfBoundFactorConstraints": 197, "NumberOfLAPACKConvergenceFailures": 0,