{"Itbt": 0, "Pace": 0.0978629, "Depth": 16, "Degree": 4, "RPSTime": 2.04165, "FBBTTime": 0, "OBBTTime": 0, "TotalTime": 35.6283, "Iterations": 189, "LinearTime": 33.4386, "LowerBound": 1457.58, "TimeVector": [0.354066, 0.571074, 0.802601, 1.03101, 1.25186, 1.46736, 1.68596, 1.91062, 2.11173, 2.29527, 2.50349, 2.73026, 2.93725, 3.15388, 3.35492, 3.56185, 3.77105, 3.97981, 4.19193, 4.41553, 4.6117, 4.82379, 5.02046, 5.21472, 5.41103, 5.63065, 5.84133, 6.04275, 6.2455, 6.43625, 6.65739, 6.84499, 7.06545, 7.27923, 7.48075, 7.68684, 7.8754, 8.07561, 8.28838, 8.49161, 8.67747, 8.8802, 9.09824, 9.30236, 9.47527, 9.69765, 9.89172, 10.0617, 10.271, 10.4783, 10.6599, 10.8343, 11.0385, 11.2052, 11.4019, 11.5924, 11.7998, 11.9833, 12.1832, 12.3731, 12.5559, 12.7631, 12.9798, 13.2231, 13.4376, 13.6289, 13.8047, 13.9991, 14.2078, 14.3869, 14.5796, 14.7616, 14.9424, 15.1254, 15.3184, 15.5139, 15.6794, 15.8936, 16.1, 16.324, 16.5147, 16.7005, 16.9042, 17.114, 17.3151, 17.5092, 17.7186, 17.9463, 18.1281, 18.3104, 18.499, 18.6752, 18.8498, 19.0307, 19.2037, 19.377, 19.5661, 19.7756, 19.9733, 20.1945, 20.3681, 20.5933, 20.7652, 20.9535, 21.1312, 21.3202, 21.4836, 21.6289, 21.7867, 21.9404, 22.1255, 22.31, 22.4811, 22.6612, 22.8683, 23.0312, 23.1896, 23.4038, 23.586, 23.7596, 23.9321, 24.1047, 24.2806, 24.4991, 24.6615, 24.8138, 24.9723, 25.1671, 25.3281, 25.4892, 25.6454, 25.8367, 25.9957, 26.1634, 26.3608, 26.5258, 26.7011, 26.8516, 26.9997, 27.154, 27.3164, 27.4763, 27.6609, 27.8228, 27.9887, 28.1482, 28.3517, 28.5276, 28.6981, 28.8731, 29.0253, 29.2113, 29.3758, 29.5903, 29.802, 29.9649, 30.1539, 30.3563, 30.5314, 30.7026, 30.8693, 31.03, 31.2124, 31.3647, 31.5284, 31.7267, 31.8981, 32.0967, 32.268, 32.4414, 32.5976, 32.7734, 32.958, 33.1261, 33.2892, 33.4691, 33.6476, 33.8035, 33.9751, 34.155, 34.3162, 34.4614, 34.628, 34.784, 34.9619, 35.1264, 35.2891, 35.4647, 40.9391], "UpperBound": 1459.02, "rootBTTime": 0, "LowerBounds": {"1": 1093.51, "2": 1160.08, "3": 1173.35, "4": 1187.93, "5": 1213.68, "6": 1229.4, "7": 1231.49, "8": 1242.1, "9": 1244.42, "10": 1245.9, "11": 1286.98, "12": 1292.38, "13": 1293.45, "14": 1296.25, "15": 1297.26, "16": 1297.81, "17": 1308, "18": 1318.72, "19": 1320.12, "20": 1321.66, "21": 1332.29, "22": 1333.5, "23": 1335.91, "24": 1337.41, "25": 1340.28, "26": 1343.38, "27": 1347.44, "28": 1349.02, "29": 1352.14, "30": 1357.43, "31": 1358.41, "32": 1359.03, "33": 1360.09, "34": 1362.94, "35": 1363.7, "36": 1365.87, "37": 1366.95, "38": 1370.15, "39": 1371.88, "40": 1374.71, "41": 1377.57, "42": 1379.1, "43": 1379.89, "44": 1381.26, "45": 1383.1, "46": 1388.89, "47": 1393.08, "48": 1395.85, "49": 1399.04, "50": 1399.72, "51": 1400.32, "52": 1404.57, "53": 1406.14, "54": 1407.11, "55": 1407.62, "56": 1409.87, "57": 1410.54, "58": 1411.21, "59": 1412.04, "60": 1412.62, "61": 1413.37, "62": 1414.19, "63": 1417.2, "64": 1419.96, "65": 1420.26, "66": 1420.44, "67": 1421.74, "68": 1421.86, "69": 1421.91, "70": 1421.92, "71": 1422.1, "72": 1422.16, "73": 1422.32, "74": 1423.56, "75": 1424, "76": 1424.41, "77": 1426.88, "78": 1426.97, "79": 1428.51, "80": 1428.98, "81": 1429.34, "82": 1430.08, "83": 1430.38, "84": 1431.24, "85": 1432.35, "86": 1432.41, "87": 1432.82, "88": 1433.37, "89": 1434, "90": 1434.18, "91": 1434.36, "92": 1435.03, "93": 1435.31, "94": 1435.33, "95": 1435.46, "96": 1437.2, "97": 1438.42, "98": 1439.31, "99": 1439.55, "100": 1440.42, "101": 1441.22, "102": 1441.35, "103": 1441.68, "104": 1441.69, "105": 1441.72, "106": 1441.88, "107": 1442.36, "108": 1443.26, "109": 1443.4, "110": 1443.41, "111": 1443.61, "112": 1444.19, "113": 1444.64, "114": 1445.17, "115": 1445.18, "116": 1445.31, "117": 1445.6, "118": 1445.8, "119": 1446.23, "120": 1446.51, "121": 1446.51, "122": 1447, "123": 1447.52, "124": 1447.59, "125": 1447.84, "126": 1447.85, "127": 1448.15, "128": 1448.77, "129": 1449.77, "130": 1450.08, "131": 1450.22, "132": 1450.37, "133": 1450.39, "134": 1450.53, "135": 1450.63, "136": 1450.7, "137": 1450.76, "138": 1450.84, "139": 1450.98, "140": 1451.28, "141": 1452.1, "142": 1452.36, "143": 1452.53, "144": 1452.71, "145": 1452.92, "146": 1453.09, "147": 1453.09, "148": 1453.1, "149": 1453.33, "150": 1453.91, "151": 1454.24, "152": 1454.33, "153": 1454.34, "154": 1454.42, "155": 1454.43, "156": 1455.22, "157": 1455.45, "158": 1455.56, "159": 1455.56, "160": 1455.78, "161": 1455.78, "162": 1455.81, "163": 1455.84, "164": 1456.07, "165": 1456.15, "166": 1456.16, "167": 1456.2, "168": 1456.24, "169": 1456.38, "170": 1456.39, "171": 1456.43, "172": 1456.45, "173": 1456.57, "174": 1456.58, "175": 1456.66, "176": 1456.83, "177": 1456.85, "178": 1456.88, "179": 1456.91, "180": 1456.92, "181": 1456.95, "182": 1456.97, "183": 1457.06, "184": 1457.14, "185": 1457.17, "186": 1457.2, "187": 1457.36, "188": 1457.42, "189": 1457.58}, "SolveResult": 0, "UpperBounds": {"1": 1459.02}, "MaxQueueSize": 51, "VisitedNodes": 379, "BranchingVars": [8, 11, 11, 4, 6, 6, 2, 2, 0, 2, 6, 10, 2, 6, 4, 6, 4, 11, 2, 0, 4, 8, 1, 0, 0, 4, 1, 6, 0, 0, 0, 1, 2, 2, 6, 1, 1, 1, 1, 1, 9, 0, 8, 0, 9, 4, 8, 1, 0, 3, 9, 8, 1, 9, 7, 11, 4, 1, 1, 2, 11, 11, 0, 1, 10, 8, 8, 0, 1, 0, 7, 0, 1, 1, 0, 7, 3, 1, 1, 4, 4, 0, 1, 5, 1, 7, 9, 8, 1, 3, 11, 3, 3, 2, 2, 0, 4, 4, 9, 7, 9, 10, 9, 5, 0, 3, 7, 7, 0, 0, 5, 9, 8, 5, 1, 7, 7, 0, 7, 2, 9, 0, 7, 8, 0, 3, 3, 1, 7, 1, 3, 1, 1, 1, 4, 9, 3, 3, 3, 3, 0, 7, 7, 0, 8, 4, 5, 4, 8, 8, 2, 1, 3, 1, 4, 4, 1, 0, 8, 8, 4, 4, 8, 0, 0, 1, 3, 8, 7, 7, 0, 4, 1, 8, 0, 1, 1, 8, 0, 1, 4, 0, 8, 0, 4, 4, 2, 7, 0], "NonLinearTime": 0.147987, "OptimalityGap": 1.44771,