{"Itbt": 0, "Pace": 0.0262966, "Depth": 8, "Degree": 2, "RPSTime": 0.014316, "FBBTTime": 0, "OBBTTime": 0, "TotalTime": 0.189178, "Iterations": 50, "LinearTime": 0.0846157, "LowerBound": 135.946, "TimeVector": [0.0173324, 0.0292251, 0.0409614, 0.052453, 0.0636366, 0.0657369, 0.0675975, 0.0789917, 0.0808448, 0.08267, 0.0845378, 0.086433, 0.0882496, 0.0902389, 0.092158, 0.107079, 0.10901, 0.110979, 0.112841, 0.114674, 0.116524, 0.118409, 0.120242, 0.122174, 0.12398, 0.125793, 0.127628, 0.129479, 0.131422, 0.133216, 0.135153, 0.146247, 0.148279, 0.150118, 0.151961, 0.153976, 0.155947, 0.157877, 0.159781, 0.161651, 0.163523, 0.16552, 0.167391, 0.169233, 0.171082, 0.172961, 0.174773, 0.176617, 0.178393, 0.367571], "UpperBound": 136.07, "rootBTTime": 0, "LowerBounds": {"1": 128.753, "2": 132.393, "3": 133.202, "4": 133.399, "5": 133.414, "6": 133.588, "7": 133.881, "8": 133.961, "9": 134.012, "10": 134.198, "11": 134.198, "12": 134.2, "13": 134.786, "14": 134.812, "15": 134.862, "16": 134.97, "17": 135.033, "18": 135.044, "19": 135.086, "20": 135.096, "21": 135.119, "22": 135.125, "23": 135.13, "24": 135.283, "25": 135.375, "26": 135.384, "27": 135.42, "28": 135.422, "29": 135.466, "30": 135.47, "31": 135.626, "32": 135.658, "33": 135.66, "34": 135.679, "35": 135.682, "36": 135.685, "37": 135.691, "38": 135.708, "39": 135.714, "40": 135.718, "41": 135.735, "42": 135.749, "43": 135.754, "44": 135.757, "45": 135.761, "46": 135.782, "47": 135.797, "48": 135.835, "49": 135.93, "50": 135.946}, "SolveResult": 0, "UpperBounds": {"1": 136.07}, "MaxQueueSize": 16, "VisitedNodes": 101, "BranchingVars": [3, 1, 2, 0, 0, 0, 0, 5, 4, 1, 4, 4, 2, 2, 0, 0, 3, 0, 0, 0, 0, 5, 5, 3, 3, 3, 0, 0, 0, 3, 3, 3, 3, 3, 5, 5, 0, 4, 4, 5, 4, 4, 3, 4, 4, 4, 4, 1, 3, 0], "NonLinearTime": 0.0902292, "OptimalityGap": 0.124154, "BranchingRules": ["sum_rescaled_var_range_weighted", "sum_rescaled_var_range_weighted", "sum_rescaled_var_range_weighted", "sum_rescaled_var_range_weighted", "sum_rescaled_var_range_weighted", "sum_rescaled_var_range_weighted", "sum_rescaled_var_range_weighted", "sum_rescaled_var_range_weighted", "sum_rescaled_var_range_weighted", "sum_rescaled_var_range_weighted", "sum_rescaled_var_range_weighted", "sum_rescaled_var_range_weighted", "sum_rescaled_var_range_weighted", "sum_rescaled_var_range_weighted", "sum_rescaled_var_range_weighted", "sum_rescaled_var_range_weighted", "sum_rescaled_var_range_weighted", "sum_rescaled_var_range_weighted", "sum_rescaled_var_range_weighted", "sum_rescaled_var_range_weighted", "sum_rescaled_var_range_weighted", "sum_rescaled_var_range_weighted", "sum_rescaled_var_range_weighted", "sum_rescaled_var_range_weighted", "sum_rescaled_var_range_weighted", "sum_rescaled_var_range_weighted", "sum_rescaled_var_range_weighted", "sum_rescaled_var_range_weighted", "sum_rescaled_var_range_weighted", "sum_rescaled_var_range_weighted", "sum_rescaled_var_range_weighted", "sum_rescaled_var_range_weighted", "sum_rescaled_var_range_weighted", "sum_rescaled_var_range_weighted", "sum_rescaled_var_range_weighted", "sum_rescaled_var_range_weighted", "sum_rescaled_var_range_weighted", "sum_rescaled_var_range_weighted", "sum_rescaled_var_range_weighted", "sum_rescaled_var_range_weighted", "sum_rescaled_var_range_weighted", "sum_rescaled_var_range_weighted", "sum_rescaled_var_range_weighted", "sum_rescaled_var_range_weighted", "sum_rescaled_var_range_weighted", "sum_rescaled_var_range_weighted", "sum_rescaled_var_range_weighted", "sum_rescaled_var_range_weighted", "sum_rescaled_var_range_weighted", "sum_rescaled_var_range_weighted"], "LBImprovements": [3.64039, 0.809142, 0.196626, 0.612813, 0.547307, 1.22342, 0.316383, 0.237428, 1.11354, 0.588699, 0.845343, 0.88655, 0.183741, 0.0499559, 0.797993, 0.312701, 1.69172, 0.71088, 0.540374, 0.37393, 1.3218, 0.294135, 0.24557, 0.777328, 0.5552, 0.592089, 0.707361, 1.14698, 0.212284, 0.475595, 0.547364, 0.02708, 0.291605, 0.763625, 0.0315107, 0.0234352, 0.291235, 0.322524, 0.216495, 0.0428193, 0.227164, 0.566, 0.410383, 0.395182, 0.445031, 0.411861, 0.94006, 0.835238, 0.107552, 0.139003], "InfeasibleNodes": 0, "ElapsedTimeCoeffs": 0, "LinearizationTime": 0.000020267, "NumberOfVariables": 28, "CallsToLinearSolver": 101, "LinearGenerationTime": 0.0175394, "SDPCutsGenerationTime": 0, "CallsToNonLinearSolver": 9, "StrongBranchingExtraTime": 0, "ElapsedTimeWeightedCoeffs": 0, "NodesDiscardedByFathoming": 0, "NodesDiscardedByTolerance": 51, "BoundFactorConstraintsTime": 0.000931952, "ElapsedTimeVarsInConstraints": 0, "meanBTRelativeChangeRootNode": 0, "NumberOfBoundFactorConstraints": 16, "NumberOfLAPACKConvergenceFailures": 0, "NumberOfRLTVariablesAfterLinearization": 4}