{"Itbt": 0, "Pace": 600000, "Depth": 104, "Degree": 2, "RPSTime": 500.016, "FBBTTime": 0, "OBBTTime": 0, "TotalTime": 600.318, "Iterations": 104, "LinearTime": 97.1963, "LowerBound": 0, "TimeVector": [243.423, 246.036, 248.617, 251.323, 253.945, 256.183, 258.49, 261.233, 263.859, 266.364, 268.978, 271.799, 274.742, 277.638, 280.559, 283.934, 286.864, 289.897, 292.958, 296.1, 299.167, 302.392, 305.58, 308.849, 312.152, 315.474, 318.803, 322.144, 325.427, 328.658, 332.192, 335.933, 339.364, 342.768, 346.069, 349.417, 352.892, 356.394, 359.759, 363.253, 366.661, 370.089, 373.585, 377.019, 380.553, 383.995, 387.468, 390.986, 394.554, 397.968, 401.64, 405.22, 408.907, 412.481, 416.017, 419.492, 423.138, 426.628, 430.347, 434.047, 437.828, 441.369, 445.187, 449.269, 452.943, 456.57, 460.253, 464.014, 467.676, 471.419, 474.999, 478.69, 482.406, 486.08, 489.788, 493.517, 497.245, 500.968, 504.822, 508.555, 512.151, 516.122, 520.076, 523.92, 527.773, 531.517, 535.313, 539.025, 542.922, 546.577, 550.286, 554.129, 557.947, 561.74, 565.797, 569.613, 573.53, 577.439, 581.377, 585.129, 588.864, 592.839, 596.599, 608.052], "UpperBound": 0.0625231, "rootBTTime": 0, "LowerBounds": {"1": 0}, "SolveResult": 402, "UpperBounds": {"1": 0.0625231}, "MaxQueueSize": 40, "VisitedNodes": 209, "BranchingVars": [1, 199, 198, 1, 97, 97, 0, 198, 98, 157, 157, 199, 70, 42, 88, 46, 128, 121, 31, 170, 192, 43, 17, 82, 33, 51, 67, 112, 104, 61, 33, 131, 47, 176, 100, 104, 19, 45, 119, 43, 169, 145, 46, 156, 74, 20, 112, 178, 51, 40, 169, 151, 35, 83, 101, 143, 67, 27, 57, 4, 126, 95, 50, 111, 159, 26, 54, 5, 64, 195, 155, 159, 91, 144, 30, 60, 107, 193, 149, 18, 87, 70, 32, 63, 87, 146, 179, 183, 24, 81, 88, 11, 160, 116, 75, 59, 10, 37, 135, 21, 143, 81, 53, 82], "NonLinearTime": 3.10371, "OptimalityGap": 0.0625231, "BranchingRules": ["sum_dual_weighted_plus1", "sum_dual_weighted_plus1", "sum_dual_weighted_plus1", "sum_dual_weighted_plus1", "sum_dual_weighted_plus1", "sum_dual_weighted_plus1", "sum_dual_weighted_plus1", "sum_dual_weighted_plus1", "sum_dual_weighted_plus1", "sum_dual_weighted_plus1", "sum_dual_weighted_plus1", "sum_dual_weighted_plus1", "sum_dual_weighted_plus1", "sum_dual_weighted_plus1", "sum_dual_weighted_plus1", "sum_dual_weighted_plus1", "sum_dual_weighted_plus1", "sum_dual_weighted_plus1", "sum_dual_weighted_plus1", "sum_dual_weighted_plus1", "sum_dual_weighted_plus1", "sum_dual_weighted_plus1", "sum_dual_weighted_plus1", "sum_dual_weighted_plus1", "sum_dual_weighted_plus1", "sum_dual_weighted_plus1", "sum_dual_weighted_plus1", "sum_dual_weighted_plus1", "sum_dual_weighted_plus1", "sum_dual_weighted_plus1", "sum_dual_weighted_plus1", "sum_dual_weighted_plus1", "sum_dual_weighted_plus1", "sum_dual_weighted_plus1", "sum_dual_weighted_plus1", "sum_dual_weighted_plus1", "sum_dual_weighted_plus1", "sum_dual_weighted_plus1", "sum_dual_weighted_plus1", "sum_dual_weighted_plus1", "sum_dual_weighted_plus1", "sum_dual_weighted_plus1", "sum_dual_weighted_plus1", "sum_dual_weighted_plus1", "sum_dual_weighted_plus1", "sum_dual_weighted_plus1", "sum_dual_weighted_plus1", "sum_dual_weighted_plus1", "sum_dual_weighted_plus1", "sum_dual_weighted_plus1", "sum_dual_weighted_plus1", "sum_dual_weighted_plus1", "sum_dual_weighted_plus1", "sum_dual_weighted_plus1", "sum_dual_weighted_plus1", "sum_dual_weighted_plus1", "sum_dual_weighted_plus1", "sum_dual_weighted_plus1", "sum_dual_weighted_plus1", "sum_dual_weighted_plus1", "sum_dual_weighted_plus1", "sum_dual_weighted_plus1", "sum_dual_weighted_plus1", "sum_dual_weighted_plus1", "sum_dual_weighted_plus1", "sum_dual_weighted_plus1", "sum_dual_weighted_plus1", "sum_dual_weighted_plus1", "sum_dual_weighted_plus1", "sum_dual_weighted_plus1", "sum_dual_weighted_plus1", "sum_dual_weighted_plus1", "sum_dual_weighted_plus1", "sum_dual_weighted_plus1", "sum_dual_weighted_plus1", "sum_dual_weighted_plus1", "sum_dual_weighted_plus1", "sum_dual_weighted_plus1", "sum_dual_weighted_plus1", "sum_dual_weighted_plus1", "sum_dual_weighted_plus1", "sum_dual_weighted_plus1", "sum_dual_weighted_plus1", "sum_dual_weighted_plus1", "sum_dual_weighted_plus1", "sum_dual_weighted_plus1", "sum_dual_weighted_plus1", "sum_dual_weighted_plus1", "sum_dual_weighted_plus1", "sum_dual_weighted_plus1", "sum_dual_weighted_plus1", "sum_dual_weighted_plus1", "sum_dual_weighted_plus1", "sum_dual_weighted_plus1", "sum_dual_weighted_plus1", "sum_dual_weighted_plus1", "sum_dual_weighted_plus1", "sum_dual_weighted_plus1", "sum_dual_weighted_plus1", "sum_dual_weighted_plus1", "sum_dual_weighted_plus1", "sum_dual_weighted_plus1", "sum_dual_weighted_plus1", "sum_dual_weighted_plus1"], "LBImprovements": [0, 0, 0, 0, 0, 0, 0, 0, 0, 0, 0, 0, 0, 0, 0, 0, 0, 0, 0, 0, 0, 0, 0, 0, 0, 0, 0, 0, 0, 0, 0, 0, 0, 0, 0, 0, 0, 0, 0, 0, 0, 0, 0, 0, 0, 0, 0, 0, 0, 0, 0, 0, 0, 0, 0, 0, 0, 0, 0, 0, 0, 0, 0, 0, 0, 0, 0, 0, 0, 0, 0, 0, 0, 0, 0, 0, 0, 0, 0, 0, 0, 0, 0, 0, 0, 0, 0, 0, 0, 0, 0, 0, 0, 0, 0, 0, 0, 0, 0, 0, 0, 0, 0, 0], "InfeasibleNodes": 1, "ElapsedTimeCoeffs": 0, "LinearizationTime": 229.521, "NumberOfVariables": 200, "CallsToLinearSolver": 209, "LinearGenerationTime": 32.1889, "SDPCutsGenerationTime": 0, "CallsToNonLinearSolver": 10, "StrongBranchingExtraTime": 0, "ElapsedTimeWeightedCoeffs": 0, "NodesDiscardedByFathoming": 0, "NodesDiscardedByTolerance": 64, "BoundFactorConstraintsTime": 263.749, "ElapsedTimeVarsInConstraints": 0.00266565, "meanBTRelativeChangeRootNode": 0, "NumberOfBoundFactorConstraints": 80200, "NumberOfLAPACKConvergenceFailures": 0, "NumberOfRLTVariablesAfterLinearization": 20100}