{"Itbt": 0, "Pace": 0.083874, "Depth": 19, "Degree": 2, "RPSTime": 0.0345983, "FBBTTime": 0, "OBBTTime": 0, "TotalTime": 0.160753, "Iterations": 234, "LinearTime": 0.0463629, "LowerBound": -1.0844, "TimeVector": [0.00942412, 0.0171737, 0.0247207, 0.0321983, 0.0396741, 0.040104, 0.0405077, 0.0486919, 0.0490849, 0.04945, 0.0497953, 0.0501795, 0.0505447, 0.0509016, 0.0512443, 0.0588492, 0.059266, 0.05962, 0.0599575, 0.0602945, 0.060639, 0.0609816, 0.0613286, 0.0616747, 0.0620065, 0.062401, 0.0627669, 0.0631038, 0.0634477, 0.063794, 0.0641252, 0.0718066, 0.0721766, 0.0725309, 0.0728781, 0.073214, 0.0735885, 0.0739728, 0.0743228, 0.0746972, 0.0750527, 0.0754063, 0.0757451, 0.0760786, 0.0764173, 0.076775, 0.0771158, 0.0774577, 0.0777865, 0.0781409, 0.0784888, 0.0788193, 0.0791565, 0.0795052, 0.0798392, 0.0801686, 0.0805067, 0.0808341, 0.0811642, 0.0815054, 0.0818375, 0.0821686, 0.0825424, 0.0904279, 0.0908157, 0.0911599, 0.0915076, 0.0918435, 0.0921748, 0.0925633, 0.0929113, 0.093254, 0.0936258, 0.093981, 0.0943234, 0.0947676, 0.095109, 0.0954933, 0.0958601, 0.0962015, 0.0965452, 0.096914, 0.0972602, 0.0976091, 0.0979482, 0.0982844, 0.0986673, 0.0990043, 0.0993243, 0.0996676, 0.0999832, 0.100295, 0.100622, 0.100935, 0.101286, 0.101616, 0.101931, 0.102246, 0.102572, 0.10289, 0.103204, 0.103522, 0.103831, 0.10414, 0.104496, 0.104819, 0.105133, 0.105459, 0.105776, 0.106089, 0.106414, 0.106728, 0.107036, 0.107343, 0.107659, 0.107968, 0.108278, 0.108594, 0.108901, 0.109212, 0.109562, 0.109914, 0.110233, 0.110551, 0.110865, 0.111174, 0.111498, 0.119565, 0.119956, 0.120285, 0.120615, 0.120931, 0.121247, 0.121575, 0.121893, 0.122263, 0.122597, 0.122912, 0.123227, 0.123551, 0.123865, 0.124177, 0.1245, 0.124859, 0.125178, 0.125501, 0.125821, 0.126135, 0.126517, 0.126855, 0.127177, 0.127508, 0.127822, 0.128137, 0.12846, 0.128774, 0.129085, 0.129405, 0.129718, 0.130033, 0.130347, 0.130667, 0.130977, 0.131291, 0.131649, 0.131969, 0.132286, 0.132663, 0.132977, 0.133288, 0.133613, 0.133925, 0.134239, 0.134566, 0.134883, 0.135201, 0.135527, 0.135842, 0.136156, 0.136478, 0.136792, 0.137109, 0.137431, 0.13775, 0.138065, 0.138387, 0.138705, 0.139052, 0.139383, 0.139704, 0.140019, 0.140333, 0.14066, 0.140976, 0.141292, 0.141615, 0.141929, 0.142243, 0.142565, 0.142879, 0.143195, 0.143515, 0.143824, 0.144129, 0.144445, 0.144754, 0.145065, 0.14538, 0.145692, 0.146, 0.146308, 0.146627, 0.146978, 0.147302, 0.147652, 0.147967, 0.148278, 0.148599, 0.148911, 0.149226, 0.149547, 0.149856, 0.150162, 0.15048, 0.150791, 0.151099, 0.151414, 0.151725, 0.152033, 0.15234, 0.152656, 0.15297, 0.153278, 0.314031], "UpperBound": -1.08333, "rootBTTime": 0, "LowerBounds": {"1": -3, "2": -2.45455, "3": -2.08475, "4": -1.82315, "5": -1.63249, "6": -1.49048, "7": -1.38299, "8": -1.30064, "9": -1.26639, "10": -1.26626, "11": -1.24445, "12": -1.23695, "13": -1.21102, "14": -1.20927, "15": -1.20326, "16": -1.20068, "17": -1.18734, "18": -1.18069, "19": -1.1768, "20": -1.17254, "21": -1.16776, "22": -1.15767, "23": -1.15421, "24": -1.15409, "25": -1.14953, "26": -1.14848, "27": -1.14573, "28": -1.14016, "29": -1.13732, "30": -1.13665, "31": -1.13224, "32": -1.1285, "33": -1.12681, "34": -1.12322, "35": -1.12027, "36": -1.11921, "37": -1.11896, "38": -1.11791, "39": -1.1166, "40": -1.11514, "41": -1.11491, "42": -1.11287, "43": -1.11057, "44": -1.10938, "45": -1.1088, "46": -1.10575, "47": -1.10488, "48": -1.10479, "49": -1.10478, "50": -1.10477, "51": -1.10347, "52": -1.10282, "53": -1.10195, "54": -1.1001, "55": -1.09969, "56": -1.09963, "57": -1.09942, "58": -1.09894, "59": -1.0987, "60": -1.09836, "61": -1.09824, "62": -1.09809, "63": -1.09671, "64": -1.09652, "65": -1.09636, "66": -1.09633, "67": -1.09602, "68": -1.0959, "69": -1.09568, "70": -1.09543, "71": -1.09533, "72": -1.095, "73": -1.0949, "74": -1.09473, "75": -1.0943, "76": -1.094, "77": -1.09393, "78": -1.09377, "79": -1.0934, "80": -1.09325, "81": -1.09291, "82": -1.09281, "83": -1.09264, "84": -1.09246, "85": -1.09222, "86": -1.09207, "87": -1.09203, "88": -1.09196, "89": -1.09127, "90": -1.09108, "91": -1.09089, "92": -1.09088, "93": -1.09063, "94": -1.09053, "95": -1.09044, "96": -1.0903, "97": -1.09023, "98": -1.08985, "99": -1.08967, "100": -1.08962, "101": -1.08954, "102": -1.08928, "103": -1.08927, "104": -1.08906, "105": -1.089, "106": -1.08893, "107": -1.08885, "108": -1.08872, "109": -1.08853, "110": -1.0885, "111": -1.08844, "112": -1.08829, "113": -1.08813, "114": -1.08804, "115": -1.08789, "116": -1.08788, "117": -1.08787, "118": -1.08782, "119": -1.08774, "120": -1.08767, "121": -1.08757, "122": -1.08737, "123": -1.08737, "124": -1.08734, "125": -1.08715, "126": -1.08712, "127": -1.08712, "128": -1.08694, "129": -1.08688, "130": -1.08685, "131": -1.08682, "132": -1.08682, "133": -1.08681, "134": -1.08678, "135": -1.08674, "136": -1.0867, "137": -1.08666, "138": -1.08661, "139": -1.08649, "140": -1.08647, "141": -1.08643, "142": -1.08641, "143": -1.08641, "144": -1.0863, "145": -1.08628, "146": -1.08628, "147": -1.0861, "148": -1.08606, "149": -1.08605, "150": -1.08604, "151": -1.08603, "152": -1.08601, "153": -1.086, "154": -1.08599, "155": -1.08597, "156": -1.08594, "157": -1.08594, "158": -1.08594, "159": -1.08586, "160": -1.0858, "161": -1.08573, "162": -1.08566, "163": -1.08563, "164": -1.08561, "165": -1.08555, "166": -1.08551, "167": -1.08548, "168": -1.08547, "169": -1.08538, "170": -1.08538, "171": -1.08537, "172": -1.08537, "173": -1.08537, "174": -1.08537, "175": -1.08536, "176": -1.08535, "177": -1.08534, "178": -1.08533, "179": -1.08531, "180": -1.08531, "181": -1.08525, "182": -1.08525, "183": -1.08524, "184": -1.08524, "185": -1.08518, "186": -1.08516, "187": -1.08516, "188": -1.08515, "189": -1.08511, "190": -1.0851, "191": -1.08509, "192": -1.08498, "193": -1.0849, "194": -1.0849, "195": -1.0849, "196": -1.08489, "197": -1.08486, "198": -1.08486, "199": -1.08485, "200": -1.08484, "201": -1.08481, "202": -1.08481, "203": -1.08479, "204": -1.08477, "205": -1.08475, "206": -1.08472, "207": -1.08471, "208": -1.0847, "209": -1.0847, "210": -1.0847, "211": -1.08469, "212": -1.08469, "213": -1.08468, "214": -1.08466, "215": -1.08463, "216": -1.08462, "217": -1.08462, "218": -1.08461, "219": -1.08456, "220": -1.08456, "221": -1.08455, "222": -1.08455, "223": -1.08454, "224": -1.08453, "225": -1.08453, "226": -1.08452, "227": -1.0845, "228": -1.08449, "229": -1.08448, "230": -1.08447, "231": -1.08446, "232": -1.08446, "233": -1.08443, "234": -1.0844}, "SolveResult": 0, "UpperBounds": {"1": -1.08333}, "MaxQueueSize": 53, "VisitedNodes": 469, "BranchingVars": [1, 1, 1, 1, 1, 1, 1, 1, 1, 1, 1, 1, 1, 1, 1, 1, 1, 1, 1, 1, 1, 1, 1, 1, 1, 1, 1, 1, 1, 1, 1, 1, 1, 1, 1, 1, 1, 1, 1, 1, 1, 1, 1, 1, 1, 1, 1, 1, 1, 1, 1, 1, 1, 1, 1, 1, 1, 1, 1, 1, 1, 1, 1, 1, 1, 1, 1, 1, 1, 1, 1, 1, 1, 1, 1, 1, 1, 1, 0, 1, 1, 1, 1, 1, 1, 1, 0, 1, 1, 1, 1, 1, 1, 1, 1, 1, 1, 1, 1, 1, 1, 1, 1, 1, 1, 1, 1, 1, 1, 1, 1, 1, 1, 1, 1, 1, 1, 1, 1, 1, 1, 1, 1, 1, 1, 1, 1, 1, 1, 1, 1, 1, 1, 1, 1, 0, 1, 1, 1, 1, 1, 1, 1, 1, 1, 1, 1, 1, 0, 1, 1, 1, 1, 1, 1, 1, 1, 1, 1, 1, 1, 1, 1, 1, 1, 1, 1, 0, 1, 1, 1, 1, 1, 1, 1, 1, 1, 1, 1, 1, 1, 1, 1, 1, 1, 1, 1, 1, 1, 1, 1, 1, 1, 1, 1, 1, 1, 1, 1, 1, 1, 1, 1, 1, 1, 1, 1, 1, 1, 1, 1, 1, 0, 1, 1, 1, 1, 1, 1, 1, 1, 1, 1, 1, 1, 1, 1, 1, 1, 1, 1, 1, 1, 1], "NonLinearTime": 0.0797562, "OptimalityGap": 0.00106256,