{"Itbt": 0, "Pace": 0.000112782, "Depth": 25, "Degree": 2, "RPSTime": 0.0326303, "FBBTTime": 0, "OBBTTime": 0, "TotalTime": 0.253263, "Iterations": 79, "LinearTime": 0.128619, "LowerBound": -1196.37, "TimeVector": [0.0156935, 0.0281637, 0.0386564, 0.0504132, 0.0628104, 0.0650812, 0.0672184, 0.0775378, 0.0796598, 0.0818977, 0.0840324, 0.0859496, 0.088085, 0.0904136, 0.0927491, 0.10438, 0.106471, 0.108554, 0.110544, 0.112491, 0.114423, 0.116524, 0.118489, 0.120424, 0.122361, 0.124355, 0.126326, 0.128297, 0.130282, 0.132234, 0.134199, 0.1444, 0.146509, 0.148479, 0.150432, 0.152381, 0.154364, 0.15631, 0.158163, 0.160185, 0.162068, 0.163943, 0.165926, 0.167889, 0.169816, 0.171775, 0.173649, 0.175633, 0.177602, 0.179513, 0.181511, 0.183508, 0.185428, 0.187443, 0.189373, 0.191362, 0.193336, 0.195324, 0.19744, 0.199371, 0.201311, 0.203293, 0.20528, 0.215455, 0.217403, 0.219367, 0.221345, 0.223319, 0.225321, 0.227327, 0.229281, 0.231238, 0.233192, 0.235169, 0.237138, 0.239133, 0.241105, 0.243183, 0.496445], "UpperBound": -1195.23, "rootBTTime": 0, "LowerBounds": {"1": -3441.95, "2": -2627.66, "3": -2110, "4": -2070.45, "5": -1823.9, "6": -1638.33, "7": -1623.66, "8": -1500.86, "9": -1436.17, "10": -1423.88, "11": -1399.95, "12": -1300.91, "13": -1292.79, "14": -1264.92, "15": -1253.79, "16": -1247.34, "17": -1238.12, "18": -1228.61, "19": -1221.39, "20": -1220.36, "21": -1219.29, "22": -1219.23, "23": -1218.18, "24": -1217.03, "25": -1215.84, "26": -1214.62, "27": -1213.38, "28": -1212.38, "29": -1212.11, "30": -1211.3, "31": -1210.83, "32": -1210.18, "33": -1209.99, "34": -1209.52, "35": -1209.01, "36": -1208.21, "37": -1207.81, "38": -1206.88, "39": -1206.85, "40": -1206.58, "41": -1206.25, "42": -1205.59, "43": -1205.54, "44": -1205.32, "45": -1204.88, "46": -1204.19, "47": -1204.11, "48": -1204.03, "49": -1203.49, "50": -1203.3, "51": -1202.84, "52": -1202.72, "53": -1202.44, "54": -1202.36, "55": -1201.55, "56": -1201.49, "57": -1201.39, "58": -1201.18, "59": -1200.89, "60": -1200.62, "61": -1200.18, "62": -1200.13, "63": -1200.04, "64": -1199.97, "65": -1199.66, "66": -1199.53, "67": -1198.82, "68": -1198.78, "69": -1198.72, "70": -1198.68, "71": -1198.67, "72": -1198.05, "73": -1197.88, "74": -1197.66, "75": -1197.23, "76": -1197.22, "77": -1196.63, "78": -1196.63, "79": -1196.37}, "SolveResult": 0, "UpperBounds": {"1": -1195.23}, "MaxQueueSize": 21, "VisitedNodes": 159, "BranchingVars": [7, 6, 6, 5, 5, 4, 3, 5, 4, 4, 7, 5, 4, 4, 3, 7, 6, 6, 5, 5, 5, 6, 5, 5, 5, 5, 5, 5, 5, 5, 5, 5, 6, 5, 5, 5, 5, 5, 7, 5, 7, 7, 5, 5, 7, 5, 7, 5, 5, 7, 5, 5, 7, 5, 7, 5, 5, 5, 6, 7, 7, 5, 5, 5, 7, 7, 7, 7, 7, 7, 7, 7, 7, 7, 7, 7, 7, 3, 7], "NonLinearTime": 0.09199, "OptimalityGap": 1.14033, "BranchingRules": ["eigen_cen_alternative_rel", "eigen_cen_alternative_rel", "eigen_cen_alternative_rel", "eigen_cen_alternative_rel", "eigen_cen_alternative_rel", "eigen_cen_alternative_rel", "eigen_cen_alternative_rel", "eigen_cen_alternative_rel", "eigen_cen_alternative_rel", "eigen_cen_alternative_rel", "eigen_cen_alternative_rel", "eigen_cen_alternative_rel", "eigen_cen_alternative_rel", "eigen_cen_alternative_rel", "eigen_cen_alternative_rel", "eigen_cen_alternative_rel", "eigen_cen_alternative_rel", "eigen_cen_alternative_rel", "eigen_cen_alternative_rel", "eigen_cen_alternative_rel", "eigen_cen_alternative_rel", "eigen_cen_alternative_rel", "eigen_cen_alternative_rel", "eigen_cen_alternative_rel", "eigen_cen_alternative_rel", "eigen_cen_alternative_rel", "eigen_cen_alternative_rel", "eigen_cen_alternative_rel", "eigen_cen_alternative_rel", "eigen_cen_alternative_rel", "eigen_cen_alternative_rel", "eigen_cen_alternative_rel", "eigen_cen_alternative_rel", "eigen_cen_alternative_rel", "eigen_cen_alternative_rel", "eigen_cen_alternative_rel", "eigen_cen_alternative_rel", "eigen_cen_alternative_rel", "eigen_cen_alternative_rel", "eigen_cen_alternative_rel", "eigen_cen_alternative_rel", "eigen_cen_alternative_rel", "eigen_cen_alternative_rel", "eigen_cen_alternative_rel", "eigen_cen_alternative_rel", "eigen_cen_alternative_rel", "eigen_cen_alternative_rel", "eigen_cen_alternative_rel", "eigen_cen_alternative_rel", "eigen_cen_alternative_rel", "eigen_cen_alternative_rel", "eigen_cen_alternative_rel", "eigen_cen_alternative_rel", "eigen_cen_alternative_rel", "eigen_cen_alternative_rel", "eigen_cen_alternative_rel", "eigen_cen_alternative_rel", "eigen_cen_alternative_rel", "eigen_cen_alternative_rel", "eigen_cen_alternative_rel", "eigen_cen_alternative_rel", "eigen_cen_alternative_rel", "eigen_cen_alternative_rel", "eigen_cen_alternative_rel", "eigen_cen_alternative_rel", "eigen_cen_alternative_rel", "eigen_cen_alternative_rel", "eigen_cen_alternative_rel", "eigen_cen_alternative_rel", "eigen_cen_alternative_rel", "eigen_cen_alternative_rel", "eigen_cen_alternative_rel", "eigen_cen_alternative_rel", "eigen_cen_alternative_rel", "eigen_cen_alternative_rel", "eigen_cen_alternative_rel", "eigen_cen_alternative_rel", "eigen_cen_alternative_rel", "eigen_cen_alternative_rel"], "LBImprovements": [814.292, 557.209, 609.133, 432.125, 387.727, 238.374, 199.785, 443.742, 294.125, 176.534, 161.829, 421.206, 282.409, 311.766, 109.982, 108.502, 9.51128, 9.37752, 1.02462, 1.07163, 1.11403, 9.24229, 1.15209, 1.18607, 1.21624, 1.24282, 1.26604, 1.07755, 1.28612, 1.12327, 1.30326, 1.16441, 9.10586, 1.31763, 1.20123, 1.32944, 1.23402, 1.33883, 6.66798, 1.26302, 6.7233, 6.77728, 1.34599, 1.28846, 6.82993, 1.35105, 6.8813, 1.31057, 1.12919, 6.93142, 1.35416, 1.32956, 6.98032, 1.17365, 7.02802, 1.35546, 1.34564, 1.21355, 8.96846, 7.07456, 6.5335, 1.35507, 1.35898, 1.24918, 7.11997, 6.58748, 6.64015, 7.51737, 6.99527, 7.28197, 7.16427, 6.69153, 6.70029, 7.20748, 6.74166, 6.75561, 7.24965, 0.527564, 6.80958], "InfeasibleNodes": 0, "ElapsedTimeCoeffs": 0, "LinearizationTime": 0.000382601, "NumberOfVariables": 8, "CallsToLinearSolver": 159, "LinearGenerationTime": 0.0369309, "SDPCutsGenerationTime": 0, "CallsToNonLinearSolver": 10, "StrongBranchingExtraTime": 0, "ElapsedTimeWeightedCoeffs": 0, "NodesDiscardedByFathoming": 0, "NodesDiscardedByTolerance": 80, "BoundFactorConstraintsTime": 0.0139159, "ElapsedTimeVarsInConstraints": 0, "meanBTRelativeChangeRootNode": 0, "NumberOfBoundFactorConstraints": 136, "NumberOfLAPACKConvergenceFailures": 0, "NumberOfRLTVariablesAfterLinearization": 36}