{"Itbt": 0, "Pace": 36.9867, "Depth": 2, "Degree": 2, "RPSTime": 0.00126002, "FBBTTime": 0, "OBBTTime": 0, "TotalTime": 0.0369867, "Iterations": 2, "LinearTime": 0.00246434, "LowerBound": 0, "TimeVector": [0.0203089, 0.0572954], "UpperBound": 0, "rootBTTime": 0, "LowerBounds": {"1": 0}, "SolveResult": 0, "UpperBounds": {"1": 179769000000000000000000000000000000000000000000000000000000000000000000000000000000000000000000000000000000000000000000000000000000000000000000000000000000000000000000000000000000000000000000000000000000000000000000000000000000000000000000000000000000000000000000000000000000000000000000000000000000000000000, "2": 0}, "MaxQueueSize": 0, "VisitedNodes": 5, "BranchingVars": [6, 3], "NonLinearTime": 0.0332583, "OptimalityGap": 0, "BranchingRules": ["eigen_cen_alternative_rel", "eigen_cen_alternative_rel"], "LBImprovements": [0, 0], "InfeasibleNodes": 0, "ElapsedTimeCoeffs": 0, "LinearizationTime": 0.000044938, "NumberOfVariables": 8, "CallsToLinearSolver": 5, "LinearGenerationTime": 0.000599335, "SDPCutsGenerationTime": 0, "CallsToNonLinearSolver": 3, "StrongBranchingExtraTime": 0, "ElapsedTimeWeightedCoeffs": 0, "NodesDiscardedByFathoming": 3, "NodesDiscardedByTolerance": 0, "BoundFactorConstraintsTime": 0.000122334, "ElapsedTimeVarsInConstraints": 0, "meanBTRelativeChangeRootNode": 0, "NumberOfBoundFactorConstraints": 36, "NumberOfLAPACKConvergenceFailures": 0, "NumberOfRLTVariablesAfterLinearization": 11}