{"Itbt": 0, "Pace": 0.493514, "Depth": 27, "Degree": 2, "RPSTime": 0.387875, "FBBTTime": 0, "OBBTTime": 0, "TotalTime": 1.92597, "Iterations": 229, "LinearTime": 0.197121, "LowerBound": 1.86245, "TimeVector": [0.0244858, 0.0528688, 0.0763038, 0.0987615, 0.129388, 0.137568, 0.146253, 0.171054, 0.178938, 0.186371, 0.194459, 0.202617, 0.210538, 0.218797, 0.226966, 0.251518, 0.258048, 0.266215, 0.274187, 0.281981, 0.290286, 0.298875, 0.30771, 0.316113, 0.322024, 0.330587, 0.33799, 0.346532, 0.353899, 0.362689, 0.370755, 0.390851, 0.396356, 0.403026, 0.411499, 0.420427, 0.426996, 0.433995, 0.442142, 0.450799, 0.458702, 0.466755, 0.47331, 0.480332, 0.488987, 0.49674, 0.503928, 0.510597, 0.518878, 0.524536, 0.532052, 0.541068, 0.548673, 0.557533, 0.566622, 0.575217, 0.584062, 0.589597, 0.597846, 0.60674, 0.615455, 0.622725, 0.630555, 0.650428, 0.657598, 0.666533, 0.673326, 0.681294, 0.688284, 0.696575, 0.70455, 0.710604, 0.719699, 0.727769, 0.736106, 0.744932, 0.752569, 0.759659, 0.767735, 0.775256, 0.784526, 0.792007, 0.80184, 0.810769, 0.81943, 0.827578, 0.835636, 0.84283, 0.850374, 0.859536, 0.867189, 0.874911, 0.882579, 0.889885, 0.89835, 0.906884, 0.914859, 0.923524, 0.931471, 0.939251, 0.946013, 0.953999, 0.961665, 0.969525, 0.977819, 0.986512, 0.995487, 1.0033, 1.01152, 1.02026, 1.02716, 1.03564, 1.04262, 1.05003, 1.05752, 1.06596, 1.07228, 1.0795, 1.08844, 1.09654, 1.10273, 1.10969, 1.11821, 1.12734, 1.13612, 1.14233, 1.14946, 1.16983, 1.17588, 1.18322, 1.19103, 1.19797, 1.20723, 1.21432, 1.22175, 1.22964, 1.23814, 1.24682, 1.25654, 1.26413, 1.27195, 1.27963, 1.28822, 1.29677, 1.30405, 1.31282, 1.3219, 1.32891, 1.33646, 1.34339, 1.35237, 1.36098, 1.36757, 1.3749, 1.38298, 1.39077, 1.39709, 1.40389, 1.4131, 1.422, 1.42919, 1.43676, 1.44521, 1.4531, 1.45915, 1.46603, 1.47379, 1.47995, 1.48703, 1.49406, 1.50146, 1.50881, 1.51601, 1.52363, 1.5302, 1.53694, 1.54468, 1.55031, 1.55799, 1.5658, 1.57248, 1.57986, 1.58547, 1.59189, 1.60017, 1.60612, 1.61293, 1.61926, 1.62617, 1.63303, 1.64023, 1.64921, 1.65551, 1.66234, 1.6698, 1.67709, 1.68577, 1.69204, 1.69944, 1.70795, 1.71585, 1.72456, 1.73145, 1.73873, 1.74681, 1.7539, 1.76054, 1.76768, 1.77371, 1.78109, 1.78898, 1.79501, 1.80235, 1.8086, 1.81519, 1.82217, 1.82989, 1.83674, 1.84397, 1.85039, 1.85641, 1.8632, 1.87006, 1.87738, 1.88486, 1.89202, 1.899, 1.90637, 3.83234], "UpperBound": 1.86417, "rootBTTime": 0, "LowerBounds": {"1": 0.9979, "7": 1.015, "8": 1.02646, "9": 1.05682, "10": 1.07375, "11": 1.14145, "12": 1.17147, "13": 1.18175, "14": 1.18855, "15": 1.19831, "16": 1.20378, "17": 1.2089, "18": 1.21881, "19": 1.23376, "20": 1.23527, "21": 1.24401, "22": 1.24729, "23": 1.24837, "24": 1.2562, "26": 1.25852, "28": 1.26134, "29": 1.26836, "30": 1.27014, "31": 1.27358, "32": 1.27573, "34": 1.28234, "35": 1.28442, "36": 1.29098, "37": 1.29723, "38": 1.30256, "39": 1.31506, "40": 1.32747, "41": 1.35231, "42": 1.36094, "43": 1.36423, "44": 1.37091, "45": 1.37909, "46": 1.39923, "47": 1.4081, "48": 1.40908, "49": 1.41704, "50": 1.41941, "51": 1.43044, "52": 1.44883, "53": 1.45287, "54": 1.45355, "55": 1.45464, "56": 1.46429, "57": 1.47292, "58": 1.47302, "59": 1.47305, "60": 1.47449, "61": 1.48587, "62": 1.48925, "63": 1.5081, "64": 1.51151, "65": 1.51705, "66": 1.52597, "67": 1.52885, "68": 1.52971, "69": 1.53552, "70": 1.54001, "71": 1.54089, "72": 1.54487, "73": 1.55149, "74": 1.55737, "75": 1.57426, "76": 1.58886, "77": 1.59665, "78": 1.59898, "79": 1.60172, "80": 1.60382, "81": 1.60978, "82": 1.62123, "83": 1.62311, "84": 1.62598, "85": 1.62801, "86": 1.63076, "87": 1.63162, "88": 1.63277, "90": 1.63344, "91": 1.63356, "92": 1.63408, "93": 1.63516, "94": 1.63547, "95": 1.63691, "96": 1.63979, "97": 1.64207, "98": 1.64239, "99": 1.64538, "100": 1.65457, "101": 1.66467, "102": 1.66495, "103": 1.66806, "104": 1.6722, "105": 1.67283, "106": 1.67803, "107": 1.67883, "108": 1.67929, "109": 1.68503, "110": 1.68514, "111": 1.69044, "112": 1.69323, "113": 1.70315, "115": 1.71436, "116": 1.72163, "117": 1.72361, "119": 1.72465, "120": 1.72528, "121": 1.73085, "123": 1.73962, "124": 1.74026, "125": 1.74243, "126": 1.74476, "128": 1.74516, "129": 1.74527, "130": 1.74982, "131": 1.75406, "132": 1.756, "133": 1.76064, "134": 1.76276, "136": 1.76796, "137": 1.77145, "138": 1.77511, "139": 1.7804, "140": 1.78222, "141": 1.78568, "142": 1.78716, "143": 1.78813, "144": 1.78955, "145": 1.7953, "146": 1.79619, "147": 1.79644, "148": 1.7974, "150": 1.80014, "151": 1.80315, "152": 1.80408, "153": 1.81, "155": 1.81104, "156": 1.81934, "157": 1.81969, "159": 1.82, "160": 1.8211, "161": 1.82156, "163": 1.82165, "164": 1.82454, "165": 1.82597, "167": 1.82787, "168": 1.83247, "169": 1.83366, "170": 1.83711, "172": 1.83871, "173": 1.83885, "174": 1.83904, "175": 1.83909, "176": 1.8393, "178": 1.83995, "179": 1.84015, "180": 1.84268, "181": 1.84313, "183": 1.84419, "185": 1.8462, "186": 1.84797, "188": 1.84845, "190": 1.85103, "192": 1.85116, "193": 1.85124, "195": 1.85178, "196": 1.85184, "197": 1.85188, "198": 1.85193, "199": 1.85232, "200": 1.85524, "201": 1.85559, "202": 1.85565, "203": 1.85593, "205": 1.85594, "206": 1.85634, "207": 1.85787, "209": 1.85818, "210": 1.85895, "211": 1.85902, "212": 1.8594, "213": 1.85963, "214": 1.85969, "216": 1.86023, "217": 1.86039, "218": 1.86054, "224": 1.86092, "225": 1.86162, "226": 1.86171, "227": 1.86171, "228": 1.86211, "229": 1.86245}, "SolveResult": 0, "UpperBounds": {"1": 1.86417}, "MaxQueueSize": 34, "VisitedNodes": 459, "BranchingVars": [5, 2, 3, 3, 0, 7, 9, 3, 0, 8, 8, 4, 9, 2, 3, 1, 3, 0, 6, 8, 4, 7, 6, 2, 6, 7, 7, 7, 3, 6, 6, 6, 6, 1, 2, 2, 2, 0, 1, 1, 0, 0, 6, 6, 2, 0, 7, 6, 9, 9, 7, 7, 0, 6, 6, 6, 1, 2, 6, 6, 1, 6, 7, 0, 6, 7, 7, 5, 7, 3, 7, 0, 6, 6, 6, 7, 1, 1, 0, 1, 7, 6, 7, 7, 1, 0, 1, 1, 1, 0, 6, 6, 8, 6, 7, 1, 6, 0, 6, 7, 7, 7, 7, 1, 6, 7, 7, 0, 0, 7, 0, 3, 1, 1, 6, 7, 0, 0, 6, 1, 6, 0, 0, 1, 6, 6, 0, 7, 6, 1, 7, 1, 6, 1, 1, 0, 1, 1, 0, 7, 3, 1, 6, 0, 1, 7, 1, 1, 1, 6, 7, 1, 0, 0, 6, 7, 6, 0, 0, 6, 1, 1, 0, 6, 6, 0, 6, 7, 7, 1, 1, 6, 6, 7, 1, 3, 3, 1, 7, 6, 6, 6, 1, 1, 6, 0, 0, 6, 0, 1, 1, 0, 6, 0, 3, 7, 6, 3, 1, 1, 7, 6, 1, 1, 1, 1, 6, 0, 1, 1, 6, 0, 1, 0, 0, 1, 1, 2, 2, 0, 0, 0, 0, 1, 6, 0, 1, 1, 0], "NonLinearTime": 0.171993, "OptimalityGap": 0.0017194,