{"Itbt": 0, "Pace": 0.0948372, "Depth": 11, "Degree": 4, "RPSTime": 25.5066, "FBBTTime": 0, "OBBTTime": 0, "TotalTime": 449.768, "Iterations": 66, "LinearTime": 33.389, "LowerBound": 1150.25, "TimeVector": [12.5993, 19.8694, 27.2057, 34.714, 42.1764, 49.9501, 57.4256, 64.7373, 72.2421, 79.3369, 86.2201, 92.9886, 100.037, 107.716, 115.329, 122.869, 129.94, 136.524, 143.412, 150.466, 157.25, 164.485, 171.007, 177.943, 184.298, 191.193, 197.637, 204.799, 211.253, 217.232, 224.573, 230.781, 238.137, 244.419, 251.043, 257.722, 265.141, 271.492, 277.2, 283.63, 290.679, 296.507, 302.267, 309.174, 316.006, 322.114, 329.094, 335.492, 341.173, 347.488, 353.909, 361.098, 368.723, 374.586, 382.034, 389.096, 394.487, 400.268, 406.324, 412.693, 419.89, 426.534, 432.413, 438.197, 444.229, 461.584], "UpperBound": 1151.13, "rootBTTime": 0, "LowerBounds": {"1": 725.423, "2": 864.845, "3": 889.12, "4": 934.888, "5": 969.781, "6": 983.313, "7": 998.05, "8": 1000.45, "9": 1001.47, "10": 1027.54, "11": 1032.9, "12": 1045.33, "13": 1047.4, "14": 1054.52, "15": 1057.04, "16": 1064.01, "17": 1072.46, "18": 1072.91, "19": 1074.15, "20": 1082.94, "21": 1085.75, "22": 1086.38, "23": 1088.98, "24": 1092.5, "25": 1102.75, "26": 1107.54, "27": 1108.19, "28": 1113.4, "29": 1118.54, "30": 1124.46, "31": 1125.22, "32": 1125.74, "33": 1126.02, "34": 1128.34, "35": 1129.78, "36": 1130.75, "37": 1131.62, "38": 1131.73, "39": 1132.76, "40": 1133.14, "41": 1136.02, "42": 1137.26, "43": 1137.42, "44": 1137.59, "45": 1140.79, "46": 1140.81, "47": 1141, "48": 1141.04, "49": 1142.08, "50": 1142.19, "51": 1143.31, "52": 1143.94, "53": 1144.34, "54": 1144.99, "55": 1145.14, "56": 1145.64, "57": 1146.02, "58": 1146.46, "59": 1146.54, "60": 1146.76, "61": 1146.99, "62": 1147.24, "63": 1147.39, "64": 1147.79, "65": 1147.84, "66": 1150.25}, "SolveResult": 0, "UpperBounds": {"1": 1261.76, "3": 1151.13}, "MaxQueueSize": 23, "VisitedNodes": 133, "BranchingVars": [0, 1, 9, 3, 0, 3, 10, 9, 0, 0, 6, 10, 7, 7, 10, 3, 7, 11, 10, 3, 7, 9, 7, 6, 10, 3, 7, 10, 3, 4, 10, 4, 10, 10, 7, 10, 11, 7, 3, 8, 2, 8, 10, 11, 8, 10, 7, 6, 10, 7, 2, 2, 10, 3, 10, 11, 9, 9, 6, 2, 2, 11, 9, 9, 9, 11], "NonLinearTime": 4.84891, "OptimalityGap": 0.872859, "BranchingRules": ["sum_rescaled_var_range_weighted_rel", "sum_rescaled_var_range_weighted_rel", "sum_rescaled_var_range_weighted_rel", "sum_rescaled_var_range_weighted_rel", "sum_rescaled_var_range_weighted_rel", "sum_rescaled_var_range_weighted_rel", "sum_rescaled_var_range_weighted_rel", "sum_rescaled_var_range_weighted_rel", "sum_rescaled_var_range_weighted_rel", "sum_rescaled_var_range_weighted_rel", "sum_rescaled_var_range_weighted_rel", "sum_rescaled_var_range_weighted_rel", "sum_rescaled_var_range_weighted_rel", "sum_rescaled_var_range_weighted_rel", "sum_rescaled_var_range_weighted_rel", "sum_rescaled_var_range_weighted_rel", "sum_rescaled_var_range_weighted_rel", "sum_rescaled_var_range_weighted_rel", "sum_rescaled_var_range_weighted_rel", "sum_rescaled_var_range_weighted_rel", "sum_rescaled_var_range_weighted_rel", "sum_rescaled_var_range_weighted_rel", "sum_rescaled_var_range_weighted_rel", "sum_rescaled_var_range_weighted_rel", "sum_rescaled_var_range_weighted_rel", "sum_rescaled_var_range_weighted_rel", "sum_rescaled_var_range_weighted_rel", "sum_rescaled_var_range_weighted_rel", "sum_rescaled_var_range_weighted_rel", "sum_rescaled_var_range_weighted_rel", "sum_rescaled_var_range_weighted_rel", "sum_rescaled_var_range_weighted_rel", "sum_rescaled_var_range_weighted_rel", "sum_rescaled_var_range_weighted_rel", "sum_rescaled_var_range_weighted_rel", "sum_rescaled_var_range_weighted_rel", "sum_rescaled_var_range_weighted_rel", "sum_rescaled_var_range_weighted_rel", "sum_rescaled_var_range_weighted_rel", "sum_rescaled_var_range_weighted_rel", "sum_rescaled_var_range_weighted_rel", "sum_rescaled_var_range_weighted_rel", "sum_rescaled_var_range_weighted_rel", "sum_rescaled_var_range_weighted_rel", "sum_rescaled_var_range_weighted_rel", "sum_rescaled_var_range_weighted_rel", "sum_rescaled_var_range_weighted_rel", "sum_rescaled_var_range_weighted_rel", "sum_rescaled_var_range_weighted_rel", "sum_rescaled_var_range_weighted_rel", "sum_rescaled_var_range_weighted_rel", "sum_rescaled_var_range_weighted_rel", "sum_rescaled_var_range_weighted_rel", "sum_rescaled_var_range_weighted_rel", "sum_rescaled_var_range_weighted_rel", "sum_rescaled_var_range_weighted_rel", "sum_rescaled_var_range_weighted_rel", "sum_rescaled_var_range_weighted_rel", "sum_rescaled_var_range_weighted_rel", "sum_rescaled_var_range_weighted_rel", "sum_rescaled_var_range_weighted_rel", "sum_rescaled_var_range_weighted_rel", "sum_rescaled_var_range_weighted_rel", "sum_rescaled_var_range_weighted_rel", "sum_rescaled_var_range_weighted_rel", "sum_rescaled_var_range_weighted_rel"], "LBImprovements": [139.422, 70.0426, 94.1933, 63.1622, 77.6196, 49.5904, 29.4878, 44.8813, 70.9987, 58.2091, 41.2442, 27.577, 98.2397, 28.4184, 35.4585, 61.2098, 65.1271, 16.0714, 54.1891, 19.8073, 61.4968, 39.6395, 19.2076, 40.6354, 38.2926, 23.2102, 10.353, 33.3697, 13.1838, 20.536, 58.866, 7.02465, 16.1689, 8.92775, 25.6789, 27.11, 36.9431, 5.69012, 9.31346, 20.7666, 26.8282, 10.5205, 8.60546, 70.9864, 18.2423, 6.57283, 34.1446, 8.45266, 9.57989, 23.3038, 3.23289, 19.1122, 57.6405, 9.1356, 8.90565, 94.6011, 4.23281, 3.92117, 8.83507, 9.27636, 20.2957, 61.1113, 5.6834, 17.6991, 6.59844, 13.6487], "InfeasibleNodes": 0, "ElapsedTimeCoeffs": 0, "LinearizationTime": 0.0730517, "NumberOfVariables": 12, "CallsToLinearSolver": 133, "LinearGenerationTime": 0.878128, "SDPCutsGenerationTime": 0, "CallsToNonLinearSolver": 10, "StrongBranchingExtraTime": 409.478, "ElapsedTimeWeightedCoeffs": 0, "NodesDiscardedByFathoming": 0, "NodesDiscardedByTolerance": 67, "BoundFactorConstraintsTime": 1.74728, "ElapsedTimeVarsInConstraints": 0.000126237, "meanBTRelativeChangeRootNode": 0, "NumberOfBoundFactorConstraints": 1870, "NumberOfLAPACKConvergenceFailures": 0, "NumberOfRLTVariablesAfterLinearization": 489}