{"Itbt": 0, "Pace": 0.00586879, "Depth": 7, "Degree": 6, "RPSTime": 0.0879859, "FBBTTime": 0, "OBBTTime": 0, "TotalTime": 0.613531, "Iterations": 27, "LinearTime": 0.456502, "LowerBound": 269.473, "TimeVector": [0.0515301, 0.079462, 0.106194, 0.133808, 0.165641, 0.185057, 0.205774, 0.232692, 0.252939, 0.269846, 0.287248, 0.304141, 0.322076, 0.340129, 0.358848, 0.386436, 0.405719, 0.425302, 0.44525, 0.46609, 0.485465, 0.505357, 0.525415, 0.546894, 0.566885, 0.587382, 1.20091], "UpperBound": 269.623, "rootBTTime": 0, "LowerBounds": {"1": 164.933, "2": 183.416, "3": 193.599, "4": 202.548, "5": 211.122, "6": 231.654, "7": 234.787, "8": 237.168, "9": 237.447, "10": 248.051, "11": 251.519, "12": 252.992, "13": 253.517, "14": 256.366, "15": 257.792, "16": 258.525, "17": 265.516, "18": 265.764, "19": 265.764, "20": 266.613, "21": 266.73, "22": 266.873, "23": 267.04, "24": 267.04, "25": 269.005, "26": 269.225, "27": 269.473}, "SolveResult": 0, "UpperBounds": {"1": 269.623}, "MaxQueueSize": 11, "VisitedNodes": 55, "BranchingVars": [3, 1, 2, 2, 0, 0, 2, 2, 1, 5, 5, 5, 5, 5, 5, 5, 3, 0, 0, 3, 3, 3, 3, 3, 3, 1, 1], "NonLinearTime": 0.0690288, "OptimalityGap": 0.150374, "BranchingRules": ["sum_dual_weighted_plus1_rel", "sum_dual_weighted_plus1_rel", "sum_dual_weighted_plus1_rel", "sum_dual_weighted_plus1_rel", "sum_dual_weighted_plus1_rel", "sum_dual_weighted_plus1_rel", "sum_dual_weighted_plus1_rel", "sum_dual_weighted_plus1_rel", "sum_dual_weighted_plus1_rel", "sum_dual_weighted_plus1_rel", "sum_dual_weighted_plus1_rel", "sum_dual_weighted_plus1_rel", "sum_dual_weighted_plus1_rel", "sum_dual_weighted_plus1_rel", "sum_dual_weighted_plus1_rel", "sum_dual_weighted_plus1_rel", "sum_dual_weighted_plus1_rel", "sum_dual_weighted_plus1_rel", "sum_dual_weighted_plus1_rel", "sum_dual_weighted_plus1_rel", "sum_dual_weighted_plus1_rel", "sum_dual_weighted_plus1_rel", "sum_dual_weighted_plus1_rel", "sum_dual_weighted_plus1_rel", "sum_dual_weighted_plus1_rel", "sum_dual_weighted_plus1_rel", "sum_dual_weighted_plus1_rel"], "LBImprovements": [18.4834, 19.1324, 43.8484, 29.1056, 23.6648, 26.1375, 16.7318, 15.8248, 35.1183, 17.7125, 13.9971, 13.7376, 13.5228, 12.6396, 17.8309, 17.8052, 3.70905, 9.66796, 10.9862, 3.04467, 3.15397, 2.60657, 3.1961, 3.1961, 3.92077, 0.248047, 0.248047], "InfeasibleNodes": 0, "ElapsedTimeCoeffs": 0, "LinearizationTime": 0.0016045, "NumberOfVariables": 6, "CallsToLinearSolver": 55, "LinearGenerationTime": 0.0532269, "SDPCutsGenerationTime": 0, "CallsToNonLinearSolver": 8, "StrongBranchingExtraTime": 0, "ElapsedTimeWeightedCoeffs": 0, "NodesDiscardedByFathoming": 0, "NodesDiscardedByTolerance": 28, "BoundFactorConstraintsTime": 0.057045, "ElapsedTimeVarsInConstraints": 0.000021489, "meanBTRelativeChangeRootNode": 0, "NumberOfBoundFactorConstraints": 154, "NumberOfLAPACKConvergenceFailures": 0, "NumberOfRLTVariablesAfterLinearization": 86}