{"Itbt": 0, "Pace": 0.0153124, "Depth": 10, "Degree": 6, "RPSTime": 0.0792155, "FBBTTime": 0, "OBBTTime": 0, "TotalTime": 0.486854, "Iterations": 50, "LinearTime": 0.333244, "LowerBound": 116.09, "TimeVector": [0.0255321, 0.0420455, 0.0574847, 0.0734536, 0.0902648, 0.0983019, 0.105708, 0.121723, 0.129911, 0.138039, 0.14555, 0.152883, 0.159825, 0.166824, 0.174024, 0.189595, 0.197019, 0.204598, 0.212463, 0.221231, 0.228523, 0.236265, 0.243056, 0.251158, 0.258909, 0.266849, 0.274676, 0.282288, 0.290519, 0.298241, 0.30588, 0.323071, 0.33126, 0.339812, 0.347762, 0.356072, 0.365245, 0.373308, 0.381747, 0.390325, 0.399678, 0.408543, 0.417441, 0.426161, 0.434752, 0.443224, 0.451785, 0.460908, 0.469358, 0.956212], "UpperBound": 116.201, "rootBTTime": 0, "LowerBounds": {"1": 84.2963, "2": 89.4573, "3": 92.3146, "4": 93.0621, "5": 95.3602, "6": 97.5033, "7": 99.5995, "8": 99.8599, "9": 101.121, "10": 103.462, "11": 104.619, "12": 106.317, "13": 106.976, "14": 107.381, "15": 108.266, "16": 108.419, "17": 108.744, "18": 109.469, "19": 109.872, "20": 110.359, "21": 110.488, "22": 110.843, "23": 110.895, "24": 111.966, "25": 112.259, "26": 112.289, "27": 112.791, "28": 113.443, "29": 113.585, "30": 113.634, "31": 113.823, "32": 113.827, "33": 114.017, "34": 114.129, "35": 114.407, "36": 114.478, "37": 115.088, "38": 115.111, "39": 115.167, "40": 115.182, "41": 115.218, "42": 115.284, "43": 115.386, "44": 115.42, "45": 115.449, "46": 115.659, "47": 115.695, "48": 115.948, "49": 116.056, "50": 116.09}, "SolveResult": 0, "UpperBounds": {"1": 116.201}, "MaxQueueSize": 11, "VisitedNodes": 101, "BranchingVars": [2, 1, 0, 0, 1, 3, 0, 5, 0, 0, 0, 0, 4, 3, 5, 4, 0, 5, 0, 5, 0, 4, 0, 2, 5, 0, 4, 0, 0, 0, 2, 2, 5, 2, 0, 0, 1, 0, 0, 1, 1, 1, 1, 1, 1, 2, 1, 2, 4, 4], "NonLinearTime": 0.0743764, "OptimalityGap": 0.111291, "BranchingRules": ["eigen_cen_alternative_rel", "eigen_cen_alternative_rel", "eigen_cen_alternative_rel", "eigen_cen_alternative_rel", "eigen_cen_alternative_rel", "eigen_cen_alternative_rel", "eigen_cen_alternative_rel", "eigen_cen_alternative_rel", "eigen_cen_alternative_rel", "eigen_cen_alternative_rel", "eigen_cen_alternative_rel", "eigen_cen_alternative_rel", "eigen_cen_alternative_rel", "eigen_cen_alternative_rel", "eigen_cen_alternative_rel", "eigen_cen_alternative_rel", "eigen_cen_alternative_rel", "eigen_cen_alternative_rel", "eigen_cen_alternative_rel", "eigen_cen_alternative_rel", "eigen_cen_alternative_rel", "eigen_cen_alternative_rel", "eigen_cen_alternative_rel", "eigen_cen_alternative_rel", "eigen_cen_alternative_rel", "eigen_cen_alternative_rel", "eigen_cen_alternative_rel", "eigen_cen_alternative_rel", "eigen_cen_alternative_rel", "eigen_cen_alternative_rel", "eigen_cen_alternative_rel", "eigen_cen_alternative_rel", "eigen_cen_alternative_rel", "eigen_cen_alternative_rel", "eigen_cen_alternative_rel", "eigen_cen_alternative_rel", "eigen_cen_alternative_rel", "eigen_cen_alternative_rel", "eigen_cen_alternative_rel", "eigen_cen_alternative_rel", "eigen_cen_alternative_rel", "eigen_cen_alternative_rel", "eigen_cen_alternative_rel", "eigen_cen_alternative_rel", "eigen_cen_alternative_rel", "eigen_cen_alternative_rel", "eigen_cen_alternative_rel", "eigen_cen_alternative_rel", "eigen_cen_alternative_rel", "eigen_cen_alternative_rel"], "LBImprovements": [5.161, 2.8573, 7.2849, 2.29814, 13.0587, 2.35669, 7.78102, 3.60192, 5.19558, 5.28215, 7.66953, 5.64921, 9.11378, 0.885868, 1.60551, 1.04984, 5.66313, 3.97413, 6.95764, 3.27477, 6.05722, 1.41605, 17.3138, 8.99788, 4.56003, 8.91691, 3.83918, 0.379717, 0.893554, 0.495259, 1.34458, 1.26134, 4.5235, 1.08905, 7.27928, 0.703694, 1.14636, 0.583868, 0.117036, 0.765824, 1.03226, 0.792304, 0.780894, 0.736518, 1.01637, 0.790424, 0.787318, 0.276068, 0.121195, 0.0654693], "InfeasibleNodes": 3, "ElapsedTimeCoeffs": 0, "LinearizationTime": 0.000669105, "NumberOfVariables": 6, "CallsToLinearSolver": 101, "LinearGenerationTime": 0.055609, "SDPCutsGenerationTime": 0, "CallsToNonLinearSolver": 9, "StrongBranchingExtraTime": 0, "ElapsedTimeWeightedCoeffs": 0, "NodesDiscardedByFathoming": 0, "NodesDiscardedByTolerance": 48, "BoundFactorConstraintsTime": 0.0471503, "ElapsedTimeVarsInConstraints": 0, "meanBTRelativeChangeRootNode": 0, "NumberOfBoundFactorConstraints": 82, "NumberOfLAPACKConvergenceFailures": 0, "NumberOfRLTVariablesAfterLinearization": 53}