{"Itbt": 0, "Pace": 0.11843, "Depth": 14, "Degree": 6, "RPSTime": 19.5259, "FBBTTime": 0, "OBBTTime": 0, "TotalTime": 271.839, "Iterations": 269, "LinearTime": 252.173, "LowerBound": 3663.23, "TimeVector": [1.70635, 2.73426, 3.68578, 4.58499, 5.64928, 6.63893, 7.58428, 8.58719, 9.56275, 10.5703, 11.5424, 12.5286, 13.4937, 14.521, 15.53, 16.5287, 17.3852, 18.3346, 19.3347, 20.3977, 21.4187, 22.3897, 23.3261, 24.151, 25.2194, 26.1571, 27.0201, 28.1026, 28.895, 29.9244, 30.9322, 31.9738, 33.0298, 33.9866, 35.0515, 35.9637, 36.7694, 37.74, 38.6169, 39.6594, 40.7728, 41.7489, 42.7651, 43.7686, 44.8091, 45.8292, 46.7434, 47.8565, 48.8841, 49.7961, 50.8186, 51.8952, 52.8833, 53.9366, 54.7017, 55.6613, 56.6414, 57.6176, 58.4492, 59.432, 60.4444, 61.4112, 62.3911, 63.5008, 64.4886, 65.4876, 66.5702, 67.5267, 68.6288, 69.6982, 70.725, 71.8877, 72.7807, 73.6326, 74.7045, 75.664, 76.5812, 77.5611, 78.5669, 79.5902, 80.5518, 81.5313, 82.5793, 83.4096, 84.4851, 85.4801, 86.5958, 87.5148, 88.6736, 89.6852, 90.8667, 91.7537, 92.9631, 94.0778, 95.2101, 96.1433, 97.1155, 98.0915, 98.9276, 99.8712, 100.941, 101.875, 102.92, 103.838, 104.916, 106.059, 107.103, 107.927, 109.08, 110.17, 111.171, 112.219, 113.226, 114.241, 115.177, 116.234, 117.226, 118.152, 119.121, 120.238, 121.339, 122.455, 123.385, 124.399, 125.423, 126.476, 127.384, 128.316, 129.409, 130.4, 131.439, 132.522, 133.441, 134.401, 135.371, 136.408, 137.481, 138.447, 139.555, 140.54, 141.467, 142.574, 143.533, 144.586, 145.473, 146.514, 147.462, 148.6, 149.648, 150.628, 151.72, 152.781, 153.854, 154.797, 155.752, 156.832, 157.797, 158.863, 159.736, 160.715, 161.754, 162.844, 163.808, 164.828, 165.784, 166.734, 167.893, 168.965, 169.96, 171.096, 172.193, 173.174, 174.259, 175.37, 176.321, 177.523, 178.581, 179.465, 180.466, 181.56, 182.559, 183.64, 184.603, 185.603, 186.728, 187.802, 188.693, 189.731, 190.755, 191.92, 193.029, 194.002, 195.157, 196.155, 197.22, 198.232, 199.208, 200.157, 201.253, 202.328, 203.22, 204.173, 205.039, 206.083, 207.057, 208.128, 209.262, 210.275, 211.155, 212.128, 213.04, 214.113, 215.156, 216.242, 217.318, 218.108, 219.007, 220.084, 221.153, 222.233, 223.073, 224.034, 225.08, 225.984, 226.919, 227.879, 228.974, 230.007, 231.067, 232.024, 232.999, 234.064, 235.167, 236.238, 237.224, 238.06, 239.044, 240.043, 241.083, 241.962, 243.038, 243.894, 244.882, 245.913, 246.904, 247.918, 248.97, 250.112, 251.258, 252.312, 253.32, 254.507, 255.407, 256.468, 257.703, 258.727, 259.803, 260.968, 261.867, 262.92, 263.987, 265.086, 266.092, 267.033, 268.059, 269.054, 270.033, 270.989, 297.946], "UpperBound": 3666.88, "rootBTTime": 0, "LowerBounds": {"1": 1367.87, "2": 2146.07, "3": 2337.16, "4": 2534.23, "5": 2586.1, "6": 2647.81, "7": 2727.04, "8": 2794.32, "9": 2807.64, "10": 2847.03, "11": 2866.06, "12": 2961.22, "13": 3003.98, "14": 3090.94, "15": 3138.72, "16": 3183.67, "17": 3199.75, "18": 3211.27, "19": 3244.33, "20": 3267.05, "21": 3329.38, "22": 3331.6, "23": 3345.33, "24": 3346.42, "25": 3357.55, "26": 3364.13, "27": 3375.05, "28": 3385.06, "29": 3402.79, "30": 3403.65, "31": 3424.15, "32": 3438.66, "33": 3449.74, "34": 3450.24, "35": 3451.54, "36": 3457.55, "37": 3460.67, "38": 3461.02, "39": 3462.63, "40": 3466.12, "41": 3476.98, "42": 3478.87, "43": 3479.69, "44": 3484.43, "45": 3490.42, "46": 3491.35, "47": 3495.28, "48": 3496.44, "49": 3498.2, "50": 3501.69, "51": 3507.15, "52": 3509.74, "53": 3519.6, "54": 3522.57, "55": 3528.02, "56": 3531.57, "57": 3531.62, "58": 3533.45, "59": 3535.63, "60": 3535.99, "61": 3537.91, "62": 3541.83, "63": 3543.14, "64": 3544.02, "65": 3548.52, "66": 3555.3, "67": 3558.4, "68": 3559.24, "69": 3560.45, "70": 3561.18, "71": 3564.56, "72": 3564.86, "73": 3565.71, "74": 3566.67, "75": 3569, "76": 3569.86, "77": 3571.34, "78": 3573.79, "79": 3575.63, "80": 3575.65, "81": 3580.57, "82": 3581.15, "83": 3583.53, "84": 3584.8, "85": 3584.86, "86": 3586.89, "87": 3589.32, "88": 3593.31, "89": 3593.33, "90": 3594.65, "91": 3596.65, "92": 3602.66, "93": 3603.43, "94": 3605, "95": 3605.08, "96": 3605.46, "97": 3606.27, "98": 3608.74, "99": 3609.24, "100": 3609.59, "101": 3609.8, "102": 3610.22, "103": 3611.08, "104": 3611.84, "105": 3612.33, "106": 3614.34, "107": 3615.51, "108": 3616.75, "109": 3618.01, "110": 3618.25, "111": 3618.29, "112": 3618.76, "113": 3619.4, "114": 3619.76, "115": 3620.29, "116": 3621.54, "117": 3622.58, "118": 3622.69, "119": 3622.82, "120": 3623.59, "121": 3624.14, "122": 3624.21, "123": 3624.49, "124": 3624.99, "125": 3625.15, "126": 3625.21, "127": 3625.96, "128": 3626.74, "129": 3628.62, "130": 3629.26, "131": 3629.38, "132": 3629.39, "133": 3630.89, "134": 3631.71, "135": 3632.17, "136": 3632.3, "137": 3632.44, "138": 3632.58, "139": 3633.02, "140": 3633.43, "141": 3633.45, "142": 3634.04, "143": 3634.11, "144": 3634.46, "145": 3634.73, "146": 3635.03, "147": 3635.03, "148": 3635.1, "149": 3636.2, "150": 3637.75, "151": 3638.76, "152": 3639.06, "153": 3641.26, "154": 3642.35, "155": 3642.47, "156": 3642.96, "157": 3643.02, "158": 3643.46, "159": 3643.55, "160": 3643.89, "161": 3644.66, "162": 3645.29, "163": 3646.34, "164": 3646.71, "165": 3646.79, "166": 3647.16, "167": 3648.7, "168": 3648.91, "169": 3649.03, "170": 3649.05, "171": 3649.49, "172": 3649.57, "173": 3649.92, "174": 3650.28, "175": 3650.71, "176": 3651.01, "177": 3651.13, "178": 3651.15, "179": 3651.62, "180": 3651.7, "181": 3651.8, "182": 3651.88, "183": 3652.06, "184": 3652.15, "185": 3652.23, "186": 3652.42, "187": 3652.56, "188": 3652.7, "189": 3652.74, "190": 3652.78, "191": 3652.8, "192": 3652.85, "193": 3652.92, "194": 3653.31, "195": 3654.43, "196": 3654.46, "197": 3654.9, "198": 3655.09, "199": 3655.56, "200": 3655.64, "201": 3655.85, "202": 3656.22, "203": 3656.27, "204": 3656.44, "205": 3656.56, "206": 3656.79, "207": 3656.84, "208": 3656.9, "209": 3657.19, "210": 3657.2, "211": 3657.66, "212": 3657.69, "213": 3658.13, "214": 3658.32, "215": 3658.41, "216": 3658.44, "217": 3658.47, "218": 3658.51, "219": 3658.58, "220": 3658.67, "221": 3659.09, "222": 3659.11, "223": 3659.25, "224": 3659.34, "225": 3659.35, "226": 3659.74, "227": 3659.79, "228": 3659.79, "229": 3660, "230": 3660.18, "231": 3660.59, "232": 3660.75, "233": 3660.86, "234": 3660.87, "235": 3660.96, "236": 3661.08, "237": 3661.32, "238": 3661.46, "239": 3661.49, "240": 3661.68, "241": 3661.82, "242": 3661.85, "243": 3662.03, "244": 3662.29, "245": 3662.37, "246": 3662.41, "247": 3662.42, "248": 3662.43, "249": 3662.51, "250": 3662.53, "251": 3662.56, "252": 3662.58, "253": 3662.62, "254": 3662.67, "255": 3662.76, "256": 3662.8, "257": 3662.82, "258": 3662.84, "259": 3662.85, "260": 3662.86, "261": 3662.98, "262": 3663, "263": 3663.01, "264": 3663.06, "265": 3663.08, "266": 3663.09, "267": 3663.11, "268": 3663.14, "269": 3663.23}, "SolveResult": 0, "UpperBounds": {"1": 3666.88}, "MaxQueueSize": 68, "VisitedNodes": 539, "BranchingVars": [2, 4, 4, 1, 1, 1, 0, 0, 1, 0, 0, 0, 0, 0, 3, 2, 3, 0, 0, 3, 2, 3, 3, 5, 3, 2, 2, 3, 3, 1, 1, 0, 0, 3, 3, 5, 2, 0, 5, 0, 1, 0, 3, 3, 0, 1, 3, 3, 0, 5, 0, 0, 0, 2, 3, 5, 5, 2, 2, 2, 1, 5, 5, 2, 5, 5, 3, 0, 2, 5, 3, 1, 5, 0, 5, 3, 0, 1, 5, 0, 2, 5, 2, 0, 0, 0, 5, 0, 1, 2, 1, 2, 0, 2, 2, 0, 0, 0, 0, 0, 2, 0, 4, 1, 3, 0, 1, 5, 1, 0, 5, 2, 0, 2, 5, 2, 3, 3, 5, 4, 2, 5, 5, 2, 2, 5, 5, 2, 1, 5, 1, 4, 2, 2, 5, 2, 3, 3, 5, 4, 0, 2, 3, 2, 5, 4, 5, 2, 2, 2, 4, 5, 4, 5, 3, 2, 0, 5, 2, 2, 3, 2, 2, 5, 3, 0, 5, 5, 4, 1, 2, 5, 3, 5, 0, 2, 3, 5, 5, 2, 5, 1, 0, 4, 3, 3, 2, 1, 4, 1, 3, 3, 3, 3, 2, 5, 2, 2, 4, 2, 2, 0, 5, 0, 1, 2, 4, 2, 0, 3, 5, 4, 2, 2, 0, 5, 4, 3, 4, 4, 0, 2, 0, 0, 0, 2, 2, 4, 2, 2, 2, 0, 0, 0, 0, 5, 0, 3, 2, 2, 0, 0, 4, 5, 2, 2, 0, 3, 3, 5, 5, 0, 5, 0, 1, 1, 4, 2, 3, 1, 4, 2, 1, 3, 0, 3, 4, 0, 3], "NonLinearTime": 0.13981, "OptimalityGap": 3.65574,