{"Itbt": 0, "Pace": 0.0301035, "Depth": 16, "Degree": 6, "RPSTime": 0.108668, "FBBTTime": 0, "OBBTTime": 0, "TotalTime": 0.55765, "Iterations": 83, "LinearTime": 0.359387, "LowerBound": 51.1175, "TimeVector": [0.0229043, 0.0363755, 0.0502017, 0.0638607, 0.0769837, 0.0810821, 0.0866619, 0.101433, 0.107438, 0.112929, 0.11846, 0.124112, 0.129877, 0.135508, 0.140846, 0.155349, 0.16019, 0.16563, 0.171215, 0.176018, 0.181422, 0.185924, 0.19037, 0.19602, 0.201593, 0.207659, 0.213293, 0.219034, 0.224777, 0.230587, 0.235606, 0.249872, 0.255316, 0.265325, 0.271193, 0.276663, 0.281491, 0.287864, 0.293826, 0.298877, 0.303465, 0.308699, 0.313992, 0.31989, 0.32601, 0.33242, 0.337731, 0.343145, 0.349146, 0.354132, 0.359196, 0.364207, 0.371821, 0.377398, 0.382468, 0.388367, 0.393511, 0.398246, 0.403183, 0.408148, 0.414321, 0.419438, 0.425606, 0.441807, 0.447558, 0.451946, 0.458895, 0.464551, 0.470031, 0.476173, 0.483024, 0.488466, 0.494553, 0.499531, 0.50396, 0.509184, 0.514291, 0.519003, 0.52424, 0.52915, 0.535753, 0.542436, 1.10009], "UpperBound": 51.1608, "rootBTTime": 0, "LowerBounds": {"1": 32.594, "2": 36.1002, "3": 36.782, "4": 38.2842, "5": 38.6854, "6": 40.3911, "7": 40.8298, "8": 41.3109, "9": 44.337, "10": 45.3704, "11": 45.5494, "12": 45.8502, "13": 45.962, "14": 46.1977, "15": 47.0734, "16": 47.222, "17": 47.4688, "18": 47.9481, "19": 48.0094, "20": 48.3179, "21": 48.8204, "22": 49.1851, "23": 49.1941, "24": 49.2956, "25": 49.3068, "26": 49.3998, "27": 49.5459, "28": 49.7259, "29": 49.7385, "30": 49.899, "31": 49.9099, "32": 50.063, "33": 50.1682, "34": 50.218, "35": 50.2917, "36": 50.3559, "37": 50.3594, "38": 50.4313, "39": 50.5147, "40": 50.5502, "41": 50.5584, "42": 50.5695, "43": 50.6184, "44": 50.6486, "45": 50.65, "46": 50.6552, "47": 50.6713, "48": 50.6735, "49": 50.7077, "50": 50.7183, "51": 50.7504, "52": 50.7616, "53": 50.7714, "54": 50.7804, "55": 50.7866, "56": 50.8032, "57": 50.8453, "58": 50.8513, "59": 50.8791, "60": 50.902, "61": 50.9357, "62": 50.9384, "63": 50.9433, "64": 50.9489, "65": 50.9568, "66": 50.9587, "67": 50.9659, "68": 50.9764, "69": 51.0094, "70": 51.0117, "71": 51.0199, "72": 51.039, "73": 51.0406, "74": 51.0548, "75": 51.0596, "76": 51.0596, "77": 51.0784, "78": 51.0792, "79": 51.089, "80": 51.0938, "81": 51.0986, "82": 51.1, "83": 51.1175}, "SolveResult": 0, "UpperBounds": {"1": 59.7492, "16": 51.1608}, "MaxQueueSize": 15, "VisitedNodes": 167, "BranchingVars": [2, 3, 1, 1, 3, 3, 4, 4, 2, 2, 2, 4, 2, 4, 4, 4, 3, 3, 4, 1, 4, 3, 3, 4, 2, 2, 2, 2, 2, 2, 1, 4, 1, 2, 4, 2, 3, 4, 2, 3, 3, 3, 3, 4, 2, 4, 1, 1, 4, 3, 3, 3, 4, 1, 3, 4, 3, 3, 1, 3, 4, 3, 2, 4, 2, 3, 2, 3, 1, 4, 4, 3, 4, 3, 1, 3, 3, 3, 1, 3, 4, 4, 4], "NonLinearTime": 0.0895689, "OptimalityGap": 0.0433354, "BranchingRules": ["sum_dual_weighted_plus1", "sum_dual_weighted_plus1", "sum_dual_weighted_plus1", "sum_dual_weighted_plus1", "sum_dual_weighted_plus1", "sum_dual_weighted_plus1", "sum_dual_weighted_plus1", "sum_dual_weighted_plus1", "sum_dual_weighted_plus1", "sum_dual_weighted_plus1", "sum_dual_weighted_plus1", "sum_dual_weighted_plus1", "sum_dual_weighted_plus1", "sum_dual_weighted_plus1", "sum_dual_weighted_plus1", "sum_dual_weighted_plus1", "sum_dual_weighted_plus1", "sum_dual_weighted_plus1", "sum_dual_weighted_plus1", "sum_dual_weighted_plus1", "sum_dual_weighted_plus1", "sum_dual_weighted_plus1", "sum_dual_weighted_plus1", "sum_dual_weighted_plus1", "sum_dual_weighted_plus1", "sum_dual_weighted_plus1", "sum_dual_weighted_plus1", "sum_dual_weighted_plus1", "sum_dual_weighted_plus1", "sum_dual_weighted_plus1", "sum_dual_weighted_plus1", "sum_dual_weighted_plus1", "sum_dual_weighted_plus1", "sum_dual_weighted_plus1", "sum_dual_weighted_plus1", "sum_dual_weighted_plus1", "sum_dual_weighted_plus1", "sum_dual_weighted_plus1", "sum_dual_weighted_plus1", "sum_dual_weighted_plus1", "sum_dual_weighted_plus1", "sum_dual_weighted_plus1", "sum_dual_weighted_plus1", "sum_dual_weighted_plus1", "sum_dual_weighted_plus1", "sum_dual_weighted_plus1", "sum_dual_weighted_plus1", "sum_dual_weighted_plus1", "sum_dual_weighted_plus1", "sum_dual_weighted_plus1", "sum_dual_weighted_plus1", "sum_dual_weighted_plus1", "sum_dual_weighted_plus1", "sum_dual_weighted_plus1", "sum_dual_weighted_plus1", "sum_dual_weighted_plus1", "sum_dual_weighted_plus1", "sum_dual_weighted_plus1", "sum_dual_weighted_plus1", "sum_dual_weighted_plus1", "sum_dual_weighted_plus1", "sum_dual_weighted_plus1", "sum_dual_weighted_plus1", "sum_dual_weighted_plus1", "sum_dual_weighted_plus1", "sum_dual_weighted_plus1", "sum_dual_weighted_plus1", "sum_dual_weighted_plus1", "sum_dual_weighted_plus1", "sum_dual_weighted_plus1", "sum_dual_weighted_plus1", "sum_dual_weighted_plus1", "sum_dual_weighted_plus1", "sum_dual_weighted_plus1", "sum_dual_weighted_plus1", "sum_dual_weighted_plus1", "sum_dual_weighted_plus1", "sum_dual_weighted_plus1", "sum_dual_weighted_plus1", "sum_dual_weighted_plus1", "sum_dual_weighted_plus1", "sum_dual_weighted_plus1", "sum_dual_weighted_plus1"], "LBImprovements": [3.50612, 2.18408, 1.90338, 2.54553, 29.0483, 6.68229, 4.54066, 3.02618, 1.86068, 3.93638, 0.412597, 7.31981, 1.26, 1.27112, 5.02054, 1.09586, 1.35154, 1.3475, 1.90048, 0.867218, 0.905553, 0.877854, 1.46114, 1.41217, 0, 0, 1.33316, 0.565754, 0.160542, 0.881382, 0.449585, 0.292884, 0.39017, 39.4626, 0.258501, 0.158822, 16.1252, 0.242161, 0.133899, 0.253034, 7.62529, 2.57236, 1.57449, 0.202724, 2.10174, 0.561294, 0.0790979, 0.113122, 0.137555, 0.217448, 0.198497, 0.258364, 0.130569, 0.258557, 0.411947, 0.140024, 0.77135, 0.158081, 0.0796651, 0.20597, 0.15329, 1.52666, 0.0226213, 0.149753, 0.0549239, 0, 0.251136, 0.418452, 0.0690465, 0.0430935, 0.098057, 0.584217, 0.0531818, 0.0452128, 0.0000000196338, 0.258432, 0.070405, 0.125781, 0.0284229, 0.0429149, 0.0247755, 0.0265084, 0.0902134], "InfeasibleNodes": 29, "ElapsedTimeCoeffs": 0, "LinearizationTime": 0.000464093, "NumberOfVariables": 6, "CallsToLinearSolver": 167, "LinearGenerationTime": 0.0735885, "SDPCutsGenerationTime": 0, "CallsToNonLinearSolver": 10, "StrongBranchingExtraTime": 0, "ElapsedTimeWeightedCoeffs": 0, "NodesDiscardedByFathoming": 4, "NodesDiscardedByTolerance": 51, "BoundFactorConstraintsTime": 0.0595056, "ElapsedTimeVarsInConstraints": 0.000017838, "meanBTRelativeChangeRootNode": 0, "NumberOfBoundFactorConstraints": 57, "NumberOfLAPACKConvergenceFailures": 0, "NumberOfRLTVariablesAfterLinearization": 39}