{"Itbt": 0, "Pace": 0.475456, "Depth": 12, "Degree": 4, "RPSTime": 0.0304556, "FBBTTime": 0, "OBBTTime": 0, "TotalTime": 0.258945, "Iterations": 35, "LinearTime": 0.137143, "LowerBound": 25.0671, "TimeVector": [0.0242118, 0.0380198, 0.0522634, 0.0660471, 0.0801722, 0.0848091, 0.0894933, 0.105174, 0.109921, 0.114059, 0.118374, 0.122532, 0.126886, 0.131816, 0.136501, 0.150161, 0.155134, 0.160224, 0.165193, 0.169471, 0.173827, 0.179043, 0.183897, 0.188767, 0.193572, 0.198716, 0.203138, 0.207371, 0.212124, 0.216447, 0.22091, 0.234914, 0.239966, 0.245056, 0.504], "UpperBound": 25.0912, "rootBTTime": 0, "LowerBounds": {"1": 24.5235, "2": 24.534, "3": 24.6136, "4": 24.6175, "5": 24.7699, "6": 24.8038, "7": 24.875, "8": 24.8909, "9": 24.9419, "10": 24.9729, "11": 24.9846, "12": 25.0018, "13": 25.021, "14": 25.0336, "15": 25.0343, "16": 25.036, "17": 25.0386, "18": 25.0394, "19": 25.046, "20": 25.0474, "21": 25.0477, "22": 25.048, "23": 25.0512, "24": 25.0531, "25": 25.0572, "26": 25.0584, "27": 25.0595, "28": 25.0601, "29": 25.0605, "30": 25.0632, "31": 25.0639, "33": 25.0642, "34": 25.0653, "35": 25.0671}, "SolveResult": 0, "UpperBounds": {"1": 25.0912}, "MaxQueueSize": 11, "VisitedNodes": 71, "BranchingVars": [8, 0, 7, 5, 0, 5, 5, 5, 5, 7, 7, 7, 7, 8, 7, 7, 8, 8, 8, 8, 7, 5, 8, 8, 8, 7, 8, 0, 0, 8, 8, 7, 7, 7, 8], "NonLinearTime": 0.091333, "OptimalityGap": 0.0241247, "BranchingRules": ["sum_rescaled_var_range_weighted", "sum_rescaled_var_range_weighted", "sum_rescaled_var_range_weighted", "sum_rescaled_var_range_weighted", "sum_rescaled_var_range_weighted", "sum_rescaled_var_range_weighted", "sum_rescaled_var_range_weighted", "sum_rescaled_var_range_weighted", "sum_rescaled_var_range_weighted", "sum_rescaled_var_range_weighted", "sum_rescaled_var_range_weighted", "sum_rescaled_var_range_weighted", "sum_rescaled_var_range_weighted", "sum_rescaled_var_range_weighted", "sum_rescaled_var_range_weighted", "sum_rescaled_var_range_weighted", "sum_rescaled_var_range_weighted", "sum_rescaled_var_range_weighted", "sum_rescaled_var_range_weighted", "sum_rescaled_var_range_weighted", "sum_rescaled_var_range_weighted", "sum_rescaled_var_range_weighted", "sum_rescaled_var_range_weighted", "sum_rescaled_var_range_weighted", "sum_rescaled_var_range_weighted", "sum_rescaled_var_range_weighted", "sum_rescaled_var_range_weighted", "sum_rescaled_var_range_weighted", "sum_rescaled_var_range_weighted", "sum_rescaled_var_range_weighted", "sum_rescaled_var_range_weighted", "sum_rescaled_var_range_weighted", "sum_rescaled_var_range_weighted", "sum_rescaled_var_range_weighted", "sum_rescaled_var_range_weighted"], "LBImprovements": [0.0104687, 0.0796661, 0.261384, 0.355428, 0.0338655, 0.31168, 0.109642, 0.409919, 0.104138, 0.0745042, 0.0172018, 0.0191614, 0.0149854, 0.0248327, 0.00429655, 0.0116591, 0.00936566, 0.0210859, 0.0268344, 0.0381078, 0.012455, 0.0306804, 0.0363021, 0.0352545, 0.017283, 0.00691151, 0.0277673, 0.00309602, 0.00379422, 0.00943099, 0, 0.00317454, 0.00634352, 0.00555102, 0.0216957], "InfeasibleNodes": 1, "ElapsedTimeCoeffs": 0, "LinearizationTime": 0.000475712, "NumberOfVariables": 12, "CallsToLinearSolver": 71, "LinearGenerationTime": 0.0231629, "SDPCutsGenerationTime": 0, "CallsToNonLinearSolver": 9, "StrongBranchingExtraTime": 0, "ElapsedTimeWeightedCoeffs": 0, "NodesDiscardedByFathoming": 0, "NodesDiscardedByTolerance": 35, "BoundFactorConstraintsTime": 0.00909188, "ElapsedTimeVarsInConstraints": 0, "meanBTRelativeChangeRootNode": 0, "NumberOfBoundFactorConstraints": 86, "NumberOfLAPACKConvergenceFailures": 0, "NumberOfRLTVariablesAfterLinearization": 51}