{"Itbt": 0, "Pace": 0.0229347, "Depth": 14, "Degree": 4, "RPSTime": 0.126538, "FBBTTime": 0, "OBBTTime": 0, "TotalTime": 0.818444, "Iterations": 161, "LinearTime": 0.592603, "LowerBound": 85.1793, "TimeVector": [0.0241578, 0.037034, 0.0504508, 0.0631411, 0.0760108, 0.0804785, 0.0852416, 0.0984654, 0.102853, 0.107699, 0.112119, 0.116159, 0.120875, 0.125202, 0.129588, 0.142696, 0.147231, 0.151532, 0.155711, 0.160124, 0.164696, 0.16899, 0.17372, 0.178628, 0.182997, 0.187752, 0.192045, 0.196084, 0.200711, 0.20539, 0.209886, 0.223124, 0.227591, 0.231768, 0.23626, 0.24052, 0.24476, 0.248903, 0.253425, 0.257533, 0.261568, 0.265711, 0.270027, 0.274202, 0.278435, 0.28284, 0.286727, 0.290593, 0.29496, 0.299413, 0.303667, 0.307748, 0.312409, 0.316875, 0.321082, 0.3251, 0.329571, 0.333894, 0.338393, 0.342413, 0.346537, 0.350639, 0.355242, 0.368709, 0.372785, 0.377331, 0.381358, 0.38598, 0.390056, 0.394478, 0.398664, 0.403209, 0.407755, 0.412191, 0.416618, 0.421021, 0.42521, 0.429586, 0.434416, 0.438741, 0.44302, 0.447924, 0.452607, 0.456887, 0.461132, 0.465582, 0.470269, 0.475116, 0.479297, 0.483525, 0.487707, 0.491674, 0.496258, 0.500571, 0.505178, 0.509695, 0.514164, 0.518605, 0.522886, 0.527287, 0.531438, 0.536204, 0.541093, 0.545375, 0.549687, 0.55417, 0.558918, 0.562845, 0.567477, 0.571732, 0.575975, 0.580435, 0.58454, 0.5892, 0.593572, 0.598121, 0.60247, 0.606804, 0.610894, 0.614859, 0.619217, 0.624016, 0.628674, 0.633155, 0.638015, 0.642575, 0.647286, 0.659871, 0.664188, 0.668397, 0.672727, 0.677252, 0.681734, 0.686197, 0.691104, 0.695644, 0.700043, 0.704542, 0.708987, 0.713047, 0.717102, 0.721662, 0.726676, 0.731347, 0.735625, 0.740196, 0.744955, 0.749838, 0.754384, 0.758942, 0.763752, 0.768088, 0.772649, 0.777213, 0.782146, 0.786787, 0.791457, 0.795994, 0.800974, 0.805337, 1.62378], "UpperBound": 85.2595, "rootBTTime": 0, "LowerBounds": {"1": 49.4944, "2": 55.442, "3": 60.5598, "4": 64.7087, "5": 66.054, "6": 66.8107, "7": 67.4642, "8": 69.1917, "9": 69.5997, "10": 70.9326, "11": 71.1707, "12": 71.952, "13": 73.9242, "14": 75.6568, "15": 75.6838, "16": 75.9837, "17": 76.3582, "18": 76.594, "19": 76.6258, "20": 77.3964, "21": 77.9366, "22": 78.2878, "23": 78.337, "24": 78.3752, "25": 78.5939, "26": 79.0639, "27": 79.1599, "28": 79.4783, "29": 79.5027, "30": 79.9103, "31": 80.0966, "32": 80.2753, "33": 80.3546, "34": 80.5056, "35": 80.6248, "36": 80.6941, "37": 81.1338, "38": 81.2907, "39": 81.3832, "40": 81.5219, "41": 81.5821, "42": 81.6342, "43": 81.718, "44": 82.4023, "45": 82.4672, "46": 82.4849, "47": 82.4865, "48": 82.4879, "49": 82.5169, "50": 82.5712, "51": 82.5902, "52": 82.6834, "53": 82.8353, "54": 83.1548, "55": 83.3748, "56": 83.4388, "57": 83.4981, "58": 83.5069, "59": 83.5772, "60": 83.6122, "61": 83.6891, "62": 83.7171, "63": 83.7238, "64": 83.7569, "65": 83.7761, "66": 83.7965, "67": 83.8309, "68": 83.8698, "69": 83.8729, "70": 83.8913, "71": 83.9093, "72": 83.9321, "73": 83.9408, "74": 83.9604, "75": 83.9695, "76": 83.9716, "77": 83.9718, "78": 83.9755, "79": 83.9842, "80": 84.0261, "81": 84.0955, "82": 84.124, "83": 84.1268, "84": 84.1417, "85": 84.1444, "86": 84.1444, "87": 84.1701, "88": 84.2418, "89": 84.2754, "90": 84.3123, "91": 84.3167, "92": 84.3271, "93": 84.381, "94": 84.3853, "95": 84.4668, "96": 84.5006, "97": 84.5225, "98": 84.5232, "99": 84.5419, "100": 84.5504, "101": 84.5944, "102": 84.6448, "103": 84.6559, "104": 84.6592, "105": 84.6604, "106": 84.6823, "107": 84.6937, "108": 84.7046, "109": 84.7614, "110": 84.7644, "111": 84.7714, "112": 84.791, "113": 84.7924, "114": 84.7975, "115": 84.7987, "116": 84.8447, "117": 84.8887, "118": 84.8934, "119": 84.9014, "120": 84.9182, "121": 84.9215, "122": 84.9247, "123": 84.9453, "124": 84.9592, "125": 84.9601, "126": 85.0047, "127": 85.0108, "128": 85.0135, "129": 85.0142, "130": 85.0165, "131": 85.0193, "132": 85.0195, "133": 85.0289, "134": 85.0338, "135": 85.0623, "136": 85.0666, "137": 85.0666, "138": 85.0698, "139": 85.0708, "140": 85.0717, "141": 85.0741, "142": 85.0806, "143": 85.0809, "144": 85.0827, "145": 85.1027, "146": 85.1048, "147": 85.1095, "148": 85.1171, "149": 85.123, "150": 85.1415, "151": 85.1423, "152": 85.1437, "153": 85.1452, "154": 85.1472, "155": 85.1518, "156": 85.1605, "157": 85.1611, "158": 85.1662, "159": 85.1675, "160": 85.1684, "161": 85.1793}, "SolveResult": 0, "UpperBounds": {"1": 85.2595}, "MaxQueueSize": 42, "VisitedNodes": 323, "BranchingVars": [5, 0, 1, 9, 1, 0, 0, 1, 9, 1, 8, 8, 4, 6, 6, 9, 7, 6, 6, 8, 6, 8, 8, 9, 2, 6, 9, 8, 9, 6, 8, 6, 6, 6, 6, 6, 8, 6, 6, 8, 4, 4, 8, 4, 7, 7, 7, 7, 4, 8, 7, 7, 8, 7, 7, 7, 7, 7, 1, 8, 1, 4, 5, 5, 8, 7, 7, 1, 4, 7, 1, 1, 1, 4, 1, 1, 1, 1, 6, 6, 7, 1, 1, 4, 1, 1, 1, 8, 4, 1, 7, 4, 7, 1, 8, 1, 1, 1, 9, 7, 4, 6, 1, 5, 1, 6, 1, 4, 5, 1, 1, 2, 2, 1, 5, 0, 5, 1, 5, 8, 1, 1, 0, 7, 6, 5, 7, 0, 7, 7, 0, 7, 1, 1, 0, 7, 0, 6, 1, 0, 7, 1, 1, 0, 0, 0, 0, 7, 0, 7, 5, 7, 5, 0, 6, 4, 7, 0, 4, 5, 0], "NonLinearTime": 0.0992598, "OptimalityGap": 0.0802284,