{"Itbt": 0, "Pace": 0.153548, "Depth": 13, "Degree": 4, "RPSTime": 4.77667, "FBBTTime": 0, "OBBTTime": 0, "TotalTime": 96.0964, "Iterations": 159, "LinearTime": 91.139, "LowerBound": 2828.05, "TimeVector": [1.02975, 1.6376, 2.26581, 2.84325, 3.4905, 4.10888, 4.72101, 5.29415, 5.91154, 6.52371, 7.12439, 7.74656, 8.40074, 8.98678, 9.61858, 10.2566, 10.8529, 11.5038, 12.1054, 12.7123, 13.3287, 13.9357, 14.569, 15.1629, 15.8086, 16.4155, 17.0783, 17.7361, 18.3511, 18.9704, 19.54, 20.1734, 20.7949, 21.402, 22.0156, 22.5874, 23.2668, 23.8938, 24.4806, 25.1118, 25.7059, 26.3182, 26.8959, 27.5252, 28.1024, 28.6672, 29.285, 29.8775, 30.4369, 30.991, 31.6339, 32.2448, 32.8698, 33.4609, 34.1046, 34.7033, 35.3241, 35.9331, 36.5529, 37.1882, 37.7593, 38.478, 39.1083, 39.8056, 40.3779, 40.9252, 41.5015, 42.1318, 42.7282, 43.3741, 43.9697, 44.6595, 45.2431, 45.8458, 46.4607, 47.0765, 47.6721, 48.3314, 48.9554, 49.5775, 50.1127, 50.6772, 51.2877, 51.8625, 52.3955, 53.0107, 53.6254, 54.1931, 54.7541, 55.3916, 55.9775, 56.6029, 57.1818, 57.8338, 58.456, 59.0617, 59.6179, 60.2072, 60.7462, 61.354, 61.919, 62.5377, 63.1611, 63.7208, 64.3799, 64.955, 65.5512, 66.0843, 66.6337, 67.2399, 67.8392, 68.4021, 68.9858, 69.5855, 70.23, 70.8329, 71.4415, 72.1079, 72.7384, 73.3246, 73.9393, 74.5686, 75.178, 75.8034, 76.41, 77.0323, 77.6039, 78.2433, 78.8798, 79.4729, 80.0584, 80.5863, 81.1478, 81.7489, 82.2722, 82.8979, 83.5449, 84.1695, 84.7956, 85.3229, 85.8946, 86.4215, 86.9718, 87.5044, 88.0475, 88.6727, 89.1998, 89.8008, 90.41, 90.9707, 91.5521, 92.0532, 92.5827, 93.1397, 93.7774, 94.4412, 94.9559, 95.5132, 100.639], "UpperBound": 2830.74, "rootBTTime": 0, "LowerBounds": {"1": 2202.21, "2": 2340.61, "3": 2399.53, "4": 2443, "5": 2473.31, "6": 2476.94, "7": 2510.99, "8": 2517.53, "9": 2595.68, "10": 2595.92, "11": 2600.74, "12": 2615.15, "13": 2629.44, "14": 2637.84, "15": 2643.52, "16": 2645.19, "17": 2648.74, "18": 2656.34, "19": 2662.18, "20": 2668.19, "21": 2670.6, "22": 2684.77, "23": 2686.58, "24": 2691.24, "25": 2703.36, "26": 2708.21, "27": 2710.21, "28": 2710.85, "29": 2713.31, "30": 2715.3, "31": 2715.36, "32": 2715.77, "33": 2724.5, "34": 2726.55, "35": 2730.48, "36": 2730.68, "37": 2730.96, "38": 2735.19, "39": 2740.68, "40": 2744.41, "41": 2749.8, "42": 2752.74, "43": 2755.27, "44": 2755.44, "45": 2755.61, "46": 2756.42, "47": 2760.29, "48": 2760.42, "49": 2760.94, "50": 2761.09, "51": 2761.14, "52": 2762.8, "53": 2762.89, "54": 2764.01, "55": 2766.94, "56": 2767.3, "57": 2767.32, "58": 2769.87, "59": 2770.25, "60": 2773.86, "61": 2774.28, "62": 2774.86, "63": 2775.33, "64": 2776.21, "65": 2777.01, "66": 2777.77, "67": 2778.77, "68": 2779.32, "69": 2780.39, "70": 2782.57, "71": 2785.47, "72": 2785.89, "73": 2786.36, "74": 2786.47, "75": 2786.83, "76": 2787.83, "77": 2788.41, "78": 2788.46, "79": 2788.73, "80": 2789.27, "81": 2789.34, "82": 2790.07, "83": 2791.93, "84": 2792.41, "85": 2792.9, "86": 2793.55, "87": 2793.97, "88": 2796.04, "89": 2796.09, "90": 2797.52, "91": 2798.62, "92": 2798.97, "93": 2802.86, "94": 2803.64, "95": 2805.18, "96": 2805.92, "97": 2806.04, "98": 2806.45, "99": 2807.68, "100": 2809.48, "101": 2810.77, "102": 2810.88, "103": 2810.98, "104": 2811.48, "105": 2811.92, "106": 2812.67, "107": 2812.81, "108": 2813.21, "109": 2813.56, "110": 2813.8, "111": 2814.3, "112": 2814.58, "113": 2814.69, "114": 2815.33, "115": 2815.34, "116": 2815.64, "117": 2815.85, "118": 2816.06, "119": 2816.39, "120": 2816.47, "121": 2817.59, "122": 2817.6, "123": 2817.67, "124": 2818.2, "125": 2818.85, "126": 2819.08, "127": 2819.25, "128": 2819.46, "129": 2820.05, "130": 2820.44, "131": 2821.06, "132": 2821.88, "133": 2822.21, "134": 2822.42, "135": 2822.6, "136": 2822.7, "137": 2822.79, "138": 2822.89, "139": 2822.92, "140": 2823.38, "141": 2823.74, "142": 2823.85, "143": 2823.87, "144": 2824.06, "145": 2824.22, "146": 2824.25, "147": 2824.27, "148": 2824.6, "149": 2824.62, "150": 2825.1, "151": 2825.39, "152": 2825.72, "153": 2826.07, "154": 2826.11, "155": 2826.12, "156": 2826.19, "157": 2826.75, "158": 2827.23, "159": 2828.05}, "SolveResult": 0, "UpperBounds": {"1": 2830.74}, "MaxQueueSize": 51, "VisitedNodes": 319, "BranchingVars": [11, 10, 10, 0, 7, 7, 7, 7, 8, 7, 1, 3, 0, 1, 1, 1, 2, 9, 2, 0, 0, 2, 1, 3, 1, 2, 9, 2, 3, 3, 2, 1, 8, 8, 1, 11, 9, 8, 8, 3, 1, 9, 8, 2, 0, 8, 6, 8, 8, 2, 2, 8, 3, 8, 1, 9, 3, 9, 9, 3, 3, 7, 2, 9, 2, 7, 9, 2, 8, 7, 2, 1, 7, 9, 9, 1, 9, 9, 8, 9, 11, 6, 8, 7, 11, 8, 8, 0, 7, 7, 0, 2, 2, 2, 1, 2, 6, 1, 7, 4, 1, 11, 10, 8, 7, 8, 9, 2, 1, 7, 8, 0, 1, 11, 9, 2, 9, 2, 1, 7, 9, 6, 6, 9, 7, 7, 3, 2, 8, 8, 2, 7, 6, 5, 3, 2, 11, 1, 9, 2, 7, 8, 11, 0, 1, 6, 11, 6, 1, 11, 7, 0, 0, 0, 9, 1, 7, 8, 1], "NonLinearTime": 0.180677, "OptimalityGap": 2.69157,