{"Itbt": 0, "Pace": 0.019753, "Depth": 11, "Degree": 7, "RPSTime": 50.3306, "FBBTTime": 0, "OBBTTime": 0, "TotalTime": 565.418, "Iterations": 71, "LinearTime": 84.2894, "LowerBound": 7577.9, "TimeVector": [9.06176, 17.6406, 26.1361, 33.6096, 43.465, 51.0469, 59.3676, 67.2, 74.4764, 81.7857, 89.1885, 95.492, 104.224, 112.567, 119.907, 128.853, 135.217, 143.701, 150.935, 159.043, 167.088, 177.825, 184.326, 191.264, 198.118, 205.919, 213.533, 220.475, 226.627, 233.381, 241.9, 250.676, 258.131, 265.611, 272.23, 280.49, 287.209, 293.673, 301.567, 308.389, 315.42, 322.703, 332.013, 338.904, 345.915, 353.793, 360.971, 368.674, 377.19, 384.576, 392.17, 400.417, 408.367, 415.095, 422.124, 429.708, 438.293, 447.991, 455.544, 462.833, 471.779, 479.855, 487.11, 499.122, 507.483, 514.51, 523.664, 533.943, 544.085, 555.355, 576.688], "UpperBound": 7584.9, "rootBTTime": 0, "LowerBounds": {"1": 2852.26, "2": 3972.81, "3": 4052.72, "4": 4807.66, "5": 4810.89, "6": 4963.2, "7": 5519.73, "8": 5711.78, "9": 5800.94, "10": 6098.63, "11": 6244.76, "12": 6300.23, "13": 6409.74, "14": 6562.35, "15": 6568.7, "16": 6668.71, "17": 6842.52, "18": 6922.86, "19": 6985.74, "20": 6995.27, "21": 7040.72, "22": 7103.25, "23": 7105.35, "24": 7179.64, "25": 7285.77, "26": 7350.51, "27": 7380.11, "28": 7405.97, "29": 7440.49, "30": 7454.43, "31": 7460.6, "32": 7464.77, "33": 7466.03, "34": 7466.73, "35": 7473.06, "36": 7473.8, "37": 7480.27, "38": 7484.29, "39": 7492.51, "40": 7495.09, "41": 7499.77, "42": 7512.59, "43": 7522.52, "44": 7523.78, "45": 7535.22, "46": 7536.82, "47": 7541.58, "48": 7545.61, "49": 7546.16, "50": 7546.85, "51": 7547.1, "52": 7548.78, "53": 7551.01, "54": 7552.02, "55": 7553.62, "56": 7555.02, "57": 7557.63, "58": 7559.31, "59": 7560.81, "60": 7563.03, "61": 7564.4, "62": 7565.39, "63": 7567.54, "64": 7568.14, "65": 7569.15, "66": 7569.27, "67": 7571.34, "68": 7572.36, "69": 7572.5, "70": 7573.97, "71": 7577.9}, "SolveResult": 0, "UpperBounds": {"1": 7584.9}, "MaxQueueSize": 22, "VisitedNodes": 143, "BranchingVars": [3, 4, 1, 4, 4, 1, 2, 2, 2, 2, 0, 4, 0, 1, 0, 0, 1, 4, 0, 0, 0, 4, 4, 4, 4, 4, 2, 0, 0, 0, 3, 4, 2, 4, 0, 0, 0, 4, 1, 1, 0, 2, 2, 2, 2, 3, 0, 4, 2, 2, 1, 0, 3, 2, 3, 0, 1, 3, 1, 4, 3, 0, 3, 0, 4, 1, 1, 1, 1, 2, 4], "NonLinearTime": 0.32753, "OptimalityGap": 7.00014, "BranchingRules": ["sum_rescaled_var_range_weighted_rel", "sum_rescaled_var_range_weighted_rel", "sum_rescaled_var_range_weighted_rel", "sum_rescaled_var_range_weighted_rel", "sum_rescaled_var_range_weighted_rel", "sum_rescaled_var_range_weighted_rel", "sum_rescaled_var_range_weighted_rel", "sum_rescaled_var_range_weighted_rel", "sum_rescaled_var_range_weighted_rel", "sum_rescaled_var_range_weighted_rel", "sum_rescaled_var_range_weighted_rel", "sum_rescaled_var_range_weighted_rel", "sum_rescaled_var_range_weighted_rel", "sum_rescaled_var_range_weighted_rel", "sum_rescaled_var_range_weighted_rel", "sum_rescaled_var_range_weighted_rel", "sum_rescaled_var_range_weighted_rel", "sum_rescaled_var_range_weighted_rel", "sum_rescaled_var_range_weighted_rel", "sum_rescaled_var_range_weighted_rel", "sum_rescaled_var_range_weighted_rel", "sum_rescaled_var_range_weighted_rel", "sum_rescaled_var_range_weighted_rel", "sum_rescaled_var_range_weighted_rel", "sum_rescaled_var_range_weighted_rel", "sum_rescaled_var_range_weighted_rel", "sum_rescaled_var_range_weighted_rel", "sum_rescaled_var_range_weighted_rel", "sum_rescaled_var_range_weighted_rel", "sum_rescaled_var_range_weighted_rel", "sum_rescaled_var_range_weighted_rel", "sum_rescaled_var_range_weighted_rel", "sum_rescaled_var_range_weighted_rel", "sum_rescaled_var_range_weighted_rel", "sum_rescaled_var_range_weighted_rel", "sum_rescaled_var_range_weighted_rel", "sum_rescaled_var_range_weighted_rel", "sum_rescaled_var_range_weighted_rel", "sum_rescaled_var_range_weighted_rel", "sum_rescaled_var_range_weighted_rel", "sum_rescaled_var_range_weighted_rel", "sum_rescaled_var_range_weighted_rel", "sum_rescaled_var_range_weighted_rel", "sum_rescaled_var_range_weighted_rel", "sum_rescaled_var_range_weighted_rel", "sum_rescaled_var_range_weighted_rel", "sum_rescaled_var_range_weighted_rel", "sum_rescaled_var_range_weighted_rel", "sum_rescaled_var_range_weighted_rel", "sum_rescaled_var_range_weighted_rel", "sum_rescaled_var_range_weighted_rel", "sum_rescaled_var_range_weighted_rel", "sum_rescaled_var_range_weighted_rel", "sum_rescaled_var_range_weighted_rel", "sum_rescaled_var_range_weighted_rel", "sum_rescaled_var_range_weighted_rel", "sum_rescaled_var_range_weighted_rel", "sum_rescaled_var_range_weighted_rel", "sum_rescaled_var_range_weighted_rel", "sum_rescaled_var_range_weighted_rel", "sum_rescaled_var_range_weighted_rel", "sum_rescaled_var_range_weighted_rel", "sum_rescaled_var_range_weighted_rel", "sum_rescaled_var_range_weighted_rel", "sum_rescaled_var_range_weighted_rel", "sum_rescaled_var_range_weighted_rel", "sum_rescaled_var_range_weighted_rel", "sum_rescaled_var_range_weighted_rel", "sum_rescaled_var_range_weighted_rel", "sum_rescaled_var_range_weighted_rel", "sum_rescaled_var_range_weighted_rel"], "LBImprovements": [1120.56, 990.382, 754.936, 1492.57, 708.838, 837.745, 725.032, 850.575, 867.769, 887.109, 860.588, 1140.26, 513.12, 843.616, 955.081, 510.933, 637.752, 457.253, 480.985, 355.232, 443.564, 357.357, 389.738, 274.784, 249.454, 198.273, 93.6921, 610.155, 1114.68, 58.158, 85.5558, 239.317, 81.071, 227.151, 73.7841, 48.7106, 498.688, 122.15, 49.0756, 136.126, 473.612, 56.5646, 35.116, 766.908, 71.743, 61.5279, 17.7315, 18.7927, 49.9166, 64.0171, 32.1473, 169.469, 14.3836, 69.8799, 51.9391, 87.8785, 18.2629, 14.6569, 158.966, 124.535, 6.93702, 17.3655, 118.783, 4.36734, 10.2132, 10000000000.0, 6.87001, 7.14184, 5.40026, 6.81362, 5.90977], "InfeasibleNodes": 5, "ElapsedTimeCoeffs": 0, "LinearizationTime": 0.0679936, "NumberOfVariables": 5, "CallsToLinearSolver": 143, "LinearGenerationTime": 3.80365, "SDPCutsGenerationTime": 0, "CallsToNonLinearSolver": 10, "StrongBranchingExtraTime": 472.072, "ElapsedTimeWeightedCoeffs": 0, "NodesDiscardedByFathoming": 0, "NodesDiscardedByTolerance": 67, "BoundFactorConstraintsTime": 7.14992, "ElapsedTimeVarsInConstraints": 0.000060175, "meanBTRelativeChangeRootNode": 0, "NumberOfBoundFactorConstraints": 1440, "NumberOfLAPACKConvergenceFailures": 0, "NumberOfRLTVariablesAfterLinearization": 384}