{"Itbt": 0, "Pace": 0.00131199, "Depth": 13, "Degree": 7, "RPSTime": 1.85183, "FBBTTime": 0, "OBBTTime": 0, "TotalTime": 10.6597, "Iterations": 58, "LinearTime": 2.02233, "LowerBound": 89.0126, "TimeVector": [0.712856, 0.868717, 1.01499, 1.16495, 1.30412, 1.45277, 1.59601, 1.7461, 1.87449, 2.02813, 2.19912, 2.3378, 2.47636, 2.61517, 2.74958, 2.92173, 3.05815, 3.20769, 3.35597, 3.51633, 3.70941, 3.8473, 3.99531, 4.16461, 4.31548, 5.14216, 5.27982, 5.4336, 5.59495, 5.7456, 5.88002, 6.03011, 6.17746, 6.34957, 6.48503, 6.6431, 6.82306, 6.96934, 7.4924, 7.66846, 7.85115, 7.99743, 8.16337, 8.3355, 8.49167, 8.6584, 8.83172, 8.99703, 9.15548, 9.323, 9.49633, 9.66898, 9.83667, 10.0039, 10.1572, 10.333, 10.4879, 21.1475], "UpperBound": 89.0765, "rootBTTime": 0, "LowerBounds": {"1": -1938.62, "2": -790.104, "3": -168.948, "4": -99.9923, "5": -95.2526, "6": -56.4362, "7": -47.1343, "8": -20.0668, "9": -18.4927, "10": -8.08055, "11": 10.7755, "12": 14.3746, "13": 16.3571, "14": 23.1456, "15": 23.5874, "16": 31.6028, "17": 35.6702, "18": 39.1015, "19": 40.3621, "20": 41.8478, "21": 42.8354, "22": 46.0453, "23": 46.0994, "24": 54.5276, "25": 54.5366, "26": 56.1559, "27": 59.9249, "28": 60.7548, "29": 62.1321, "30": 63.198, "31": 64.2523, "32": 67.6875, "33": 71.6513, "34": 73.3315, "35": 73.4647, "36": 74.2, "37": 75.3169, "38": 76.8837, "39": 76.8888, "40": 78.4412, "41": 79.7349, "42": 79.8873, "43": 81.0164, "44": 83.0046, "45": 84.6314, "46": 84.7936, "47": 85.1498, "48": 85.8154, "49": 86.1569, "50": 86.6344, "51": 86.8132, "52": 87.6514, "53": 87.8968, "54": 88.1061, "55": 88.4046, "56": 88.7855, "57": 88.8916, "58": 89.0126}, "SolveResult": 0, "UpperBounds": {"1": 179769000000000000000000000000000000000000000000000000000000000000000000000000000000000000000000000000000000000000000000000000000000000000000000000000000000000000000000000000000000000000000000000000000000000000000000000000000000000000000000000000000000000000000000000000000000000000000000000000000000000000000, "2": 89.0765}, "MaxQueueSize": 12, "VisitedNodes": 117, "BranchingVars": [4, 2, 1, 2, 3, 4, 4, 2, 2, 4, 4, 4, 4, 4, 4, 0, 3, 3, 0, 1, 0, 0, 0, 0, 3, 0, 0, 0, 0, 4, 0, 0, 0, 3, 0, 3, 4, 0, 0, 4, 3, 0, 4, 3, 0, 3, 0, 0, 2, 0, 2, 0, 1, 0, 0, 4, 3, 4], "NonLinearTime": 0.299239, "OptimalityGap": 0.0638417, "BranchingRules": ["sum_dual_weighted_plus1_rel", "sum_dual_weighted_plus1_rel", "sum_dual_weighted_plus1_rel", "sum_dual_weighted_plus1_rel", "sum_dual_weighted_plus1_rel", "sum_dual_weighted_plus1_rel", "sum_dual_weighted_plus1_rel", "sum_dual_weighted_plus1_rel", "sum_dual_weighted_plus1_rel", "sum_dual_weighted_plus1_rel", "sum_dual_weighted_plus1_rel", "sum_dual_weighted_plus1_rel", "sum_dual_weighted_plus1_rel", "sum_dual_weighted_plus1_rel", "sum_dual_weighted_plus1_rel", "sum_dual_weighted_plus1_rel", "sum_dual_weighted_plus1_rel", "sum_dual_weighted_plus1_rel", "sum_dual_weighted_plus1_rel", "sum_dual_weighted_plus1_rel", "sum_dual_weighted_plus1_rel", "sum_dual_weighted_plus1_rel", "sum_dual_weighted_plus1_rel", "sum_dual_weighted_plus1_rel", "sum_dual_weighted_plus1_rel", "sum_dual_weighted_plus1_rel", "sum_dual_weighted_plus1_rel", "sum_dual_weighted_plus1_rel", "sum_dual_weighted_plus1_rel", "sum_dual_weighted_plus1_rel", "sum_dual_weighted_plus1_rel", "sum_dual_weighted_plus1_rel", "sum_dual_weighted_plus1_rel", "sum_dual_weighted_plus1_rel", "sum_dual_weighted_plus1_rel", "sum_dual_weighted_plus1_rel", "sum_dual_weighted_plus1_rel", "sum_dual_weighted_plus1_rel", "sum_dual_weighted_plus1_rel", "sum_dual_weighted_plus1_rel", "sum_dual_weighted_plus1_rel", "sum_dual_weighted_plus1_rel", "sum_dual_weighted_plus1_rel", "sum_dual_weighted_plus1_rel", "sum_dual_weighted_plus1_rel", "sum_dual_weighted_plus1_rel", "sum_dual_weighted_plus1_rel", "sum_dual_weighted_plus1_rel", "sum_dual_weighted_plus1_rel", "sum_dual_weighted_plus1_rel", "sum_dual_weighted_plus1_rel", "sum_dual_weighted_plus1_rel", "sum_dual_weighted_plus1_rel", "sum_dual_weighted_plus1_rel", "sum_dual_weighted_plus1_rel", "sum_dual_weighted_plus1_rel", "sum_dual_weighted_plus1_rel", "sum_dual_weighted_plus1_rel"], "LBImprovements": [1148.51, 10000000000.0, 68.9558, 43.5561, 75.1858, 48.3557, 57.9098, 34.4414, 41.6383, 39.6834, 43.7611, 31.7248, 26.4783, 18.7022, 16.7747, 62.661, 10000000000.0, 25.1508, 15.7938, 12.6798, 28.8159, 21.6422, 14.6553, 20.7893, 22.3471, 10000000000.0, 10000000000.0, 19.1325, 11.1995, 13.6909, 10000000000.0, 21.2041, 10000000000.0, 5.10968, 10000000000.0, 6.81645, 4.41798, 10000000000.0, 10000000000.0, 6.3524, 5.41494, 10000000000.0, 3.61502, 9.96254, 10000000000.0, 2.01957, 5.09741, 10000000000.0, 10000000000.0, 8.02024, 1.08365, 3.37824, 0.888684, 1.44016, 10000000000.0, 0.227115, 10000000000.0, 0.249688], "InfeasibleNodes": 43, "ElapsedTimeCoeffs": 0, "LinearizationTime": 0.00224183, "NumberOfVariables": 5, "CallsToLinearSolver": 117, "LinearGenerationTime": 0.292496, "SDPCutsGenerationTime": 0, "CallsToNonLinearSolver": 9, "StrongBranchingExtraTime": 7.99943, "ElapsedTimeWeightedCoeffs": 0, "NodesDiscardedByFathoming": 0, "NodesDiscardedByTolerance": 16, "BoundFactorConstraintsTime": 0.247887, "ElapsedTimeVarsInConstraints": 0.000020304, "meanBTRelativeChangeRootNode": 0, "NumberOfBoundFactorConstraints": 147, "NumberOfLAPACKConvergenceFailures": 0, "NumberOfRLTVariablesAfterLinearization": 86}