{"Itbt": 0, "Pace": 0.0101301, "Depth": 8, "Degree": 7, "RPSTime": 12.9287, "FBBTTime": 0, "OBBTTime": 0, "TotalTime": 127.187, "Iterations": 35, "LinearTime": 19.891, "LowerBound": 2465.59, "TimeVector": [4.35538, 7.88416, 11.5015, 14.7718, 18.411, 21.9971, 25.8195, 29.0475, 33.1051, 36.4559, 40.2822, 43.8772, 47.3377, 50.8519, 54.1201, 57.3164, 61.2135, 64.2117, 67.7165, 71.0921, 74.2116, 77.6559, 81.284, 84.9408, 88.9031, 92.5418, 95.9262, 99.3609, 102.692, 105.818, 109.463, 113.355, 117.473, 121.377, 152.638], "UpperBound": 2468.03, "rootBTTime": 0, "LowerBounds": {"1": 247.453, "2": 1230.59, "3": 1285.91, "4": 1832.46, "5": 1939.98, "6": 2020.07, "7": 2067.43, "8": 2148.15, "9": 2151.71, "10": 2155.87, "11": 2215.4, "12": 2237.08, "13": 2284.17, "14": 2316.49, "15": 2327.76, "16": 2334.5, "17": 2335.99, "18": 2343.68, "19": 2353.04, "20": 2395.91, "21": 2400.86, "22": 2419.09, "23": 2420.6, "24": 2430.74, "25": 2438.28, "26": 2441.73, "27": 2450.26, "28": 2451.76, "29": 2451.83, "30": 2453.83, "31": 2456.51, "32": 2459.81, "33": 2463.83, "34": 2463.85, "35": 2465.59}, "SolveResult": 0, "UpperBounds": {"1": 2468.03}, "MaxQueueSize": 13, "VisitedNodes": 71, "BranchingVars": [3, 2, 2, 0, 0, 0, 0, 4, 4, 1, 4, 4, 1, 4, 1, 4, 4, 4, 1, 1, 1, 1, 0, 1, 2, 4, 2, 1, 4, 0, 1, 4, 1, 2, 3], "NonLinearTime": 0.271307, "OptimalityGap": 2.43444, "BranchingRules": ["sum_rescaled_var_range_weighted_rel", "sum_rescaled_var_range_weighted_rel", "sum_rescaled_var_range_weighted_rel", "sum_rescaled_var_range_weighted_rel", "sum_rescaled_var_range_weighted_rel", "sum_rescaled_var_range_weighted_rel", "sum_rescaled_var_range_weighted_rel", "sum_rescaled_var_range_weighted_rel", "sum_rescaled_var_range_weighted_rel", "sum_rescaled_var_range_weighted_rel", "sum_rescaled_var_range_weighted_rel", "sum_rescaled_var_range_weighted_rel", "sum_rescaled_var_range_weighted_rel", "sum_rescaled_var_range_weighted_rel", "sum_rescaled_var_range_weighted_rel", "sum_rescaled_var_range_weighted_rel", "sum_rescaled_var_range_weighted_rel", "sum_rescaled_var_range_weighted_rel", "sum_rescaled_var_range_weighted_rel", "sum_rescaled_var_range_weighted_rel", "sum_rescaled_var_range_weighted_rel", "sum_rescaled_var_range_weighted_rel", "sum_rescaled_var_range_weighted_rel", "sum_rescaled_var_range_weighted_rel", "sum_rescaled_var_range_weighted_rel", "sum_rescaled_var_range_weighted_rel", "sum_rescaled_var_range_weighted_rel", "sum_rescaled_var_range_weighted_rel", "sum_rescaled_var_range_weighted_rel", "sum_rescaled_var_range_weighted_rel", "sum_rescaled_var_range_weighted_rel", "sum_rescaled_var_range_weighted_rel", "sum_rescaled_var_range_weighted_rel", "sum_rescaled_var_range_weighted_rel", "sum_rescaled_var_range_weighted_rel"], "LBImprovements": [983.134, 709.397, 546.558, 315.688, 211.724, 195.322, 267.076, 252.704, 176.051, 160.626, 215.343, 115.961, 10000000000.0, 121.79, 113.972, 154.795, 257.679, 106.582, 67.5598, 120.017, 181.336, 101.872, 39.2049, 123.242, 46.5478, 14.7752, 37.6036, 189.166, 17.8262, 17.0973, 7.34422, 12.3655, 164.955, 5.23551, 1.79589], "InfeasibleNodes": 2, "ElapsedTimeCoeffs": 0, "LinearizationTime": 0.0340493, "NumberOfVariables": 5, "CallsToLinearSolver": 71, "LinearGenerationTime": 1.06766, "SDPCutsGenerationTime": 0, "CallsToNonLinearSolver": 9, "StrongBranchingExtraTime": 104.717, "ElapsedTimeWeightedCoeffs": 0, "NodesDiscardedByFathoming": 0, "NodesDiscardedByTolerance": 34, "BoundFactorConstraintsTime": 1.88201, "ElapsedTimeVarsInConstraints": 0.000039074, "meanBTRelativeChangeRootNode": 0, "NumberOfBoundFactorConstraints": 887, "NumberOfLAPACKConvergenceFailures": 0, "NumberOfRLTVariablesAfterLinearization": 288}