{"Itbt": 0, "Pace": 0.0260543, "Depth": 12, "Degree": 7, "RPSTime": 33.1453, "FBBTTime": 0, "OBBTTime": 0, "TotalTime": 283.162, "Iterations": 103, "LinearTime": 41.6474, "LowerBound": 1928.16, "TimeVector": [3.64931, 6.59136, 9.87733, 12.8983, 15.6488, 18.3406, 20.8746, 23.5758, 26.3729, 29.1251, 31.8248, 34.1291, 36.7707, 39.5203, 41.997, 44.6222, 47.0763, 49.6561, 52.5061, 54.9853, 57.7796, 59.8849, 62.1447, 64.5416, 67.056, 69.5678, 72.5244, 75.0713, 77.8622, 80.6128, 82.9953, 85.4261, 88.1318, 90.8484, 93.1847, 95.2235, 97.9279, 100.466, 102.901, 105.195, 107.86, 109.897, 113.003, 115.429, 117.981, 120.254, 123.125, 125.375, 128.096, 130.938, 133.771, 136.554, 139.048, 142.151, 144.413, 147.396, 150.203, 152.496, 154.934, 157.557, 160.307, 163.047, 166.045, 168.289, 171.12, 174.326, 176.706, 178.863, 181.188, 183.827, 186.392, 189.452, 191.928, 194.876, 197.349, 200.227, 202.656, 205.243, 208.155, 211.503, 213.903, 216.588, 218.586, 221.716, 224.842, 227.318, 230.217, 232.711, 235.316, 242.797, 245.942, 248.755, 251.741, 254.741, 257.577, 260.287, 262.833, 266.089, 268.524, 271.441, 274.197, 280.115, 311.536], "UpperBound": 1930.09, "rootBTTime": 0, "LowerBounds": {"1": 97.4987, "2": 572.864, "3": 721.988, "4": 1105.17, "5": 1147.3, "6": 1354.91, "7": 1372.59, "8": 1387.84, "9": 1391.57, "10": 1544.99, "11": 1550.39, "12": 1559.51, "13": 1600.42, "14": 1617.23, "15": 1653.44, "16": 1695.78, "17": 1715.9, "18": 1731.64, "19": 1739.85, "20": 1755.31, "21": 1765.83, "22": 1775.49, "23": 1795.05, "24": 1798.47, "25": 1810.07, "26": 1815.01, "27": 1815.54, "28": 1817.57, "29": 1834.93, "30": 1835.16, "31": 1846.65, "32": 1852.71, "33": 1858.69, "34": 1863.46, "35": 1867.56, "36": 1868.7, "37": 1868.83, "38": 1872.19, "39": 1875.29, "40": 1877.15, "41": 1882.66, "42": 1884.87, "43": 1885.47, "44": 1886.3, "45": 1887.71, "46": 1887.72, "47": 1888.62, "48": 1889.42, "49": 1890.7, "50": 1892.03, "51": 1901.55, "52": 1902.12, "53": 1902.75, "54": 1904.46, "55": 1904.67, "56": 1905.72, "57": 1905.72, "58": 1906.61, "59": 1909.85, "60": 1910.52, "61": 1911.15, "62": 1911.17, "63": 1912.27, "64": 1912.98, "65": 1913.11, "66": 1916.37, "67": 1917.5, "68": 1917.62, "69": 1917.83, "70": 1918.11, "71": 1919.48, "72": 1919.7, "73": 1920.28, "74": 1920.89, "75": 1921.52, "76": 1921.53, "77": 1921.81, "78": 1922.11, "79": 1922.49, "80": 1922.86, "81": 1922.95, "82": 1922.99, "83": 1923.17, "84": 1923.26, "85": 1923.61, "86": 1923.7, "87": 1923.79, "88": 1923.99, "89": 1924.27, "90": 1925.42, "91": 1925.45, "92": 1926.03, "93": 1926.26, "94": 1926.47, "95": 1926.89, "96": 1927.05, "97": 1927.1, "98": 1927.11, "99": 1927.16, "100": 1927.45, "101": 1927.57, "102": 1927.58, "103": 1928.16}, "SolveResult": 0, "UpperBounds": {"1": 1930.09}, "MaxQueueSize": 27, "VisitedNodes": 207, "BranchingVars": [3, 0, 0, 2, 0, 2, 2, 2, 4, 2, 4, 4, 4, 2, 4, 2, 1, 4, 4, 1, 1, 2, 2, 1, 2, 1, 2, 2, 1, 2, 1, 3, 0, 3, 4, 1, 0, 3, 3, 1, 1, 1, 2, 1, 4, 1, 3, 3, 1, 1, 0, 4, 3, 3, 2, 4, 0, 3, 0, 1, 3, 0, 3, 4, 4, 3, 2, 3, 3, 0, 1, 1, 3, 0, 1, 3, 1, 4, 2, 1, 1, 1, 2, 2, 3, 3, 0, 3, 1, 1, 3, 2, 0, 3, 3, 1, 0, 0, 3, 3, 1, 3, 4], "NonLinearTime": 0.449653, "OptimalityGap": 1.92393, "BranchingRules": ["sum_rescaled_var_range_weighted_rel", "sum_rescaled_var_range_weighted_rel", "sum_rescaled_var_range_weighted_rel", "sum_rescaled_var_range_weighted_rel", "sum_rescaled_var_range_weighted_rel", "sum_rescaled_var_range_weighted_rel", "sum_rescaled_var_range_weighted_rel", "sum_rescaled_var_range_weighted_rel", "sum_rescaled_var_range_weighted_rel", "sum_rescaled_var_range_weighted_rel", "sum_rescaled_var_range_weighted_rel", "sum_rescaled_var_range_weighted_rel", "sum_rescaled_var_range_weighted_rel", "sum_rescaled_var_range_weighted_rel", "sum_rescaled_var_range_weighted_rel", "sum_rescaled_var_range_weighted_rel", "sum_rescaled_var_range_weighted_rel", "sum_rescaled_var_range_weighted_rel", "sum_rescaled_var_range_weighted_rel", "sum_rescaled_var_range_weighted_rel", "sum_rescaled_var_range_weighted_rel", "sum_rescaled_var_range_weighted_rel", "sum_rescaled_var_range_weighted_rel", "sum_rescaled_var_range_weighted_rel", "sum_rescaled_var_range_weighted_rel", "sum_rescaled_var_range_weighted_rel", "sum_rescaled_var_range_weighted_rel", "sum_rescaled_var_range_weighted_rel", "sum_rescaled_var_range_weighted_rel", "sum_rescaled_var_range_weighted_rel", "sum_rescaled_var_range_weighted_rel", "sum_rescaled_var_range_weighted_rel", "sum_rescaled_var_range_weighted_rel", "sum_rescaled_var_range_weighted_rel", "sum_rescaled_var_range_weighted_rel", "sum_rescaled_var_range_weighted_rel", "sum_rescaled_var_range_weighted_rel", "sum_rescaled_var_range_weighted_rel", "sum_rescaled_var_range_weighted_rel", "sum_rescaled_var_range_weighted_rel", "sum_rescaled_var_range_weighted_rel", "sum_rescaled_var_range_weighted_rel", "sum_rescaled_var_range_weighted_rel", "sum_rescaled_var_range_weighted_rel", "sum_rescaled_var_range_weighted_rel", "sum_rescaled_var_range_weighted_rel", "sum_rescaled_var_range_weighted_rel", "sum_rescaled_var_range_weighted_rel", "sum_rescaled_var_range_weighted_rel", "sum_rescaled_var_range_weighted_rel", "sum_rescaled_var_range_weighted_rel", "sum_rescaled_var_range_weighted_rel", "sum_rescaled_var_range_weighted_rel", "sum_rescaled_var_range_weighted_rel", "sum_rescaled_var_range_weighted_rel", "sum_rescaled_var_range_weighted_rel", "sum_rescaled_var_range_weighted_rel", "sum_rescaled_var_range_weighted_rel", "sum_rescaled_var_range_weighted_rel", "sum_rescaled_var_range_weighted_rel", "sum_rescaled_var_range_weighted_rel", "sum_rescaled_var_range_weighted_rel", "sum_rescaled_var_range_weighted_rel", "sum_rescaled_var_range_weighted_rel", "sum_rescaled_var_range_weighted_rel", "sum_rescaled_var_range_weighted_rel", "sum_rescaled_var_range_weighted_rel", "sum_rescaled_var_range_weighted_rel", "sum_rescaled_var_range_weighted_rel", "sum_rescaled_var_range_weighted_rel", "sum_rescaled_var_range_weighted_rel", "sum_rescaled_var_range_weighted_rel", "sum_rescaled_var_range_weighted_rel", "sum_rescaled_var_range_weighted_rel", "sum_rescaled_var_range_weighted_rel", "sum_rescaled_var_range_weighted_rel", "sum_rescaled_var_range_weighted_rel", "sum_rescaled_var_range_weighted_rel", "sum_rescaled_var_range_weighted_rel", "sum_rescaled_var_range_weighted_rel", "sum_rescaled_var_range_weighted_rel", "sum_rescaled_var_range_weighted_rel", "sum_rescaled_var_range_weighted_rel", "sum_rescaled_var_range_weighted_rel", "sum_rescaled_var_range_weighted_rel", "sum_rescaled_var_range_weighted_rel", "sum_rescaled_var_range_weighted_rel", "sum_rescaled_var_range_weighted_rel", "sum_rescaled_var_range_weighted_rel", "sum_rescaled_var_range_weighted_rel", "sum_rescaled_var_range_weighted_rel", "sum_rescaled_var_range_weighted_rel", "sum_rescaled_var_range_weighted_rel", "sum_rescaled_var_range_weighted_rel", "sum_rescaled_var_range_weighted_rel", "sum_rescaled_var_range_weighted_rel", "sum_rescaled_var_range_weighted_rel", "sum_rescaled_var_range_weighted_rel", "sum_rescaled_var_range_weighted_rel", "sum_rescaled_var_range_weighted_rel", "sum_rescaled_var_range_weighted_rel", "sum_rescaled_var_range_weighted_rel", "sum_rescaled_var_range_weighted_rel"],