{"Itbt": 0, "Pace": 0.010115, "Depth": 8, "Degree": 2, "RPSTime": 0.00599808, "FBBTTime": 0, "OBBTTime": 0, "TotalTime": 0.309853, "Iterations": 8, "LinearTime": 0.124721, "LowerBound": 200.979, "TimeVector": [0.255298, 0.264736, 0.27356, 0.282363, 0.291155, 0.29295, 0.294706, 0.604559], "UpperBound": 201.159, "rootBTTime": 0, "LowerBounds": {"1": 171.419, "2": 182.541, "3": 190.513, "4": 196.118, "5": 198.507, "6": 199.992, "7": 200.405, "8": 200.979}, "SolveResult": 0, "UpperBounds": {"1": 179769000000000000000000000000000000000000000000000000000000000000000000000000000000000000000000000000000000000000000000000000000000000000000000000000000000000000000000000000000000000000000000000000000000000000000000000000000000000000000000000000000000000000000000000000000000000000000000000000000000000000000, "2": 201.159}, "MaxQueueSize": 1, "VisitedNodes": 17, "BranchingVars": [0, 1, 0, 1, 0, 0, 1, 0], "NonLinearTime": 0.171573, "OptimalityGap": 0.180533, "BranchingRules": ["eigen_cen_alternative_rel", "eigen_cen_alternative_rel", "eigen_cen_alternative_rel", "eigen_cen_alternative_rel", "eigen_cen_alternative_rel", "eigen_cen_alternative_rel", "eigen_cen_alternative_rel", "eigen_cen_alternative_rel"], "LBImprovements": [11.1224, 7.97208, 5.60542, 2.38871, 1.4847, 0.41296, 0.481268, 0.0926941], "InfeasibleNodes": 8, "ElapsedTimeCoeffs": 0, "LinearizationTime": 0.000008252, "NumberOfVariables": 3, "CallsToLinearSolver": 17, "LinearGenerationTime": 0.022603, "SDPCutsGenerationTime": 0, "CallsToNonLinearSolver": 7, "StrongBranchingExtraTime": 0.010842, "ElapsedTimeWeightedCoeffs": 0, "NodesDiscardedByFathoming": 0, "NodesDiscardedByTolerance": 1, "BoundFactorConstraintsTime": 0.000178166, "ElapsedTimeVarsInConstraints": 0.00000645, "meanBTRelativeChangeRootNode": 0, "NumberOfBoundFactorConstraints": 10, "NumberOfLAPACKConvergenceFailures": 0, "NumberOfRLTVariablesAfterLinearization": 3}