{"Itbt": 0, "Pace": 0.000578673, "Depth": 26, "Degree": 3, "RPSTime": 0.42268, "FBBTTime": 0, "OBBTTime": 0, "TotalTime": 2.49818, "Iterations": 179, "LinearTime": 0.303319, "LowerBound": -1162.48, "TimeVector": [0.296975, 0.317679, 0.337687, 0.358362, 0.378875, 0.390602, 0.402283, 0.422851, 0.435003, 0.446505, 0.4583, 0.47004, 0.480816, 0.492945, 0.505648, 0.525344, 0.537318, 0.549196, 0.561072, 0.573514, 0.585041, 0.5973, 0.609411, 0.621421, 0.633793, 0.645554, 0.657496, 0.669458, 0.681321, 0.693219, 0.705527, 0.726173, 0.738648, 0.75031, 0.762406, 0.77455, 0.786979, 0.799436, 0.811077, 0.822758, 0.834734, 0.846704, 0.85873, 0.870703, 0.882163, 0.894282, 0.905826, 0.917463, 0.928705, 0.940787, 0.952405, 0.964482, 0.976621, 0.988296, 0.999829, 1.01213, 1.02416, 1.03565, 1.04743, 1.05989, 1.07167, 1.08359, 1.09538, 1.11515, 1.12692, 1.13928, 1.15087, 1.16171, 1.17311, 1.18517, 1.19726, 1.20934, 1.2208, 1.23318, 1.24566, 1.25765, 1.27019, 1.28178, 1.29293, 1.30425, 1.31624, 1.32832, 1.33926, 1.35098, 1.36267, 1.37512, 1.38572, 1.39711, 1.40828, 1.42068, 1.43301, 1.44466, 1.45623, 1.4678, 1.47978, 1.49113, 1.50252, 1.51434, 1.52682, 1.53894, 1.55117, 1.56296, 1.57481, 1.58663, 1.59884, 1.61079, 1.62192, 1.63241, 1.64457, 1.65658, 1.66861, 1.68067, 1.69264, 1.70508, 1.71731, 1.72941, 1.7411, 1.75303, 1.76527, 1.77743, 1.78964, 1.8018, 1.81355, 1.82546, 1.83713, 1.84859, 1.86078, 1.88064, 1.89313, 1.90534, 1.9173, 1.92966, 1.9419, 1.95435, 1.96682, 1.9788, 1.99127, 2.0034, 2.01567, 2.02661, 2.03806, 2.04912, 2.06072, 2.07308, 2.0854, 2.09794, 2.10891, 2.11994, 2.13146, 2.14303, 2.15482, 2.16656, 2.17855, 2.19037, 2.20236, 2.21313, 2.22508, 2.23714, 2.24891, 2.26088, 2.27292, 2.28535, 2.29757, 2.30873, 2.32011, 2.33201, 2.34327, 2.35502, 2.36718, 2.37942, 2.3911, 2.40358, 2.41619, 2.42874, 2.44142, 2.45351, 2.46547, 2.47768, 4.97587], "UpperBound": -1161.34, "rootBTTime": 0, "LowerBounds": {"1": -2143, "2": -1649.67, "3": -1607.57, "4": -1491.65, "5": -1489.21, "6": -1463.1, "7": -1404.07, "8": -1394.24, "9": -1351.21, "10": -1335.27, "11": -1323.6, "12": -1320.23, "13": -1310.64, "14": -1272.72, "15": -1268.29, "16": -1256.21, "17": -1246.49, "18": -1245.49, "19": -1239.52, "20": -1235.34, "21": -1221.03, "22": -1220.8, "23": -1216.25, "24": -1216.1, "25": -1212.07, "26": -1211.15, "27": -1207.84, "28": -1201.91, "29": -1200.9, "30": -1199.29, "31": -1195.22, "32": -1195.06, "33": -1194.4, "34": -1192.82, "35": -1188.12, "36": -1187.54, "37": -1185.63, "38": -1185.56, "39": -1184.37, "40": -1183.62, "41": -1182.21, "42": -1178.98, "43": -1178.83, "44": -1178.73, "45": -1178.73, "46": -1176.55, "47": -1176.55, "48": -1176.38, "49": -1176.38, "50": -1175.84, "51": -1175.84, "52": -1174.75, "53": -1174.35, "54": -1174.15, "55": -1173.41, "56": -1172.87, "57": -1172.44, "58": -1172.19, "59": -1171.83, "60": -1171.57, "61": -1171.48, "62": -1171.46, "63": -1171.21, "64": -1169.83, "65": -1169.33, "66": -1169.1, "67": -1168.97, "68": -1168.97, "69": -1168.97, "70": -1168.84, "71": -1168.84, "72": -1168.29, "73": -1168.18, "74": -1167.83, "75": -1167.59, "76": -1167.56, "77": -1167.55, "78": -1167.49, "79": -1167.49, "80": -1167.49, "81": -1167.41, "82": -1167.29, "83": -1167.2, "84": -1167.2, "85": -1167.2, "86": -1167.19, "87": -1167.17, "88": -1167.17, "89": -1167.17, "90": -1167.14, "91": -1167.11, "92": -1167.08, "93": -1166.96, "94": -1166.96, "95": -1166.66, "96": -1166.64, "98": -1166.51, "99": -1166.51, "100": -1166.51, "101": -1166.48, "102": -1166.43, "103": -1166.42, "104": -1166.42, "105": -1166.26, "106": -1166.17, "107": -1166.11, "108": -1166.11, "109": -1165.99, "110": -1165.96, "111": -1165.89, "112": -1165.83, "113": -1165.82, "114": -1165.79, "115": -1165.78, "116": -1165.77, "117": -1165.74, "118": -1165.74, "119": -1165.74, "120": -1165.62, "121": -1165.58, "122": -1165.52, "123": -1165.5, "124": -1165.47, "125": -1165.41, "126": -1165.41, "127": -1165.33, "128": -1165.33, "129": -1165.26, "130": -1164.96, "131": -1164.9, "132": -1164.86, "133": -1164.83, "134": -1164.46, "135": -1164.27, "136": -1164.17, "137": -1164.14, "138": -1164.13, "139": -1164.11, "140": -1163.92, "141": -1163.92, "142": -1163.92, "143": -1163.92, "144": -1163.88, "145": -1163.75, "146": -1163.67, "147": -1163.67, "148": -1163.67, "149": -1163.67, "150": -1163.67, "151": -1163.62, "152": -1163.61, "153": -1163.57, "154": -1163.56, "155": -1163.5, "156": -1163.4, "157": -1163.35, "158": -1163.34, "159": -1163.18, "160": -1163.15, "161": -1163.13, "162": -1163.1, "163": -1163.01, "164": -1162.83, "166": -1162.83, "167": -1162.79, "168": -1162.79, "169": -1162.77, "170": -1162.73, "171": -1162.63, "172": -1162.62, "173": -1162.62, "174": -1162.6, "175": -1162.59, "176": -1162.56, "177": -1162.54, "178": -1162.51, "179": -1162.48}, "SolveResult": 0, "UpperBounds": {"1": -1161.34}, "MaxQueueSize": 34, "VisitedNodes": 359, "BranchingVars": [0, 3, 2, 4, 3, 4, 4, 1, 2, 4, 4, 4, 4, 3, 4, 2, 0, 3, 2, 0, 2, 2, 0, 0, 3, 3, 5, 0, 2, 0, 1, 0, 0, 1, 3, 5, 2, 2, 2, 3, 1, 2, 2, 5, 5, 3, 3, 3, 3, 0, 0, 1, 2, 2, 5, 5, 1, 1, 3, 5, 2, 2, 0, 5, 5, 1, 3, 3, 3, 4, 6, 1, 1, 4, 5, 5, 6, 5, 5, 5, 3, 3, 4, 4, 4, 3, 4, 4, 4, 6, 6, 6, 4, 3, 6, 3, 3, 3, 3, 3, 1, 3, 3, 3, 5, 5, 3, 3, 3, 3, 3, 3, 3, 3, 3, 6, 1, 1, 3, 3, 6, 3, 3, 6, 3, 3, 3, 3, 3, 3, 3, 3, 3, 3, 3, 3, 3, 0, 3, 0, 0, 0, 6, 3, 3, 3, 3, 3, 3, 3, 3, 6, 6, 3, 3, 3, 6, 3, 3, 3, 3, 3, 3, 3, 3, 3, 6, 6, 3, 3, 3, 6, 5, 5, 5, 2, 3, 3, 5], "NonLinearTime": 0.219935, "OptimalityGap": 1.14625,