{"Itbt": 0, "Pace": 0.0268964, "Depth": 13, "Degree": 5, "RPSTime": 1.57396, "FBBTTime": 0, "OBBTTime": 0, "TotalTime": 13.6322, "Iterations": 54, "LinearTime": 1.47902, "LowerBound": 216.967, "TimeVector": [0.634631, 0.904573, 1.16865, 1.45456, 1.72343, 1.97556, 2.2235, 2.48078, 2.72548, 3.00084, 3.2552, 3.48355, 3.72634, 3.99256, 4.22939, 4.49475, 4.73394, 4.96987, 5.1959, 5.43471, 5.67412, 5.91715, 6.13918, 6.37908, 6.6403, 6.86532, 7.09519, 7.33634, 7.58377, 7.84221, 8.07213, 8.32496, 8.54759, 8.79076, 9.02833, 9.26712, 9.53414, 9.78988, 10.0716, 10.3058, 10.5656, 10.7875, 11.0023, 11.2096, 11.409, 11.687, 11.9226, 12.1669, 12.3907, 12.6435, 12.9199, 13.1815, 13.3939, 27.0261], "UpperBound": 217.109, "rootBTTime": 0, "LowerBounds": {"1": 141.807, "2": 163.429, "3": 179.208, "4": 184.398, "5": 187.108, "6": 190.638, "7": 194.323, "8": 196.116, "9": 198.934, "10": 200.309, "11": 202.806, "12": 204.223, "13": 204.65, "14": 205.555, "15": 205.965, "16": 206.027, "17": 206.847, "18": 207.702, "19": 208.762, "20": 209.56, "21": 209.78, "22": 211.702, "23": 211.951, "24": 212.019, "25": 212.183, "26": 212.719, "27": 213.132, "28": 213.609, "29": 213.875, "30": 214.055, "31": 214.288, "32": 214.594, "33": 215.337, "34": 215.498, "35": 215.504, "36": 215.55, "37": 215.945, "38": 215.976, "39": 216.018, "40": 216.049, "41": 216.149, "42": 216.295, "43": 216.397, "44": 216.435, "45": 216.464, "46": 216.564, "47": 216.579, "48": 216.581, "49": 216.69, "50": 216.709, "51": 216.752, "52": 216.761, "53": 216.824, "54": 216.967}, "SolveResult": 0, "UpperBounds": {"1": 264.441, "2": 217.109}, "MaxQueueSize": 12, "VisitedNodes": 109, "BranchingVars": [2, 7, 7, 3, 3, 7, 3, 3, 3, 5, 5, 5, 5, 2, 2, 5, 2, 0, 0, 7, 0, 0, 5, 5, 5, 5, 5, 3, 2, 2, 7, 2, 5, 2, 2, 5, 5, 2, 7, 5, 0, 5, 3, 7, 3, 7, 2, 0, 0, 0, 5, 7, 7, 0], "NonLinearTime": 0.34805, "OptimalityGap": 0.141976, "BranchingRules": ["eigen_cen_alternative_rel", "eigen_cen_alternative_rel", "eigen_cen_alternative_rel", "eigen_cen_alternative_rel", "eigen_cen_alternative_rel", "eigen_cen_alternative_rel", "eigen_cen_alternative_rel", "eigen_cen_alternative_rel", "eigen_cen_alternative_rel", "eigen_cen_alternative_rel", "eigen_cen_alternative_rel", "eigen_cen_alternative_rel", "eigen_cen_alternative_rel", "eigen_cen_alternative_rel", "eigen_cen_alternative_rel", "eigen_cen_alternative_rel", "eigen_cen_alternative_rel", "eigen_cen_alternative_rel", "eigen_cen_alternative_rel", "eigen_cen_alternative_rel", "eigen_cen_alternative_rel", "eigen_cen_alternative_rel", "eigen_cen_alternative_rel", "eigen_cen_alternative_rel", "eigen_cen_alternative_rel", "eigen_cen_alternative_rel", "eigen_cen_alternative_rel", "eigen_cen_alternative_rel", "eigen_cen_alternative_rel", "eigen_cen_alternative_rel", "eigen_cen_alternative_rel", "eigen_cen_alternative_rel", "eigen_cen_alternative_rel", "eigen_cen_alternative_rel", "eigen_cen_alternative_rel", "eigen_cen_alternative_rel", "eigen_cen_alternative_rel", "eigen_cen_alternative_rel", "eigen_cen_alternative_rel", "eigen_cen_alternative_rel", "eigen_cen_alternative_rel", "eigen_cen_alternative_rel", "eigen_cen_alternative_rel", "eigen_cen_alternative_rel", "eigen_cen_alternative_rel", "eigen_cen_alternative_rel", "eigen_cen_alternative_rel", "eigen_cen_alternative_rel", "eigen_cen_alternative_rel", "eigen_cen_alternative_rel", "eigen_cen_alternative_rel", "eigen_cen_alternative_rel", "eigen_cen_alternative_rel", "eigen_cen_alternative_rel"], "LBImprovements": [21.6221, 20.9694, 7.90047, 6.2396, 11.8257, 12.1687, 24.5996, 8.10613, 7.09323, 9.25126, 4.8959, 4.53945, 5.1302, 6.62815, 16.4734, 5.67503, 9.09785, 5.01624, 3.18873, 7.02084, 6.26883, 4.87737, 1.65782, 2.5753, 8.4594, 2.61834, 8.65549, 0.446603, 5.1345, 1.96288, 1.21579, 3.48049, 0.958134, 5.94865, 0.0457665, 0.599015, 10.5883, 1.44115, 1.87574, 1.51562, 0.415099, 0.101605, 0.0388229, 0.539001, 0.502234, 0.187429, 5.56211, 4.25786, 11.193, 0.653058, 0.306318, 0.23071, 0.393582, 0.293931], "InfeasibleNodes": 0, "ElapsedTimeCoeffs": 0, "LinearizationTime": 0.0025509, "NumberOfVariables": 8, "CallsToLinearSolver": 109, "LinearGenerationTime": 0.168855, "SDPCutsGenerationTime": 0, "CallsToNonLinearSolver": 9, "StrongBranchingExtraTime": 11.6106, "ElapsedTimeWeightedCoeffs": 0, "NodesDiscardedByFathoming": 0, "NodesDiscardedByTolerance": 55, "BoundFactorConstraintsTime": 0.130278, "ElapsedTimeVarsInConstraints": 0.000028348, "meanBTRelativeChangeRootNode": 0, "NumberOfBoundFactorConstraints": 210, "NumberOfLAPACKConvergenceFailures": 0, "NumberOfRLTVariablesAfterLinearization": 123}