{"Itbt": 0, "Pace": 0.0133597, "Depth": 11, "Degree": 5, "RPSTime": 1.01296, "FBBTTime": 0, "OBBTTime": 0, "TotalTime": 8.17153, "Iterations": 61, "LinearTime": 0.941957, "LowerBound": 141.148, "TimeVector": [0.418557, 0.55693, 0.693768, 0.830007, 0.96358, 1.08908, 1.21882, 1.35168, 1.48932, 1.61335, 1.73134, 1.85386, 1.97939, 2.10505, 2.22255, 2.37735, 2.50738, 2.63237, 2.74759, 2.87595, 2.9874, 3.10756, 3.22838, 3.36437, 3.49352, 3.60374, 3.72706, 3.84643, 3.9928, 4.1316, 4.26943, 4.41161, 4.54491, 4.67083, 4.80737, 4.9352, 5.06714, 5.18191, 5.30933, 5.43489, 5.56641, 5.69648, 5.82121, 5.95552, 6.08262, 6.20764, 6.32276, 6.45047, 6.56896, 6.69781, 6.83574, 6.97252, 7.09648, 7.23317, 7.36143, 7.50132, 7.63791, 7.75735, 7.89326, 8.0246, 16.1961], "UpperBound": 141.287, "rootBTTime": 0, "LowerBounds": {"1": 44.0507, "2": 97.1618, "3": 113.487, "4": 114.557, "5": 117.111, "6": 122.266, "7": 126.054, "8": 128.938, "9": 131.382, "10": 132.46, "11": 133.366, "12": 133.382, "13": 134.858, "14": 135.088, "15": 135.212, "16": 135.636, "17": 135.801, "18": 136.872, "19": 137.658, "20": 137.918, "21": 138.053, "22": 138.256, "23": 138.427, "24": 138.504, "25": 138.905, "26": 138.963, "27": 138.986, "28": 139.378, "29": 139.533, "30": 139.597, "31": 139.751, "32": 139.784, "33": 139.855, "34": 139.883, "35": 139.983, "36": 140.102, "37": 140.116, "38": 140.119, "39": 140.177, "40": 140.201, "41": 140.224, "42": 140.368, "43": 140.448, "44": 140.451, "45": 140.463, "46": 140.593, "47": 140.683, "48": 140.697, "49": 140.7, "50": 140.744, "51": 140.792, "52": 140.977, "53": 140.987, "54": 141.041, "55": 141.042, "56": 141.093, "57": 141.097, "58": 141.116, "59": 141.132, "60": 141.134, "61": 141.148}, "SolveResult": 0, "UpperBounds": {"1": 141.287}, "MaxQueueSize": 17, "VisitedNodes": 123, "BranchingVars": [1, 5, 0, 3, 5, 1, 1, 0, 6, 6, 6, 6, 5, 6, 4, 5, 3, 4, 5, 5, 5, 4, 3, 0, 5, 4, 5, 6, 4, 4, 4, 4, 1, 5, 4, 4, 5, 4, 4, 3, 1, 1, 0, 4, 5, 4, 5, 4, 0, 1, 5, 0, 5, 5, 5, 0, 5, 4, 4, 0, 4], "NonLinearTime": 0.225052, "OptimalityGap": 0.139631, "BranchingRules": ["sum_rescaled_var_range_weighted_rel", "sum_rescaled_var_range_weighted_rel", "sum_rescaled_var_range_weighted_rel", "sum_rescaled_var_range_weighted_rel", "sum_rescaled_var_range_weighted_rel", "sum_rescaled_var_range_weighted_rel", "sum_rescaled_var_range_weighted_rel", "sum_rescaled_var_range_weighted_rel", "sum_rescaled_var_range_weighted_rel", "sum_rescaled_var_range_weighted_rel", "sum_rescaled_var_range_weighted_rel", "sum_rescaled_var_range_weighted_rel", "sum_rescaled_var_range_weighted_rel", "sum_rescaled_var_range_weighted_rel", "sum_rescaled_var_range_weighted_rel", "sum_rescaled_var_range_weighted_rel", "sum_rescaled_var_range_weighted_rel", "sum_rescaled_var_range_weighted_rel", "sum_rescaled_var_range_weighted_rel", "sum_rescaled_var_range_weighted_rel", "sum_rescaled_var_range_weighted_rel", "sum_rescaled_var_range_weighted_rel", "sum_rescaled_var_range_weighted_rel", "sum_rescaled_var_range_weighted_rel", "sum_rescaled_var_range_weighted_rel", "sum_rescaled_var_range_weighted_rel", "sum_rescaled_var_range_weighted_rel", "sum_rescaled_var_range_weighted_rel", "sum_rescaled_var_range_weighted_rel", "sum_rescaled_var_range_weighted_rel", "sum_rescaled_var_range_weighted_rel", "sum_rescaled_var_range_weighted_rel", "sum_rescaled_var_range_weighted_rel", "sum_rescaled_var_range_weighted_rel", "sum_rescaled_var_range_weighted_rel", "sum_rescaled_var_range_weighted_rel", "sum_rescaled_var_range_weighted_rel", "sum_rescaled_var_range_weighted_rel", "sum_rescaled_var_range_weighted_rel", "sum_rescaled_var_range_weighted_rel", "sum_rescaled_var_range_weighted_rel", "sum_rescaled_var_range_weighted_rel", "sum_rescaled_var_range_weighted_rel", "sum_rescaled_var_range_weighted_rel", "sum_rescaled_var_range_weighted_rel", "sum_rescaled_var_range_weighted_rel", "sum_rescaled_var_range_weighted_rel", "sum_rescaled_var_range_weighted_rel", "sum_rescaled_var_range_weighted_rel", "sum_rescaled_var_range_weighted_rel", "sum_rescaled_var_range_weighted_rel", "sum_rescaled_var_range_weighted_rel", "sum_rescaled_var_range_weighted_rel", "sum_rescaled_var_range_weighted_rel", "sum_rescaled_var_range_weighted_rel", "sum_rescaled_var_range_weighted_rel", "sum_rescaled_var_range_weighted_rel", "sum_rescaled_var_range_weighted_rel", "sum_rescaled_var_range_weighted_rel", "sum_rescaled_var_range_weighted_rel", "sum_rescaled_var_range_weighted_rel"], "LBImprovements": [53.1111, 16.3254, 8.77902, 28.3155, 11.8266, 12.8217, 5.328, 3.5225, 3.4757, 2.75205, 4.68737, 4.27614, 3.39759, 3.898, 3.21446, 2.86871, 10.1677, 2.03291, 3.0395, 3.89292, 2.06603, 2.19282, 1.45675, 1.47862, 0.691754, 2.07988, 3.95661, 5.09652, 1.70358, 0.154587, 0.10326, 0.392879, 1.12244, 0.232627, 1.2378, 1.4969, 0.107631, 0.996301, 0.190916, 0.48166, 1.00926, 0.424086, 1.25938, 2.64819, 3.13682, 0.702069, 0.30432, 2.48693, 0.94508, 0.44917, 0.304945, 0.160038, 0.147134, 0.119479, 0.997478, 0.0393214, 0.0590706, 0.0377433, 0.0156803, 0.364335, 0.0716385], "InfeasibleNodes": 0, "ElapsedTimeCoeffs": 0, "LinearizationTime": 0.00129629, "NumberOfVariables": 8, "CallsToLinearSolver": 123, "LinearGenerationTime": 0.157751, "SDPCutsGenerationTime": 0, "CallsToNonLinearSolver": 9, "StrongBranchingExtraTime": 6.87433, "ElapsedTimeWeightedCoeffs": 0, "NodesDiscardedByFathoming": 0, "NodesDiscardedByTolerance": 62, "BoundFactorConstraintsTime": 0.0815932, "ElapsedTimeVarsInConstraints": 0.000027687, "meanBTRelativeChangeRootNode": 0, "NumberOfBoundFactorConstraints": 148, "NumberOfLAPACKConvergenceFailures": 0, "NumberOfRLTVariablesAfterLinearization": 79}