{"Itbt": 0, "Pace": 0.527913, "Depth": 27, "Degree": 2, "RPSTime": 0.271329, "FBBTTime": 0, "OBBTTime": 0, "TotalTime": 1.55705, "Iterations": 75, "LinearTime": 0.219594, "LowerBound": 0.857494, "TimeVector": [0.231213, 0.264663, 0.3043, 0.338434, 0.376603, 0.392216, 0.408166, 0.436379, 0.453149, 0.469147, 0.484421, 0.500889, 0.516705, 0.531733, 0.547878, 0.576772, 0.59206, 0.608095, 0.624319, 0.639964, 0.65623, 0.672217, 0.688286, 0.70478, 0.720649, 0.737251, 0.753447, 0.770037, 0.786201, 0.802912, 0.81883, 0.849566, 0.86587, 0.88269, 0.898548, 0.9146, 0.930984, 0.947077, 0.963694, 0.979578, 0.995971, 1.0124, 1.02884, 1.04479, 1.06117, 1.07755, 1.09388, 1.10996, 1.1265, 1.14251, 1.15833, 1.17387, 1.19021, 1.20626, 1.22238, 1.23845, 1.25449, 1.2701, 1.28578, 1.30172, 1.31701, 1.33278, 1.34791, 1.37594, 1.39112, 1.40694, 1.42247, 1.43801, 1.45339, 1.46871, 1.48397, 1.49918, 1.51437, 1.52952, 3.08657], "UpperBound": 0.858407, "rootBTTime": 0, "LowerBounds": {"1": 0, "48": 0.115601, "49": 0.161066, "50": 0.23577, "51": 0.250704, "52": 0.306746, "53": 0.311765, "54": 0.358201, "55": 0.402282, "56": 0.555622, "57": 0.563758, "58": 0.569348, "59": 0.599317, "60": 0.687631, "61": 0.697161, "62": 0.744785, "63": 0.757083, "64": 0.791143, "65": 0.80657, "66": 0.81226, "67": 0.815578, "68": 0.83716, "69": 0.844937, "70": 0.847653, "71": 0.849606, "72": 0.854093, "73": 0.855613, "74": 0.856125, "75": 0.857494}, "SolveResult": 0, "UpperBounds": {"1": 0.858407}, "MaxQueueSize": 7, "VisitedNodes": 151, "BranchingVars": [0, 2, 2, 4, 4, 6, 6, 2, 0, 2, 2, 4, 4, 4, 6, 6, 6, 2, 2, 2, 0, 4, 6, 4, 2, 4, 4, 6, 4, 6, 6, 4, 2, 4, 2, 6, 6, 0, 2, 4, 4, 2, 6, 0, 6, 4, 6, 6, 6, 4, 2, 6, 6, 4, 6, 4, 4, 4, 4, 4, 4, 4, 6, 4, 2, 2, 4, 4, 4, 2, 4, 4, 4, 2, 4], "NonLinearTime": 0.208502, "OptimalityGap": 0.000912917, "BranchingRules": ["sum_rescaled_var_range_weighted_rel", "sum_rescaled_var_range_weighted_rel", "sum_rescaled_var_range_weighted_rel", "sum_rescaled_var_range_weighted_rel", "sum_rescaled_var_range_weighted_rel", "sum_rescaled_var_range_weighted_rel", "sum_rescaled_var_range_weighted_rel", "sum_rescaled_var_range_weighted_rel", "sum_rescaled_var_range_weighted_rel", "sum_rescaled_var_range_weighted_rel", "sum_rescaled_var_range_weighted_rel", "sum_rescaled_var_range_weighted_rel", "sum_rescaled_var_range_weighted_rel", "sum_rescaled_var_range_weighted_rel", "sum_rescaled_var_range_weighted_rel", "sum_rescaled_var_range_weighted_rel", "sum_rescaled_var_range_weighted_rel", "sum_rescaled_var_range_weighted_rel", "sum_rescaled_var_range_weighted_rel", "sum_rescaled_var_range_weighted_rel", "sum_rescaled_var_range_weighted_rel", "sum_rescaled_var_range_weighted_rel", "sum_rescaled_var_range_weighted_rel", "sum_rescaled_var_range_weighted_rel", "sum_rescaled_var_range_weighted_rel", "sum_rescaled_var_range_weighted_rel", "sum_rescaled_var_range_weighted_rel", "sum_rescaled_var_range_weighted_rel", "sum_rescaled_var_range_weighted_rel", "sum_rescaled_var_range_weighted_rel", "sum_rescaled_var_range_weighted_rel", "sum_rescaled_var_range_weighted_rel", "sum_rescaled_var_range_weighted_rel", "sum_rescaled_var_range_weighted_rel", "sum_rescaled_var_range_weighted_rel", "sum_rescaled_var_range_weighted_rel", "sum_rescaled_var_range_weighted_rel", "sum_rescaled_var_range_weighted_rel", "sum_rescaled_var_range_weighted_rel", "sum_rescaled_var_range_weighted_rel", "sum_rescaled_var_range_weighted_rel", "sum_rescaled_var_range_weighted_rel", "sum_rescaled_var_range_weighted_rel", "sum_rescaled_var_range_weighted_rel", "sum_rescaled_var_range_weighted_rel", "sum_rescaled_var_range_weighted_rel", "sum_rescaled_var_range_weighted_rel", "sum_rescaled_var_range_weighted_rel", "sum_rescaled_var_range_weighted_rel", "sum_rescaled_var_range_weighted_rel", "sum_rescaled_var_range_weighted_rel", "sum_rescaled_var_range_weighted_rel", "sum_rescaled_var_range_weighted_rel", "sum_rescaled_var_range_weighted_rel", "sum_rescaled_var_range_weighted_rel", "sum_rescaled_var_range_weighted_rel", "sum_rescaled_var_range_weighted_rel", "sum_rescaled_var_range_weighted_rel", "sum_rescaled_var_range_weighted_rel", "sum_rescaled_var_range_weighted_rel", "sum_rescaled_var_range_weighted_rel", "sum_rescaled_var_range_weighted_rel", "sum_rescaled_var_range_weighted_rel", "sum_rescaled_var_range_weighted_rel", "sum_rescaled_var_range_weighted_rel", "sum_rescaled_var_range_weighted_rel", "sum_rescaled_var_range_weighted_rel", "sum_rescaled_var_range_weighted_rel", "sum_rescaled_var_range_weighted_rel", "sum_rescaled_var_range_weighted_rel", "sum_rescaled_var_range_weighted_rel", "sum_rescaled_var_range_weighted_rel", "sum_rescaled_var_range_weighted_rel", "sum_rescaled_var_range_weighted_rel", "sum_rescaled_var_range_weighted_rel"], "LBImprovements": [0, 0, 0, 0, 0, 0, 0, 0, 0, 0, 0, 0, 0, 0, 0, 0, 0, 0, 0, 0, 0, 0, 0.161066, 0, 0, 0, 0, 0, 0, 0, 0.306746, 0, 0, 0, 10000000000.0, 0, 0, 10000000000.0, 0, 0.23577, 0, 0, 0.115601, 10000000000.0, 0, 0, 0.311765, 0.286681, 0.197134, 10000000000.0, 10000000000.0, 0.262602, 0.287552, 0.205557, 0.15334, 0.132009, 10000000000.0, 0.127813, 0.145468, 0.124629, 0.0599219, 10000000000.0, 0.0340601, 0.0154266, 0.00900827, 10000000000.0, 0.0215813, 0.00777732, 0.00271627, 0.00195242, 0.00448715, 0.00152043, 0.000511834, 0.000422132, 0.0009472], "InfeasibleNodes": 75, "ElapsedTimeCoeffs": 0, "LinearizationTime": 0.00017999, "NumberOfVariables": 12, "CallsToLinearSolver": 151, "LinearGenerationTime": 0.0727331, "SDPCutsGenerationTime": 0, "CallsToNonLinearSolver": 10, "StrongBranchingExtraTime": 1.10384, "ElapsedTimeWeightedCoeffs": 0, "NodesDiscardedByFathoming": 0, "NodesDiscardedByTolerance": 1, "BoundFactorConstraintsTime": 0.0061053, "ElapsedTimeVarsInConstraints": 0.000024106, "meanBTRelativeChangeRootNode": 0, "NumberOfBoundFactorConstraints": 76, "NumberOfLAPACKConvergenceFailures": 0, "NumberOfRLTVariablesAfterLinearization": 21}