{"Itbt": 0, "Pace": 0.0152918, "Depth": 14, "Degree": 3, "RPSTime": 0.194664, "FBBTTime": 0, "OBBTTime": 0, "TotalTime": 2.1039, "Iterations": 117, "LinearTime": 1.76191, "LowerBound": 233.769, "TimeVector": [0.0559265, 0.0883116, 0.119043, 0.155555, 0.189283, 0.207554, 0.225262, 0.255189, 0.272672, 0.289258, 0.30747, 0.32414, 0.343028, 0.361679, 0.379346, 0.410047, 0.427457, 0.44607, 0.46349, 0.480577, 0.497881, 0.514316, 0.529541, 0.546976, 0.563048, 0.578862, 0.596869, 0.613865, 0.630577, 0.649233, 0.665682, 0.694046, 0.71144, 0.729697, 0.745779, 0.763711, 0.780949, 0.798643, 0.815701, 0.831326, 0.847846, 0.864613, 0.883367, 0.901039, 0.916731, 0.935107, 0.950576, 0.968067, 0.984134, 1.00215, 1.01842, 1.03448, 1.05172, 1.06691, 1.08347, 1.09944, 1.11637, 1.13233, 1.14812, 1.16672, 1.18222, 1.19947, 1.21385, 1.24646, 1.26418, 1.28182, 1.29732, 1.31248, 1.32797, 1.34365, 1.36009, 1.37711, 1.39306, 1.41061, 1.42823, 1.44316, 1.45937, 1.47404, 1.49036, 1.50498, 1.52012, 1.53681, 1.55232, 1.56811, 1.58364, 1.60083, 1.61672, 1.63416, 1.64917, 1.66475, 1.68098, 1.69668, 1.71245, 1.72775, 1.74444, 1.75984, 1.7748, 1.79111, 1.80933, 1.8255, 1.84019, 1.85542, 1.87248, 1.88722, 1.90346, 1.91957, 1.93505, 1.95036, 1.96607, 1.98125, 1.99757, 2.01435, 2.03059, 2.0481, 2.06287, 2.07791, 4.18181], "UpperBound": 233.986, "rootBTTime": 0, "LowerBounds": {"1": 96.1866, "2": 129.968, "3": 153.838, "4": 158.085, "5": 176.129, "6": 184.472, "7": 185.311, "8": 186.856, "9": 187.145, "10": 197.33, "11": 197.443, "12": 197.593, "13": 198.966, "14": 200.09, "15": 203.7, "16": 206.528, "17": 206.67, "18": 207.543, "19": 207.794, "20": 210.419, "21": 212.618, "22": 214.531, "23": 215.041, "24": 215.533, "25": 215.553, "26": 216.821, "27": 217.295, "28": 217.696, "29": 218.476, "30": 218.746, "31": 219.18, "32": 219.499, "33": 219.521, "34": 219.849, "35": 222.39, "36": 223.623, "37": 223.663, "38": 223.909, "39": 224.059, "40": 224.272, "41": 224.687, "42": 224.781, "43": 224.877, "44": 225.051, "45": 225.072, "46": 225.46, "47": 225.597, "48": 225.843, "49": 226.81, "50": 227.635, "51": 227.804, "52": 227.87, "53": 227.948, "54": 227.975, "55": 228.088, "56": 228.357, "57": 228.575, "58": 228.739, "59": 228.814, "60": 228.869, "61": 228.877, "62": 229.112, "63": 229.416, "64": 229.559, "65": 230.058, "66": 230.166, "67": 230.174, "68": 230.337, "69": 230.43, "70": 230.508, "71": 230.578, "72": 230.676, "73": 230.707, "74": 230.783, "75": 230.9, "76": 231.192, "77": 231.351, "78": 231.46, "79": 231.506, "80": 231.515, "81": 231.527, "82": 231.742, "83": 231.759, "84": 231.79, "85": 231.889, "86": 231.942, "87": 232.037, "88": 232.079, "89": 232.171, "90": 232.236, "91": 232.3, "92": 232.391, "93": 232.403, "94": 232.44, "95": 232.541, "96": 232.578, "97": 232.925, "98": 233.008, "99": 233.023, "100": 233.24, "101": 233.283, "102": 233.325, "103": 233.328, "104": 233.378, "105": 233.395, "106": 233.535, "107": 233.543, "108": 233.573, "109": 233.574, "110": 233.582, "111": 233.588, "112": 233.605, "113": 233.636, "114": 233.644, "115": 233.678, "116": 233.681, "117": 233.769}, "SolveResult": 0, "UpperBounds": {"1": 233.986}, "MaxQueueSize": 27, "VisitedNodes": 235, "BranchingVars": [11, 8, 6, 8, 0, 11, 11, 15, 2, 14, 4, 4, 4, 6, 4, 6, 6, 2, 8, 8, 8, 4, 6, 7, 0, 6, 7, 9, 15, 8, 4, 8, 12, 8, 7, 8, 11, 6, 2, 12, 6, 4, 6, 8, 7, 8, 2, 8, 6, 7, 7, 6, 6, 12, 8, 2, 14, 6, 4, 8, 7, 0, 2, 4, 6, 4, 7, 7, 2, 12, 13, 2, 12, 8, 7, 12, 2, 7, 6, 2, 2, 2, 7, 2, 13, 7, 6, 6, 13, 7, 2, 6, 13, 6, 6, 13, 13, 12, 0, 13, 0, 6, 4, 4, 7, 0, 12, 2, 6, 4, 2, 4, 12, 8, 1, 6, 4], "NonLinearTime": 0.14729, "OptimalityGap": 0.217109, "BranchingRules": ["sum_dual_weighted_plus1_rel", "sum_dual_weighted_plus1_rel", "sum_dual_weighted_plus1_rel", "sum_dual_weighted_plus1_rel", "sum_dual_weighted_plus1_rel", "sum_dual_weighted_plus1_rel", "sum_dual_weighted_plus1_rel", "sum_dual_weighted_plus1_rel", "sum_dual_weighted_plus1_rel", "sum_dual_weighted_plus1_rel", "sum_dual_weighted_plus1_rel", "sum_dual_weighted_plus1_rel", "sum_dual_weighted_plus1_rel", "sum_dual_weighted_plus1_rel", "sum_dual_weighted_plus1_rel", "sum_dual_weighted_plus1_rel", "sum_dual_weighted_plus1_rel", "sum_dual_weighted_plus1_rel", "sum_dual_weighted_plus1_rel", "sum_dual_weighted_plus1_rel", "sum_dual_weighted_plus1_rel", "sum_dual_weighted_plus1_rel", "sum_dual_weighted_plus1_rel", "sum_dual_weighted_plus1_rel", "sum_dual_weighted_plus1_rel", "sum_dual_weighted_plus1_rel", "sum_dual_weighted_plus1_rel", "sum_dual_weighted_plus1_rel", "sum_dual_weighted_plus1_rel", "sum_dual_weighted_plus1_rel", "sum_dual_weighted_plus1_rel", "sum_dual_weighted_plus1_rel", "sum_dual_weighted_plus1_rel", "sum_dual_weighted_plus1_rel", "sum_dual_weighted_plus1_rel", "sum_dual_weighted_plus1_rel", "sum_dual_weighted_plus1_rel", "sum_dual_weighted_plus1_rel", "sum_dual_weighted_plus1_rel", "sum_dual_weighted_plus1_rel", "sum_dual_weighted_plus1_rel", "sum_dual_weighted_plus1_rel", "sum_dual_weighted_plus1_rel", "sum_dual_weighted_plus1_rel", "sum_dual_weighted_plus1_rel", "sum_dual_weighted_plus1_rel", "sum_dual_weighted_plus1_rel", "sum_dual_weighted_plus1_rel", "sum_dual_weighted_plus1_rel", "sum_dual_weighted_plus1_rel", "sum_dual_weighted_plus1_rel", "sum_dual_weighted_plus1_rel", "sum_dual_weighted_plus1_rel", "sum_dual_weighted_plus1_rel", "sum_dual_weighted_plus1_rel", "sum_dual_weighted_plus1_rel", "sum_dual_weighted_plus1_rel", "sum_dual_weighted_plus1_rel", "sum_dual_weighted_plus1_rel", "sum_dual_weighted_plus1_rel", "sum_dual_weighted_plus1_rel", "sum_dual_weighted_plus1_rel", "sum_dual_weighted_plus1_rel", "sum_dual_weighted_plus1_rel", "sum_dual_weighted_plus1_rel", "sum_dual_weighted_plus1_rel", "sum_dual_weighted_plus1_rel", "sum_dual_weighted_plus1_rel", "sum_dual_weighted_plus1_rel", "sum_dual_weighted_plus1_rel", "sum_dual_weighted_plus1_rel", "sum_dual_weighted_plus1_rel", "sum_dual_weighted_plus1_rel", "sum_dual_weighted_plus1_rel", "sum_dual_weighted_plus1_rel", "sum_dual_weighted_plus1_rel", "sum_dual_weighted_plus1_rel", "sum_dual_weighted_plus1_rel", "sum_dual_weighted_plus1_rel", "sum_dual_weighted_plus1_rel", "sum_dual_weighted_plus1_rel", "sum_dual_weighted_plus1_rel", "sum_dual_weighted_plus1_rel", "sum_dual_weighted_plus1_rel", "sum_dual_weighted_plus1_rel", "sum_dual_weighted_plus1_rel", "sum_dual_weighted_plus1_rel", "sum_dual_weighted_plus1_rel", "sum_dual_weighted_plus1_rel", "sum_dual_weighted_plus1_rel", "sum_dual_weighted_plus1_rel", "sum_dual_weighted_plus1_rel", "sum_dual_weighted_plus1_rel", "sum_dual_weighted_plus1_rel", "sum_dual_weighted_plus1_rel", "sum_dual_weighted_plus1_rel", "sum_dual_weighted_plus1_rel", "sum_dual_weighted_plus1_rel", "sum_dual_weighted_plus1_rel", "sum_dual_weighted_plus1_rel", "sum_dual_weighted_plus1_rel", "sum_dual_weighted_plus1_rel", "sum_dual_weighted_plus1_rel", "sum_dual_weighted_plus1_rel", "sum_dual_weighted_plus1_rel", "sum_dual_weighted_plus1_rel", "sum_dual_weighted_plus1_rel", "sum_dual_weighted_plus1_rel", "sum_dual_weighted_plus1_rel", "sum_dual_weighted_plus1_rel", "sum_dual_weighted_plus1_rel", "sum_dual_weighted_plus1_rel", "sum_dual_weighted_plus1_rel", "sum_dual_weighted_plus1_rel", "sum_dual_weighted_plus1_rel", "sum_dual_weighted_plus1_rel", "sum_dual_weighted_plus1_rel"],