{"Itbt": 0, "Pace": 0.0218398, "Depth": 10, "Degree": 6, "RPSTime": 3.48355, "FBBTTime": 0, "OBBTTime": 0, "TotalTime": 22.3795, "Iterations": 108, "LinearTime": 2.88648, "LowerBound": 337.732, "TimeVector": [0.49151, 0.702511, 0.914038, 1.12318, 1.32602, 1.538, 1.75863, 1.96667, 2.16665, 2.46228, 2.66576, 2.86352, 3.06145, 3.25914, 3.45935, 3.67397, 3.87382, 4.05692, 4.24591, 4.4519, 4.64974, 4.85052, 5.05263, 5.25605, 5.45201, 5.64273, 5.84481, 6.02896, 6.2448, 6.45219, 6.67083, 6.88383, 7.07808, 7.28509, 7.4818, 7.68152, 7.8953, 8.08636, 8.28309, 8.48699, 8.68494, 8.86782, 9.09049, 9.27213, 9.48117, 9.68082, 9.87575, 10.0607, 10.2636, 10.4527, 10.661, 10.8482, 11.0448, 11.2407, 11.446, 11.6386, 11.8327, 12.0304, 12.242, 12.4416, 12.644, 12.834, 13.0509, 13.2635, 13.4552, 13.6691, 13.8815, 14.091, 14.2826, 14.4987, 14.6939, 14.8846, 15.0832, 15.2741, 15.4889, 15.6785, 15.8771, 16.0874, 16.2865, 16.5006, 16.6989, 16.906, 17.1131, 17.3362, 17.5365, 17.7467, 17.9322, 18.1634, 18.3691, 18.5721, 18.779, 18.9965, 19.2028, 19.4179, 19.6222, 19.816, 20.0291, 20.2323, 20.4249, 20.623, 20.8365, 21.0464, 21.2599, 21.4787, 21.6858, 21.9424, 22.1733, 44.5528], "UpperBound": 338.01, "rootBTTime": 0, "LowerBounds": {"1": 174.276, "2": 214.184, "3": 222.85, "4": 259.355, "5": 279.105, "6": 280.557, "7": 281.499, "8": 292.867, "9": 296.171, "10": 300.16, "11": 300.387, "12": 302.129, "13": 302.464, "14": 305.738, "15": 306.635, "16": 311.445, "17": 311.977, "18": 312.878, "19": 313.608, "20": 316.691, "21": 316.719, "22": 318.375, "23": 319.062, "24": 321.717, "25": 323.021, "26": 323.324, "27": 323.536, "28": 323.791, "29": 323.859, "30": 324.117, "31": 325.727, "32": 326.547, "33": 326.983, "34": 327.115, "35": 327.558, "36": 327.913, "37": 328.419, "38": 328.711, "39": 329.491, "40": 329.805, "41": 330.658, "42": 330.674, "43": 331.344, "44": 332.412, "45": 333.044, "46": 333.073, "47": 333.396, "48": 333.5, "49": 334.055, "50": 334.102, "51": 334.282, "52": 334.491, "53": 334.984, "54": 335.294, "55": 335.337, "56": 335.528, "57": 335.618, "58": 335.634, "59": 335.642, "60": 335.781, "61": 335.792, "62": 335.894, "63": 335.991, "64": 336.054, "65": 336.083, "66": 336.157, "67": 336.163, "68": 336.214, "69": 336.221, "70": 336.269, "71": 336.393, "72": 336.525, "73": 336.595, "74": 336.64, "75": 336.715, "76": 336.726, "77": 336.858, "78": 336.875, "79": 336.875, "80": 336.966, "81": 336.979, "82": 337, "83": 337.031, "84": 337.052, "85": 337.067, "86": 337.113, "87": 337.134, "88": 337.139, "89": 337.159, "90": 337.202, "91": 337.233, "92": 337.246, "93": 337.258, "94": 337.32, "95": 337.35, "96": 337.355, "97": 337.38, "98": 337.388, "99": 337.414, "100": 337.433, "101": 337.471, "102": 337.521, "103": 337.526, "104": 337.574, "105": 337.575, "106": 337.652, "107": 337.656, "108": 337.732}, "SolveResult": 0, "UpperBounds": {"1": 338.01}, "MaxQueueSize": 26, "VisitedNodes": 217, "BranchingVars": [5, 0, 0, 4, 1, 1, 2, 2, 1, 1, 4, 4, 4, 1, 4, 5, 2, 2, 5, 4, 2, 4, 2, 2, 4, 2, 1, 2, 2, 4, 1, 5, 2, 1, 5, 1, 0, 2, 3, 2, 5, 2, 0, 0, 5, 1, 0, 0, 2, 5, 1, 5, 2, 1, 1, 1, 1, 2, 0, 0, 0, 1, 1, 0, 5, 2, 1, 4, 0, 1, 1, 4, 1, 0, 2, 0, 1, 4, 5, 5, 5, 5, 5, 1, 0, 5, 5, 0, 0, 2, 5, 5, 0, 2, 4, 5, 5, 4, 5, 5, 3, 5, 2, 0, 1, 5, 1, 2], "NonLinearTime": 0.210661, "OptimalityGap": 0.278038, "BranchingRules": ["eigen_cen_alternative_rel", "eigen_cen_alternative_rel", "eigen_cen_alternative_rel", "eigen_cen_alternative_rel", "eigen_cen_alternative_rel", "eigen_cen_alternative_rel", "eigen_cen_alternative_rel", "eigen_cen_alternative_rel", "eigen_cen_alternative_rel", "eigen_cen_alternative_rel", "eigen_cen_alternative_rel", "eigen_cen_alternative_rel", "eigen_cen_alternative_rel", "eigen_cen_alternative_rel", "eigen_cen_alternative_rel", "eigen_cen_alternative_rel", "eigen_cen_alternative_rel", "eigen_cen_alternative_rel", "eigen_cen_alternative_rel", "eigen_cen_alternative_rel", "eigen_cen_alternative_rel", "eigen_cen_alternative_rel", "eigen_cen_alternative_rel", "eigen_cen_alternative_rel", "eigen_cen_alternative_rel", "eigen_cen_alternative_rel", "eigen_cen_alternative_rel", "eigen_cen_alternative_rel", "eigen_cen_alternative_rel", "eigen_cen_alternative_rel", "eigen_cen_alternative_rel", "eigen_cen_alternative_rel", "eigen_cen_alternative_rel", "eigen_cen_alternative_rel", "eigen_cen_alternative_rel", "eigen_cen_alternative_rel", "eigen_cen_alternative_rel", "eigen_cen_alternative_rel", "eigen_cen_alternative_rel", "eigen_cen_alternative_rel", "eigen_cen_alternative_rel", "eigen_cen_alternative_rel", "eigen_cen_alternative_rel", "eigen_cen_alternative_rel", "eigen_cen_alternative_rel", "eigen_cen_alternative_rel", "eigen_cen_alternative_rel", "eigen_cen_alternative_rel", "eigen_cen_alternative_rel", "eigen_cen_alternative_rel", "eigen_cen_alternative_rel", "eigen_cen_alternative_rel", "eigen_cen_alternative_rel", "eigen_cen_alternative_rel", "eigen_cen_alternative_rel", "eigen_cen_alternative_rel", "eigen_cen_alternative_rel", "eigen_cen_alternative_rel", "eigen_cen_alternative_rel", "eigen_cen_alternative_rel", "eigen_cen_alternative_rel", "eigen_cen_alternative_rel", "eigen_cen_alternative_rel", "eigen_cen_alternative_rel", "eigen_cen_alternative_rel", "eigen_cen_alternative_rel", "eigen_cen_alternative_rel", "eigen_cen_alternative_rel", "eigen_cen_alternative_rel", "eigen_cen_alternative_rel", "eigen_cen_alternative_rel", "eigen_cen_alternative_rel", "eigen_cen_alternative_rel", "eigen_cen_alternative_rel", "eigen_cen_alternative_rel", "eigen_cen_alternative_rel", "eigen_cen_alternative_rel", "eigen_cen_alternative_rel", "eigen_cen_alternative_rel", "eigen_cen_alternative_rel", "eigen_cen_alternative_rel", "eigen_cen_alternative_rel", "eigen_cen_alternative_rel", "eigen_cen_alternative_rel", "eigen_cen_alternative_rel", "eigen_cen_alternative_rel", "eigen_cen_alternative_rel", "eigen_cen_alternative_rel", "eigen_cen_alternative_rel", "eigen_cen_alternative_rel", "eigen_cen_alternative_rel", "eigen_cen_alternative_rel", "eigen_cen_alternative_rel", "eigen_cen_alternative_rel", "eigen_cen_alternative_rel", "eigen_cen_alternative_rel", "eigen_cen_alternative_rel", "eigen_cen_alternative_rel", "eigen_cen_alternative_rel", "eigen_cen_alternative_rel", "eigen_cen_alternative_rel", "eigen_cen_alternative_rel", "eigen_cen_alternative_rel", "eigen_cen_alternative_rel", "eigen_cen_alternative_rel", "eigen_cen_alternative_rel", "eigen_cen_alternative_rel", "eigen_cen_alternative_rel"], "LBImprovements": [39.9076, 45.1716, 56.2547, 33.5117, 23.0244, 19.8298, 18.6608, 30.6688, 20.5488, 22.8616, 11.5901, 24.4178, 8.98139, 10.9526, 20.348, 10.2718, 17.828, 15.8337, 9.71556, 9.0362, 12.7716, 17.2676, 11.5961, 6.70221, 11.0803, 10.1768, 21.8764, 8.62128, 7.48501, 11.5007, 7.66899, 9.08692, 8.54503, 12.9182, 7.42572, 7.38125, 7.74388, 6.62539, 8.93189, 4.47735, 6.59996, 15.0458, 4.6471, 3.98108, 8.28492, 3.01046, 6.43435, 3.3744, 2.10189, 4.99211, 1.93914, 3.43591, 2.17498, 3.1216, 0.455059, 6.42977, 5.8233, 3.83956, 6.49094, 1.33144, 1.17406, 0.831353, 2.31665, 1.30101, 2.09916, 1.31405, 1.92874, 0.501268, 0.778686, 0.606593, 0.131909, 1.13142, 0.0447481, 0.774418, 0.423575, 0.50696, 3.88231, 0.177711, 2.42024, 0.790053, 1.03282, 1.31086, 2.93296, 0.834814, 0.454732, 0.866507, 0.840548, 0.517224, 3.14613, 0.678506, 0.953582, 1.10699, 4.60251, 2.65115, 0.382261, 0.739748, 0.756943, 0.460714, 1.13375, 1.02147, 0.905072, 1.07724, 0.0484205, 0.24153, 0.381656, 1.12914, 0.141204, 0.24365], "InfeasibleNodes": 0, "ElapsedTimeCoeffs": 0, "LinearizationTime": 0.00252605, "NumberOfVariables": 6, "CallsToLinearSolver": 217, "LinearGenerationTime": 0.362804, "SDPCutsGenerationTime": 0, "CallsToNonLinearSolver": 10, "StrongBranchingExtraTime": 18.8096, "ElapsedTimeWeightedCoeffs": 0, "NodesDiscardedByFathoming": 0, "NodesDiscardedByTolerance": 109, "BoundFactorConstraintsTime": 0.338541, "ElapsedTimeVarsInConstraints": 0.000023799, "meanBTRelativeChangeRootNode": 0, "NumberOfBoundFactorConstraints": 186,