{"Itbt": 0, "Pace": 0.072525, "Depth": 16, "Degree": 6, "RPSTime": 16.667, "FBBTTime": 0, "OBBTTime": 0, "TotalTime": 190.41, "Iterations": 101, "LinearTime": 25.4864, "LowerBound": 1093.59, "TimeVector": [2.55568, 4.52154, 6.41663, 8.5633, 10.5401, 12.4113, 14.3745, 16.3868, 18.4625, 20.41, 22.2765, 24.3804, 26.3398, 28.2495, 30.3277, 32.4239, 34.3709, 36.3947, 38.4525, 40.6313, 42.396, 44.2836, 46.1047, 47.9934, 50.0117, 51.9301, 53.8291, 55.9331, 57.7357, 59.6929, 61.4917, 63.5218, 65.4966, 67.4556, 69.3928, 71.2111, 73.0325, 74.9418, 76.92, 78.6994, 80.4255, 82.2327, 84.1122, 85.9833, 87.7773, 89.7513, 91.6778, 93.5118, 95.2091, 97.0758, 98.9924, 100.702, 102.469, 104.342, 106.35, 108.064, 109.736, 111.644, 113.561, 115.48, 117.26, 118.987, 120.936, 122.683, 124.651, 126.444, 128.269, 130.16, 131.965, 133.784, 135.663, 137.393, 139.308, 141.108, 143.039, 144.64, 146.326, 148.283, 150.188, 152.045, 153.84, 155.677, 157.461, 159.281, 161.101, 162.82, 164.562, 166.333, 167.916, 169.627, 171.497, 173.355, 175.251, 177.083, 179.096, 180.971, 182.654, 184.821, 186.63, 188.559, 194.148], "UpperBound": 1094.63, "rootBTTime": 0, "LowerBounds": {"1": 702.491, "2": 786.5, "3": 868.244, "4": 897.625, "5": 903.488, "6": 924.65, "7": 927.836, "8": 963.517, "9": 985.721, "10": 986.678, "11": 987.118, "12": 988.874, "13": 1005.46, "14": 1018.73, "15": 1020.23, "16": 1029.73, "17": 1036.61, "18": 1038.14, "19": 1038.2, "20": 1039.81, "21": 1049.69, "22": 1050.93, "23": 1052.36, "24": 1054.73, "25": 1059.2, "26": 1059.45, "27": 1063.32, "28": 1063.8, "29": 1070.98, "30": 1074.75, "31": 1076.57, "32": 1076.79, "33": 1078.58, "34": 1079.05, "35": 1079.75, "36": 1080.75, "37": 1081.37, "38": 1081.67, "39": 1081.69, "40": 1083.26, "41": 1083.61, "42": 1084.04, "43": 1084.41, "44": 1085.33, "45": 1086.99, "46": 1087.42, "47": 1087.48, "48": 1087.77, "49": 1087.82, "50": 1087.99, "51": 1088.08, "52": 1088.26, "53": 1088.6, "54": 1089.05, "55": 1089.67, "56": 1089.94, "57": 1090.01, "58": 1090.04, "59": 1090.13, "60": 1090.26, "61": 1090.61, "62": 1090.64, "63": 1090.84, "64": 1090.86, "65": 1091.12, "66": 1091.14, "67": 1091.2, "68": 1091.62, "69": 1091.66, "70": 1091.75, "71": 1091.81, "72": 1092, "73": 1092.05, "74": 1092.09, "75": 1092.11, "76": 1092.24, "77": 1092.43, "78": 1092.47, "79": 1092.57, "80": 1092.67, "81": 1092.67, "82": 1092.68, "83": 1092.75, "84": 1092.76, "85": 1092.78, "86": 1092.83, "87": 1092.88, "88": 1093.01, "89": 1093.03, "90": 1093.06, "91": 1093.09, "92": 1093.13, "93": 1093.28, "94": 1093.35, "95": 1093.37, "96": 1093.39, "97": 1093.43, "98": 1093.44, "99": 1093.47, "100": 1093.5, "101": 1093.59}, "SolveResult": 0, "UpperBounds": {"1": 1094.63}, "MaxQueueSize": 25, "VisitedNodes": 203, "BranchingVars": [1, 2, 3, 1, 2, 5, 2, 0, 4, 0, 0, 1, 0, 4, 5, 0, 0, 1, 5, 0, 2, 0, 1, 0, 5, 5, 2, 5, 2, 5, 5, 4, 5, 1, 1, 0, 4, 1, 5, 4, 4, 5, 5, 5, 2, 2, 0, 5, 5, 5, 4, 4, 5, 4, 4, 4, 1, 4, 4, 0, 2, 1, 1, 1, 4, 4, 0, 4, 2, 4, 2, 0, 0, 2, 0, 2, 4, 0, 5, 2, 0, 2, 4, 2, 2, 0, 2, 2, 2, 2, 2, 5, 0, 4, 0, 2, 0, 1, 5, 2, 2], "NonLinearTime": 0.374647, "OptimalityGap": 1.04195, "BranchingRules": ["sum_rescaled_var_range_weighted_rel", "sum_rescaled_var_range_weighted_rel", "sum_rescaled_var_range_weighted_rel", "sum_rescaled_var_range_weighted_rel", "sum_rescaled_var_range_weighted_rel", "sum_rescaled_var_range_weighted_rel", "sum_rescaled_var_range_weighted_rel", "sum_rescaled_var_range_weighted_rel", "sum_rescaled_var_range_weighted_rel", "sum_rescaled_var_range_weighted_rel", "sum_rescaled_var_range_weighted_rel", "sum_rescaled_var_range_weighted_rel", "sum_rescaled_var_range_weighted_rel", "sum_rescaled_var_range_weighted_rel", "sum_rescaled_var_range_weighted_rel", "sum_rescaled_var_range_weighted_rel", "sum_rescaled_var_range_weighted_rel", "sum_rescaled_var_range_weighted_rel", "sum_rescaled_var_range_weighted_rel", "sum_rescaled_var_range_weighted_rel", "sum_rescaled_var_range_weighted_rel", "sum_rescaled_var_range_weighted_rel", "sum_rescaled_var_range_weighted_rel", "sum_rescaled_var_range_weighted_rel", "sum_rescaled_var_range_weighted_rel", "sum_rescaled_var_range_weighted_rel", "sum_rescaled_var_range_weighted_rel", "sum_rescaled_var_range_weighted_rel", "sum_rescaled_var_range_weighted_rel", "sum_rescaled_var_range_weighted_rel", "sum_rescaled_var_range_weighted_rel", "sum_rescaled_var_range_weighted_rel", "sum_rescaled_var_range_weighted_rel", "sum_rescaled_var_range_weighted_rel", "sum_rescaled_var_range_weighted_rel", "sum_rescaled_var_range_weighted_rel", "sum_rescaled_var_range_weighted_rel", "sum_rescaled_var_range_weighted_rel", "sum_rescaled_var_range_weighted_rel", "sum_rescaled_var_range_weighted_rel", "sum_rescaled_var_range_weighted_rel", "sum_rescaled_var_range_weighted_rel", "sum_rescaled_var_range_weighted_rel", "sum_rescaled_var_range_weighted_rel", "sum_rescaled_var_range_weighted_rel", "sum_rescaled_var_range_weighted_rel", "sum_rescaled_var_range_weighted_rel", "sum_rescaled_var_range_weighted_rel", "sum_rescaled_var_range_weighted_rel", "sum_rescaled_var_range_weighted_rel", "sum_rescaled_var_range_weighted_rel", "sum_rescaled_var_range_weighted_rel", "sum_rescaled_var_range_weighted_rel", "sum_rescaled_var_range_weighted_rel", "sum_rescaled_var_range_weighted_rel", "sum_rescaled_var_range_weighted_rel", "sum_rescaled_var_range_weighted_rel", "sum_rescaled_var_range_weighted_rel", "sum_rescaled_var_range_weighted_rel", "sum_rescaled_var_range_weighted_rel", "sum_rescaled_var_range_weighted_rel", "sum_rescaled_var_range_weighted_rel", "sum_rescaled_var_range_weighted_rel", "sum_rescaled_var_range_weighted_rel", "sum_rescaled_var_range_weighted_rel", "sum_rescaled_var_range_weighted_rel", "sum_rescaled_var_range_weighted_rel", "sum_rescaled_var_range_weighted_rel", "sum_rescaled_var_range_weighted_rel", "sum_rescaled_var_range_weighted_rel", "sum_rescaled_var_range_weighted_rel", "sum_rescaled_var_range_weighted_rel", "sum_rescaled_var_range_weighted_rel", "sum_rescaled_var_range_weighted_rel", "sum_rescaled_var_range_weighted_rel", "sum_rescaled_var_range_weighted_rel", "sum_rescaled_var_range_weighted_rel", "sum_rescaled_var_range_weighted_rel", "sum_rescaled_var_range_weighted_rel", "sum_rescaled_var_range_weighted_rel", "sum_rescaled_var_range_weighted_rel", "sum_rescaled_var_range_weighted_rel", "sum_rescaled_var_range_weighted_rel", "sum_rescaled_var_range_weighted_rel", "sum_rescaled_var_range_weighted_rel", "sum_rescaled_var_range_weighted_rel", "sum_rescaled_var_range_weighted_rel", "sum_rescaled_var_range_weighted_rel", "sum_rescaled_var_range_weighted_rel", "sum_rescaled_var_range_weighted_rel", "sum_rescaled_var_range_weighted_rel", "sum_rescaled_var_range_weighted_rel", "sum_rescaled_var_range_weighted_rel", "sum_rescaled_var_range_weighted_rel", "sum_rescaled_var_range_weighted_rel", "sum_rescaled_var_range_weighted_rel", "sum_rescaled_var_range_weighted_rel", "sum_rescaled_var_range_weighted_rel", "sum_rescaled_var_range_weighted_rel", "sum_rescaled_var_range_weighted_rel", "sum_rescaled_var_range_weighted_rel"],