{"Itbt": 0, "Pace": 0.0851609, "Depth": 16, "Degree": 6, "RPSTime": 56.2045, "FBBTTime": 0, "OBBTTime": 0, "TotalTime": 729.908, "Iterations": 235, "LinearTime": 98.9862, "LowerBound": 1729.08, "TimeVector": [3.7933, 6.79493, 9.91333, 13.0806, 16.2191, 19.0682, 22.4855, 25.7877, 28.5226, 31.7108, 35.0692, 38.0832, 41.1192, 44.4476, 47.8487, 50.5798, 53.922, 56.7558, 59.7331, 62.4369, 65.3168, 68.2248, 71.2721, 74.306, 77.2569, 80.1723, 83.6455, 86.0617, 89.1059, 92.4235, 95.4569, 98.6684, 101.794, 104.665, 107.891, 111.015, 114.186, 117.125, 119.917, 122.919, 126.224, 129.27, 132.207, 135.098, 137.624, 141.092, 144.16, 147.405, 149.996, 152.779, 156.091, 158.942, 161.954, 165.31, 168.302, 171.143, 174.385, 177.429, 180.559, 183.705, 186.81, 189.58, 192.436, 195.553, 198.272, 200.986, 204.349, 207.259, 210.321, 213.033, 215.32, 218.504, 221.626, 224.678, 227.595, 231.024, 233.905, 236.536, 239.527, 242.44, 245.593, 248.633, 251.933, 254.855, 257.868, 260.821, 263.967, 266.91, 269.941, 273.126, 276.035, 279.07, 282.135, 284.778, 287.701, 291.042, 294.126, 297.258, 300.428, 303.531, 306.355, 308.937, 311.777, 314.639, 317.455, 320.428, 323.664, 326.6, 329.866, 332.859, 336.171, 339.323, 342.647, 345.359, 348.679, 351.859, 355.193, 358.013, 361.507, 364.605, 367.526, 370.419, 373.428, 376.746, 379.457, 382.418, 385.289, 388.279, 391.156, 394.032, 397.107, 399.86, 403.012, 406.187, 408.719, 411.844, 414.69, 417.791, 420.715, 423.584, 426.653, 429.609, 432.352, 435.789, 438.923, 441.959, 445.049, 448.46, 451.53, 454.647, 457.577, 460.18, 463.421, 466.54, 469.423, 472.421, 475.894, 479.049, 482.135, 485.681, 488.762, 491.596, 495.021, 498.392, 501.42, 504.717, 508.077, 511.202, 514.29, 517.389, 520.551, 523.635, 526.975, 530.207, 533.219, 536.287, 539.87, 543.13, 546.054, 549.555, 552.741, 556.663, 560.105, 563.379, 566.351, 569.38, 572.461, 575.197, 578.199, 581.266, 585.007, 588.27, 591.547, 594.504, 597.686, 600.863, 604.188, 607.608, 611.124, 614.259, 617.382, 620.875, 624.481, 627.428, 630.744, 634.099, 637.222, 640.681, 643.852, 647.038, 650.299, 653.567, 657.067, 660.321, 663.489, 666.637, 669.828, 672.959, 676.381, 679.49, 682.606, 685.818, 689.09, 692.369, 695.26, 698.978, 702.243, 705.723, 708.918, 712.357, 715.531, 719.303, 722.809, 726.454, 733.553], "UpperBound": 1730.79, "rootBTTime": 0, "LowerBounds": {"1": 469.014, "2": 672.721, "3": 931.13, "4": 952.478, "5": 968.269, "6": 1108.87, "7": 1152.58, "8": 1164.02, "9": 1186.36, "10": 1203.36, "11": 1209.09, "12": 1298.3, "13": 1363.2, "14": 1367.32, "15": 1395.89, "16": 1397.8, "17": 1406.93, "18": 1427.92, "19": 1434.72, "20": 1439.58, "21": 1447.47, "22": 1454.16, "23": 1461.87, "24": 1488.22, "25": 1488.42, "26": 1510.47, "27": 1516.5, "28": 1518.49, "29": 1529.45, "30": 1529.86, "31": 1532.55, "32": 1536.92, "33": 1541.59, "34": 1543.73, "35": 1552.48, "36": 1562.56, "37": 1567.03, "38": 1567.54, "39": 1586.54, "40": 1589.15, "41": 1593.14, "42": 1601.8, "43": 1604.1, "44": 1605.06, "45": 1607.79, "46": 1608.35, "47": 1608.99, "48": 1614.99, "49": 1618.23, "50": 1619.38, "51": 1625.82, "52": 1625.97, "53": 1627.58, "54": 1628.33, "55": 1630.09, "56": 1630.13, "57": 1631.33, "58": 1635.37, "59": 1635.42, "60": 1636.65, "61": 1643.88, "62": 1645.18, "63": 1646.39, "64": 1649.1, "65": 1654.78, "66": 1655.45, "67": 1655.47, "68": 1656.45, "69": 1657.67, "70": 1659.98, "71": 1660.77, "72": 1664.02, "73": 1665.55, "74": 1669.04, "75": 1669.48, "76": 1669.53, "77": 1670.77, "78": 1672.04, "79": 1672.32, "80": 1674.74, "81": 1674.77, "82": 1675.83, "83": 1677.89, "84": 1678.36, "85": 1678.75, "86": 1679.6, "87": 1679.77, "88": 1680.48, "89": 1680.68, "90": 1681.23, "91": 1682.76, "92": 1682.99, "93": 1683.12, "94": 1684.27, "95": 1684.71, "96": 1685.45, "97": 1685.48, "98": 1685.5, "99": 1687.54, "100": 1687.88, "101": 1688.68, "102": 1689.01, "103": 1689.61, "104": 1691.41, "105": 1693.36, "106": 1696.21, "107": 1696.57, "108": 1696.63, "109": 1697.41, "110": 1699.76, "111": 1701.69, "112": 1702.41, "113": 1702.94, "114": 1703.23, "115": 1703.61, "116": 1703.81, "117": 1704.69, "118": 1705.45, "119": 1705.58, "120": 1705.79, "121": 1706.2, "122": 1706.73, "123": 1708.21, "124": 1708.34, "125": 1708.57, "126": 1708.68, "127": 1709.08, "128": 1709.48, "129": 1709.68, "130": 1709.81, "131": 1710.77, "132": 1710.89, "133": 1711.51, "134": 1712.39, "135": 1712.63, "136": 1713.36, "137": 1714.27, "138": 1715.31, "139": 1715.54, "140": 1715.87, "141": 1716.75, "142": 1717.16, "143": 1717.36, "144": 1717.9, "145": 1718.19, "146": 1718.31, "147": 1718.32, "148": 1718.47, "149": 1718.75, "150": 1719.23, "151": 1719.53, "152": 1720.04, "153": 1720.22, "154": 1720.27, "155": 1720.72, "156": 1721.06, "157": 1721.32, "158": 1721.37, "159": 1721.5, "160": 1721.71, "161": 1721.93, "162": 1721.94, "163": 1722.28, "164": 1722.59, "165": 1722.76, "166": 1723.19, "167": 1723.25, "168": 1723.25, "169": 1723.32, "170": 1723.73, "171": 1723.74, "172": 1724.06, "173": 1724.35, "174": 1724.41, "175": 1724.61, "176": 1724.81, "177": 1725.22, "178": 1725.49, "179": 1725.5, "180": 1725.51, "181": 1725.55, "182": 1725.66, "183": 1725.82, "184": 1725.9, "185": 1725.97, "186": 1726.01, "187": 1726.16, "188": 1726.17, "189": 1726.26, "190": 1726.3, "191": 1726.43, "192": 1726.53, "193": 1726.59, "194": 1726.66, "195": 1726.69, "196": 1726.8, "197": 1726.89, "198": 1726.9, "199": 1727.02, "200": 1727.18, "201": 1727.25, "202": 1727.26, "203": 1727.26, "204": 1727.29, "205": 1727.31, "206": 1727.44, "207": 1727.68, "208": 1727.68, "209": 1727.69, "210": 1727.73, "211": 1727.73, "212": 1727.76, "213": 1727.79, "214": 1727.8, "215": 1727.83, "216": 1727.89, "217": 1727.98, "218": 1728.03, "219": 1728.22, "220": 1728.23, "221": 1728.28, "222": 1728.29, "223": 1728.35, "224": 1728.35, "225": 1728.62, "226": 1728.67, "227": 1728.68, "228": 1728.72, "229": 1728.74, "230": 1728.77, "231": 1728.88, "232": 1728.89, "233": 1728.93, "234": 1728.95, "235": 1729.08}, "SolveResult": 0, "UpperBounds": {"1": 1730.79}, "MaxQueueSize": 53, "VisitedNodes": 471, "BranchingVars": [0, 2, 1, 4, 4, 4, 1, 1, 1, 4, 3, 3, 3, 3, 3, 3, 0, 3, 5, 3, 1, 5, 0, 2, 4, 2, 0, 3, 0, 0, 0, 3, 2, 2, 5, 1, 1, 4, 4, 4, 3, 4, 4, 5, 4, 5, 2, 5, 0, 2, 3, 2, 5, 5, 4, 5, 4, 3, 4, 2, 4, 4, 4, 5, 0, 4, 4, 5, 2, 2, 0, 0, 4, 5, 4, 4, 3, 5, 4, 4, 4, 3, 4, 3, 2, 3, 3, 4, 0, 3, 3, 3, 4, 2, 3, 4, 0, 0, 5, 4, 3, 4, 4, 4, 5, 4, 3, 4, 4, 3, 0, 0, 3, 5, 0, 4, 0, 2, 3, 1, 4, 2, 1, 1, 3, 5, 0, 3, 2, 4, 5, 3, 2, 2, 3, 5, 4, 0, 3, 4, 4, 4, 4, 2, 3, 0, 4, 0, 4, 0, 4, 4, 1, 4, 1, 5, 4, 0, 2, 1, 4, 4, 4, 1, 4, 1, 3, 2, 1, 4, 3, 3, 1, 4, 4, 1, 3, 1, 3, 1, 4, 2, 4, 4, 3, 4, 3, 5, 3, 4, 0, 0, 4, 3, 3, 3, 4, 2, 3, 1, 4, 0, 4, 0, 1, 3, 3, 1, 2, 1, 4, 4, 1, 4, 3, 1, 4, 5, 2, 4, 4, 2, 1, 1, 1, 4, 4, 0, 1, 1, 1, 3, 3, 4, 1], "NonLinearTime": 0.239358, "OptimalityGap": 1.71042,