{"Itbt": 0, "Pace": 0.0456114, "Depth": 13, "Degree": 6, "RPSTime": 359.018, "FBBTTime": 0, "OBBTTime": 0, "TotalTime": 1626.8, "Iterations": 109, "LinearTime": 179.327, "LowerBound": 15943.6, "TimeVector": [9.64755, 18.4483, 27.5236, 37.3544, 47.4737, 57.7464, 67.6984, 78.5133, 90.9313, 101.058, 110.611, 120.913, 131.234, 141.932, 152.089, 162.817, 173.711, 184.401, 195.369, 204.999, 215.899, 229.012, 240.678, 251.327, 261.972, 274.05, 284.399, 296.073, 308.52, 321.166, 332.68, 344.489, 355.645, 366.1, 376.501, 388.43, 400.312, 411.481, 422.541, 437.74, 448.276, 464.276, 477.797, 490.162, 502.923, 516.706, 529.614, 542.103, 553.342, 567.015, 584.029, 596.743, 618.427, 629.921, 641.716, 655.11, 667.637, 680.144, 697.934, 709.613, 736.479, 749.018, 771.083, 790.431, 804.838, 820.267, 839.068, 854.604, 883.458, 896.049, 906.164, 919.358, 936.306, 950.167, 962.943, 978.299, 995.204, 1010.15, 1033.1, 1050.35, 1065.45, 1088.12, 1113.29, 1128.51, 1140.78, 1172.14, 1187.33, 1201.44, 1218.1, 1237.64, 1269.45, 1292.06, 1322.56, 1337.55, 1359.46, 1378.66, 1398.15, 1415.92, 1429.88, 1451.45, 1471.17, 1495.25, 1514.08, 1541.11, 1554.9, 1575.9, 1591.23, 1610.38, 1645.95], "UpperBound": 15958.5, "rootBTTime": 0, "LowerBounds": {"1": 10858.2, "2": 12424.2, "3": 12478.8, "4": 13618.5, "5": 13675.8, "6": 13775.1, "7": 14091.2, "8": 14349.8, "9": 14393.3, "10": 14430.1, "11": 14554.3, "12": 14566.8, "13": 14883.9, "14": 14966.8, "15": 14987.5, "16": 15024, "17": 15060.7, "18": 15073.8, "19": 15074.1, "20": 15114.9, "21": 15194.4, "22": 15196.9, "23": 15247.9, "24": 15318.2, "25": 15333.6, "26": 15371.3, "27": 15380.1, "28": 15486.5, "29": 15502.3, "30": 15555.9, "31": 15556.8, "32": 15590.9, "33": 15612.8, "34": 15643.3, "35": 15674.8, "36": 15680.1, "37": 15693.3, "38": 15704.2, "39": 15707, "40": 15713.5, "41": 15718.4, "42": 15758.1, "43": 15768.8, "44": 15773.7, "45": 15790.9, "46": 15807.5, "47": 15817.1, "48": 15819.5, "49": 15832.2, "50": 15835.5, "51": 15840.7, "52": 15851.2, "53": 15853.7, "54": 15854.4, "55": 15858.6, "56": 15859.8, "57": 15861.8, "58": 15866.9, "59": 15871, "60": 15871.6, "61": 15888.7, "62": 15890.3, "63": 15893.2, "64": 15893.6, "65": 15898.8, "66": 15901.6, "67": 15906.9, "68": 15908.5, "69": 15912, "70": 15912.2, "71": 15912.5, "72": 15913, "73": 15915.2, "74": 15918.4, "75": 15919.9, "76": 15920.3, "77": 15921.9, "78": 15923.2, "79": 15923.7, "80": 15926.6, "81": 15927.2, "82": 15927.9, "83": 15928.2, "84": 15929.2, "85": 15929.4, "86": 15930.5, "87": 15931.3, "88": 15932.2, "89": 15933.1, "90": 15933.2, "91": 15933.5, "92": 15933.7, "93": 15933.8, "94": 15935.8, "95": 15936.5, "96": 15936.6, "97": 15937.7, "98": 15938, "99": 15938.1, "100": 15938.3, "101": 15938.6, "102": 15938.7, "103": 15939.2, "104": 15939.6, "105": 15940.5, "106": 15940.7, "107": 15941.2, "108": 15941.3, "109": 15943.6}, "SolveResult": 0, "UpperBounds": {"1": 16136, "2": 16102.6, "5": 15958.5}, "MaxQueueSize": 27, "VisitedNodes": 219, "BranchingVars": [1, 5, 5, 2, 4, 2, 2, 0, 0, 0, 0, 3, 2, 2, 4, 3, 2, 3, 3, 0, 3, 3, 3, 0, 0, 3, 3, 3, 3, 4, 4, 3, 4, 0, 0, 4, 4, 4, 5, 1, 3, 1, 4, 4, 1, 4, 0, 0, 1, 4, 0, 4, 5, 4, 4, 4, 5, 4, 3, 1, 1, 5, 1, 1, 1, 1, 1, 4, 1, 4, 4, 1, 1, 0, 4, 5, 5, 2, 1, 3, 3, 4, 0, 3, 5, 4, 3, 4, 3, 5, 4, 1, 1, 1, 4, 4, 5, 4, 0, 4, 2, 5, 1, 2, 0, 5, 3, 4, 1], "NonLinearTime": 0.329198, "OptimalityGap": 14.9649, "BranchingRules": ["sum_rescaled_var_range_weighted_rel", "sum_rescaled_var_range_weighted_rel", "sum_rescaled_var_range_weighted_rel", "sum_rescaled_var_range_weighted_rel", "sum_rescaled_var_range_weighted_rel", "sum_rescaled_var_range_weighted_rel", "sum_rescaled_var_range_weighted_rel", "sum_rescaled_var_range_weighted_rel", "sum_rescaled_var_range_weighted_rel", "sum_rescaled_var_range_weighted_rel", "sum_rescaled_var_range_weighted_rel", "sum_rescaled_var_range_weighted_rel", "sum_rescaled_var_range_weighted_rel", "sum_rescaled_var_range_weighted_rel", "sum_rescaled_var_range_weighted_rel", "sum_rescaled_var_range_weighted_rel", "sum_rescaled_var_range_weighted_rel", "sum_rescaled_var_range_weighted_rel", "sum_rescaled_var_range_weighted_rel", "sum_rescaled_var_range_weighted_rel", "sum_rescaled_var_range_weighted_rel", "sum_rescaled_var_range_weighted_rel", "sum_rescaled_var_range_weighted_rel", "sum_rescaled_var_range_weighted_rel", "sum_rescaled_var_range_weighted_rel", "sum_rescaled_var_range_weighted_rel", "sum_rescaled_var_range_weighted_rel", "sum_rescaled_var_range_weighted_rel", "sum_rescaled_var_range_weighted_rel", "sum_rescaled_var_range_weighted_rel", "sum_rescaled_var_range_weighted_rel", "sum_rescaled_var_range_weighted_rel", "sum_rescaled_var_range_weighted_rel", "sum_rescaled_var_range_weighted_rel", "sum_rescaled_var_range_weighted_rel", "sum_rescaled_var_range_weighted_rel", "sum_rescaled_var_range_weighted_rel", "sum_rescaled_var_range_weighted_rel", "sum_rescaled_var_range_weighted_rel", "sum_rescaled_var_range_weighted_rel", "sum_rescaled_var_range_weighted_rel", "sum_rescaled_var_range_weighted_rel", "sum_rescaled_var_range_weighted_rel", "sum_rescaled_var_range_weighted_rel", "sum_rescaled_var_range_weighted_rel", "sum_rescaled_var_range_weighted_rel", "sum_rescaled_var_range_weighted_rel", "sum_rescaled_var_range_weighted_rel", "sum_rescaled_var_range_weighted_rel", "sum_rescaled_var_range_weighted_rel", "sum_rescaled_var_range_weighted_rel", "sum_rescaled_var_range_weighted_rel", "sum_rescaled_var_range_weighted_rel", "sum_rescaled_var_range_weighted_rel", "sum_rescaled_var_range_weighted_rel", "sum_rescaled_var_range_weighted_rel", "sum_rescaled_var_range_weighted_rel", "sum_rescaled_var_range_weighted_rel", "sum_rescaled_var_range_weighted_rel", "sum_rescaled_var_range_weighted_rel", "sum_rescaled_var_range_weighted_rel", "sum_rescaled_var_range_weighted_rel", "sum_rescaled_var_range_weighted_rel", "sum_rescaled_var_range_weighted_rel", "sum_rescaled_var_range_weighted_rel", "sum_rescaled_var_range_weighted_rel", "sum_rescaled_var_range_weighted_rel", "sum_rescaled_var_range_weighted_rel", "sum_rescaled_var_range_weighted_rel", "sum_rescaled_var_range_weighted_rel", "sum_rescaled_var_range_weighted_rel", "sum_rescaled_var_range_weighted_rel", "sum_rescaled_var_range_weighted_rel", "sum_rescaled_var_range_weighted_rel", "sum_rescaled_var_range_weighted_rel", "sum_rescaled_var_range_weighted_rel", "sum_rescaled_var_range_weighted_rel", "sum_rescaled_var_range_weighted_rel", "sum_rescaled_var_range_weighted_rel", "sum_rescaled_var_range_weighted_rel", "sum_rescaled_var_range_weighted_rel", "sum_rescaled_var_range_weighted_rel", "sum_rescaled_var_range_weighted_rel", "sum_rescaled_var_range_weighted_rel", "sum_rescaled_var_range_weighted_rel", "sum_rescaled_var_range_weighted_rel", "sum_rescaled_var_range_weighted_rel", "sum_rescaled_var_range_weighted_rel", "sum_rescaled_var_range_weighted_rel", "sum_rescaled_var_range_weighted_rel", "sum_rescaled_var_range_weighted_rel", "sum_rescaled_var_range_weighted_rel", "sum_rescaled_var_range_weighted_rel", "sum_rescaled_var_range_weighted_rel", "sum_rescaled_var_range_weighted_rel", "sum_rescaled_var_range_weighted_rel", "sum_rescaled_var_range_weighted_rel", "sum_rescaled_var_range_weighted_rel", "sum_rescaled_var_range_weighted_rel", "sum_rescaled_var_range_weighted_rel", "sum_rescaled_var_range_weighted_rel", "sum_rescaled_var_range_weighted_rel", "sum_rescaled_var_range_weighted_rel", "sum_rescaled_var_range_weighted_rel", "sum_rescaled_var_range_weighted_rel", "sum_rescaled_var_range_weighted_rel", "sum_rescaled_var_range_weighted_rel", "sum_rescaled_var_range_weighted_rel", "sum_rescaled_var_range_weighted_rel"],