{"Itbt": 0, "Pace": 0.059603, "Depth": 16, "Degree": 6, "RPSTime": 50.4779, "FBBTTime": 0, "OBBTTime": 0, "TotalTime": 570.053, "Iterations": 244, "LinearTime": 76.1706, "LowerBound": 2186.28, "TimeVector": [2.80504, 5.04883, 7.20473, 9.55619, 11.9622, 14.2269, 16.4568, 18.6589, 20.7665, 23.0149, 25.196, 27.6521, 29.8557, 32.0556, 34.4695, 36.4101, 38.9789, 41.0484, 43.6582, 45.8708, 48.1435, 50.2372, 52.4066, 54.6712, 56.9181, 59.3093, 61.5625, 63.8548, 65.7978, 68.2361, 70.7165, 73.1893, 75.4874, 77.9047, 80.0177, 82.4411, 84.5355, 86.7548, 88.8445, 90.8858, 92.9704, 95.209, 97.4231, 99.9932, 101.905, 104.195, 106.451, 108.914, 111.107, 113.27, 115.513, 117.783, 119.611, 122.097, 124.582, 127.121, 129.78, 132.268, 134.564, 136.655, 139.017, 141.057, 143.169, 145.56, 148.072, 150.118, 152.2, 154.124, 156.443, 158.683, 161.173, 163.873, 166.039, 168.185, 170.784, 172.853, 174.945, 177.278, 179.37, 181.384, 183.448, 185.592, 187.625, 189.762, 191.944, 194.194, 196.363, 198.738, 201.126, 203.789, 206.297, 208.783, 210.473, 212.822, 215.359, 217.577, 219.914, 221.849, 224.328, 226.817, 229.262, 231.302, 233.566, 235.82, 237.823, 239.96, 242.449, 244.775, 247.055, 249.278, 251.389, 253.684, 256.301, 258.623, 260.977, 263.292, 265.442, 267.747, 270.092, 272.552, 274.991, 277.253, 279.495, 282.075, 284.594, 287.201, 289.506, 291.365, 294.043, 296.047, 298.25, 300.609, 302.976, 305.019, 307.344, 309.9, 312.145, 314.885, 317.325, 319.828, 322.279, 324.927, 327.297, 329.517, 331.724, 333.97, 336.262, 338.848, 341.503, 343.679, 345.9, 348.381, 350.78, 353.237, 355.741, 358.388, 360.649, 363.104, 365.312, 367.587, 369.861, 372.157, 374.612, 377.115, 379.731, 382.393, 384.704, 387.055, 389.836, 391.728, 393.492, 395.879, 398.032, 400.749, 403.081, 405.257, 407.473, 409.756, 412.121, 414.625, 416.832, 419.541, 422.029, 424.658, 426.942, 429.343, 431.555, 433.804, 435.875, 438.107, 440.714, 443.037, 445.202, 447.251, 449.915, 452.575, 454.933, 457.038, 459.445, 461.852, 464.208, 466.631, 468.822, 471.641, 474.233, 476.152, 478.648, 481.185, 483.308, 485.645, 488.089, 490.562, 493.215, 495.707, 498.181, 500.6, 503.223, 506.065, 508.388, 510.784, 513.601, 516.034, 518.131, 520.689, 523.283, 525.66, 528.278, 530.877, 533.201, 535.43, 537.632, 540.517, 542.909, 545.149, 547.911, 550.348, 552.703, 555.49, 558.026, 560.266, 562.777, 564.916, 567.721, 577.508], "UpperBound": 2188.41, "rootBTTime": 0, "LowerBounds": {"1": 781.425, "2": 989.562, "3": 1152.56, "4": 1221.18, "5": 1318.95, "6": 1325.66, "7": 1325.78, "8": 1410.45, "9": 1481.11, "10": 1492.59, "11": 1547.4, "12": 1557.66, "13": 1588.96, "14": 1590.37, "15": 1656.42, "16": 1675.52, "17": 1715.61, "18": 1728.98, "19": 1753.21, "20": 1763.91, "21": 1787.39, "22": 1788.86, "23": 1793.7, "24": 1797.62, "25": 1807.24, "26": 1823.92, "27": 1826.9, "28": 1833.86, "29": 1850.71, "30": 1870.56, "31": 1875.56, "32": 1908.44, "33": 1916.51, "34": 1924.22, "35": 1925.47, "36": 1941.29, "37": 1942.13, "38": 1944.53, "39": 1957.31, "40": 1964.14, "41": 1964.66, "42": 1969.74, "43": 1973.11, "44": 1973.25, "45": 1973.72, "46": 1978.06, "47": 1980.38, "48": 1995.25, "49": 1999.57, "50": 2001.05, "51": 2017.28, "52": 2017.33, "53": 2026.96, "54": 2028.38, "55": 2044.53, "56": 2046.01, "57": 2046.27, "58": 2046.61, "59": 2046.99, "60": 2047.37, "61": 2051.36, "62": 2053.37, "63": 2060.42, "64": 2061.15, "65": 2067.02, "66": 2071.03, "67": 2071.66, "68": 2073.44, "69": 2074.66, "70": 2076.73, "71": 2076.97, "72": 2078.97, "73": 2082.63, "74": 2082.88, "75": 2082.91, "76": 2084.19, "77": 2086.46, "78": 2087.05, "79": 2089.64, "80": 2089.95, "81": 2090.51, "82": 2091.63, "83": 2094.9, "84": 2095.02, "85": 2098.68, "86": 2099.6, "87": 2100.75, "88": 2105.01, "89": 2106.82, "90": 2107.97, "91": 2108.33, "92": 2110.89, "93": 2113.17, "94": 2113.51, "95": 2116.59, "96": 2118.64, "97": 2118.83, "98": 2119.83, "99": 2123.05, "100": 2123.69, "101": 2125.74, "102": 2128.25, "103": 2130.74, "104": 2130.77, "105": 2131.14, "106": 2132.35, "107": 2132.5, "108": 2135.09, "109": 2136.42, "110": 2137.63, "111": 2139.03, "112": 2139.61, "113": 2140.93, "114": 2141.62, "115": 2142.25, "116": 2144.22, "117": 2144.66, "118": 2145.1, "119": 2146.62, "120": 2147.88, "121": 2147.93, "122": 2148.4, "123": 2149.23, "124": 2149.93, "125": 2150.38, "126": 2151.38, "127": 2151.48, "128": 2152.54, "129": 2153.03, "130": 2154.65, "131": 2154.67, "132": 2154.88, "133": 2155.2, "134": 2156.47, "135": 2156.65, "136": 2157.85, "137": 2159.04, "138": 2159.09, "139": 2159.16, "140": 2160.05, "141": 2160.41, "142": 2160.71, "143": 2161.95, "144": 2162.86, "145": 2163.88, "146": 2164.27, "147": 2165.06, "148": 2165.46, "149": 2165.64, "150": 2166.08, "151": 2167.29, "152": 2167.43, "153": 2170.39, "154": 2170.47, "155": 2170.78, "156": 2172.01, "157": 2172.07, "158": 2172.1, "159": 2172.23, "160": 2172.25, "161": 2172.45, "162": 2173.68, "163": 2173.82, "164": 2174.17, "165": 2174.34, "166": 2174.81, "167": 2174.96, "168": 2175.03, "169": 2175.17, "170": 2175.17, "171": 2175.17, "172": 2175.19, "173": 2175.49, "174": 2175.57, "175": 2175.79, "176": 2175.87, "177": 2176.17, "178": 2176.29, "179": 2176.62, "180": 2176.65, "181": 2177.23, "182": 2177.87, "183": 2178.13, "184": 2178.31, "185": 2178.45, "186": 2178.51, "187": 2178.83, "188": 2179.26, "189": 2179.39, "190": 2179.4, "191": 2179.49, "192": 2179.73, "193": 2179.75, "194": 2179.99, "195": 2180.33, "196": 2180.36, "197": 2180.75, "198": 2180.94, "199": 2180.97, "200": 2181.23, "201": 2181.5, "202": 2181.65, "203": 2181.92, "204": 2181.92, "205": 2182.11, "206": 2182.14, "207": 2182.27, "208": 2182.31, "209": 2182.41, "210": 2183.22, "211": 2183.29, "212": 2183.31, "213": 2183.35, "214": 2183.36, "215": 2183.41, "216": 2183.67, "217": 2183.83, "218": 2183.93, "219": 2184, "220": 2184, "221": 2184.14, "222": 2184.18, "223": 2184.21, "224": 2184.23, "225": 2184.41, "226": 2184.48, "227": 2184.75, "228": 2184.93, "229": 2185.09, "230": 2185.19, "231": 2185.21, "232": 2185.21, "233": 2185.22, "234": 2185.25, "235": 2185.27, "236": 2185.4, "237": 2185.77, "238": 2185.81, "239": 2185.9, "240": 2185.97, "241": 2185.98, "242": 2186.08, "243": 2186.15, "244": 2186.28}, "SolveResult": 0, "UpperBounds": {"1": 2188.41}, "MaxQueueSize": 61, "VisitedNodes": 489, "BranchingVars": [4, 0, 1, 0, 2, 2, 2, 5, 3, 5, 5, 2, 2, 5, 3, 4, 5, 3, 3, 2, 3, 3, 1, 3, 5, 5, 5, 3, 5, 3, 5, 5, 3, 1, 3, 1, 5, 1, 1, 3, 1, 5, 1, 4, 1, 3, 4, 5, 4, 3, 4, 4, 3, 5, 4, 5, 3, 4, 4, 4, 3, 1, 4, 3, 2, 2, 1, 1, 2, 2, 4, 2, 2, 4, 1, 1, 2, 3, 1, 1, 2, 1, 4, 1, 4, 1, 1, 1, 1, 1, 2, 4, 5, 3, 0, 2, 2, 4, 3, 2, 1, 5, 5, 1, 4, 2, 0, 4, 1, 0, 5, 4, 3, 2, 3, 0, 1, 4, 5, 5, 0, 2, 1, 2, 2, 0, 5, 1, 0, 5, 2, 3, 1, 5, 5, 0, 5, 3, 2, 2, 2, 2, 0, 3, 5, 5, 2, 2, 5, 5, 0, 1, 2, 4, 5, 3, 0, 5, 1, 0, 1, 1, 0, 1, 3, 3, 2, 5, 2, 1, 1, 2, 2, 5, 0, 0, 1, 1, 5, 1, 5, 1, 3, 2, 2, 5, 0, 2, 4, 2, 2, 2, 0, 0, 0, 0, 1, 2, 0, 1, 2, 5, 5, 0, 2, 0, 4, 1, 1, 0, 5, 4, 4, 2, 1, 5, 1, 1, 3, 3, 5, 1, 4, 0, 2, 5, 2, 4, 0, 1, 4, 5, 4, 4, 2, 1, 0, 4, 1, 1, 2, 1, 1, 1], "NonLinearTime": 0.208516, "OptimalityGap": 2.12727,