{"Itbt": 0, "Pace": 0.122986, "Depth": 18, "Degree": 6, "RPSTime": 131.22, "FBBTTime": 0, "OBBTTime": 0, "TotalTime": 1924.36, "Iterations": 273, "LinearTime": 263.176, "LowerBound": 3663.27, "TimeVector": [8.20491, 15.3554, 22.833, 29.7319, 36.7652, 43.9791, 50.7391, 58.3976, 65.353, 71.803, 78.5678, 85.6686, 92.3221, 99.3636, 106.675, 113, 119.086, 125.902, 132.524, 139.152, 145.849, 153.142, 158.881, 166.386, 173.624, 180.31, 187.059, 193.685, 200.172, 207.39, 214.255, 220.817, 227.274, 234.362, 241.439, 248.029, 255.475, 263.051, 269.354, 276.678, 284.035, 290.558, 296.567, 304.158, 311.312, 317.711, 324.628, 331.277, 339.164, 345.781, 352.712, 359.56, 366.545, 373.452, 380.634, 388.395, 395.765, 403.246, 410.229, 417.446, 424.833, 431.879, 438.71, 445.778, 452.315, 459.836, 466.464, 473.559, 479.251, 486.719, 492.963, 499.047, 506.127, 512.171, 518.521, 524.931, 530.276, 537.383, 544.945, 551.575, 558.832, 565.013, 572.733, 579.402, 586.281, 592.785, 599.814, 606.317, 612.852, 620.077, 627.24, 634.216, 640.925, 647.872, 655.485, 661.951, 668.378, 674.953, 681.435, 688.699, 695.049, 701.43, 708.957, 716.981, 724.322, 730.356, 736.329, 743.706, 750.843, 757.07, 764.379, 771.42, 778.025, 785.785, 792.246, 797.765, 804.779, 810.993, 818.727, 826.85, 834.073, 839.81, 847.248, 854.99, 861.516, 869.388, 875.646, 882.429, 889.813, 896.603, 904.117, 911.665, 918.495, 925.512, 931.773, 938.812, 946.006, 952.492, 959.077, 965.64, 972.649, 979.34, 986.134, 992.68, 999.104, 1005.54, 1012.49, 1020.3, 1027.43, 1033.89, 1041.18, 1048.81, 1054.87, 1062.57, 1068.9, 1075.09, 1081.69, 1089.41, 1095.85, 1103.42, 1111.25, 1118.34, 1125.17, 1132.9, 1139.44, 1146.25, 1153.72, 1160.61, 1168.05, 1173.82, 1180.15, 1188.1, 1195.05, 1203.01, 1210.12, 1217.41, 1225.02, 1232.31, 1238.14, 1244.94, 1252.43, 1260.09, 1266.41, 1273.31, 1279.71, 1286.88, 1294.5, 1299.57, 1306.49, 1314.33, 1321.49, 1329.08, 1337.04, 1343.02, 1350.23, 1357.7, 1365.53, 1371.89, 1379.61, 1387.26, 1394.83, 1402.43, 1408.28, 1414.91, 1422.66, 1429.27, 1437.34, 1445.63, 1452.59, 1459.78, 1467.27, 1474.25, 1481.88, 1489.54, 1496.23, 1503.75, 1510.75, 1518.22, 1526.35, 1533.24, 1541.13, 1549.99, 1557.04, 1564.29, 1572.63, 1579.17, 1585.65, 1593.47, 1603.3, 1610.8, 1617.13, 1623.81, 1631.79, 1639.52, 1647.72, 1654.84, 1664.06, 1670.92, 1677.82, 1683.4, 1689.96, 1698.28, 1706.55, 1713.59, 1720.37, 1727.2, 1734.47, 1741.32, 1748.2, 1756.1, 1763.63, 1771.29, 1777.72, 1786.24, 1793.22, 1800.44, 1808.47, 1816.47, 1824.48, 1831.6, 1838.24, 1846.22, 1853.59, 1860.62, 1867.3, 1874.06, 1881.39, 1889.19, 1895.06, 1902.04, 1908.89, 1916.93, 1952.1], "UpperBound": 3666.88, "rootBTTime": 0, "LowerBounds": {"1": 1367.87, "2": 2146.07, "3": 2337.16, "4": 2590.24, "5": 2613.61, "6": 2807.65, "7": 2850.58, "8": 2909.02, "9": 2982.13, "10": 3085.47, "11": 3110.56, "12": 3129.23, "13": 3170.96, "14": 3206.13, "15": 3217.7, "16": 3218.01, "17": 3234.59, "18": 3268.88, "19": 3305.97, "20": 3316.94, "21": 3335.82, "22": 3341.27, "23": 3351.84, "24": 3370.54, "25": 3372.27, "26": 3390.84, "27": 3398.69, "28": 3402.88, "29": 3414.82, "30": 3415.19, "31": 3420.04, "32": 3420.47, "33": 3426.71, "34": 3431.88, "35": 3440.81, "36": 3442.48, "37": 3462.19, "38": 3467.11, "39": 3471.69, "40": 3472.54, "41": 3475.37, "42": 3475.61, "43": 3486.01, "44": 3501.89, "45": 3503.33, "46": 3505.04, "47": 3508.91, "48": 3511.65, "49": 3511.73, "50": 3518.17, "51": 3519.98, "52": 3521.53, "53": 3524.57, "54": 3533.89, "55": 3535.22, "56": 3535.53, "57": 3540.66, "58": 3541.43, "59": 3543.22, "60": 3545.42, "61": 3546.46, "62": 3553.24, "63": 3555.58, "64": 3557.44, "65": 3558.66, "66": 3559.05, "67": 3564.7, "68": 3566.77, "69": 3568.01, "70": 3569.09, "71": 3569.13, "72": 3569.28, "73": 3571.44, "74": 3572.15, "75": 3572.34, "76": 3577.11, "77": 3580.19, "78": 3582.08, "79": 3583.32, "80": 3583.62, "81": 3584.4, "82": 3589.1, "83": 3590.44, "84": 3590.84, "85": 3591.73, "86": 3593.05, "87": 3595.59, "88": 3595.7, "89": 3597.23, "90": 3597.89, "91": 3598.11, "92": 3598.67, "93": 3600.82, "94": 3601.8, "95": 3606.22, "96": 3607.32, "97": 3607.62, "98": 3608.73, "99": 3609.61, "100": 3609.64, "101": 3611.52, "102": 3612.14, "103": 3615.03, "104": 3617.11, "105": 3617.44, "106": 3617.52, "107": 3617.72, "108": 3618.93, "109": 3620.58, "110": 3620.82, "111": 3621.01, "112": 3624.13, "113": 3624.58, "114": 3624.66, "115": 3624.93, "116": 3625.21, "117": 3626.46, "118": 3627.98, "119": 3628.5, "120": 3628.74, "121": 3628.81, "122": 3628.87, "123": 3629.04, "124": 3629.97, "125": 3631.48, "126": 3631.52, "127": 3631.57, "128": 3632.7, "129": 3633.02, "130": 3633.53, "131": 3634.86, "132": 3635.26, "133": 3635.3, "134": 3636.15, "135": 3636.16, "136": 3636.72, "137": 3637.09, "138": 3638.73, "139": 3639.07, "140": 3640.36, "141": 3641.99, "142": 3643.32, "143": 3643.5, "144": 3644.81, "145": 3645.16, "146": 3645.53, "147": 3646.08, "148": 3646.62, "149": 3646.98, "150": 3647.63, "151": 3647.78, "152": 3647.95, "153": 3648.09, "154": 3648.14, "155": 3648.79, "156": 3648.93, "157": 3649.53, "158": 3650.31, "159": 3650.42, "160": 3650.6, "161": 3650.74, "162": 3650.84, "163": 3651.64, "164": 3652.7, "165": 3652.78, "166": 3652.94, "167": 3653.17, "168": 3653.65, "169": 3653.71, "170": 3653.71, "171": 3653.8, "172": 3653.81, "173": 3653.82, "174": 3654.05, "175": 3654.47, "176": 3654.5, "177": 3655.22, "178": 3655.33, "179": 3655.41, "180": 3655.48, "181": 3655.73, "182": 3656.32, "183": 3656.5, "184": 3656.84, "185": 3657.11, "186": 3657.16, "187": 3657.21, "188": 3657.31, "189": 3657.45, "190": 3657.6, "191": 3657.6, "192": 3657.65, "193": 3657.97, "194": 3657.99, "195": 3658.18, "196": 3658.63, "197": 3658.85, "198": 3659.07, "199": 3659.11, "200": 3659.3, "201": 3659.73, "202": 3659.77, "203": 3659.81, "204": 3659.93, "205": 3660, "206": 3660.08, "207": 3660.21, "208": 3660.23, "209": 3660.24, "210": 3660.38, "211": 3660.43, "212": 3660.44, "213": 3660.45, "214": 3660.48, "215": 3660.51, "216": 3660.58, "217": 3660.7, "218": 3660.75, "219": 3660.93, "220": 3660.95, "221": 3661, "222": 3661.02, "223": 3661.04, "224": 3661.15, "225": 3661.16, "226": 3661.17, "227": 3661.25, "228": 3661.34, "230": 3661.46, "231": 3661.53, "232": 3661.59, "233": 3661.69, "234": 3661.69, "235": 3661.72, "236": 3661.72, "237": 3661.73, "238": 3661.73, "239": 3661.77, "240": 3661.89, "241": 3661.91, "242": 3661.93, "243": 3661.95, "244": 3662.01, "245": 3662.05, "246": 3662.19, "247": 3662.3, "248": 3662.3, "249": 3662.31, "250": 3662.32, "251": 3662.33, "252": 3662.43, "253": 3662.48, "254": 3662.48, "255": 3662.5, "256": 3662.51, "257": 3662.51, "258": 3662.51, "259": 3662.61, "260": 3662.73, "261": 3662.73, "262": 3662.79, "263": 3662.86, "264": 3662.88, "265": 3662.9, "266": 3662.99, "267": 3663.01, "268": 3663.03, "269": 3663.12, "270": 3663.13, "271": 3663.18, "272": 3663.21, "273": 3663.27}, "SolveResult": 0, "UpperBounds": {"1": 3666.88}, "MaxQueueSize": 72, "VisitedNodes": 547, "BranchingVars": [2, 0, 0, 4, 4, 4, 1, 4, 1, 0, 1, 1, 1, 3, 1, 0, 3, 2, 1, 2, 1, 3, 2, 2, 3, 3, 3, 0, 3, 3, 5, 4, 3, 1, 1, 3, 3, 4, 5, 5, 2, 3, 1, 3, 1, 1, 5, 0, 5, 4, 0, 2, 3, 2, 3, 3, 1, 2, 5, 1, 1, 5, 4, 1, 5, 1, 0, 2, 2, 3, 3, 5, 3, 2, 4, 5, 5, 5, 2, 2, 3, 5, 5, 1, 5, 2, 0, 4, 1, 3, 0, 4, 3, 5, 5, 5, 2, 4, 1, 3, 3, 4, 4, 4, 4, 4, 4, 4, 5, 5, 4, 4, 2, 5, 2, 3, 4, 1, 2, 4, 3, 3, 5, 5, 1, 4, 1, 5, 3, 5, 5, 5, 5, 2, 4, 2, 0, 3, 3, 5, 5, 5, 1, 5, 3, 5, 4, 2, 2, 5, 5, 5, 2, 2, 5, 1, 2, 2, 1, 2, 3, 2, 2, 3, 2, 2, 2, 2, 1, 3, 1, 2, 2, 3, 2, 3, 2, 2, 3, 5, 5, 5, 3, 5, 5, 2, 2, 4, 1, 1, 4, 2, 2, 1, 4, 4, 3, 5, 4, 2, 3, 5, 5, 5, 1, 3, 3, 3, 4, 3, 1, 1, 0, 3, 2, 1, 2, 1, 3, 3, 0, 1, 5, 2, 1, 2, 4, 5, 1, 1, 2, 2, 1, 2, 2, 4, 2, 2, 3, 2, 0, 2, 1, 0, 5, 0, 2, 0, 5, 0, 3, 0, 2, 0, 0, 5, 2, 5, 0, 0, 0, 0, 2, 4, 0, 0, 0, 0, 5, 0, 0, 1, 0], "NonLinearTime": 0.269261, "OptimalityGap": 3.61117,