{"Itbt": 0, "Pace": 0.0255622, "Depth": 8, "Degree": 6, "RPSTime": 285.579, "FBBTTime": 0, "OBBTTime": 0, "TotalTime": 1097.04, "Iterations": 39, "LinearTime": 112.21, "LowerBound": 25605.1, "TimeVector": [20.5362, 41.8107, 61.7084, 85.2099, 111.738, 133.813, 153.388, 180.85, 205.068, 230.218, 253.918, 281.503, 304.364, 333.848, 357.981, 391.141, 413.974, 441.449, 467.207, 490.92, 514.377, 539.783, 573.291, 603.864, 630.649, 663.955, 691.955, 718.437, 750.376, 783.538, 814.149, 856.38, 888.895, 916.426, 951.375, 986.011, 1023.5, 1057.86, 1097.04], "UpperBound": 25629, "rootBTTime": 0, "LowerBounds": {"1": 19563.8, "2": 22008.1, "3": 22198.9, "4": 23293.3, "5": 23371.5, "6": 23594.4, "7": 24318.6, "8": 24335.9, "9": 24354.9, "10": 24653.3, "11": 24726.2, "12": 24755, "13": 24841.6, "14": 24941.7, "15": 25004, "16": 25087, "17": 25126.7, "18": 25202.7, "19": 25204, "20": 25227.7, "21": 25247.9, "22": 25273, "23": 25316.3, "24": 25316.6, "25": 25333.4, "26": 25432.2, "27": 25457.7, "28": 25463.1, "29": 25492.2, "30": 25508, "31": 25509.4, "32": 25522.7, "33": 25538.8, "34": 25559, "35": 25567.5, "36": 25569.8, "37": 25580.7, "38": 25584, "39": 25605.1}, "SolveResult": 0, "UpperBounds": {"1": 25629}, "MaxQueueSize": 11, "VisitedNodes": 79, "BranchingVars": [5, 0, 1, 0, 0, 1, 1, 2, 4, 2, 3, 4, 3, 3, 2, 3, 3, 2, 2, 4, 4, 4, 2, 0, 2, 0, 0, 4, 4, 0, 0, 0, 0, 0, 0, 4, 0, 3, 0], "NonLinearTime": 0.28136, "OptimalityGap": 23.8282, "BranchingRules": ["sum_rescaled_var_range_weighted_rel", "sum_rescaled_var_range_weighted_rel", "sum_rescaled_var_range_weighted_rel", "sum_rescaled_var_range_weighted_rel", "sum_rescaled_var_range_weighted_rel", "sum_rescaled_var_range_weighted_rel", "sum_rescaled_var_range_weighted_rel", "sum_rescaled_var_range_weighted_rel", "sum_rescaled_var_range_weighted_rel", "sum_rescaled_var_range_weighted_rel", "sum_rescaled_var_range_weighted_rel", "sum_rescaled_var_range_weighted_rel", "sum_rescaled_var_range_weighted_rel", "sum_rescaled_var_range_weighted_rel", "sum_rescaled_var_range_weighted_rel", "sum_rescaled_var_range_weighted_rel", "sum_rescaled_var_range_weighted_rel", "sum_rescaled_var_range_weighted_rel", "sum_rescaled_var_range_weighted_rel", "sum_rescaled_var_range_weighted_rel", "sum_rescaled_var_range_weighted_rel", "sum_rescaled_var_range_weighted_rel", "sum_rescaled_var_range_weighted_rel", "sum_rescaled_var_range_weighted_rel", "sum_rescaled_var_range_weighted_rel", "sum_rescaled_var_range_weighted_rel", "sum_rescaled_var_range_weighted_rel", "sum_rescaled_var_range_weighted_rel", "sum_rescaled_var_range_weighted_rel", "sum_rescaled_var_range_weighted_rel", "sum_rescaled_var_range_weighted_rel", "sum_rescaled_var_range_weighted_rel", "sum_rescaled_var_range_weighted_rel", "sum_rescaled_var_range_weighted_rel", "sum_rescaled_var_range_weighted_rel", "sum_rescaled_var_range_weighted_rel", "sum_rescaled_var_range_weighted_rel", "sum_rescaled_var_range_weighted_rel", "sum_rescaled_var_range_weighted_rel"], "LBImprovements": [2444.37, 1586.26, 1094.41, 1061.66, 964.342, 1058.9, 1878.72, 419.091, 371.272, 473.421, 476.492, 332.037, 406.239, 374.598, 1953.65, 345.147, 365.517, 305.338, 305.415, 464.55, 215.227, 370.647, 251.211, 267.324, 247.339, 137.61, 156.567, 59.5836, 487.063, 139.408, 140.928, 89.2805, 335.629, 58.1194, 117.717, 46.2179, 136.78, 192.576, 87.3289], "InfeasibleNodes": 0, "ElapsedTimeCoeffs": 0, "LinearizationTime": 1.02997, "NumberOfVariables": 6, "CallsToLinearSolver": 79, "LinearGenerationTime": 11.19, "SDPCutsGenerationTime": 0, "CallsToNonLinearSolver": 9, "StrongBranchingExtraTime": 942.61, "ElapsedTimeWeightedCoeffs": 0, "NodesDiscardedByFathoming": 0, "NodesDiscardedByTolerance": 40, "BoundFactorConstraintsTime": 35.9061, "ElapsedTimeVarsInConstraints": 0.000344878, "meanBTRelativeChangeRootNode": 0, "NumberOfBoundFactorConstraints": 12369, "NumberOfLAPACKConvergenceFailures": 0, "NumberOfRLTVariablesAfterLinearization": 916}