{"Itbt": 0, "Pace": 0.108959, "Depth": 12, "Degree": 5, "RPSTime": 85.316, "FBBTTime": 0, "OBBTTime": 0, "TotalTime": 381.22, "Iterations": 71, "LinearTime": 295.532, "LowerBound": 36729.2, "TimeVector": [5.29268, 7.9034, 10.5932, 13.6307, 20.1844, 22.9191, 29.8314, 33.0342, 35.7071, 38.4055, 41.2792, 44.1503, 51.527, 54.8496, 57.9109, 60.9015, 64.9656, 68.3597, 73.2762, 79.9696, 83.2865, 87.05, 90.7325, 95.3856, 103.758, 112.911, 118.182, 121.511, 125.067, 131.851, 135.517, 138.533, 145.827, 149.65, 161.661, 164.617, 167.636, 189.689, 200.164, 204.785, 208.234, 213.02, 217.221, 222.08, 225.586, 229.335, 232.598, 237.131, 240.79, 247.816, 253.292, 262.201, 272.864, 276.435, 282.144, 285.64, 289.188, 293.035, 296.759, 300.229, 311.546, 315.095, 323.842, 335.963, 341.361, 353.452, 357.045, 361.73, 365.728, 375.369, 403.138], "UpperBound": 36765.9, "rootBTTime": 0, "LowerBounds": {"1": 33230.4, "2": 34122.6, "3": 34339.8, "4": 34627, "5": 34837.9, "6": 35133.7, "7": 35282.2, "8": 35459.4, "9": 35499, "10": 35511.4, "11": 35551.2, "12": 35568.9, "13": 35664.9, "14": 35771.9, "15": 35813.8, "16": 35879, "17": 35969.2, "18": 36046.3, "19": 36109.9, "20": 36111.1, "21": 36118.1, "22": 36209.1, "23": 36222.9, "24": 36251, "25": 36312.4, "26": 36317.5, "27": 36339.4, "28": 36364.3, "29": 36400.6, "30": 36406.3, "31": 36441.6, "32": 36466.4, "33": 36495.9, "34": 36503.7, "35": 36523.7, "36": 36528.5, "37": 36542.7, "38": 36545.9, "39": 36549.9, "40": 36554.5, "41": 36555.6, "42": 36576.1, "43": 36576.7, "44": 36606.6, "45": 36617.3, "46": 36630.7, "47": 36635.5, "48": 36635.7, "49": 36659.5, "50": 36666.1, "51": 36666.3, "52": 36669.9, "53": 36671.3, "54": 36680.1, "55": 36680.5, "56": 36682.1, "57": 36692.7, "58": 36696.2, "59": 36701.4, "60": 36701.7, "61": 36704.2, "62": 36711.4, "63": 36712.6, "64": 36714.9, "65": 36715.9, "66": 36716.3, "67": 36722.5, "68": 36723.8, "69": 36725.8, "70": 36727.2, "71": 36729.2}, "SolveResult": 0, "UpperBounds": {"1": 36765.9}, "MaxQueueSize": 24, "VisitedNodes": 143, "BranchingVars": [2, 0, 3, 7, 7, 0, 1, 3, 0, 3, 4, 3, 5, 7, 1, 4, 5, 1, 0, 7, 3, 5, 4, 7, 3, 3, 5, 4, 0, 1, 3, 7, 2, 7, 0, 5, 4, 4, 1, 2, 5, 1, 1, 1, 2, 5, 7, 3, 5, 4, 7, 0, 2, 4, 1, 4, 7, 0, 2, 2, 7, 5, 7, 5, 2, 4, 7, 4, 1, 5, 1], "NonLinearTime": 0.371829, "OptimalityGap": 36.7567, "BranchingRules": ["eigen_cen_alternative_rel", "eigen_cen_alternative_rel", "eigen_cen_alternative_rel", "eigen_cen_alternative_rel", "eigen_cen_alternative_rel", "eigen_cen_alternative_rel", "eigen_cen_alternative_rel", "eigen_cen_alternative_rel", "eigen_cen_alternative_rel", "eigen_cen_alternative_rel", "eigen_cen_alternative_rel", "eigen_cen_alternative_rel", "eigen_cen_alternative_rel", "eigen_cen_alternative_rel", "eigen_cen_alternative_rel", "eigen_cen_alternative_rel", "eigen_cen_alternative_rel", "eigen_cen_alternative_rel", "eigen_cen_alternative_rel", "eigen_cen_alternative_rel", "eigen_cen_alternative_rel", "eigen_cen_alternative_rel", "eigen_cen_alternative_rel", "eigen_cen_alternative_rel", "eigen_cen_alternative_rel", "eigen_cen_alternative_rel", "eigen_cen_alternative_rel", "eigen_cen_alternative_rel", "eigen_cen_alternative_rel", "eigen_cen_alternative_rel", "eigen_cen_alternative_rel", "eigen_cen_alternative_rel", "eigen_cen_alternative_rel", "eigen_cen_alternative_rel", "eigen_cen_alternative_rel", "eigen_cen_alternative_rel", "eigen_cen_alternative_rel", "eigen_cen_alternative_rel", "eigen_cen_alternative_rel", "eigen_cen_alternative_rel", "eigen_cen_alternative_rel", "eigen_cen_alternative_rel", "eigen_cen_alternative_rel", "eigen_cen_alternative_rel", "eigen_cen_alternative_rel", "eigen_cen_alternative_rel", "eigen_cen_alternative_rel", "eigen_cen_alternative_rel", "eigen_cen_alternative_rel", "eigen_cen_alternative_rel", "eigen_cen_alternative_rel", "eigen_cen_alternative_rel", "eigen_cen_alternative_rel", "eigen_cen_alternative_rel", "eigen_cen_alternative_rel", "eigen_cen_alternative_rel", "eigen_cen_alternative_rel", "eigen_cen_alternative_rel", "eigen_cen_alternative_rel", "eigen_cen_alternative_rel", "eigen_cen_alternative_rel", "eigen_cen_alternative_rel", "eigen_cen_alternative_rel", "eigen_cen_alternative_rel", "eigen_cen_alternative_rel", "eigen_cen_alternative_rel", "eigen_cen_alternative_rel", "eigen_cen_alternative_rel", "eigen_cen_alternative_rel", "eigen_cen_alternative_rel", "eigen_cen_alternative_rel"], "LBImprovements": [892.112, 504.409, 498.131, 832.444, 444.293, 417.545, 382.699, 904.864, 379.985, 1017.01, 262.597, 897.509, 444.973, 274.385, 297.258, 239.142, 348.277, 293.135, 202.511, 443.427, 437.5, 294.579, 353.234, 379.674, 237.547, 206.232, 267.195, 347.105, 145.305, 275.779, 224.686, 732.505, 170.206, 304.931, 239.672, 440.885, 388.846, 220.048, 120.008, 203.327, 405.689, 125.57, 258.172, 117.206, 18.4476, 208.523, 24.0395, 267.021, 107.323, 254.441, 62.2201, 34.2689, 43.6201, 258.23, 173.212, 276.248, 531.248, 216.648, 72.9538, 190.31, 12.1107, 557.297, 44.4873, 32.3342, 98.7995, 10.8975, 7.9546, 188.545, 84.5971, 17.8598, 124.065], "InfeasibleNodes": 0, "ElapsedTimeCoeffs": 0, "LinearizationTime": 1.67116, "NumberOfVariables": 8, "CallsToLinearSolver": 143, "LinearGenerationTime": 15.291, "SDPCutsGenerationTime": 0, "CallsToNonLinearSolver": 10, "StrongBranchingExtraTime": 0, "ElapsedTimeWeightedCoeffs": 0, "NodesDiscardedByFathoming": 0, "NodesDiscardedByTolerance": 72, "BoundFactorConstraintsTime": 77.8779, "ElapsedTimeVarsInConstraints": 0, "meanBTRelativeChangeRootNode": 0, "NumberOfBoundFactorConstraints": 15504, "NumberOfLAPACKConvergenceFailures": 0, "NumberOfRLTVariablesAfterLinearization": 1278}