{"Itbt": 0, "Pace": 0.0106532, "Depth": 10, "Degree": 4, "RPSTime": 0.0387348, "FBBTTime": 0, "OBBTTime": 0, "TotalTime": 0.308071, "Iterations": 34, "LinearTime": 0.172416, "LowerBound": -286.955, "TimeVector": [0.0315382, 0.0471871, 0.0625852, 0.0794198, 0.0950675, 0.101429, 0.107232, 0.123127, 0.129216, 0.135154, 0.141096, 0.147568, 0.15382, 0.160208, 0.165712, 0.181246, 0.187256, 0.192945, 0.199022, 0.204576, 0.210901, 0.21707, 0.223143, 0.228912, 0.23526, 0.241142, 0.247478, 0.253528, 0.259493, 0.265141, 0.270382, 0.285127, 0.291329, 0.599399], "UpperBound": -286.72, "rootBTTime": 0, "LowerBounds": {"1": -315.872, "2": -308.091, "3": -304.007, "4": -302.229, "5": -300.071, "6": -298.907, "7": -292.57, "8": -292.33, "9": -291.16, "10": -291.07, "11": -290.601, "12": -289.909, "13": -289.721, "14": -289.502, "15": -289.491, "16": -289.166, "17": -289.107, "18": -289.106, "19": -288.856, "20": -288.65, "21": -288.597, "22": -288.517, "23": -288.021, "24": -288.015, "25": -287.901, "26": -287.871, "27": -287.646, "28": -287.493, "29": -287.345, "30": -287.273, "31": -287.079, "32": -287.071, "33": -287.055, "34": -286.955}, "SolveResult": 0, "UpperBounds": {"1": -283.871, "2": -286.72}, "MaxQueueSize": 10, "VisitedNodes": 69, "BranchingVars": [3, 9, 2, 3, 3, 3, 2, 2, 2, 3, 3, 2, 5, 7, 5, 3, 5, 5, 5, 2, 5, 3, 5, 5, 5, 3, 2, 3, 3, 2, 5, 5, 5, 5], "NonLinearTime": 0.0969056, "OptimalityGap": 0.234842, "BranchingRules": ["sum_dual_weighted_plus1_rel", "sum_dual_weighted_plus1_rel", "sum_dual_weighted_plus1_rel", "sum_dual_weighted_plus1_rel", "sum_dual_weighted_plus1_rel", "sum_dual_weighted_plus1_rel", "sum_dual_weighted_plus1_rel", "sum_dual_weighted_plus1_rel", "sum_dual_weighted_plus1_rel", "sum_dual_weighted_plus1_rel", "sum_dual_weighted_plus1_rel", "sum_dual_weighted_plus1_rel", "sum_dual_weighted_plus1_rel", "sum_dual_weighted_plus1_rel", "sum_dual_weighted_plus1_rel", "sum_dual_weighted_plus1_rel", "sum_dual_weighted_plus1_rel", "sum_dual_weighted_plus1_rel", "sum_dual_weighted_plus1_rel", "sum_dual_weighted_plus1_rel", "sum_dual_weighted_plus1_rel", "sum_dual_weighted_plus1_rel", "sum_dual_weighted_plus1_rel", "sum_dual_weighted_plus1_rel", "sum_dual_weighted_plus1_rel", "sum_dual_weighted_plus1_rel", "sum_dual_weighted_plus1_rel", "sum_dual_weighted_plus1_rel", "sum_dual_weighted_plus1_rel", "sum_dual_weighted_plus1_rel", "sum_dual_weighted_plus1_rel", "sum_dual_weighted_plus1_rel", "sum_dual_weighted_plus1_rel", "sum_dual_weighted_plus1_rel"], "LBImprovements": [7.78099, 4.08417, 1.7787, 9.65812, 7.74072, 7.74704, 1.50012, 1.72935, 1.43802, 1.57926, 1.49503, 3.43803, 0.555116, 1.48071, 0.841395, 2.30139, 2.39945, 1.09098, 1.51084, 0.778339, 2.68382, 1.46526, 0.375344, 0.521748, 2.47184, 0.792777, 1.81934, 0.764093, 1.7418, 0.428332, 0.215713, 0.272774, 3.8886, 0.656645], "InfeasibleNodes": 0, "ElapsedTimeCoeffs": 0, "LinearizationTime": 0.000568064, "NumberOfVariables": 12, "CallsToLinearSolver": 69, "LinearGenerationTime": 0.024722, "SDPCutsGenerationTime": 0, "CallsToNonLinearSolver": 9, "StrongBranchingExtraTime": 0, "ElapsedTimeWeightedCoeffs": 0, "NodesDiscardedByFathoming": 0, "NodesDiscardedByTolerance": 35, "BoundFactorConstraintsTime": 0.014732, "ElapsedTimeVarsInConstraints": 0.000023974, "meanBTRelativeChangeRootNode": 0, "NumberOfBoundFactorConstraints": 100, "NumberOfLAPACKConvergenceFailures": 0, "NumberOfRLTVariablesAfterLinearization": 57}