{"Itbt": 0, "Pace": 0.000000135689, "Depth": 18, "Degree": 4, "RPSTime": 0.0123999, "FBBTTime": 0, "OBBTTime": 0, "TotalTime": 0.0995162, "Iterations": 39, "LinearTime": 0.0202108, "LowerBound": -0.000474098, "TimeVector": [0.0101146, 0.0187317, 0.0272378, 0.035699, 0.0441962, 0.0449681, 0.0457696, 0.0542134, 0.0550013, 0.0557528, 0.0565263, 0.0572894, 0.0580558, 0.0588519, 0.0596624, 0.0678751, 0.0686721, 0.0694773, 0.0702588, 0.0710734, 0.0718325, 0.0726828, 0.0734431, 0.0741774, 0.0749275, 0.0756824, 0.0764272, 0.0771808, 0.0779188, 0.0786747, 0.0794326, 0.0873918, 0.0881758, 0.0889141, 0.0896356, 0.0903388, 0.0910143, 0.0917512, 0.191267], "UpperBound": 0, "rootBTTime": 0, "LowerBounds": {"1": -733415, "2": -125854, "3": -55237.8, "4": -52677.8, "6": -12454.1, "7": -12454.1, "8": -4851.28, "9": -4851.28, "10": -1253.65, "11": -1173.65, "12": -1141.78, "13": -1141.78, "14": -965.555, "15": -564.162, "16": -540.659, "17": -540.659, "18": -141.658, "19": -108.644, "20": -60.783, "21": -50.2058, "22": -32.5288, "23": -31.7166, "24": -29.8211, "25": -9.82114, "26": -9.70776, "27": -9.26372, "28": -6.51702, "29": -1.72518, "30": -0.402059, "31": -0.20089, "32": -0.0985121, "33": -0.083564, "34": -0.0218754, "35": -0.0102012, "36": -0.00863893, "37": -0.00408668, "38": -0.00265802, "39": -0.000474098}, "SolveResult": 0, "UpperBounds": {"1": 0}, "MaxQueueSize": 4, "VisitedNodes": 79, "BranchingVars": [0, 0, 1, 0, 0, 0, 0, 0, 0, 1, 1, 0, 0, 0, 0, 0, 0, 0, 0, 0, 0, 0, 0, 1, 0, 0, 1, 0, 0, 0, 0, 0, 0, 0, 0, 0, 0, 0, 0], "NonLinearTime": 0.0668934, "OptimalityGap": 0.000474098, "BranchingRules": ["eigen_cen_alternative_rel", "eigen_cen_alternative_rel", "eigen_cen_alternative_rel", "eigen_cen_alternative_rel", "eigen_cen_alternative_rel", "eigen_cen_alternative_rel", "eigen_cen_alternative_rel", "eigen_cen_alternative_rel", "eigen_cen_alternative_rel", "eigen_cen_alternative_rel", "eigen_cen_alternative_rel", "eigen_cen_alternative_rel", "eigen_cen_alternative_rel", "eigen_cen_alternative_rel", "eigen_cen_alternative_rel", "eigen_cen_alternative_rel", "eigen_cen_alternative_rel", "eigen_cen_alternative_rel", "eigen_cen_alternative_rel", "eigen_cen_alternative_rel", "eigen_cen_alternative_rel", "eigen_cen_alternative_rel", "eigen_cen_alternative_rel", "eigen_cen_alternative_rel", "eigen_cen_alternative_rel", "eigen_cen_alternative_rel", "eigen_cen_alternative_rel", "eigen_cen_alternative_rel", "eigen_cen_alternative_rel", "eigen_cen_alternative_rel", "eigen_cen_alternative_rel", "eigen_cen_alternative_rel", "eigen_cen_alternative_rel", "eigen_cen_alternative_rel", "eigen_cen_alternative_rel", "eigen_cen_alternative_rel", "eigen_cen_alternative_rel", "eigen_cen_alternative_rel", "eigen_cen_alternative_rel"], "LBImprovements": [607561, 70616.3, 2560, 40223.7, 40223.7, 7602.87, 7602.87, 3709.49, 3597.62, 80, 31.8704, 601.124, 601.124, 1056.56, 1055.16, 432.015, 399.001, 80.875, 58.4383, 28.2542, 50.005, 0.812154, 1.89549, 20, 0.113379, 0.444039, 10, 4.79184, 1.62667, 0.318495, 0.223491, 0.0766367, 0.0733628, 0.0132365, 0.00611455, 0.00598092, 0.0023431, 0.00230798, 0.00126949], "InfeasibleNodes": 3, "ElapsedTimeCoeffs": 0, "LinearizationTime": 0.000023124, "NumberOfVariables": 2, "CallsToLinearSolver": 79, "LinearGenerationTime": 0.00592243, "SDPCutsGenerationTime": 0, "CallsToNonLinearSolver": 9, "StrongBranchingExtraTime": 0, "ElapsedTimeWeightedCoeffs": 0, "NodesDiscardedByFathoming": 0, "NodesDiscardedByTolerance": 37, "BoundFactorConstraintsTime": 0.00306688, "ElapsedTimeVarsInConstraints": 0, "meanBTRelativeChangeRootNode": 0, "NumberOfBoundFactorConstraints": 14, "NumberOfLAPACKConvergenceFailures": 0, "NumberOfRLTVariablesAfterLinearization": 6}