{"Itbt": 0, "Pace": 0.123121, "Depth": 14, "Degree": 5, "RPSTime": 11.0391, "FBBTTime": 0, "OBBTTime": 0, "TotalTime": 169.271, "Iterations": 229, "LinearTime": 158.095, "LowerBound": 2573.77, "TimeVector": [1.3003, 2.13003, 2.99503, 3.81983, 4.61514, 5.44008, 6.16023, 6.90242, 7.70508, 8.48147, 9.283, 10.141, 10.902, 11.6462, 12.4006, 13.2537, 14.0702, 14.8431, 15.5804, 16.3299, 17.1422, 17.8872, 18.7278, 19.462, 20.4446, 21.2026, 22.0402, 22.7867, 23.5286, 24.3864, 25.1019, 25.8382, 26.5184, 27.2658, 28.0279, 28.7471, 29.55, 30.2368, 30.9114, 31.6268, 32.3734, 33.04, 33.7983, 34.4394, 35.13, 35.8399, 36.5298, 37.3703, 38.1078, 38.8872, 39.751, 40.4972, 41.2114, 41.9003, 42.5521, 43.3679, 44.1118, 44.9193, 45.6037, 46.2853, 47.1441, 47.9911, 48.7162, 49.4302, 50.1131, 50.8049, 51.6876, 52.4382, 53.2551, 53.9445, 54.5774, 55.2907, 56.1807, 56.8274, 57.7081, 58.5937, 59.3127, 60.1258, 60.9166, 61.6363, 62.3471, 63.0061, 63.6415, 64.2738, 65.0833, 65.9118, 66.66, 67.3241, 68.137, 68.9558, 69.7359, 70.5159, 71.3074, 72.1248, 72.898, 73.6002, 74.2374, 75.0676, 75.8006, 76.4204, 77.1001, 77.6954, 78.4723, 79.2256, 80.0316, 80.8517, 81.5482, 82.3239, 83.0405, 83.7359, 84.5598, 85.2651, 85.9688, 86.6144, 87.3882, 88.0298, 88.7173, 89.5539, 90.3681, 91.1, 91.8309, 92.6677, 93.4438, 94.1285, 94.7488, 95.5085, 96.2389, 96.9923, 97.5916, 98.4652, 99.2668, 100.033, 100.812, 101.448, 102.308, 103.01, 103.708, 104.391, 105.155, 105.881, 106.658, 107.455, 108.131, 108.774, 109.486, 110.325, 110.964, 111.609, 112.303, 113.044, 113.777, 114.477, 115.201, 115.862, 116.63, 117.262, 117.945, 118.747, 119.465, 120.147, 120.805, 121.481, 122.129, 122.773, 123.433, 124.152, 124.884, 125.693, 126.585, 127.386, 128.118, 128.871, 129.594, 130.279, 131.03, 131.834, 132.545, 133.277, 133.96, 134.7, 135.435, 136.113, 136.734, 137.431, 138.142, 138.827, 139.539, 140.296, 141.172, 141.781, 142.485, 143.247, 143.879, 144.509, 145.197, 145.864, 146.606, 147.267, 148.048, 148.875, 149.575, 150.225, 150.948, 151.591, 152.278, 153.022, 153.711, 154.457, 155.347, 155.893, 156.593, 157.293, 157.979, 158.664, 159.328, 160.045, 160.727, 161.527, 162.123, 162.729, 163.481, 164.25, 164.957, 165.603, 166.347, 167.001, 167.769, 168.573, 186.253], "UpperBound": 2576.31, "rootBTTime": 0, "LowerBounds": {"1": 1198.94, "2": 1716.57, "3": 1795.12, "4": 1931.3, "5": 2009.81, "6": 2027.64, "7": 2064.42, "8": 2085.03, "9": 2091.07, "10": 2100.87, "11": 2154.27, "12": 2163.07, "13": 2177.39, "14": 2186.64, "15": 2189.61, "16": 2196.03, "17": 2208.44, "18": 2234.57, "19": 2244.2, "20": 2259.22, "21": 2261.07, "22": 2268.36, "23": 2280.14, "24": 2280.48, "25": 2315.64, "26": 2316.34, "27": 2318.66, "28": 2321.87, "29": 2328.73, "30": 2329.51, "31": 2335.28, "32": 2339.11, "33": 2341.28, "34": 2354.39, "35": 2355.98, "36": 2356.32, "37": 2356.75, "38": 2362.22, "39": 2364.02, "40": 2368.26, "41": 2372.66, "42": 2384.76, "43": 2391.8, "44": 2395.67, "45": 2399.92, "46": 2404.66, "47": 2407.36, "48": 2409.08, "49": 2409.75, "50": 2414.32, "51": 2417.91, "52": 2418.06, "53": 2418.37, "54": 2418.55, "55": 2422.68, "56": 2429.11, "57": 2429.59, "58": 2429.88, "59": 2434.55, "60": 2439.03, "61": 2442.23, "62": 2442.28, "63": 2443.06, "64": 2444.97, "65": 2447.58, "66": 2450.13, "67": 2450.96, "68": 2456.25, "69": 2459.51, "70": 2459.53, "71": 2459.57, "72": 2459.72, "73": 2461.11, "74": 2463.32, "75": 2467.75, "76": 2468.79, "77": 2469.01, "78": 2474.39, "79": 2476.85, "80": 2478.96, "81": 2478.97, "82": 2479.35, "83": 2480.66, "84": 2487.03, "85": 2489.45, "86": 2492.26, "87": 2493.58, "88": 2495.33, "89": 2497.19, "90": 2497.44, "91": 2497.71, "92": 2497.88, "93": 2501.54, "94": 2504.42, "95": 2506.24, "96": 2507.04, "97": 2507.81, "98": 2508.57, "99": 2508.86, "100": 2509.93, "101": 2511.15, "102": 2511.94, "103": 2512.8, "104": 2513.42, "105": 2514.25, "106": 2514.57, "107": 2515.48, "108": 2517.13, "109": 2518.19, "110": 2520.27, "111": 2521.01, "112": 2525.15, "113": 2525.16, "114": 2525.21, "115": 2527.43, "116": 2528.17, "117": 2528.91, "118": 2529.36, "119": 2529.95, "120": 2530.24, "121": 2530.49, "122": 2530.6, "123": 2530.89, "124": 2531.31, "125": 2532.14, "126": 2533.22, "127": 2533.32, "128": 2533.62, "129": 2534.93, "130": 2535.59, "131": 2535.67, "132": 2536.8, "133": 2537.62, "134": 2538.39, "135": 2538.57, "136": 2538.91, "137": 2540.37, "138": 2540.77, "139": 2541.78, "140": 2541.98, "141": 2542.22, "142": 2542.86, "143": 2543, "144": 2544.5, "145": 2544.69, "146": 2544.99, "147": 2545.65, "148": 2546.21, "149": 2547.59, "150": 2547.67, "151": 2548.1, "152": 2548.69, "153": 2549.24, "154": 2550.24, "155": 2550.53, "156": 2551.08, "157": 2551.77, "158": 2552.42, "159": 2552.87, "160": 2553, "161": 2553.28, "162": 2553.93, "163": 2554.33, "164": 2554.65, "165": 2557.27, "166": 2557.52, "167": 2557.81, "168": 2559.1, "169": 2559.58, "170": 2559.83, "171": 2560.65, "172": 2560.74, "173": 2561.13, "174": 2561.24, "175": 2561.78, "176": 2562.82, "177": 2563.57, "178": 2564.3, "179": 2564.98, "180": 2565.11, "181": 2565.21, "182": 2565.51, "183": 2565.79, "184": 2565.81, "185": 2566.01, "186": 2566.42, "187": 2566.49, "188": 2567.48, "189": 2567.62, "190": 2567.66, "191": 2567.8, "192": 2568.45, "193": 2568.55, "194": 2568.76, "195": 2568.92, "196": 2569.61, "197": 2569.65, "198": 2569.85, "199": 2569.98, "200": 2570.59, "201": 2570.61, "202": 2570.74, "203": 2570.84, "204": 2571.19, "205": 2571.35, "206": 2571.65, "207": 2571.67, "208": 2571.68, "209": 2571.71, "210": 2571.72, "211": 2571.73, "212": 2571.82, "213": 2572.14, "214": 2572.33, "215": 2572.4, "216": 2572.52, "217": 2572.61, "218": 2572.66, "219": 2572.7, "220": 2572.74, "221": 2572.89, "222": 2573.26, "223": 2573.27, "224": 2573.31, "225": 2573.33, "226": 2573.35, "227": 2573.64, "228": 2573.67, "229": 2573.77}, "SolveResult": 0, "UpperBounds": {"1": 2576.31}, "MaxQueueSize": 62, "VisitedNodes": 459, "BranchingVars": [1, 7, 7, 5, 0, 7, 2, 2, 2, 3, 5, 2, 5, 2, 0, 2, 2, 5, 7, 7, 5, 5, 3, 6, 6, 4, 5, 6, 7, 4, 4, 6, 4, 6, 2, 2, 5, 5, 5, 4, 7, 4, 6, 4, 4, 5, 0, 5, 3, 4, 3, 3, 4, 4, 4, 4, 3, 3, 1, 4, 5, 3, 5, 4, 4, 0, 6, 0, 0, 4, 7, 5, 4, 6, 4, 1, 7, 4, 6, 0, 7, 2, 6, 2, 7, 5, 5, 6, 3, 3, 4, 6, 2, 4, 5, 7, 1, 4, 6, 2, 7, 1, 3, 7, 6, 5, 6, 3, 7, 7, 3, 7, 7, 1, 3, 1, 1, 6, 4, 6, 1, 1, 4, 1, 6, 3, 6, 1, 2, 3, 1, 1, 6, 0, 7, 2, 2, 1, 6, 1, 7, 5, 5, 2, 0, 2, 6, 1, 2, 1, 6, 2, 1, 1, 1, 1, 2, 5, 2, 6, 2, 3, 2, 0, 6, 0, 0, 4, 7, 5, 4, 3, 2, 0, 6, 2, 2, 6, 5, 0, 5, 2, 2, 2, 7, 2, 6, 3, 5, 6, 2, 5, 1, 1, 5, 2, 2, 2, 3, 4, 5, 2, 7, 4, 1, 7, 5, 5, 3, 7, 1, 2, 1, 5, 5, 5, 1, 0, 6, 5, 3, 6, 5, 2, 5, 5, 1, 4, 5], "NonLinearTime": 0.136901, "OptimalityGap": 2.53692,