{"Itbt": 0, "Pace": 0.0218419, "Depth": 10, "Degree": 3, "RPSTime": 11.7048, "FBBTTime": 0, "OBBTTime": 0, "TotalTime": 38.6062, "Iterations": 105, "LinearTime": 26.5526, "LowerBound": 9242.41, "TimeVector": [1.05418, 1.39102, 1.7303, 2.07159, 2.4303, 2.7458, 3.05901, 3.41663, 3.73827, 4.06245, 4.40356, 4.7324, 5.0621, 5.4017, 5.73441, 6.1035, 6.43576, 6.77753, 7.10332, 7.42204, 7.74052, 8.06012, 8.42069, 8.74178, 9.07729, 9.42473, 9.77068, 10.1036, 10.4363, 10.7664, 11.0884, 11.4409, 11.7665, 12.1026, 12.4449, 12.8024, 13.15, 13.4971, 13.8378, 14.1797, 14.5239, 14.8547, 15.1988, 15.5462, 15.8776, 16.2334, 16.6215, 16.9715, 17.3221, 17.6633, 18.0362, 18.3609, 18.7076, 19.0502, 19.4258, 19.7728, 20.1222, 20.4785, 20.8719, 21.2417, 21.5959, 21.9365, 22.3263, 22.7086, 23.0477, 23.3887, 23.8142, 24.1715, 24.5567, 24.9334, 25.288, 25.6328, 26.0195, 26.3844, 26.7677, 27.1679, 27.6114, 27.963, 28.3861, 28.7857, 29.2266, 29.6869, 30.0571, 30.4104, 30.7649, 31.1391, 31.5691, 32.0122, 32.3509, 32.7722, 33.1276, 33.4824, 33.8564, 34.314, 34.7578, 35.1226, 35.5035, 35.8577, 36.2231, 36.5915, 36.9391, 37.3376, 37.7398, 38.1458, 46.6949], "UpperBound": 9251.53, "rootBTTime": 0, "LowerBounds": {"1": 7474.89, "2": 7969.41, "3": 8240.2, "4": 8306.34, "5": 8431.12, "6": 8484.09, "7": 8527.78, "8": 8609.64, "9": 8662.34, "10": 8670.31, "11": 8687.69, "12": 8691.33, "13": 8726.07, "14": 8766.23, "15": 8786.53, "16": 8792.87, "17": 8800.24, "18": 8849.11, "19": 8850.97, "20": 8856.15, "21": 8876.52, "22": 8881.08, "23": 8928.34, "24": 8930.76, "25": 8930.79, "26": 8930.96, "27": 8932.3, "28": 8942.84, "29": 8942.98, "30": 8949.17, "31": 8955.8, "32": 8984.48, "33": 9000.21, "34": 9000.85, "35": 9007.26, "36": 9013.22, "37": 9024.92, "38": 9036.54, "39": 9049.65, "40": 9052.57, "41": 9053.67, "42": 9055.71, "43": 9057.18, "44": 9064.84, "45": 9066.11, "46": 9076.81, "47": 9077.49, "48": 9079.89, "49": 9079.91, "50": 9085.31, "51": 9086.98, "52": 9091.65, "53": 9094.91, "54": 9096.52, "55": 9100.26, "56": 9111.37, "57": 9120.23, "58": 9120.27, "59": 9131.8, "60": 9134.42, "61": 9135.81, "62": 9138.5, "63": 9142.12, "64": 9152.89, "65": 9153.53, "66": 9156.95, "67": 9159.63, "68": 9164.41, "69": 9167.34, "70": 9167.63, "71": 9167.76, "72": 9170.31, "73": 9181.2, "74": 9181.99, "75": 9182.35, "76": 9182.6, "77": 9182.62, "78": 9182.75, "79": 9183.74, "80": 9193.32, "81": 9197.79, "82": 9200.83, "83": 9202.49, "84": 9205.14, "85": 9206.44, "86": 9207.34, "87": 9212.08, "88": 9214.96, "89": 9216.73, "90": 9216.86, "91": 9217.58, "92": 9218.17, "93": 9218.93, "94": 9223.54, "95": 9224.26, "96": 9224.75, "97": 9225.38, "98": 9226, "99": 9229.07, "100": 9233.95, "101": 9237.07, "102": 9237.45, "103": 9240.79, "104": 9241.43, "105": 9242.41}, "SolveResult": 0, "UpperBounds": {"1": 9462.9, "5": 9251.53}, "MaxQueueSize": 42, "VisitedNodes": 211, "BranchingVars": [0, 14, 3, 14, 13, 6, 3, 6, 13, 6, 10, 6, 13, 12, 12, 9, 10, 12, 12, 6, 3, 13, 4, 9, 9, 3, 10, 15, 3, 12, 10, 12, 15, 12, 15, 10, 9, 15, 4, 10, 12, 13, 15, 8, 9, 12, 9, 12, 12, 12, 10, 6, 12, 10, 12, 12, 3, 9, 2, 10, 9, 3, 2, 9, 12, 3, 4, 13, 3, 9, 13, 15, 15, 10, 12, 9, 2, 15, 3, 9, 9, 4, 4, 13, 9, 1, 4, 8, 15, 4, 6, 4, 4, 11, 11, 9, 12, 9, 13, 4, 12, 4, 7, 9, 4], "NonLinearTime": 0.348518, "OptimalityGap": 9.11823, "BranchingRules": ["eigen_cen_alternative", "eigen_cen_alternative", "eigen_cen_alternative", "eigen_cen_alternative", "eigen_cen_alternative", "eigen_cen_alternative", "eigen_cen_alternative", "eigen_cen_alternative", "eigen_cen_alternative", "eigen_cen_alternative", "eigen_cen_alternative", "eigen_cen_alternative", "eigen_cen_alternative", "eigen_cen_alternative", "eigen_cen_alternative", "eigen_cen_alternative", "eigen_cen_alternative", "eigen_cen_alternative", "eigen_cen_alternative", "eigen_cen_alternative", "eigen_cen_alternative", "eigen_cen_alternative", "eigen_cen_alternative", "eigen_cen_alternative", "eigen_cen_alternative", "eigen_cen_alternative", "eigen_cen_alternative", "eigen_cen_alternative", "eigen_cen_alternative", "eigen_cen_alternative", "eigen_cen_alternative", "eigen_cen_alternative", "eigen_cen_alternative", "eigen_cen_alternative", "eigen_cen_alternative", "eigen_cen_alternative", "eigen_cen_alternative", "eigen_cen_alternative", "eigen_cen_alternative", "eigen_cen_alternative", "eigen_cen_alternative", "eigen_cen_alternative", "eigen_cen_alternative", "eigen_cen_alternative", "eigen_cen_alternative", "eigen_cen_alternative", "eigen_cen_alternative", "eigen_cen_alternative", "eigen_cen_alternative", "eigen_cen_alternative", "eigen_cen_alternative", "eigen_cen_alternative", "eigen_cen_alternative", "eigen_cen_alternative", "eigen_cen_alternative", "eigen_cen_alternative", "eigen_cen_alternative", "eigen_cen_alternative", "eigen_cen_alternative", "eigen_cen_alternative", "eigen_cen_alternative", "eigen_cen_alternative", "eigen_cen_alternative", "eigen_cen_alternative", "eigen_cen_alternative", "eigen_cen_alternative", "eigen_cen_alternative", "eigen_cen_alternative", "eigen_cen_alternative", "eigen_cen_alternative", "eigen_cen_alternative", "eigen_cen_alternative", "eigen_cen_alternative", "eigen_cen_alternative", "eigen_cen_alternative", "eigen_cen_alternative", "eigen_cen_alternative", "eigen_cen_alternative", "eigen_cen_alternative", "eigen_cen_alternative", "eigen_cen_alternative", "eigen_cen_alternative", "eigen_cen_alternative", "eigen_cen_alternative", "eigen_cen_alternative", "eigen_cen_alternative", "eigen_cen_alternative", "eigen_cen_alternative", "eigen_cen_alternative", "eigen_cen_alternative", "eigen_cen_alternative", "eigen_cen_alternative", "eigen_cen_alternative", "eigen_cen_alternative", "eigen_cen_alternative", "eigen_cen_alternative", "eigen_cen_alternative", "eigen_cen_alternative", "eigen_cen_alternative", "eigen_cen_alternative", "eigen_cen_alternative", "eigen_cen_alternative", "eigen_cen_alternative", "eigen_cen_alternative", "eigen_cen_alternative"], "LBImprovements": [494.528, 270.786, 243.895, 221.438, 239.188, 203.599, 163.543, 190.596, 124.19, 95.9211, 161.42, 101.544, 216.77, 164.735, 141.807, 139.426, 130.549, 187.43, 204.744, 99.6552, 215.131, 204.225, 84.8845, 165.755, 149.125, 121.606, 132.547, 137.056, 81.9431, 189.338, 97.8684, 172.474, 120.022, 163.554, 92.994, 64.2698, 109.502, 131.09, 157.684, 83.247, 148.812, 114.592, 147.958, 116.352, 190.579, 82.8189, 106.244, 182.606, 162.861, 160.963, 55.1385, 114.785, 155.36, 128.858, 100.575, 126.078, 62.3731, 98.6593, 65.9909, 82.4365, 116.06, 131.094, 99.3064, 104.038, 182.475, 139.747, 106.097, 132.069, 66.6154, 118.551, 74.649, 117.914, 66.6851, 94.4771, 67.0714, 73.9685, 90.4109, 147.596, 39.8018, 111.806, 68.8647, 84.0083, 113.343, 149.326, 142.541, 131.253, 84.8404, 9.29586, 77.2984, 100.39, 117.736, 115.459, 89.3673, 23.3697, 17.9577, 111.492, 113.776, 126.012, 87.7693, 83.3839, 162.833, 95.3933, 47.1672, 67.1545, 6.94497], "InfeasibleNodes": 0, "ElapsedTimeCoeffs": 0, "LinearizationTime": 0.467896, "NumberOfVariables": 16, "CallsToLinearSolver": 211, "LinearGenerationTime": 3.1624, "SDPCutsGenerationTime": 0, "CallsToNonLinearSolver": 10, "StrongBranchingExtraTime": 0, "ElapsedTimeWeightedCoeffs": 0, "NodesDiscardedByFathoming": 0, "NodesDiscardedByTolerance": 106, "BoundFactorConstraintsTime": 10.5283, "ElapsedTimeVarsInConstraints": 0, "meanBTRelativeChangeRootNode": 0, "NumberOfBoundFactorConstraints": 5984, "NumberOfLAPACKConvergenceFailures": 0, "NumberOfRLTVariablesAfterLinearization": 952}