{"Itbt": 0, "Pace": 0.0483181, "Depth": 14, "Degree": 4, "RPSTime": 1.77783, "FBBTTime": 0, "OBBTTime": 0, "TotalTime": 30.9184, "Iterations": 160, "LinearTime": 29.0035, "LowerBound": 1443.68, "TimeVector": [0.357669, 0.573939, 0.775229, 0.989477, 1.18982, 1.40457, 1.61767, 1.82479, 2.03239, 2.22556, 2.44153, 2.63171, 2.83439, 3.04384, 3.26771, 3.47624, 3.65367, 3.85881, 4.07095, 4.28199, 4.48506, 4.67922, 4.89112, 5.09855, 5.30053, 5.50278, 5.70148, 5.90293, 6.10931, 6.3039, 6.49217, 6.69209, 6.90031, 7.08191, 7.28058, 7.48109, 7.65153, 7.84483, 8.04018, 8.23405, 8.4483, 8.64092, 8.83182, 9.03497, 9.25519, 9.43206, 9.62942, 9.82399, 10.0282, 10.2349, 10.4496, 10.6524, 10.8618, 11.0548, 11.2448, 11.4662, 11.6745, 11.8596, 12.0371, 12.2114, 12.4157, 12.6308, 12.8323, 13.0496, 13.2457, 13.4161, 13.6225, 13.8227, 14.0165, 14.2308, 14.4159, 14.6005, 14.8058, 14.981, 15.1686, 15.3405, 15.5301, 15.733, 15.9098, 16.0686, 16.2621, 16.4477, 16.6332, 16.8223, 17.0053, 17.1927, 17.3984, 17.5803, 17.7626, 17.953, 18.1295, 18.3367, 18.5276, 18.698, 18.9111, 19.1085, 19.2841, 19.4554, 19.6528, 19.8682, 20.0535, 20.2317, 20.4231, 20.5858, 20.7724, 20.9541, 21.1406, 21.315, 21.4958, 21.6703, 21.8534, 22.0312, 22.2051, 22.3987, 22.5754, 22.7364, 22.906, 23.0688, 23.2402, 23.4214, 23.6097, 23.7899, 23.9696, 24.1641, 24.3812, 24.5756, 24.7567, 24.9509, 25.1306, 25.331, 25.5284, 25.7253, 25.9258, 26.117, 26.2866, 26.4714, 26.6553, 26.8326, 27.0422, 27.217, 27.3882, 27.5785, 27.7797, 27.9679, 28.1395, 28.2925, 28.4945, 28.6605, 28.8199, 29.0187, 29.2256, 29.4481, 29.6498, 29.8161, 30.0051, 30.1792, 30.3635, 30.5476, 30.7123, 31.6256], "UpperBound": 1445.08, "rootBTTime": 0, "LowerBounds": {"1": 803.792, "2": 917.055, "3": 984.024, "4": 1006.05, "5": 1061.55, "6": 1074.62, "7": 1126.16, "8": 1133.44, "9": 1174.39, "10": 1180.73, "11": 1181.32, "12": 1184.24, "13": 1190.84, "14": 1195.91, "15": 1231.51, "16": 1250.14, "17": 1256.28, "18": 1282.97, "19": 1288.32, "20": 1289.45, "21": 1290.17, "22": 1293.23, "23": 1299.78, "24": 1300.11, "25": 1303.58, "26": 1304.03, "27": 1308.62, "28": 1315.71, "29": 1315.88, "30": 1325.01, "31": 1327.91, "32": 1338.33, "33": 1348.93, "34": 1352.48, "35": 1356.03, "36": 1362.89, "37": 1368.51, "38": 1371.82, "39": 1371.93, "40": 1375.22, "41": 1376.12, "42": 1376.13, "43": 1376.29, "44": 1376.46, "45": 1378.18, "46": 1381.4, "47": 1381.55, "48": 1389.88, "49": 1393.7, "50": 1399.01, "51": 1399.71, "52": 1402.6, "53": 1403.31, "54": 1403.34, "55": 1404.63, "56": 1404.69, "57": 1408.12, "58": 1412.14, "59": 1412.47, "60": 1413.82, "61": 1413.82, "62": 1414.69, "63": 1416.03, "64": 1417.21, "65": 1417.93, "66": 1419.18, "67": 1419.75, "68": 1420.15, "69": 1420.29, "70": 1421.23, "71": 1421.69, "72": 1423.48, "73": 1424.33, "74": 1427.97, "75": 1428.55, "76": 1429.5, "77": 1429.74, "78": 1430.39, "79": 1430.79, "80": 1431.09, "81": 1431.31, "82": 1431.8, "83": 1432.43, "84": 1432.75, "85": 1432.76, "86": 1433.19, "87": 1433.79, "88": 1433.87, "89": 1434.1, "90": 1434.48, "91": 1434.56, "92": 1434.7, "93": 1434.82, "94": 1435.05, "95": 1435.08, "96": 1435.31, "97": 1435.4, "98": 1435.56, "99": 1436.68, "100": 1437.07, "101": 1437.21, "102": 1437.4, "103": 1437.68, "104": 1438.07, "105": 1438.48, "106": 1438.5, "107": 1439.05, "108": 1439.18, "109": 1439.44, "110": 1439.46, "111": 1439.94, "112": 1440.53, "113": 1440.55, "114": 1440.66, "115": 1440.78, "116": 1440.8, "117": 1440.82, "118": 1440.87, "119": 1440.87, "120": 1440.9, "121": 1440.94, "122": 1441, "123": 1441.12, "124": 1441.25, "125": 1441.47, "126": 1441.53, "127": 1441.6, "128": 1441.66, "129": 1441.77, "130": 1441.77, "131": 1441.89, "132": 1441.97, "133": 1441.97, "134": 1442.1, "135": 1442.26, "136": 1442.28, "137": 1442.32, "138": 1442.35, "139": 1442.46, "140": 1442.52, "141": 1442.55, "142": 1442.6, "143": 1442.71, "144": 1442.97, "145": 1443.05, "146": 1443.08, "147": 1443.15, "148": 1443.16, "149": 1443.17, "150": 1443.23, "151": 1443.23, "152": 1443.26, "153": 1443.27, "154": 1443.27, "155": 1443.28, "156": 1443.29, "157": 1443.3, "158": 1443.5, "159": 1443.55, "160": 1443.68}, "SolveResult": 0, "UpperBounds": {"1": 1445.08}, "MaxQueueSize": 37, "VisitedNodes": 321, "BranchingVars": [7, 1, 1, 10, 10, 6, 9, 9, 11, 9, 9, 6, 4, 10, 7, 9, 6, 4, 10, 10, 11, 7, 11, 4, 10, 11, 4, 6, 9, 11, 11, 11, 11, 2, 2, 7, 11, 9, 11, 7, 9, 9, 6, 11, 4, 9, 2, 9, 11, 10, 11, 4, 10, 4, 4, 11, 11, 4, 6, 4, 4, 6, 10, 4, 0, 5, 9, 10, 4, 10, 1, 11, 9, 5, 10, 5, 10, 9, 10, 9, 4, 1, 0, 6, 9, 0, 4, 4, 5, 9, 5, 10, 11, 6, 11, 11, 10, 9, 1, 3, 0, 9, 0, 4, 0, 0, 11, 0, 0, 11, 0, 9, 0, 10, 3, 6, 6, 5, 11, 11, 1, 0, 3, 3, 8, 10, 3, 9, 6, 3, 3, 11, 3, 1, 0, 6, 11, 3, 9, 6, 6, 6, 8, 6, 6, 6, 8, 9, 8, 6, 9, 11, 6, 6, 1, 11, 9, 9, 5, 6], "NonLinearTime": 0.137072, "OptimalityGap": 1.39801,