{"Itbt": 0, "Pace": 0.0295005, "Depth": 10, "Degree": 6, "RPSTime": 280.015, "FBBTTime": 0, "OBBTTime": 0, "TotalTime": 965.611, "Iterations": 38, "LinearTime": 98.0588, "LowerBound": 28168, "TimeVector": [20.0277, 39.6633, 65.1846, 85.2888, 106.793, 126.033, 150.34, 170.135, 194.861, 216.317, 237.121, 256.636, 276.378, 296.441, 319.051, 345.347, 373.252, 394.409, 424.017, 444.773, 466.775, 486.915, 511.172, 536.591, 559.658, 602.257, 631.095, 656.823, 680.266, 707.506, 749.088, 772.254, 805.27, 840.19, 870.161, 898.334, 936.5, 965.611], "UpperBound": 28194, "rootBTTime": 0, "LowerBounds": {"1": 23441.5, "2": 23985.3, "3": 25207.3, "4": 25747, "5": 25978, "6": 25990.3, "7": 26274.4, "8": 26402.1, "9": 26694.2, "10": 26797, "11": 26888.4, "12": 26909.8, "13": 26987.1, "14": 27114.9, "15": 27528.6, "16": 27540.4, "17": 27653.1, "18": 27662.5, "19": 27670.7, "20": 27725.6, "21": 27822.5, "22": 27904.4, "23": 27908.1, "24": 27946, "25": 28009.7, "26": 28015, "27": 28022, "28": 28044.6, "29": 28048.3, "30": 28056.1, "31": 28100.4, "32": 28111.2, "33": 28118.3, "34": 28126.7, "35": 28138.1, "36": 28143.4, "37": 28156.9, "38": 28168}, "SolveResult": 0, "UpperBounds": {"1": 28194}, "MaxQueueSize": 11, "VisitedNodes": 77, "BranchingVars": [3, 4, 5, 5, 4, 2, 0, 0, 2, 0, 3, 0, 3, 0, 3, 3, 4, 3, 0, 3, 4, 5, 3, 0, 4, 5, 3, 0, 5, 0, 2, 3, 3, 2, 2, 2, 1, 2], "NonLinearTime": 0.190627, "OptimalityGap": 26.0409, "BranchingRules": ["eigen_cen_alternative", "eigen_cen_alternative", "eigen_cen_alternative", "sum_rescaled_var_range_weighted_rel", "eigen_cen_alternative", "eigen_cen_alternative", "eigen_cen_alternative", "eigen_cen_alternative", "eigen_cen_alternative", "eigen_cen_alternative", "eigen_cen_alternative", "eigen_cen_alternative", "eigen_cen_alternative", "eigen_cen_alternative", "eigen_cen_alternative", "eigen_cen_alternative", "eigen_cen_alternative", "eigen_cen_alternative", "eigen_cen_alternative", "eigen_cen_alternative", "sum_rescaled_var_range_weighted_rel", "eigen_cen_alternative", "eigen_cen_alternative", "eigen_cen_alternative", "eigen_cen_alternative", "eigen_cen_alternative", "eigen_cen_alternative", "eigen_cen_alternative", "eigen_cen_alternative", "eigen_cen_alternative", "sum_rescaled_var_range_weighted_rel", "eigen_cen_alternative", "eigen_cen_alternative", "eigen_cen_alternative", "eigen_cen_alternative", "eigen_cen_alternative", "eigen_cen_alternative", "eigen_cen_alternative"], "LBImprovements": [543.877, 1221.99, 782.987, 947.149, 1926.41, 411.762, 1254.13, 486.276, 420.758, 743.353, 934.129, 1795.24, 666.046, 547.555, 1103.49, 1120.02, 255.015, 592.19, 351.351, 693.481, 288.693, 1121.54, 136.47, 154.421, 147.117, 282.865, 1285.5, 93.5387, 1182.19, 70.5213, 78.167, 188.985, 91.883, 52.073, 45.1699, 42.7257, 120.376, 90.3066], "InfeasibleNodes": 0, "ElapsedTimeCoeffs": 0, "LinearizationTime": 1.02627, "NumberOfVariables": 6, "CallsToLinearSolver": 77, "LinearGenerationTime": 11.072, "SDPCutsGenerationTime": 0, "CallsToNonLinearSolver": 9, "StrongBranchingExtraTime": 826.178, "ElapsedTimeWeightedCoeffs": 0, "NodesDiscardedByFathoming": 0, "NodesDiscardedByTolerance": 39, "BoundFactorConstraintsTime": 35.2185, "ElapsedTimeVarsInConstraints": 0.000331245, "meanBTRelativeChangeRootNode": 0, "NumberOfBoundFactorConstraints": 12369, "NumberOfLAPACKConvergenceFailures": 0, "NumberOfRLTVariablesAfterLinearization": 916}