{"Itbt": 0, "Pace": 0.0268654, "Depth": 13, "Degree": 6, "RPSTime": 4.22964, "FBBTTime": 0, "OBBTTime": 0, "TotalTime": 26.8433, "Iterations": 128, "LinearTime": 3.52908, "LowerBound": 337.679, "TimeVector": [0.725227, 0.955087, 1.13889, 1.32916, 1.54869, 1.79567, 1.99896, 2.20202, 2.39543, 2.60232, 2.82064, 3.01998, 3.21641, 3.46157, 3.69102, 3.89272, 4.10805, 4.31362, 4.52302, 4.73567, 4.93448, 5.14956, 5.37119, 5.57647, 5.76486, 5.96493, 6.18688, 6.39666, 6.61906, 6.81025, 7.01805, 7.22689, 7.43334, 7.63884, 7.82479, 8.0328, 8.24148, 8.4379, 8.64547, 8.83411, 9.01909, 9.20147, 9.39983, 9.58982, 9.77753, 9.98403, 10.1856, 10.3827, 10.5772, 10.7815, 10.9757, 11.1881, 11.3993, 11.6054, 11.8006, 11.9934, 12.1764, 12.397, 12.5913, 12.7804, 12.9881, 13.1667, 13.3738, 13.5803, 13.763, 13.986, 14.1769, 14.3826, 14.5756, 14.7755, 14.9855, 15.1674, 15.3559, 15.5716, 15.7932, 16.0048, 16.2091, 16.4272, 16.6316, 16.8263, 17.0411, 17.2313, 17.4364, 17.6425, 17.8449, 18.0508, 18.2336, 18.4398, 18.6356, 18.8299, 19.0255, 19.2153, 19.4157, 19.6183, 19.8296, 20.0314, 20.2367, 20.4588, 20.6936, 20.8919, 21.1046, 21.3097, 21.5159, 21.7138, 21.9274, 22.1202, 22.3502, 22.5491, 22.7595, 22.9561, 23.1775, 23.38, 23.6165, 23.84, 24.0409, 24.2582, 24.5071, 24.7286, 24.95, 25.1528, 25.3526, 25.5626, 25.7738, 25.9919, 26.1966, 26.4047, 26.6106, 53.4539], "UpperBound": 338.01, "rootBTTime": 0, "LowerBounds": {"1": 174.276, "2": 198.427, "3": 203.232, "4": 231.202, "5": 250.785, "6": 252.662, "7": 262.995, "8": 288.947, "9": 292.706, "10": 295.264, "11": 298.536, "12": 302.99, "13": 304.677, "14": 305.866, "15": 308.24, "16": 311.997, "17": 312.66, "18": 314.611, "19": 315.057, "20": 316.553, "21": 317.906, "22": 318.068, "23": 319.94, "24": 320.147, "25": 320.159, "26": 320.622, "27": 321.883, "28": 322.912, "29": 324.353, "30": 325.811, "31": 325.939, "32": 326.448, "33": 326.79, "34": 326.936, "35": 328.329, "36": 328.897, "37": 329.088, "38": 329.632, "39": 329.897, "40": 330.201, "41": 330.999, "42": 331.866, "43": 332.172, "44": 332.251, "45": 332.261, "46": 332.286, "47": 332.623, "48": 332.932, "49": 333.01, "50": 333.09, "51": 333.305, "52": 333.323, "53": 333.399, "54": 333.432, "55": 333.554, "56": 333.675, "57": 333.759, "58": 333.931, "59": 334.017, "60": 334.047, "61": 334.149, "62": 334.169, "63": 334.581, "64": 334.599, "65": 334.619, "66": 334.685, "67": 334.718, "68": 334.764, "69": 334.851, "70": 334.955, "71": 335.127, "72": 335.198, "73": 335.22, "74": 335.326, "75": 335.337, "76": 335.347, "77": 335.379, "78": 335.517, "79": 335.638, "80": 335.678, "81": 335.719, "82": 335.755, "83": 335.959, "84": 335.985, "85": 335.996, "86": 336.008, "87": 336.131, "88": 336.182, "89": 336.236, "90": 336.275, "91": 336.289, "92": 336.397, "93": 336.435, "94": 336.45, "95": 336.496, "96": 336.549, "97": 336.59, "98": 336.595, "99": 336.617, "100": 336.66, "101": 336.7, "102": 336.746, "103": 336.866, "104": 336.894, "105": 336.903, "106": 336.908, "107": 336.908, "108": 336.986, "109": 337.027, "110": 337.144, "111": 337.198, "112": 337.203, "113": 337.212, "114": 337.25, "115": 337.264, "116": 337.279, "117": 337.293, "118": 337.318, "119": 337.444, "120": 337.447, "121": 337.463, "122": 337.481, "123": 337.499, "124": 337.534, "125": 337.607, "126": 337.631, "127": 337.639, "128": 337.679}, "SolveResult": 0, "UpperBounds": {"1": 338.01}, "MaxQueueSize": 39, "VisitedNodes": 257, "BranchingVars": [2, 0, 5, 5, 0, 5, 0, 1, 1, 1, 1, 4, 1, 1, 4, 4, 4, 4, 4, 4, 1, 4, 4, 4, 1, 1, 4, 4, 4, 2, 4, 2, 2, 4, 2, 4, 4, 4, 4, 5, 2, 2, 5, 5, 2, 2, 2, 0, 4, 1, 2, 4, 1, 4, 1, 5, 2, 1, 1, 1, 1, 1, 5, 1, 2, 1, 1, 4, 2, 0, 0, 1, 1, 4, 5, 3, 4, 4, 1, 2, 1, 2, 5, 5, 4, 5, 5, 5, 5, 5, 5, 1, 4, 1, 5, 1, 5, 0, 5, 5, 4, 2, 4, 5, 5, 2, 0, 0, 1, 5, 5, 5, 4, 1, 5, 4, 0, 1, 5, 5, 1, 0, 5, 5, 1, 5, 5, 2], "NonLinearTime": 0.242767, "OptimalityGap": 0.331011, "BranchingRules": ["eigen_cen_alternative_rel", "eigen_cen_alternative_rel", "eigen_cen_alternative_rel", "eigen_cen_alternative_rel", "eigen_cen_alternative_rel", "eigen_cen_alternative_rel", "eigen_cen_alternative_rel", "eigen_cen_alternative_rel", "eigen_cen_alternative_rel", "eigen_cen_alternative_rel", "eigen_cen_alternative_rel", "sum_rescaled_var_range_weighted_rel", "eigen_cen_alternative_rel", "eigen_cen_alternative_rel", "eigen_cen_alternative_rel", "sum_rescaled_var_range_weighted_rel", "eigen_cen_alternative_rel", "eigen_cen_alternative_rel", "eigen_cen_alternative_rel", "eigen_cen_alternative_rel", "eigen_cen_alternative_rel", "eigen_cen_alternative_rel", "eigen_cen_alternative_rel", "sum_rescaled_var_range_weighted_rel", "eigen_cen_alternative_rel", "eigen_cen_alternative_rel", "eigen_cen_alternative_rel", "eigen_cen_alternative_rel", "eigen_cen_alternative_rel", "eigen_cen_alternative_rel", "eigen_cen_alternative_rel", "eigen_cen_alternative_rel", "eigen_cen_alternative_rel", "eigen_cen_alternative_rel", "eigen_cen_alternative_rel", "eigen_cen_alternative_rel", "eigen_cen_alternative_rel", "eigen_cen_alternative_rel", "eigen_cen_alternative_rel", "eigen_cen_alternative_rel", "eigen_cen_alternative_rel", "eigen_cen_alternative_rel", "eigen_cen_alternative_rel", "sum_rescaled_var_range_weighted_rel", "eigen_cen_alternative_rel", "eigen_cen_alternative_rel", "eigen_cen_alternative_rel", "sum_rescaled_var_range_weighted_rel", "eigen_cen_alternative_rel", "eigen_cen_alternative_rel", "eigen_cen_alternative_rel", "eigen_cen_alternative_rel", "eigen_cen_alternative_rel", "eigen_cen_alternative_rel", "eigen_cen_alternative_rel", "sum_rescaled_var_range_weighted_rel", "eigen_cen_alternative_rel", "eigen_cen_alternative_rel", "eigen_cen_alternative_rel", "eigen_cen_alternative_rel", "sum_dual_weighted_plus1", "sum_dual_weighted_plus1_rel", "eigen_cen_alternative_rel", "eigen_cen_alternative_rel", "eigen_cen_alternative_rel", "eigen_cen_alternative_rel", "eigen_cen_alternative_rel", "eigen_cen_alternative_rel", "eigen_cen_alternative_rel", "sum_rescaled_var_range_weighted_rel", "sum_rescaled_var_range_weighted_rel", "eigen_cen_alternative_rel", "eigen_cen_alternative_rel", "sum_rescaled_var_range_weighted_rel", "sum_dual_weighted_plus1", "sum_rescaled_var_range_weighted_rel", "eigen_cen_alternative_rel", "eigen_cen_alternative_rel", "eigen_cen_alternative_rel", "eigen_cen_alternative_rel", "eigen_cen_alternative_rel", "eigen_cen_alternative_rel", "sum_rescaled_var_range_weighted_rel", "sum_rescaled_var_range_weighted", "eigen_cen_alternative_rel", "sum_rescaled_var_range_weighted_rel", "sum_rescaled_var_range_weighted_rel", "eigen_cen_alternative_rel", "eigen_cen_alternative_rel", "eigen_cen_alternative_rel", "eigen_cen_alternative_rel", "sum_dual_weighted_plus1", "sum_dual_weighted_plus1", "eigen_cen_alternative_rel", "eigen_cen_alternative_rel", "sum_dual_weighted_plus1", "eigen_cen_alternative_rel", "sum_dual_weighted_plus1", "eigen_cen_alternative_rel", "eigen_cen_alternative_rel", "sum_rescaled_var_range_weighted_rel", "sum_dual_weighted_plus1", "sum_dual_weighted_plus1", "eigen_cen_alternative_rel", "eigen_cen_alternative_rel", "sum_rescaled_var_range_weighted_rel", "eigen_cen_alternative_rel", "eigen_cen_alternative_rel", "eigen_cen_alternative_rel", "eigen_cen_alternative_rel", "eigen_cen_alternative_rel", "eigen_cen_alternative_rel", "sum_rescaled_var_range_weighted_rel", "sum_rescaled_var_range_weighted_rel", "eigen_cen_alternative_rel", "sum_dual_weighted_plus1", "eigen_cen_alternative_rel", "sum_dual_weighted_plus1", "sum_dual_weighted_plus1_rel", "eigen_cen_alternative_rel", "sum_rescaled_var_range_weighted_rel", "eigen_cen_alternative_rel", "eigen_cen_alternative_rel", "eigen_cen_alternative_rel", "eigen_cen_alternative_rel", "eigen_cen_alternative_rel", "eigen_cen_alternative_rel", "sum_rescaled_var_range_weighted_rel"],