{"Itbt": 0, "Pace": 0.0470892, "Depth": 16, "Degree": 6, "RPSTime": 0.67457, "FBBTTime": 0, "OBBTTime": 0, "TotalTime": 3.45007, "Iterations": 79, "LinearTime": 0.576315, "LowerBound": 51.117, "TimeVector": [0.406773, 0.446597, 0.488967, 0.529774, 0.565478, 0.593983, 0.634017, 0.68382, 0.726726, 0.765296, 0.805038, 0.843819, 0.879863, 0.920324, 0.958735, 1.00704, 1.04135, 1.07974, 1.12012, 1.15441, 1.19482, 1.22626, 1.25766, 1.29895, 1.33753, 1.37913, 1.41949, 1.461, 1.49796, 1.53289, 1.57284, 1.62078, 1.66245, 1.70166, 1.7624, 1.80441, 1.84294, 1.87637, 1.92273, 1.9626, 1.99705, 2.02892, 2.06336, 2.09874, 2.13919, 2.17725, 2.22093, 2.25783, 2.29635, 2.33726, 2.37551, 2.4142, 2.44958, 2.49646, 2.53159, 2.57475, 2.60749, 2.64171, 2.67645, 2.71806, 2.75336, 2.79039, 2.83564, 2.8833, 2.91382, 2.94515, 2.99034, 3.03095, 3.06832, 3.11079, 3.15468, 3.1864, 3.22171, 3.25581, 3.29024, 3.32407, 3.35906, 3.40295, 6.85303], "UpperBound": 51.1608, "rootBTTime": 0, "LowerBounds": {"1": 32.594, "2": 36.1002, "3": 36.782, "4": 38.2842, "5": 38.6854, "6": 40.3911, "7": 40.8298, "8": 41.3109, "9": 44.337, "10": 45.3704, "11": 45.5494, "12": 45.8502, "13": 45.962, "14": 46.1977, "15": 47.0734, "16": 47.222, "17": 47.4688, "18": 47.9481, "19": 48.0094, "20": 48.3179, "21": 48.8204, "22": 49.1851, "23": 49.1941, "24": 49.2956, "25": 49.3068, "26": 49.3998, "27": 49.5459, "28": 49.7259, "29": 49.7385, "30": 49.9099, "31": 49.9099, "32": 50.063, "33": 50.1635, "34": 50.1682, "35": 50.218, "36": 50.2917, "37": 50.3559, "38": 50.3594, "39": 50.4313, "40": 50.5147, "41": 50.5502, "42": 50.5584, "43": 50.5695, "44": 50.6184, "45": 50.6486, "46": 50.65, "47": 50.6552, "48": 50.6713, "49": 50.6735, "50": 50.7077, "51": 50.7183, "52": 50.7504, "53": 50.7616, "54": 50.7714, "55": 50.7866, "56": 50.8032, "57": 50.8496, "58": 50.8513, "59": 50.8791, "60": 50.9357, "61": 50.9384, "62": 50.9433, "63": 50.9489, "64": 50.9568, "65": 50.9587, "66": 50.9746, "67": 50.9746, "68": 50.9764, "69": 51.0094, "70": 51.0199, "71": 51.0312, "72": 51.0596, "73": 51.0596, "74": 51.0737, "75": 51.0784, "76": 51.0792, "77": 51.089, "78": 51.0943, "79": 51.117}, "SolveResult": 0, "UpperBounds": {"1": 59.7492, "16": 51.1608}, "MaxQueueSize": 16, "VisitedNodes": 159, "BranchingVars": [2, 3, 1, 1, 3, 3, 4, 4, 2, 2, 2, 4, 2, 4, 4, 4, 3, 3, 4, 1, 4, 3, 3, 4, 2, 2, 2, 2, 1, 1, 2, 4, 2, 1, 2, 4, 2, 3, 4, 2, 3, 3, 3, 3, 4, 3, 4, 1, 1, 3, 3, 3, 3, 3, 3, 4, 3, 3, 1, 4, 3, 3, 4, 3, 3, 3, 4, 3, 1, 4, 4, 1, 3, 3, 3, 3, 1, 2, 3], "NonLinearTime": 0.199688, "OptimalityGap": 0.0438435, "BranchingRules": ["sum_dual_weighted_plus1_rel", "sum_dual_weighted_plus1_rel", "sum_dual_weighted_plus1_rel", "sum_dual_weighted_plus1_rel", "sum_dual_weighted_plus1_rel", "sum_dual_weighted_plus1_rel", "sum_dual_weighted_plus1_rel", "sum_dual_weighted_plus1_rel", "sum_dual_weighted_plus1_rel", "sum_dual_weighted_plus1_rel", "sum_dual_weighted_plus1_rel", "sum_dual_weighted_plus1_rel", "sum_dual_weighted_plus1_rel", "sum_dual_weighted_plus1_rel", "sum_dual_weighted_plus1_rel", "sum_dual_weighted_plus1_rel", "sum_dual_weighted_plus1_rel", "sum_dual_weighted_plus1_rel", "sum_dual_weighted_plus1_rel", "sum_dual_weighted_plus1_rel", "sum_dual_weighted_plus1_rel", "sum_dual_weighted_plus1_rel", "sum_dual_weighted_plus1_rel", "sum_dual_weighted_plus1_rel", "sum_dual_weighted_plus1_rel", "sum_dual_weighted_plus1_rel", "sum_dual_weighted_plus1_rel", "sum_dual_weighted_plus1_rel", "sum_rescaled_var_range_weighted_rel", "sum_dual_weighted_plus1_rel", "sum_dual_weighted_plus1_rel", "sum_dual_weighted_plus1_rel", "sum_dual_weighted_plus1_rel", "sum_dual_weighted_plus1_rel", "sum_dual_weighted_plus1_rel", "sum_dual_weighted_plus1_rel", "sum_dual_weighted_plus1_rel", "sum_dual_weighted_plus1_rel", "sum_dual_weighted_plus1_rel", "sum_dual_weighted_plus1_rel", "sum_dual_weighted_plus1_rel", "sum_dual_weighted_plus1_rel", "sum_dual_weighted_plus1_rel", "sum_dual_weighted_plus1_rel", "sum_dual_weighted_plus1_rel", "sum_rescaled_var_range_weighted_rel", "sum_dual_weighted_plus1_rel", "sum_dual_weighted_plus1_rel", "sum_dual_weighted_plus1_rel", "sum_rescaled_var_range_weighted_rel", "sum_dual_weighted_plus1_rel", "sum_dual_weighted_plus1_rel", "sum_dual_weighted_plus1_rel", "sum_rescaled_var_range_weighted_rel", "sum_dual_weighted_plus1_rel", "sum_dual_weighted_plus1_rel", "sum_dual_weighted_plus1_rel", "sum_dual_weighted_plus1_rel", "sum_dual_weighted_plus1_rel", "sum_dual_weighted_plus1_rel", "sum_dual_weighted_plus1_rel", "sum_dual_weighted_plus1_rel", "sum_dual_weighted_plus1", "sum_dual_weighted_plus1_rel", "sum_dual_weighted_plus1_rel", "sum_dual_weighted_plus1_rel", "sum_dual_weighted_plus1_rel", "sum_dual_weighted_plus1_rel", "sum_rescaled_var_range_weighted_rel", "sum_dual_weighted_plus1", "sum_dual_weighted_plus1", "sum_dual_weighted_plus1_rel", "sum_dual_weighted_plus1_rel", "sum_dual_weighted_plus1_rel", "sum_dual_weighted_plus1_rel", "sum_dual_weighted_plus1_rel", "sum_dual_weighted_plus1_rel", "sum_dual_weighted_plus1_rel", "sum_dual_weighted_plus1_rel"], "LBImprovements": [3.50612, 2.18408, 1.90338, 2.54553, 29.0483, 6.68229, 4.54066, 3.02618, 1.86068, 3.93638, 0.412597, 7.31981, 1.26, 1.27112, 5.02054, 1.09586, 1.35154, 1.3475, 1.90048, 0.867218, 0.905553, 0.877854, 1.46114, 1.41217, 0, 0, 1.33316, 0.565754, 0.17144, 0.449585, 1.06469, 0.292884, 0.686115, 0.39017, 39.4626, 0.258501, 0.158822, 16.1252, 0.242161, 0.133899, 0.253034, 7.62529, 2.57236, 1.57449, 0.202724, 2.17436, 0.561294, 0.0790979, 0.113122, 0.44064, 0.217448, 0.198497, 0.258364, 0.203206, 0.411947, 0.140024, 0.505663, 0.158081, 0.0796651, 0.15329, 1.52666, 0.130481, 0.149753, 0.0744156, 0, 0.684653, 0.195541, 0.418452, 0.0690465, 0.098057, 0.0631281, 0.0000000196338, 0.258432, 0.057157, 0.070405, 0.125781, 0.0284229, 0.0226493, 0.0371875], "InfeasibleNodes": 23, "ElapsedTimeCoeffs": 0, "LinearizationTime": 0.000460464, "NumberOfVariables": 6, "CallsToLinearSolver": 159, "LinearGenerationTime": 0.14737, "SDPCutsGenerationTime": 0, "CallsToNonLinearSolver": 10, "StrongBranchingExtraTime": 2.5778, "ElapsedTimeWeightedCoeffs": 0, "NodesDiscardedByFathoming": 4, "NodesDiscardedByTolerance": 53, "BoundFactorConstraintsTime": 0.0516368, "ElapsedTimeVarsInConstraints": 0.00002072, "meanBTRelativeChangeRootNode": 0, "NumberOfBoundFactorConstraints": 57, "NumberOfLAPACKConvergenceFailures": 0, "NumberOfRLTVariablesAfterLinearization": 39}