{"Itbt": 0, "Pace": 0.139654, "Depth": 11, "Degree": 6, "RPSTime": 692.5, "FBBTTime": 0, "OBBTTime": 0, "TotalTime": 4137.06, "Iterations": 207, "LinearTime": 504.096, "LowerBound": 15613.9, "TimeVector": [9.48479, 18.3037, 27.3209, 37.0191, 46.9009, 58.1805, 67.7201, 77.4762, 87.0374, 96.9618, 107.803, 119.023, 132.553, 145.071, 154.672, 164.53, 176.689, 195.915, 208.229, 218.7, 235.992, 250.049, 262.199, 278.399, 287.759, 298.542, 310.797, 327.239, 341.98, 352.319, 364.596, 378.011, 408.972, 426.093, 438.624, 458.879, 469.575, 479.343, 494.347, 507.984, 529.56, 539.73, 557.74, 572.016, 593.662, 609.113, 624.27, 641.254, 656.305, 673.087, 691.273, 712.014, 724.429, 739.13, 763.342, 773.664, 803.932, 821.601, 844.418, 855.294, 874.065, 893.426, 904.041, 925.32, 944.877, 955.886, 972.503, 991.185, 1013.42, 1025.31, 1044.71, 1063.38, 1075.38, 1090.87, 1122.62, 1141.23, 1164.96, 1181.24, 1198.69, 1217.02, 1237.78, 1255.71, 1281.54, 1298.02, 1319.43, 1341.24, 1364.47, 1390.97, 1404.73, 1415.62, 1430.49, 1461.8, 1492.01, 1514.82, 1534.35, 1553.28, 1577.9, 1597.67, 1621.81, 1632.51, 1662.96, 1682.48, 1698.33, 1718.34, 1734.39, 1757.6, 1782.99, 1805.63, 1833.37, 1860.21, 1885.71, 1908.55, 1926.49, 1945.51, 1970.71, 1991.19, 2023.93, 2048.02, 2073.57, 2098.98, 2125.99, 2144.13, 2163.69, 2181.07, 2201.26, 2229.91, 2256.39, 2276.31, 2295.22, 2309.82, 2323.51, 2359.24, 2390.3, 2414.01, 2439.61, 2466.66, 2494.47, 2519.11, 2535.65, 2553.41, 2573.2, 2597.77, 2621.17, 2641.07, 2671.44, 2694.7, 2717.35, 2742.98, 2770.82, 2786.72, 2807.53, 2822.95, 2849.83, 2880.1, 2907.87, 2924.57, 2950.9, 2974.68, 2999.36, 3033.89, 3048.09, 3069.5, 3098.75, 3133.74, 3159.59, 3185.01, 3200.56, 3217.29, 3238.44, 3259.04, 3281.77, 3304.44, 3337.91, 3357.06, 3375.91, 3396.05, 3417.08, 3440.88, 3476.28, 3506.31, 3526.21, 3554.89, 3573.78, 3603.83, 3631.09, 3652.85, 3678.56, 3705.6, 3733.94, 3760.67, 3784.94, 3804.02, 3826.34, 3849.08, 3882.16, 3912.95, 3934.55, 3963.53, 3987.49, 4022.08, 4048.64, 4060.82, 4080.31, 4098.29, 4113.76, 4124.72, 4163.49], "UpperBound": 15640.6, "rootBTTime": 0, "LowerBounds": {"1": 11317.5, "2": 12143.5, "3": 13071, "4": 13237.7, "5": 13656.8, "6": 13786.4, "7": 13875.8, "8": 14064.5, "9": 14241.8, "10": 14289.6, "11": 14353, "12": 14370.2, "13": 14372.6, "14": 14489.5, "15": 14534.5, "16": 14614.1, "17": 14657.1, "18": 14703, "19": 14762.2, "20": 14828.7, "21": 14857.1, "22": 14875.6, "23": 14890.7, "24": 14905.5, "25": 14927.4, "26": 14961.2, "27": 14991, "28": 15021.9, "29": 15081.4, "30": 15091, "31": 15094.2, "32": 15162, "33": 15163.7, "34": 15169, "35": 15176.2, "36": 15187.3, "37": 15194.2, "38": 15196.8, "39": 15199.7, "40": 15211.6, "41": 15221.9, "42": 15229.9, "43": 15237.7, "44": 15245.2, "45": 15247.9, "46": 15258, "47": 15264.7, "48": 15280.7, "49": 15305.5, "50": 15308.6, "51": 15349.3, "52": 15351.7, "53": 15354.9, "54": 15360.1, "55": 15360.7, "56": 15365.9, "57": 15372.2, "58": 15381, "59": 15383.4, "60": 15391.9, "61": 15392.8, "62": 15393.3, "63": 15398, "64": 15404.2, "65": 15408, "66": 15411.5, "67": 15419.8, "68": 15423.7, "69": 15424.4, "70": 15432.2, "71": 15435, "72": 15435.3, "73": 15442.1, "74": 15444.7, "75": 15450.3, "76": 15450.7, "77": 15451.2, "78": 15452.6, "79": 15456.5, "80": 15469.3, "81": 15470.7, "82": 15472.7, "83": 15473.6, "84": 15474.5, "85": 15476.2, "86": 15479.3, "87": 15483.1, "88": 15487.8, "89": 15492.8, "90": 15497.2, "91": 15498.9, "92": 15503.3, "93": 15505.5, "94": 15506.4, "95": 15508.7, "96": 15509.5, "97": 15513.5, "98": 15518.4, "99": 15519.4, "100": 15521.1, "101": 15523.4, "102": 15523.7, "103": 15525, "104": 15529.6, "105": 15530.1, "106": 15530.4, "107": 15531.6, "108": 15531.9, "109": 15534.4, "110": 15534.6, "111": 15540.3, "112": 15541.2, "113": 15541.4, "114": 15541.8, "115": 15545.7, "116": 15549.2, "117": 15549.4, "118": 15550.1, "119": 15550.3, "120": 15551.6, "121": 15553.3, "122": 15554.5, "123": 15558.6, "124": 15561.4, "125": 15562.6, "126": 15563.5, "127": 15565.5, "128": 15565.6, "129": 15566.1, "130": 15568, "131": 15569.1, "132": 15570.2, "133": 15570.5, "134": 15570.5, "135": 15571.3, "136": 15571.4, "137": 15571.6, "138": 15574.1, "139": 15575.4, "140": 15576.5, "141": 15577, "142": 15577.1, "143": 15577.1, "144": 15580.4, "145": 15580.7, "146": 15580.7, "147": 15581.4, "148": 15581.6, "149": 15583.7, "150": 15584.2, "151": 15584.8, "152": 15585.3, "153": 15586.7, "154": 15588.2, "155": 15588.3, "156": 15588.9, "157": 15588.9, "158": 15589, "159": 15589.9, "160": 15591.4, "161": 15591.5, "162": 15592.2, "163": 15593.2, "164": 15594.4, "165": 15594.9, "166": 15595.5, "167": 15595.6, "168": 15596.5, "169": 15596.6, "170": 15597, "171": 15597.7, "172": 15597.7, "173": 15597.8, "174": 15597.9, "175": 15598, "176": 15598.1, "177": 15598.1, "178": 15598.9, "179": 15601.5, "180": 15602, "181": 15602.3, "182": 15602.5, "183": 15603, "184": 15604, "185": 15604.1, "186": 15604.8, "187": 15605.2, "188": 15605.2, "189": 15606.4, "190": 15607.1, "191": 15607.2, "192": 15610.3, "193": 15610.4, "194": 15610.7, "195": 15610.8, "196": 15610.9, "197": 15611, "198": 15611.8, "199": 15612.4, "200": 15612.5, "201": 15612.6, "202": 15612.7, "203": 15613.3, "204": 15613.5, "205": 15613.7, "206": 15613.7, "207": 15613.9}, "SolveResult": 402, "UpperBounds": {"1": 15640.6}, "MaxQueueSize": 79, "VisitedNodes": 415, "BranchingVars": [2, 5, 5, 5, 0, 3, 3, 1, 1, 1, 1, 3, 1, 0, 0, 0, 0, 0, 0, 0, 3, 1, 4, 4, 3, 1, 1, 3, 4, 3, 4, 3, 2, 4, 3, 0, 4, 3, 3, 2, 1, 4, 4, 4, 4, 4, 1, 4, 4, 4, 2, 4, 0, 0, 4, 3, 1, 4, 5, 4, 1, 4, 0, 1, 0, 4, 3, 4, 2, 4, 5, 4, 4, 0, 2, 4, 5, 2, 0, 2, 2, 2, 1, 2, 5, 5, 0, 2, 2, 0, 1, 5, 5, 5, 1, 0, 5, 2, 4, 5, 2, 4, 5, 1, 5, 1, 0, 5, 1, 5, 2, 5, 4, 2, 1, 2, 5, 3, 1, 3, 2, 1, 5, 3, 1, 2, 0, 5, 1, 2, 2, 1, 2, 1, 1, 0, 2, 2, 2, 2, 4, 4, 1, 3, 2, 2, 2, 0, 4, 1, 0, 0, 3, 3, 2, 3, 0, 0, 4, 3, 1, 1, 0, 3, 0, 3, 0, 1, 4, 4, 2, 0, 2, 3, 3, 5, 3, 2, 0, 0, 2, 3, 2, 1, 2, 3, 3, 1, 3, 3, 0, 1, 1, 0, 4, 0, 1, 4, 4, 3, 0, 4, 1, 0, 2, 3, 0], "NonLinearTime": 0.243752, "OptimalityGap": 26.7222,