{"Itbt": 0, "Pace": 0.0344094, "Depth": 8, "Degree": 6, "RPSTime": 364.857, "FBBTTime": 0, "OBBTTime": 0, "TotalTime": 1439.07, "Iterations": 49, "LinearTime": 154.447, "LowerBound": 25606.3, "TimeVector": [20.675, 40.8768, 60.0398, 84.4882, 106.556, 126.409, 145.704, 166.775, 194.2, 219.753, 240.696, 271.521, 294.931, 314.873, 335.985, 372.546, 396.536, 420.36, 446.127, 476.159, 497.724, 520.384, 548.583, 577.464, 603.076, 628.751, 657.96, 692.383, 731.481, 760.196, 782.257, 807.711, 857.997, 886.779, 916.103, 958.606, 991.822, 1032.15, 1069.56, 1117.78, 1161.72, 1187.55, 1216.23, 1268.79, 1315.35, 1339.47, 1384.79, 1412.34, 1466.62], "UpperBound": 25629, "rootBTTime": 0, "LowerBounds": {"1": 19563.8, "2": 20991.9, "3": 21478.8, "4": 22617.7, "5": 22637.8, "6": 23237, "7": 23404.1, "8": 24154.7, "9": 24244.6, "10": 24306, "11": 24399.4, "12": 24450.9, "13": 24564.3, "14": 24614.3, "15": 24718.5, "16": 24775.7, "17": 24838.3, "18": 24979.7, "19": 24986.1, "20": 25017, "21": 25037.7, "22": 25043.4, "23": 25054.8, "24": 25132.7, "25": 25142.9, "26": 25192.9, "27": 25229.6, "28": 25231.5, "29": 25237.1, "30": 25253.3, "31": 25270.8, "32": 25287.5, "33": 25294, "34": 25333.9, "35": 25348.6, "36": 25372.1, "37": 25381.4, "38": 25466, "39": 25466, "40": 25480.7, "41": 25573.2, "42": 25575.8, "43": 25579.4, "44": 25580.3, "45": 25586.1, "46": 25586.5, "47": 25598, "48": 25599.6, "49": 25606.3}, "SolveResult": 0, "UpperBounds": {"1": 25629}, "MaxQueueSize": 18, "VisitedNodes": 99, "BranchingVars": [3, 5, 0, 0, 5, 0, 5, 2, 2, 1, 2, 1, 1, 2, 2, 1, 4, 4, 1, 4, 4, 4, 1, 1, 1, 4, 1, 4, 1, 1, 1, 1, 4, 2, 2, 4, 2, 2, 2, 2, 4, 4, 2, 2, 0, 0, 0, 0, 0], "NonLinearTime": 0.176611, "OptimalityGap": 22.6803, "BranchingRules": ["sum_rescaled_var_range_weighted", "sum_rescaled_var_range_weighted", "eigen_cen_alternative", "sum_rescaled_var_range_weighted", "sum_rescaled_var_range_weighted", "sum_rescaled_var_range_weighted", "sum_rescaled_var_range_weighted", "sum_rescaled_var_range_weighted", "sum_rescaled_var_range_weighted", "sum_rescaled_var_range_weighted", "sum_rescaled_var_range_weighted", "sum_rescaled_var_range_weighted", "sum_rescaled_var_range_weighted", "sum_rescaled_var_range_weighted", "sum_rescaled_var_range_weighted", "sum_rescaled_var_range_weighted", "sum_rescaled_var_range_weighted", "sum_rescaled_var_range_weighted", "sum_rescaled_var_range_weighted", "sum_rescaled_var_range_weighted", "sum_rescaled_var_range_weighted", "sum_rescaled_var_range_weighted", "sum_rescaled_var_range_weighted", "sum_rescaled_var_range_weighted", "sum_rescaled_var_range_weighted", "sum_rescaled_var_range_weighted", "sum_rescaled_var_range_weighted", "sum_rescaled_var_range_weighted", "sum_rescaled_var_range_weighted", "sum_rescaled_var_range_weighted", "sum_rescaled_var_range_weighted", "sum_rescaled_var_range_weighted", "sum_rescaled_var_range_weighted", "sum_rescaled_var_range_weighted", "sum_rescaled_var_range_weighted", "sum_rescaled_var_range_weighted", "sum_rescaled_var_range_weighted", "sum_rescaled_var_range_weighted", "sum_rescaled_var_range_weighted", "sum_rescaled_var_range_weighted", "sum_rescaled_var_range_weighted", "sum_rescaled_var_range_weighted", "sum_rescaled_var_range_weighted", "sum_rescaled_var_range_weighted", "sum_rescaled_var_range_weighted", "sum_rescaled_var_range_weighted", "sum_rescaled_var_range_weighted", "sum_rescaled_var_range_weighted", "sum_rescaled_var_range_weighted"], "LBImprovements": [1428.16, 1625.82, 1159.08, 1536.99, 1606.75, 1068.92, 1210.19, 409.58, 531.052, 673.692, 586.655, 586.747, 628.632, 518.392, 511.084, 518.3, 432.516, 501.054, 1164.67, 449.026, 296.228, 337.949, 909.01, 1160.36, 807.365, 393.167, 876.368, 344.352, 909.045, 658.267, 315.695, 313.658, 279.217, 291.001, 283.612, 252.437, 273.742, 230.581, 217.34, 216.837, 7.10915, 22.1532, 50.5151, 32.0307, 65.7049, 23.1687, 30.6141, 22.6009, 21.0863], "InfeasibleNodes": 0, "ElapsedTimeCoeffs": 0, "LinearizationTime": 1.03485, "NumberOfVariables": 6, "CallsToLinearSolver": 99, "LinearGenerationTime": 13.9808, "SDPCutsGenerationTime": 0, "CallsToNonLinearSolver": 9, "StrongBranchingExtraTime": 1231.15, "ElapsedTimeWeightedCoeffs": 0, "NodesDiscardedByFathoming": 0, "NodesDiscardedByTolerance": 50, "BoundFactorConstraintsTime": 45.3733, "ElapsedTimeVarsInConstraints": 0.000352469, "meanBTRelativeChangeRootNode": 0, "NumberOfBoundFactorConstraints": 12369, "NumberOfLAPACKConvergenceFailures": 0, "NumberOfRLTVariablesAfterLinearization": 916}