{"Itbt": 0, "Pace": 0.00914805, "Depth": 18, "Degree": 6, "RPSTime": 1.48555, "FBBTTime": 0, "OBBTTime": 0, "TotalTime": 7.38162, "Iterations": 46, "LinearTime": 0.837124, "LowerBound": 252.903, "TimeVector": [0.180137, 0.341305, 0.505821, 0.652592, 0.822496, 0.977338, 1.14674, 1.30685, 1.4868, 1.64712, 1.793, 1.94507, 2.07777, 2.23263, 2.38683, 2.55302, 2.71763, 2.87077, 3.0052, 3.17397, 3.33658, 3.49937, 3.65165, 3.80498, 3.98254, 4.14573, 4.31189, 4.47787, 4.63871, 4.81649, 5.00487, 5.16343, 5.35122, 5.51051, 5.67803, 5.83348, 5.99808, 6.16038, 6.29588, 6.46709, 6.6004, 6.74649, 6.88449, 7.05593, 7.22209, 14.6037], "UpperBound": 253.099, "rootBTTime": 0, "LowerBounds": {"1": 128.775, "2": 151.851, "3": 161.395, "4": 175.453, "5": 196.475, "6": 200.243, "7": 202.63, "8": 213.599, "9": 219.36, "10": 225.804, "11": 229.222, "12": 237.828, "13": 240.078, "14": 240.54, "15": 240.54, "16": 241.356, "17": 244.522, "18": 244.62, "19": 244.62, "20": 245.329, "21": 245.974, "22": 246.351, "23": 246.751, "24": 247.166, "25": 248.316, "26": 248.774, "27": 249.615, "28": 250.041, "29": 250.326, "30": 250.641, "31": 250.743, "32": 250.866, "33": 250.978, "34": 251.578, "35": 251.745, "36": 251.83, "37": 252.004, "38": 252.149, "39": 252.387, "40": 252.445, "41": 252.528, "42": 252.534, "43": 252.576, "44": 252.738, "45": 252.739, "46": 252.903}, "SolveResult": 0, "UpperBounds": {"1": 253.099}, "MaxQueueSize": 8, "VisitedNodes": 93, "BranchingVars": [2, 4, 4, 0, 0, 3, 3, 4, 4, 3, 2, 5, 5, 0, 0, 0, 3, 0, 0, 3, 3, 2, 0, 0, 0, 3, 2, 3, 4, 3, 3, 0, 0, 4, 3, 0, 2, 2, 5, 3, 0, 0, 0, 4, 0, 0], "NonLinearTime": 0.0780742, "OptimalityGap": 0.19572, "BranchingRules": ["sum_dual_weighted_plus1_rel", "sum_dual_weighted_plus1_rel", "sum_dual_weighted_plus1_rel", "sum_dual_weighted_plus1_rel", "sum_dual_weighted_plus1_rel", "sum_dual_weighted_plus1_rel", "sum_dual_weighted_plus1_rel", "sum_rescaled_var_range_weighted_rel", "sum_dual_weighted_plus1_rel", "sum_dual_weighted_plus1_rel", "sum_dual_weighted_plus1_rel", "sum_rescaled_var_range_weighted_rel", "sum_rescaled_var_range_weighted_rel", "sum_rescaled_var_range_weighted_rel", "sum_rescaled_var_range_weighted_rel", "eigen_cen_alternative", "sum_dual_weighted_plus1_rel", "sum_dual_weighted_plus1_rel", "sum_dual_weighted_plus1_rel", "sum_dual_weighted_plus1_rel", "sum_dual_weighted_plus1_rel", "sum_rescaled_var_range_weighted_rel", "sum_rescaled_var_range_weighted_rel", "sum_dual_weighted_plus1_rel", "sum_dual_weighted_plus1_rel", "sum_dual_weighted_plus1_rel", "sum_dual_weighted_plus1_rel", "sum_dual_weighted_plus1_rel", "sum_dual_weighted_plus1_rel", "sum_dual_weighted_plus1_rel", "sum_dual_weighted_plus1_rel", "sum_dual_weighted_plus1_rel", "sum_dual_weighted_plus1_rel", "sum_rescaled_var_range_weighted_rel", "sum_dual_weighted_plus1_rel", "sum_dual_weighted_plus1_rel", "sum_dual_weighted_plus1_rel", "sum_dual_weighted_plus1_rel", "sum_rescaled_var_range_weighted_rel", "sum_dual_weighted_plus1_rel", "sum_dual_weighted_plus1_rel", "sum_dual_weighted_plus1_rel", "sum_dual_weighted_plus1_rel", "sum_dual_weighted_plus1_rel", "sum_rescaled_var_range_weighted_rel", "eigen_cen_alternative"], "LBImprovements": [23.0755, 23.6026, 35.0793, 24.7898, 29.3297, 13.3563, 277.499, 15.6226, 0, 24.522, 8.60607, 2.71215, 4.54217, 5.43402, 4.78909, 7.41837, 19.9109, 0, 0, 1.02221, 0.777201, 4.39157, 2.86402, 0, 0, 0, 1.02586, 4.54728, 7.13656, 0.224569, 1.99579, 0.712768, 3.88549, 0.425497, 0.993158, 3.72115, 0.383079, 0.296806, 0.14127, 0.130373, 0, 0, 0.165809, 0.53589, 1.87361, 0.161132], "InfeasibleNodes": 33, "ElapsedTimeCoeffs": 0, "LinearizationTime": 0.0019241, "NumberOfVariables": 6, "CallsToLinearSolver": 93, "LinearGenerationTime": 0.116794, "SDPCutsGenerationTime": 0, "CallsToNonLinearSolver": 9, "StrongBranchingExtraTime": 6.24609, "ElapsedTimeWeightedCoeffs": 0, "NodesDiscardedByFathoming": 0, "NodesDiscardedByTolerance": 14, "BoundFactorConstraintsTime": 0.157362, "ElapsedTimeVarsInConstraints": 0.00002475, "meanBTRelativeChangeRootNode": 0, "NumberOfBoundFactorConstraints": 148, "NumberOfLAPACKConvergenceFailures": 0, "NumberOfRLTVariablesAfterLinearization": 92}