{"Itbt": 0, "Pace": 0.111059, "Depth": 17, "Degree": 6, "RPSTime": 120.235, "FBBTTime": 0, "OBBTTime": 0, "TotalTime": 1773.76, "Iterations": 252, "LinearTime": 237.308, "LowerBound": 3663.23, "TimeVector": [8.56933, 15.6913, 22.3269, 28.5848, 35.9816, 43.0602, 49.6877, 56.5197, 63.6314, 70.4833, 77.8544, 84.7923, 91.9698, 99.4687, 106.45, 113.454, 119.478, 126.128, 133.026, 139.877, 147.318, 153.903, 159.697, 166.925, 172.994, 180.392, 187.186, 192.794, 199.824, 206.92, 214.126, 221.112, 228.141, 235.595, 242.01, 247.662, 254.357, 261.44, 268.686, 274.686, 281.215, 288.91, 296.294, 302.811, 310.003, 317.358, 323.831, 330.457, 336.291, 343.63, 350.474, 357.188, 364.472, 371.864, 379.061, 386.044, 393.305, 400.826, 408.292, 415.792, 423.332, 431.412, 437.924, 445.206, 452.764, 459.34, 466.055, 472.439, 479.204, 486.362, 492.622, 499.311, 506.069, 513.854, 519.999, 527.583, 534.47, 542.272, 549.465, 556.038, 564.372, 571.145, 578.325, 585.461, 592.73, 600.381, 606.803, 613.572, 621.11, 627.718, 635.214, 642.848, 650.318, 657.713, 664.159, 671.784, 678.959, 685.734, 692.716, 699.553, 705.882, 712.712, 718.493, 725.605, 733.271, 739.741, 746.761, 753.575, 761.034, 769.008, 775.889, 783.599, 790.826, 797.176, 804.88, 812.467, 819.582, 826.271, 833.932, 841.113, 847.902, 855.222, 862.762, 868.98, 876.738, 883.426, 891.439, 897.943, 905.023, 911.619, 919.73, 925.994, 932.975, 939.844, 946.854, 954.682, 961.781, 968.588, 975.503, 981.69, 989.246, 996.243, 1002.07, 1009.98, 1017.18, 1024.4, 1031.42, 1038.76, 1045.22, 1051.89, 1059.48, 1066.8, 1073.9, 1080.55, 1087.73, 1095.08, 1102.29, 1110.64, 1117.17, 1124.36, 1130.76, 1137.81, 1145.43, 1153.38, 1160.9, 1167.04, 1174.71, 1181.33, 1188.1, 1195.49, 1201.88, 1209.15, 1215.93, 1222.55, 1230.17, 1237.84, 1244.88, 1251.41, 1257.95, 1264.29, 1271.56, 1279.14, 1286.01, 1292.68, 1299.87, 1306.92, 1314.31, 1321.72, 1328.43, 1336.02, 1342.9, 1349.15, 1356, 1363.85, 1370.45, 1378.12, 1385.43, 1391.71, 1398.04, 1404.18, 1411.77, 1417.83, 1425.4, 1433.09, 1439.8, 1446.96, 1455.16, 1462.67, 1469.39, 1476.42, 1484.11, 1491.69, 1499.39, 1507.29, 1514.85, 1522.15, 1529.36, 1535.26, 1541.48, 1548.79, 1557.1, 1563.96, 1570.78, 1577.67, 1584.44, 1591.73, 1598.68, 1605.15, 1612.34, 1620.76, 1627.99, 1634.63, 1641.78, 1648.61, 1655.72, 1662.08, 1669.2, 1676.97, 1685.45, 1692.08, 1698.48, 1705.62, 1711.65, 1719.1, 1725.78, 1732.69, 1740.07, 1746.93, 1754.12, 1760.44, 1766.85, 1786.48], "UpperBound": 3666.88, "rootBTTime": 0, "LowerBounds": {"1": 1367.87, "2": 2146.07, "3": 2337.16, "4": 2534.23, "5": 2586.1, "6": 2647.81, "7": 2727.04, "8": 2807.64, "9": 2847.03, "10": 2866.06, "11": 2933.8, "12": 2961.22, "13": 3090.94, "14": 3123.07, "15": 3183.67, "16": 3193.54, "17": 3199.75, "18": 3211.27, "19": 3244.33, "20": 3331.6, "21": 3341.94, "22": 3345.33, "23": 3346.42, "24": 3357.27, "25": 3375.05, "26": 3385.06, "27": 3388.74, "28": 3402.79, "29": 3407.9, "30": 3424.15, "31": 3436.15, "32": 3438.66, "33": 3449.74, "34": 3451.54, "35": 3457.55, "36": 3460.67, "37": 3478.87, "38": 3479.69, "39": 3490.42, "40": 3495.21, "41": 3495.28, "42": 3496.44, "43": 3503.03, "44": 3505.88, "45": 3507.15, "46": 3509.74, "47": 3510.2, "48": 3510.49, "49": 3513.14, "50": 3517.56, "51": 3519.6, "52": 3531.57, "53": 3531.88, "54": 3536.37, "55": 3537.91, "56": 3546.2, "57": 3546.54, "58": 3558.4, "59": 3560.45, "60": 3560.68, "61": 3561.18, "62": 3564.86, "63": 3565.71, "64": 3567.41, "65": 3569, "66": 3569.42, "67": 3569.86, "68": 3571.34, "69": 3573.05, "70": 3574.51, "71": 3576.46, "72": 3580.08, "73": 3581.15, "74": 3583.21, "75": 3584.83, "76": 3584.86, "77": 3586.89, "78": 3589.32, "79": 3595, "80": 3596.57, "81": 3596.65, "82": 3600.75, "83": 3601.59, "84": 3602.91, "85": 3603.05, "86": 3605.64, "87": 3607.16, "88": 3608.31, "89": 3608.69, "90": 3609.59, "91": 3609.8, "92": 3610.36, "93": 3611.08, "94": 3611.4, "95": 3611.84, "96": 3612.33, "97": 3613.92, "98": 3614.99, "99": 3615.61, "100": 3615.71, "101": 3615.93, "102": 3616.27, "103": 3616.75, "104": 3617.92, "105": 3618.25, "106": 3620.41, "107": 3622.27, "108": 3622.82, "109": 3623.54, "110": 3623.59, "111": 3624.11, "112": 3624.14, "113": 3625.15, "114": 3626.92, "115": 3628.62, "116": 3629.39, "117": 3629.39, "118": 3630.89, "119": 3631.71, "120": 3632.3, "121": 3633.02, "122": 3633.23, "123": 3633.43, "124": 3633.45, "125": 3634.04, "126": 3634.36, "127": 3635.1, "128": 3635.42, "129": 3636.03, "130": 3637.25, "131": 3637.28, "132": 3637.58, "133": 3637.75, "134": 3638.21, "135": 3638.47, "136": 3638.76, "137": 3639.22, "138": 3639.97, "139": 3640.62, "140": 3640.88, "141": 3641.26, "142": 3641.68, "143": 3641.81, "144": 3642.1, "145": 3643.87, "146": 3643.91, "147": 3644.63, "148": 3644.66, "149": 3644.97, "150": 3645.12, "151": 3645.8, "152": 3646.46, "153": 3646.71, "154": 3647.59, "155": 3648.39, "156": 3648.43, "157": 3648.82, "158": 3651.01, "159": 3651.04, "160": 3651.43, "161": 3651.7, "162": 3651.8, "163": 3652.03, "164": 3652.23, "165": 3652.42, "166": 3652.56, "167": 3652.75, "168": 3652.85, "169": 3653.31, "170": 3653.32, "171": 3653.56, "172": 3653.67, "173": 3654.9, "174": 3655.45, "175": 3655.56, "176": 3655.69, "177": 3655.83, "178": 3655.85, "179": 3655.86, "180": 3656.14, "181": 3656.23, "182": 3656.36, "183": 3656.38, "184": 3656.43, "185": 3656.56, "186": 3656.7, "187": 3656.74, "188": 3656.79, "189": 3656.91, "190": 3656.92, "191": 3656.94, "192": 3657.01, "193": 3657.15, "194": 3657.19, "195": 3657.51, "196": 3657.57, "197": 3657.6, "198": 3657.66, "199": 3657.76, "200": 3657.91, "201": 3658.2, "202": 3658.27, "203": 3658.32, "204": 3658.41, "205": 3658.87, "206": 3658.97, "207": 3658.99, "208": 3659.12, "209": 3659.15, "210": 3659.42, "211": 3659.44, "212": 3659.79, "213": 3659.79, "214": 3660.45, "215": 3660.63, "216": 3660.75, "217": 3660.87, "218": 3660.9, "219": 3661.06, "220": 3661.08, "221": 3661.14, "222": 3661.14, "223": 3661.32, "224": 3661.34, "225": 3661.52, "226": 3661.83, "227": 3661.85, "228": 3662.03, "229": 3662.31, "230": 3662.32, "231": 3662.33, "232": 3662.37, "233": 3662.41, "234": 3662.45, "235": 3662.53, "236": 3662.61, "237": 3662.65, "238": 3662.81, "239": 3662.81, "240": 3662.81, "241": 3662.83, "242": 3662.83, "243": 3662.85, "244": 3662.86, "245": 3662.91, "246": 3662.98, "247": 3663, "248": 3663.04, "249": 3663.06, "250": 3663.08, "251": 3663.11, "252": 3663.23}, "SolveResult": 0, "UpperBounds": {"1": 3666.88}, "MaxQueueSize": 64, "VisitedNodes": 505, "BranchingVars": [2, 4, 4, 1, 1, 0, 0, 1, 0, 0, 1, 0, 0, 1, 2, 3, 3, 0, 0, 3, 3, 3, 5, 3, 2, 3, 2, 2, 3, 1, 5, 0, 0, 3, 5, 2, 0, 2, 0, 3, 3, 3, 2, 5, 0, 0, 5, 5, 0, 2, 0, 5, 5, 2, 5, 3, 2, 3, 2, 2, 5, 1, 3, 3, 5, 1, 3, 0, 2, 2, 0, 2, 3, 0, 5, 0, 0, 5, 2, 5, 1, 5, 0, 1, 3, 5, 0, 1, 5, 0, 2, 0, 4, 5, 1, 3, 2, 0, 3, 5, 1, 5, 5, 5, 5, 5, 1, 5, 2, 4, 3, 2, 2, 3, 1, 2, 5, 2, 1, 2, 3, 5, 5, 5, 2, 2, 2, 0, 3, 1, 0, 3, 2, 3, 3, 1, 5, 1, 5, 3, 4, 0, 2, 5, 1, 2, 0, 3, 3, 4, 1, 3, 5, 0, 1, 5, 2, 2, 2, 1, 0, 5, 2, 3, 3, 2, 0, 3, 3, 4, 5, 1, 2, 3, 4, 4, 0, 0, 2, 4, 0, 2, 4, 1, 1, 2, 2, 2, 4, 0, 1, 2, 2, 2, 1, 1, 0, 5, 1, 5, 1, 2, 2, 0, 2, 0, 4, 5, 5, 3, 4, 0, 5, 1, 0, 0, 0, 2, 3, 2, 4, 2, 0, 5, 5, 3, 4, 3, 0, 0, 3, 5, 0, 2, 5, 4, 2, 1, 0, 0, 2, 4, 3, 2, 4, 0, 2, 0, 5, 2, 0, 4], "NonLinearTime": 0.176672, "OptimalityGap": 3.65193,