{"Itbt": 0, "Pace": 0.00589846, "Depth": 7, "Degree": 6, "RPSTime": 0.0879679, "FBBTTime": 0, "OBBTTime": 0, "TotalTime": 0.616634, "Iterations": 27, "LinearTime": 0.456079, "LowerBound": 269.473, "TimeVector": [0.0530804, 0.082329, 0.109089, 0.137511, 0.169385, 0.188758, 0.209485, 0.236467, 0.256729, 0.273609, 0.291009, 0.30791, 0.325871, 0.343849, 0.362369, 0.389947, 0.409204, 0.428742, 0.448588, 0.469521, 0.48891, 0.508828, 0.528981, 0.550477, 0.570431, 0.590974, 1.20761], "UpperBound": 269.623, "rootBTTime": 0, "LowerBounds": {"1": 164.933, "2": 183.416, "3": 193.599, "4": 202.548, "5": 211.122, "6": 231.654, "7": 234.787, "8": 237.168, "9": 237.447, "10": 248.051, "11": 251.519, "12": 252.992, "13": 253.517, "14": 256.366, "15": 257.792, "16": 258.525, "17": 265.516, "18": 265.764, "19": 265.764, "20": 266.613, "21": 266.73, "22": 266.873, "23": 267.04, "24": 267.04, "25": 269.005, "26": 269.225, "27": 269.473}, "SolveResult": 0, "UpperBounds": {"1": 269.623}, "MaxQueueSize": 11, "VisitedNodes": 55, "BranchingVars": [3, 1, 2, 2, 0, 0, 2, 2, 1, 5, 5, 5, 5, 5, 5, 5, 3, 0, 0, 3, 3, 3, 3, 3, 3, 1, 1], "NonLinearTime": 0.0725735, "OptimalityGap": 0.150374, "BranchingRules": ["sum_dual_weighted_plus1", "sum_dual_weighted_plus1", "sum_dual_weighted_plus1", "sum_dual_weighted_plus1", "sum_dual_weighted_plus1", "sum_dual_weighted_plus1", "sum_dual_weighted_plus1", "sum_dual_weighted_plus1", "sum_dual_weighted_plus1", "sum_dual_weighted_plus1", "sum_dual_weighted_plus1", "sum_dual_weighted_plus1", "sum_dual_weighted_plus1", "sum_dual_weighted_plus1", "sum_dual_weighted_plus1", "sum_dual_weighted_plus1", "sum_dual_weighted_plus1", "sum_dual_weighted_plus1", "sum_dual_weighted_plus1", "sum_dual_weighted_plus1", "sum_dual_weighted_plus1", "sum_dual_weighted_plus1", "sum_dual_weighted_plus1", "sum_dual_weighted_plus1", "sum_dual_weighted_plus1", "sum_dual_weighted_plus1", "sum_dual_weighted_plus1"], "LBImprovements": [18.4834, 19.1324, 43.8484, 29.1056, 23.6648, 26.1375, 16.7318, 15.8248, 35.1183, 17.7125, 13.9971, 13.7376, 13.5228, 12.6396, 17.8309, 17.8052, 3.70905, 9.66796, 10.9862, 3.04467, 3.15397, 2.60657, 3.1961, 3.1961, 3.92077, 0.248047, 0.248047], "InfeasibleNodes": 0, "ElapsedTimeCoeffs": 0, "LinearizationTime": 0.00161517, "NumberOfVariables": 6, "CallsToLinearSolver": 55, "LinearGenerationTime": 0.0530211, "SDPCutsGenerationTime": 0, "CallsToNonLinearSolver": 8, "StrongBranchingExtraTime": 0, "ElapsedTimeWeightedCoeffs": 0, "NodesDiscardedByFathoming": 0, "NodesDiscardedByTolerance": 28, "BoundFactorConstraintsTime": 0.0570764, "ElapsedTimeVarsInConstraints": 0.000021557, "meanBTRelativeChangeRootNode": 0, "NumberOfBoundFactorConstraints": 154, "NumberOfLAPACKConvergenceFailures": 0, "NumberOfRLTVariablesAfterLinearization": 86}