{"Itbt": 0, "Pace": 0.0660568, "Depth": 9, "Degree": 6, "RPSTime": 60.39, "FBBTTime": 0, "OBBTTime": 0, "TotalTime": 353.128, "Iterations": 54, "LinearTime": 292.536, "LowerBound": 36907.6, "TimeVector": [7.51203, 10.5222, 15.256, 20.0139, 23.6019, 29.3323, 34.2549, 41.2445, 46.3461, 51.7574, 54.7987, 64.1947, 67.9365, 72.7786, 77.592, 81.5485, 88.1019, 95.9438, 101.391, 104.812, 108.4, 114.069, 121.232, 127.173, 132.728, 139.758, 150.456, 160.16, 163.532, 168.575, 175.994, 180.716, 187.383, 195.436, 204.022, 214.187, 220.576, 229.687, 233.85, 243.644, 249.549, 253.369, 256.913, 269.663, 278.409, 287.315, 292.048, 300.171, 313.169, 316.987, 322.863, 333.099, 343.09, 363.12], "UpperBound": 36936.3, "rootBTTime": 0, "LowerBounds": {"1": 31561.8, "2": 32629.6, "3": 33707.1, "4": 34010, "5": 34347.5, "6": 34467.6, "7": 34550, "8": 34836.2, "9": 34949.9, "10": 35118.9, "11": 35124.7, "12": 35151.7, "13": 35194.3, "14": 35523.6, "15": 35540.9, "16": 35550.7, "17": 35712.4, "18": 35737.5, "19": 35744, "20": 35747.4, "21": 35843.5, "22": 35895, "23": 35897.8, "24": 36017.4, "25": 36022.8, "26": 36094.5, "27": 36194.3, "28": 36228.5, "29": 36248.1, "30": 36288.1, "31": 36351.1, "32": 36377.9, "33": 36440, "34": 36502.6, "35": 36515.6, "36": 36556.2, "37": 36557.5, "38": 36569.1, "39": 36593.8, "40": 36602.2, "41": 36627.9, "42": 36665, "43": 36709.8, "44": 36786.4, "45": 36792.4, "46": 36798, "47": 36798.3, "48": 36843.5, "49": 36863.3, "50": 36863.8, "51": 36865, "52": 36867.8, "53": 36868.3, "54": 36907.6}, "SolveResult": 0, "UpperBounds": {"1": 36936.3}, "MaxQueueSize": 18, "VisitedNodes": 109, "BranchingVars": [2, 2, 2, 0, 0, 3, 5, 1, 1, 1, 4, 0, 2, 5, 4, 5, 3, 0, 3, 1, 4, 3, 4, 1, 1, 4, 0, 3, 0, 5, 4, 3, 1, 3, 3, 4, 3, 0, 1, 3, 2, 4, 5, 4, 0, 0, 3, 1, 0, 4, 4, 3, 1, 0], "NonLinearTime": 0.201879, "OptimalityGap": 28.6886, "BranchingRules": ["sum_dual_weighted_plus1", "sum_dual_weighted_plus1", "sum_dual_weighted_plus1", "sum_dual_weighted_plus1", "sum_dual_weighted_plus1", "sum_dual_weighted_plus1", "sum_dual_weighted_plus1", "sum_dual_weighted_plus1", "sum_dual_weighted_plus1", "sum_dual_weighted_plus1", "sum_dual_weighted_plus1", "sum_dual_weighted_plus1", "sum_dual_weighted_plus1", "sum_dual_weighted_plus1", "sum_dual_weighted_plus1", "sum_dual_weighted_plus1", "sum_dual_weighted_plus1", "sum_dual_weighted_plus1", "sum_dual_weighted_plus1", "sum_dual_weighted_plus1", "sum_dual_weighted_plus1", "sum_dual_weighted_plus1", "sum_dual_weighted_plus1", "sum_dual_weighted_plus1", "sum_dual_weighted_plus1", "sum_dual_weighted_plus1", "sum_dual_weighted_plus1", "sum_dual_weighted_plus1", "sum_dual_weighted_plus1", "sum_dual_weighted_plus1", "sum_dual_weighted_plus1", "sum_dual_weighted_plus1", "sum_dual_weighted_plus1", "sum_dual_weighted_plus1", "sum_dual_weighted_plus1", "sum_dual_weighted_plus1", "sum_dual_weighted_plus1", "sum_dual_weighted_plus1", "sum_dual_weighted_plus1", "sum_dual_weighted_plus1", "sum_dual_weighted_plus1", "sum_dual_weighted_plus1", "sum_dual_weighted_plus1", "sum_dual_weighted_plus1", "sum_dual_weighted_plus1", "sum_dual_weighted_plus1", "sum_dual_weighted_plus1", "sum_dual_weighted_plus1", "sum_dual_weighted_plus1", "sum_dual_weighted_plus1", "sum_dual_weighted_plus1", "sum_dual_weighted_plus1", "sum_dual_weighted_plus1", "sum_dual_weighted_plus1"], "LBImprovements": [1067.8, 1077.52, 760.495, 939.86, 1396.53, 657.033, 286.203, 704.705, 893.58, 593.469, 69.6117, 865.659, 356.421, 374.178, 354.094, 697.377, 638.748, 778.116, 1994.68, 630.52, 954.793, 299.334, 542.234, 846.398, 534.708, 408.052, 669.03, 563.936, 461.751, 305.693, 217.978, 1120.35, 664.099, 614.672, 270.828, 311.566, 766.463, 274.436, 544.844, 599.292, 466.852, 474.483, 419.704, 11.583, 115.228, 134.113, 658.591, 66.0402, 57.704, 900.364, 265.285, 374.525, 163.536, 716.367], "InfeasibleNodes": 0, "ElapsedTimeCoeffs": 0, "LinearizationTime": 1.04639, "NumberOfVariables": 6, "CallsToLinearSolver": 109, "LinearGenerationTime": 15.6199, "SDPCutsGenerationTime": 0, "CallsToNonLinearSolver": 9, "StrongBranchingExtraTime": 0, "ElapsedTimeWeightedCoeffs": 0, "NodesDiscardedByFathoming": 0, "NodesDiscardedByTolerance": 55, "BoundFactorConstraintsTime": 51.3669, "ElapsedTimeVarsInConstraints": 0.000319872, "meanBTRelativeChangeRootNode": 0, "NumberOfBoundFactorConstraints": 12369, "NumberOfLAPACKConvergenceFailures": 0, "NumberOfRLTVariablesAfterLinearization": 916}