{"Itbt": 0, "Pace": 0.0757193, "Depth": 21, "Degree": 6, "RPSTime": 9.98129, "FBBTTime": 0, "OBBTTime": 0, "TotalTime": 139.587, "Iterations": 149, "LinearTime": 129.468, "LowerBound": 3123.08, "TimeVector": [1.36551, 2.3079, 3.32779, 4.30029, 5.11472, 6.0499, 7.03048, 7.98079, 8.88125, 9.68296, 10.4765, 11.3291, 11.9793, 12.8906, 13.7592, 14.6839, 15.5802, 16.4094, 17.3135, 18.1655, 19.1081, 19.9657, 20.8509, 21.6748, 22.4686, 23.3752, 24.2827, 25.2177, 26.0955, 26.8762, 27.7577, 28.6458, 29.4565, 30.3424, 31.17, 32.0718, 32.7993, 33.5643, 34.4408, 35.3897, 36.3329, 37.1384, 37.9341, 38.796, 39.6468, 40.6143, 41.519, 42.3676, 43.2494, 44.0048, 44.9289, 45.7857, 46.708, 47.5668, 48.37, 49.2618, 50.2997, 51.1112, 52.0383, 52.8636, 53.6493, 54.4109, 55.2269, 55.9324, 56.7779, 57.5673, 58.5635, 59.5665, 60.5469, 61.427, 62.2954, 63.2215, 64.0121, 64.9362, 65.8901, 66.7646, 67.7215, 68.7038, 69.6754, 70.5599, 71.4748, 72.4459, 73.2646, 74.0953, 75.0531, 75.9698, 76.9752, 77.7992, 78.781, 79.6252, 80.6562, 82.6979, 83.382, 84.4666, 86.4621, 87.4655, 88.3213, 89.0782, 89.9228, 90.7104, 91.5434, 92.3321, 93.3019, 94.1689, 94.884, 95.8592, 96.7294, 97.6656, 98.4458, 99.1957, 100.184, 100.935, 101.901, 102.819, 103.597, 104.484, 105.427, 106.269, 107.647, 109.441, 110.357, 111.234, 112.076, 112.967, 113.958, 115.515, 116.371, 117.242, 118.233, 119.104, 120.025, 120.925, 122.001, 123.055, 123.933, 124.888, 125.762, 126.741, 127.621, 128.717, 129.592, 131.421, 132.983, 133.955, 134.955, 136.736, 137.614, 138.617, 157.278], "UpperBound": 3125.75, "rootBTTime": 0, "LowerBounds": {"1": 1279.6, "2": 1762.61, "3": 1924.99, "4": 1974.4, "5": 1996.72, "6": 2106.39, "7": 2176.84, "8": 2289.29, "9": 2296.89, "10": 2340.66, "11": 2373.06, "12": 2378.62, "13": 2390.06, "14": 2430.01, "15": 2446.03, "16": 2465.07, "17": 2506.98, "18": 2509.72, "19": 2533.41, "20": 2559.72, "21": 2560.16, "22": 2589.35, "23": 2606.09, "24": 2639.41, "25": 2645.88, "26": 2668.77, "27": 2693.6, "28": 2701.25, "29": 2736.12, "30": 2737.82, "31": 2756.4, "32": 2760.87, "33": 2763.89, "34": 2777.26, "35": 2778.37, "36": 2780.3, "37": 2800.93, "38": 2806.88, "39": 2806.9, "40": 2813.71, "41": 2819.6, "42": 2820.38, "43": 2827.28, "44": 2846.78, "45": 2855.88, "46": 2859.96, "47": 2861.55, "48": 2865.88, "49": 2868.62, "50": 2880.58, "51": 2889.09, "52": 2900.83, "53": 2907.9, "54": 2922.61, "55": 2929.39, "56": 2932.73, "57": 2933.45, "58": 2934.4, "59": 2935.47, "60": 2939.83, "61": 2949.27, "62": 2951.03, "63": 2955.58, "64": 2962.02, "65": 2964.04, "66": 2971.88, "67": 2972.02, "68": 2974.62, "69": 2977.69, "70": 2978.1, "71": 2978.27, "72": 2978.79, "73": 2979.16, "74": 2980.25, "75": 2983.7, "76": 2984.36, "77": 2990.1, "78": 3001.42, "79": 3001.58, "80": 3005.25, "81": 3008.16, "82": 3010.25, "83": 3027.14, "84": 3028.78, "85": 3034.95, "86": 3040.03, "87": 3047.4, "88": 3052.05, "89": 3052.42, "90": 3052.71, "91": 3058.98, "92": 3059, "93": 3061.09, "94": 3076.05, "95": 3083.13, "96": 3083.76, "97": 3085.49, "98": 3085.78, "99": 3086.37, "100": 3086.99, "101": 3088.15, "102": 3091.11, "103": 3091.9, "104": 3092.35, "105": 3093.99, "106": 3095.26, "107": 3097.34, "108": 3098.99, "109": 3101.03, "110": 3102.71, "111": 3103.05, "112": 3103.09, "113": 3104.2, "114": 3105.16, "115": 3108.63, "116": 3108.85, "117": 3109.33, "118": 3109.43, "119": 3109.77, "120": 3110.85, "121": 3111.31, "122": 3111.97, "123": 3112.4, "124": 3113.12, "125": 3113.18, "126": 3113.73, "127": 3114.01, "128": 3114.03, "129": 3114.82, "130": 3114.95, "131": 3114.99, "132": 3117.75, "133": 3117.85, "134": 3118.3, "135": 3118.66, "136": 3118.81, "137": 3119.2, "138": 3119.87, "139": 3119.88, "140": 3120.2, "141": 3121.21, "142": 3121.4, "143": 3121.87, "144": 3121.88, "145": 3121.92, "146": 3122.23, "147": 3122.27, "148": 3122.4, "149": 3123.08}, "SolveResult": 0, "UpperBounds": {"1": 3264.49, "2": 3125.75}, "MaxQueueSize": 35, "VisitedNodes": 299, "BranchingVars": [1, 5, 2, 2, 1, 0, 3, 1, 0, 2, 5, 3, 2, 0, 0, 3, 0, 0, 1, 0, 1, 1, 1, 3, 0, 3, 3, 5, 3, 1, 5, 5, 3, 3, 1, 5, 0, 0, 3, 1, 3, 5, 5, 4, 4, 1, 1, 4, 4, 4, 3, 4, 4, 0, 5, 3, 4, 3, 5, 3, 3, 0, 1, 3, 4, 0, 1, 1, 4, 0, 1, 1, 3, 4, 4, 1, 4, 1, 1, 4, 4, 5, 4, 0, 4, 4, 1, 1, 1, 1, 3, 1, 4, 1, 0, 5, 5, 4, 0, 0, 5, 4, 3, 4, 4, 4, 3, 1, 1, 4, 1, 0, 5, 4, 1, 5, 5, 0, 0, 0, 3, 4, 0, 2, 1, 0, 1, 1, 2, 0, 1, 0, 1, 0, 2, 2, 5, 1, 5, 1, 2, 2, 3, 1, 1, 1, 1, 0, 3], "NonLinearTime": 0.13688, "OptimalityGap": 2.6707,