{"Itbt": 0, "Pace": 0.0279115, "Depth": 8, "Degree": 2, "RPSTime": 0.0115293, "FBBTTime": 0, "OBBTTime": 0, "TotalTime": 0.172752, "Iterations": 29, "LinearTime": 0.0783576, "LowerBound": 389.843, "TimeVector": [0.0186368, 0.0320563, 0.0458969, 0.059178, 0.0719162, 0.0747297, 0.0777445, 0.0911658, 0.0940773, 0.0968384, 0.0999304, 0.102876, 0.105705, 0.108573, 0.111489, 0.124487, 0.127648, 0.130587, 0.133375, 0.136308, 0.139316, 0.142254, 0.145228, 0.148293, 0.151217, 0.154299, 0.157126, 0.160156, 0.332908], "UpperBound": 390.178, "rootBTTime": 0, "LowerBounds": {"1": 383.654, "2": 385.737, "3": 386.551, "4": 387.976, "5": 388.293, "6": 388.599, "7": 388.697, "8": 388.766, "9": 388.909, "10": 389.128, "11": 389.151, "12": 389.214, "13": 389.223, "14": 389.237, "15": 389.248, "16": 389.282, "17": 389.334, "18": 389.426, "19": 389.52, "20": 389.525, "21": 389.559, "22": 389.594, "23": 389.608, "24": 389.634, "25": 389.666, "26": 389.683, "27": 389.685, "28": 389.761, "29": 389.843}, "SolveResult": 0, "UpperBounds": {"1": 390.178}, "MaxQueueSize": 9, "VisitedNodes": 59, "BranchingVars": [12, 19, 19, 1, 1, 18, 20, 1, 12, 2, 19, 19, 19, 18, 19, 18, 12, 19, 18, 18, 18, 19, 3, 19, 19, 5, 5, 5, 20], "NonLinearTime": 0.0828513, "OptimalityGap": 0.335546, "BranchingRules": ["eigen_cen_alternative_rel", "eigen_cen_alternative_rel", "eigen_cen_alternative_rel", "eigen_cen_alternative_rel", "eigen_cen_alternative_rel", "eigen_cen_alternative_rel", "eigen_cen_alternative_rel", "eigen_cen_alternative_rel", "eigen_cen_alternative_rel", "eigen_cen_alternative_rel", "eigen_cen_alternative_rel", "eigen_cen_alternative_rel", "eigen_cen_alternative_rel", "eigen_cen_alternative_rel", "eigen_cen_alternative_rel", "eigen_cen_alternative_rel", "eigen_cen_alternative_rel", "eigen_cen_alternative_rel", "eigen_cen_alternative_rel", "eigen_cen_alternative_rel", "eigen_cen_alternative_rel", "eigen_cen_alternative_rel", "eigen_cen_alternative_rel", "eigen_cen_alternative_rel", "eigen_cen_alternative_rel", "eigen_cen_alternative_rel", "eigen_cen_alternative_rel", "eigen_cen_alternative_rel", "eigen_cen_alternative_rel"], "LBImprovements": [2.08255, 2.23954, 2.04708, 0.720538, 0.858251, 0.649076, 0.636802, 0.361609, 0.305597, 0.0950168, 0.636362, 0.311309, 0.0134901, 0.322365, 0.867009, 0.312312, 0.300037, 0.635419, 0.164658, 0.532689, 0.341225, 0.277542, 0.0746899, 0.208806, 0.392565, 0.282409, 0.526589, 0.240999, 0.845874], "InfeasibleNodes": 0, "ElapsedTimeCoeffs": 0, "LinearizationTime": 0.00015988, "NumberOfVariables": 28, "CallsToLinearSolver": 59, "LinearGenerationTime": 0.0144434, "SDPCutsGenerationTime": 0, "CallsToNonLinearSolver": 8, "StrongBranchingExtraTime": 0, "ElapsedTimeWeightedCoeffs": 0, "NodesDiscardedByFathoming": 0, "NodesDiscardedByTolerance": 30, "BoundFactorConstraintsTime": 0.00208527, "ElapsedTimeVarsInConstraints": 0, "meanBTRelativeChangeRootNode": 0, "NumberOfBoundFactorConstraints": 80, "NumberOfLAPACKConvergenceFailures": 0, "NumberOfRLTVariablesAfterLinearization": 20}