{"Itbt": 0, "Pace": 0.12254, "Depth": 19, "Degree": 2, "RPSTime": 0.0576426, "FBBTTime": 0, "OBBTTime": 0, "TotalTime": 0.597628, "Iterations": 165, "LinearTime": 0.416931, "LowerBound": 96.5585, "TimeVector": [0.0231813, 0.0374238, 0.0531484, 0.0671195, 0.0807419, 0.083568, 0.086272, 0.101255, 0.104049, 0.106934, 0.109872, 0.112612, 0.11531, 0.118044, 0.120839, 0.133775, 0.136759, 0.139665, 0.142466, 0.145198, 0.147921, 0.150688, 0.153276, 0.155842, 0.158676, 0.161649, 0.164154, 0.166893, 0.169461, 0.17222, 0.174963, 0.189372, 0.192262, 0.195179, 0.197925, 0.200964, 0.203671, 0.206429, 0.209231, 0.212393, 0.215295, 0.218254, 0.221041, 0.224212, 0.226959, 0.229787, 0.232651, 0.235466, 0.238474, 0.241193, 0.244196, 0.246945, 0.24987, 0.252978, 0.255621, 0.258266, 0.260919, 0.263371, 0.266228, 0.269392, 0.271994, 0.274897, 0.277444, 0.290048, 0.293187, 0.296127, 0.298893, 0.301617, 0.304647, 0.307432, 0.310351, 0.313243, 0.316077, 0.318946, 0.32191, 0.324704, 0.327529, 0.330571, 0.333327, 0.336223, 0.339118, 0.341607, 0.344467, 0.347117, 0.350042, 0.352606, 0.355575, 0.358359, 0.361456, 0.364317, 0.367043, 0.370046, 0.372872, 0.375508, 0.378447, 0.381381, 0.384375, 0.387132, 0.389986, 0.392931, 0.395694, 0.398532, 0.401457, 0.404459, 0.407586, 0.410278, 0.413043, 0.416007, 0.418806, 0.421783, 0.424796, 0.427446, 0.429936, 0.432805, 0.435859, 0.438785, 0.441605, 0.44436, 0.447292, 0.45006, 0.45301, 0.455898, 0.458553, 0.461352, 0.464243, 0.467174, 0.469947, 0.482362, 0.485451, 0.488404, 0.491199, 0.493952, 0.496918, 0.49976, 0.502745, 0.505605, 0.508423, 0.511603, 0.514535, 0.517291, 0.520056, 0.522851, 0.525615, 0.528578, 0.53163, 0.53445, 0.53716, 0.540004, 0.542856, 0.545785, 0.548638, 0.551541, 0.554438, 0.55708, 0.559723, 0.562328, 0.564746, 0.567682, 0.570531, 0.57342, 0.576381, 0.579254, 0.582192, 0.585034, 1.18266], "UpperBound": 96.6548, "rootBTTime": 0, "LowerBounds": {"1": 91.6825, "2": 91.9626, "3": 92.109, "4": 92.1214, "5": 92.5762, "6": 92.7676, "7": 92.9077, "8": 93.5611, "9": 93.6707, "10": 93.7162, "11": 93.7211, "12": 93.7221, "13": 93.7598, "14": 93.8343, "15": 93.9793, "16": 94.3377, "17": 94.439, "18": 94.4872, "19": 94.5292, "20": 94.5444, "21": 94.5496, "22": 94.6977, "23": 94.7412, "24": 94.7436, "25": 94.7913, "26": 94.8255, "27": 94.9532, "28": 94.9955, "29": 95.0407, "30": 95.0426, "31": 95.0489, "32": 95.149, "33": 95.1837, "34": 95.2102, "35": 95.2599, "36": 95.3651, "37": 95.385, "38": 95.4322, "39": 95.4351, "40": 95.463, "41": 95.4882, "42": 95.5249, "43": 95.5937, "44": 95.5969, "45": 95.616, "46": 95.624, "47": 95.6545, "48": 95.659, "49": 95.6717, "50": 95.6935, "51": 95.7122, "52": 95.7221, "53": 95.7429, "54": 95.745, "55": 95.7768, "56": 95.8036, "57": 95.8439, "58": 95.845, "59": 95.854, "60": 95.8648, "61": 95.8696, "62": 95.8886, "63": 95.8914, "64": 95.8918, "65": 95.8987, "66": 95.9009, "67": 95.907, "68": 95.9072, "69": 95.9308, "70": 95.9483, "71": 95.9687, "72": 95.9876, "73": 95.9939, "74": 95.9995, "75": 96.0222, "76": 96.0739, "77": 96.0851, "78": 96.1057, "79": 96.108, "80": 96.1213, "81": 96.2135, "82": 96.223, "83": 96.2244, "84": 96.2333, "85": 96.2582, "86": 96.2715, "87": 96.2857, "88": 96.2899, "89": 96.2903, "90": 96.2994, "91": 96.3026, "92": 96.3059, "93": 96.3133, "94": 96.3157, "95": 96.3205, "96": 96.3262, "97": 96.3269, "98": 96.327, "99": 96.3279, "100": 96.3322, "101": 96.3344, "102": 96.338, "103": 96.3401, "104": 96.3438, "105": 96.3447, "106": 96.3501, "107": 96.3512, "108": 96.3524, "109": 96.3577, "110": 96.3624, "111": 96.3656, "112": 96.3693, "113": 96.371, "114": 96.3797, "115": 96.3808, "116": 96.3876, "117": 96.3899, "118": 96.3925, "119": 96.3928, "120": 96.3981, "121": 96.4144, "122": 96.4146, "123": 96.4162, "124": 96.4167, "125": 96.4215, "126": 96.4229, "127": 96.4272, "128": 96.4285, "129": 96.4364, "130": 96.4421, "131": 96.4449, "132": 96.446, "133": 96.4475, "134": 96.4482, "135": 96.4491, "136": 96.4514, "137": 96.4516, "138": 96.459, "139": 96.4599, "140": 96.4659, "141": 96.4754, "142": 96.4843, "143": 96.4847, "144": 96.4922, "145": 96.4941, "146": 96.4969, "147": 96.5015, "148": 96.5033, "149": 96.5082, "150": 96.5101, "151": 96.5112, "152": 96.5244, "153": 96.5283, "154": 96.5301, "155": 96.5326, "156": 96.5358, "157": 96.5385, "158": 96.544, "159": 96.5456, "160": 96.5471, "161": 96.5477, "162": 96.5483, "163": 96.5519, "164": 96.5522, "165": 96.5585}, "SolveResult": 0, "UpperBounds": {"1": 96.6548}, "MaxQueueSize": 38, "VisitedNodes": 331, "BranchingVars": [6, 13, 6, 6, 19, 2, 2, 10, 13, 10, 6, 6, 1, 1, 1, 13, 1, 17, 2, 10, 10, 17, 10, 10, 1, 10, 1, 13, 1, 17, 1, 10, 19, 10, 2, 17, 19, 19, 19, 13, 19, 17, 13, 19, 17, 2, 19, 19, 19, 19, 2, 2, 19, 19, 20, 19, 19, 19, 19, 2, 19, 19, 20, 19, 20, 2, 17, 17, 1, 1, 2, 1, 19, 19, 19, 19, 20, 19, 2, 19, 19, 19, 3, 19, 19, 20, 13, 3, 19, 1, 19, 13, 1, 19, 19, 19, 13, 17, 13, 17, 19, 13, 19, 19, 17, 17, 2, 19, 17, 13, 2, 19, 19, 17, 19, 19, 1, 17, 22, 13, 13, 2, 19, 19, 2, 19, 19, 19, 13, 13, 19, 19, 19, 19, 19, 19, 19, 19, 17, 2, 15, 17, 19, 23, 19, 23, 17, 17, 19, 23, 19, 23, 19, 22, 19, 19, 19, 17, 17, 19, 17, 1, 17, 1, 1], "NonLinearTime": 0.123017, "OptimalityGap": 0.0963317,