{"Itbt": 0, "Pace": 0.00000936754, "Depth": 11, "Degree": 4, "RPSTime": 0.0232985, "FBBTTime": 0, "OBBTTime": 0, "TotalTime": 0.131253, "Iterations": 18, "LinearTime": 0.00733601, "LowerBound": -118.795, "TimeVector": [0.0141102, 0.0262008, 0.0379889, 0.0508975, 0.0622688, 0.0661843, 0.0696708, 0.0805485, 0.0839695, 0.0876318, 0.0908864, 0.0945521, 0.0982503, 0.102162, 0.105653, 0.116115, 0.119537, 0.25079], "UpperBound": -118.705, "rootBTTime": 0, "LowerBounds": {"1": -8108, "2": -2953.09, "3": -763.68, "4": -252.945, "5": -184.542, "6": -138.923, "7": -138.174, "8": -137.925, "9": -124.007, "10": -121.262, "11": -120.58, "12": -120.104, "13": -119.937, "14": -119.462, "15": -119.329, "16": -119.284, "17": -118.94, "18": -118.795}, "SolveResult": 0, "UpperBounds": {"1": -86.4222, "2": -118.705}, "MaxQueueSize": 4, "VisitedNodes": 37, "BranchingVars": [0, 0, 0, 0, 0, 0, 1, 1, 1, 1, 1, 0, 0, 0, 1, 1, 1, 0], "NonLinearTime": 0.0624769, "OptimalityGap": 0.0900181, "BranchingRules": ["sum_dual_weighted_plus1_rel", "sum_dual_weighted_plus1_rel", "sum_dual_weighted_plus1_rel", "sum_dual_weighted_plus1_rel", "sum_dual_weighted_plus1_rel", "sum_dual_weighted_plus1_rel", "sum_dual_weighted_plus1_rel", "sum_dual_weighted_plus1_rel", "sum_dual_weighted_plus1_rel", "sum_rescaled_var_range_weighted_rel", "sum_dual_weighted_plus1_rel", "sum_dual_weighted_plus1_rel", "sum_dual_weighted_plus1_rel", "sum_dual_weighted_plus1_rel", "sum_dual_weighted_plus1_rel", "sum_dual_weighted_plus1_rel", "sum_dual_weighted_plus1_rel", "sum_dual_weighted_plus1_rel"], "LBImprovements": [5154.91, 2189.41, 510.735, 68.4025, 45.6194, 0.748527, 16.9118, 19.4851, 6.68587, 1.15846, 1.70352, 0.641553, 1.25732, 0.133733, 0.533747, 0.765575, 0.240167, 1.11987], "InfeasibleNodes": 0, "ElapsedTimeCoeffs": 0, "LinearizationTime": 0.00001475, "NumberOfVariables": 2, "CallsToLinearSolver": 37, "LinearGenerationTime": 0.00189675, "SDPCutsGenerationTime": 0, "CallsToNonLinearSolver": 8, "StrongBranchingExtraTime": 0.0564142, "ElapsedTimeWeightedCoeffs": 0, "NodesDiscardedByFathoming": 0, "NodesDiscardedByTolerance": 19, "BoundFactorConstraintsTime": 0.000712253, "ElapsedTimeVarsInConstraints": 0.000005642, "meanBTRelativeChangeRootNode": 0, "NumberOfBoundFactorConstraints": 8, "NumberOfLAPACKConvergenceFailures": 0, "NumberOfRLTVariablesAfterLinearization": 4}