{"Itbt": 0, "Pace": 0.000325876, "Depth": 8, "Degree": 2, "RPSTime": 0.058031, "FBBTTime": 0, "OBBTTime": 0, "TotalTime": 0.61336, "Iterations": 21, "LinearTime": 0.182985, "LowerBound": -622.058, "TimeVector": [0.261208, 0.286421, 0.307767, 0.332146, 0.356692, 0.372065, 0.387794, 0.409068, 0.422658, 0.43803, 0.452732, 0.466271, 0.481145, 0.495609, 0.509964, 0.533049, 0.54891, 0.561909, 0.576065, 0.59002, 1.20338], "UpperBound": -621.488, "rootBTTime": 0, "LowerBounds": {"1": -1722.38, "2": -1315.23, "3": -1057, "4": -1034.8, "5": -915.673, "6": -820.517, "7": -815.613, "8": -751.842, "9": -726.088, "10": -703.837, "11": -698.491, "12": -652.456, "13": -650.12, "14": -643.081, "15": -635.706, "16": -634.382, "17": -632.579, "18": -625.78, "19": -625.78, "20": -624.497, "21": -622.058}, "SolveResult": 0, "UpperBounds": {"1": -621.488}, "MaxQueueSize": 7, "VisitedNodes": 43, "BranchingVars": [7, 6, 6, 5, 5, 4, 4, 5, 7, 7, 7, 5, 4, 3, 2, 2, 3, 1, 1, 1, 1], "NonLinearTime": 0.165087, "OptimalityGap": 0.570171, "BranchingRules": ["sum_rescaled_var_range_weighted_rel", "sum_rescaled_var_range_weighted_rel", "sum_dual_weighted_plus1", "sum_rescaled_var_range_weighted_rel", "sum_dual_weighted_plus1", "sum_rescaled_var_range_weighted_rel", "sum_rescaled_var_range_weighted_rel", "sum_dual_weighted_plus1", "sum_dual_weighted_plus1", "sum_dual_weighted_plus1", "sum_dual_weighted_plus1", "sum_rescaled_var_range_weighted_rel", "sum_rescaled_var_range_weighted_rel", "sum_rescaled_var_range_weighted_rel", "sum_rescaled_var_range_weighted_rel", "sum_rescaled_var_range_weighted_rel", "sum_rescaled_var_range_weighted_rel", "sum_rescaled_var_range_weighted_rel", "sum_rescaled_var_range_weighted_rel", "sum_rescaled_var_range_weighted_rel", "sum_rescaled_var_range_weighted_rel"], "LBImprovements": [407.146, 280.43, 305.156, 214.284, 189.585, 122.026, 111.776, 219.937, 143.551, 60.7563, 96.0537, 214.278, 133.019, 7.37515, 9.92534, 9.88433, 57.7872, 3.72226, 3.72226, 4.02088, 4.02503], "InfeasibleNodes": 0, "ElapsedTimeCoeffs": 0, "LinearizationTime": 0.000393646, "NumberOfVariables": 8, "CallsToLinearSolver": 43, "LinearGenerationTime": 0.042067, "SDPCutsGenerationTime": 0, "CallsToNonLinearSolver": 8, "StrongBranchingExtraTime": 0.254792, "ElapsedTimeWeightedCoeffs": 0, "NodesDiscardedByFathoming": 0, "NodesDiscardedByTolerance": 22, "BoundFactorConstraintsTime": 0.00391199, "ElapsedTimeVarsInConstraints": 0.000010512, "meanBTRelativeChangeRootNode": 0, "NumberOfBoundFactorConstraints": 136, "NumberOfLAPACKConvergenceFailures": 0, "NumberOfRLTVariablesAfterLinearization": 36}