{"Itbt": 0, "Pace": 35.2329, "Depth": 2, "Degree": 2, "RPSTime": 0.0028075, "FBBTTime": 0, "OBBTTime": 0, "TotalTime": 0.0446136, "Iterations": 2, "LinearTime": 0.00225309, "LowerBound": 0, "TimeVector": [0.024445, 0.0690585], "UpperBound": 0, "rootBTTime": 0, "LowerBounds": {"1": 0}, "SolveResult": 0, "UpperBounds": {"1": 179769000000000000000000000000000000000000000000000000000000000000000000000000000000000000000000000000000000000000000000000000000000000000000000000000000000000000000000000000000000000000000000000000000000000000000000000000000000000000000000000000000000000000000000000000000000000000000000000000000000000000000, "2": 0}, "MaxQueueSize": 0, "VisitedNodes": 5, "BranchingVars": [6, 5], "NonLinearTime": 0.031641, "OptimalityGap": 0, "BranchingRules": ["sum_rescaled_var_range_weighted_rel", "sum_rescaled_var_range_weighted_rel"], "LBImprovements": [0, 0], "InfeasibleNodes": 0, "ElapsedTimeCoeffs": 0, "LinearizationTime": 0.000045016, "NumberOfVariables": 8, "CallsToLinearSolver": 5, "LinearGenerationTime": 0.000595627, "SDPCutsGenerationTime": 0, "CallsToNonLinearSolver": 3, "StrongBranchingExtraTime": 0.00938074, "ElapsedTimeWeightedCoeffs": 0, "NodesDiscardedByFathoming": 3, "NodesDiscardedByTolerance": 0, "BoundFactorConstraintsTime": 0.000136379, "ElapsedTimeVarsInConstraints": 0.000015093, "meanBTRelativeChangeRootNode": 0, "NumberOfBoundFactorConstraints": 36, "NumberOfLAPACKConvergenceFailures": 0, "NumberOfRLTVariablesAfterLinearization": 11}