{"Itbt": 0, "Pace": 0.0000505523, "Depth": 13, "Degree": 2, "RPSTime": 0.0255003, "FBBTTime": 0, "OBBTTime": 0, "TotalTime": 0.162593, "Iterations": 157, "LinearTime": 0.0519553, "LowerBound": 7042.72, "TimeVector": [0.0107294, 0.0194933, 0.0279171, 0.0363077, 0.0446824, 0.045304, 0.0458422, 0.0541149, 0.0546476, 0.0551513, 0.0556377, 0.0561313, 0.056604, 0.0570805, 0.0575492, 0.0656536, 0.0661801, 0.0666614, 0.067134, 0.067609, 0.0680838, 0.0685374, 0.0690053, 0.0694724, 0.069958, 0.0704277, 0.070884, 0.0713551, 0.0718182, 0.0722934, 0.072752, 0.0809025, 0.0814523, 0.0819449, 0.0824218, 0.0828789, 0.0833355, 0.0838066, 0.0842761, 0.0847342, 0.0852087, 0.0856666, 0.0861757, 0.0866675, 0.0871328, 0.0876096, 0.0880837, 0.0885686, 0.0890115, 0.0894754, 0.0899351, 0.0904045, 0.0908548, 0.0913167, 0.091884, 0.0923602, 0.0928509, 0.0933406, 0.0938086, 0.0942526, 0.0947206, 0.0952076, 0.0956566, 0.103882, 0.104405, 0.104866, 0.105349, 0.105806, 0.106263, 0.106714, 0.107173, 0.107625, 0.10811, 0.1086, 0.109048, 0.109498, 0.109997, 0.110466, 0.110938, 0.111427, 0.11189, 0.112376, 0.112878, 0.113366, 0.113837, 0.11432, 0.114796, 0.115276, 0.115766, 0.116265, 0.116753, 0.11725, 0.117761, 0.118241, 0.118728, 0.119212, 0.119692, 0.120183, 0.120631, 0.121135, 0.121613, 0.122053, 0.122505, 0.122964, 0.123422, 0.123801, 0.124234, 0.124613, 0.125067, 0.125515, 0.125972, 0.126447, 0.126905, 0.127304, 0.127753, 0.128177, 0.128628, 0.1291, 0.129532, 0.129952, 0.130404, 0.130842, 0.131309, 0.131763, 0.132201, 0.132654, 0.133102, 0.141129, 0.141682, 0.142198, 0.142688, 0.143185, 0.143619, 0.144114, 0.144592, 0.145084, 0.145492, 0.145938, 0.146424, 0.146902, 0.147362, 0.14784, 0.148337, 0.148765, 0.149264, 0.149724, 0.150139, 0.150625, 0.151118, 0.151593, 0.152073, 0.152579, 0.153082, 0.153545, 0.154034, 0.154519, 0.317112], "UpperBound": 7049.25, "rootBTTime": 0, "LowerBounds": {"1": 3826.39, "2": 3890.67, "3": 4276.35, "4": 4688.19, "5": 5073.87, "6": 5467.76, "7": 5853.44, "8": 5888.7, "9": 6167.64, "10": 6187.78, "11": 6229.78, "12": 6303.44, "13": 6333.43, "14": 6408.52, "15": 6425.18, "16": 6437.63, "17": 6500.59, "18": 6531.22, "19": 6559.18, "20": 6573.73, "21": 6574.91, "22": 6576.39, "23": 6592.4, "24": 6603.18, "25": 6615.47, "26": 6640.13, "27": 6648.13, "28": 6649, "29": 6698.37, "30": 6698.83, "31": 6701.33, "32": 6713.2, "33": 6730.59, "34": 6739.07, "35": 6744.96, "36": 6756.96, "37": 6759.48, "38": 6774.18, "39": 6777.64, "40": 6779.67, "41": 6781.84, "42": 6784.62, "43": 6799.3, "44": 6808.77, "45": 6814.98, "46": 6817.76, "47": 6826.95, "48": 6838.58, "49": 6846.14, "50": 6846.78, "51": 6851.57, "52": 6853.03, "53": 6853.32, "54": 6856.62, "55": 6856.73, "56": 6860.55, "57": 6861.7, "58": 6868.18, "59": 6873.27, "60": 6874, "61": 6874.05, "62": 6879.7, "63": 6880.8, "64": 6881.48, "65": 6882, "66": 6884.43, "67": 6890.4, "68": 6891.46, "69": 6897.58, "70": 6899.44, "71": 6901.84, "72": 6902.27, "73": 6902.53, "74": 6904.67, "75": 6905.13, "76": 6910.55, "77": 6911.33, "78": 6923.08, "79": 6923.45, "80": 6928.01, "81": 6932.06, "82": 6933.72, "83": 6935.13, "84": 6936.6, "85": 6938.58, "86": 6941, "87": 6942.45, "88": 6943.14, "89": 6943.78, "90": 6949.98, "91": 6953.07, "92": 6953.46, "93": 6954.17, "94": 6956.47, "95": 6962.59, "96": 6962.69, "97": 6962.97, "98": 6967.54, "99": 6967.93, "100": 6973.49, "102": 6974.66, "103": 6977.93, "104": 6979.07, "105": 6980.21, "106": 6983.06, "107": 6983.06, "108": 6983.85, "109": 6984.02, "110": 6987.65, "111": 6989.32, "112": 6989.37, "113": 6990.04, "114": 6991.13, "115": 6991.95, "116": 6995.63, "117": 6996.19, "118": 6997.53, "119": 6998.45, "120": 7002.17, "121": 7002.17, "122": 7002.51, "123": 7003.72, "124": 7004.84, "125": 7004.84, "126": 7008.4, "127": 7008.58, "128": 7008.58, "129": 7010.02, "130": 7013.19, "131": 7013.95, "132": 7014.38, "133": 7014.78, "134": 7014.78, "135": 7017.72, "136": 7022.89, "137": 7024.23, "138": 7026.88, "139": 7026.89, "140": 7029.25, "141": 7029.25, "142": 7029.99, "143": 7031.26, "144": 7031.89, "145": 7031.97, "146": 7032.35, "147": 7034.87, "148": 7034.91, "149": 7036.47, "150": 7036.54, "151": 7036.81, "152": 7039.54, "153": 7039.86, "154": 7039.93, "155": 7040.3, "156": 7040.73, "157": 7042.72}, "SolveResult": 0, "UpperBounds": {"1": 7049.25}, "MaxQueueSize": 53, "VisitedNodes": 315, "BranchingVars": [0, 1, 1, 1, 1, 1, 1, 0, 1, 0, 1, 1, 0, 1, 1, 1, 0, 1, 0, 0, 1, 0, 1, 0, 1, 1, 1, 0, 1, 0, 1, 0, 0, 1, 1, 0, 1, 1, 0, 1, 0, 0, 3, 0, 0, 3, 3, 0, 3, 0, 0, 3, 3, 3, 0, 0, 3, 3, 0, 3, 3, 3, 3, 3, 0, 0, 0, 0, 0, 3, 0, 0, 0, 3, 3, 3, 3, 3, 2, 3, 2, 3, 3, 3, 3, 3, 3, 3, 2, 3, 2, 3, 3, 3, 3, 3, 2, 2, 3, 2, 2, 3, 2, 3, 3, 2, 2, 2, 2, 2, 3, 2, 2, 2, 3, 3, 3, 3, 3, 2, 2, 2, 3, 2, 2, 3, 2, 2, 2, 2, 2, 3, 2, 2, 2, 3, 2, 3, 2, 2, 2, 2, 2, 2, 3, 3, 2, 3, 2, 3, 2, 3, 2, 3, 2, 3, 2], "NonLinearTime": 0.0851099, "OptimalityGap": 6.52437,