{"Itbt": 0, "Pace": 0.312135, "Depth": 8, "Degree": 2, "RPSTime": 0.00617183, "FBBTTime": 0, "OBBTTime": 0, "TotalTime": 0.0780425, "Iterations": 33, "LinearTime": 0.00790729, "LowerBound": -0.500972, "TimeVector": [0.00928602, 0.0167438, 0.0240927, 0.0318613, 0.0393886, 0.0397801, 0.0401275, 0.0482056, 0.0485844, 0.0489284, 0.0492709, 0.0496149, 0.0499503, 0.0502824, 0.0506287, 0.0583947, 0.0587702, 0.0591137, 0.0594623, 0.0598, 0.0601344, 0.0604854, 0.0608323, 0.0611733, 0.0615323, 0.0618692, 0.0621996, 0.0625399, 0.0628722, 0.0632053, 0.063549, 0.0708921, 0.148935], "UpperBound": -0.5, "rootBTTime": 0, "LowerBounds": {"1": -0.75, "2": -0.62069, "3": -0.548983, "4": -0.542714, "5": -0.529412, "6": -0.524361, "7": -0.519172, "8": -0.513194, "9": -0.511591, "10": -0.511413, "11": -0.508222, "12": -0.505791, "13": -0.505464, "14": -0.505232, "15": -0.504382, "16": -0.504004, "17": -0.503259, "18": -0.502859, "19": -0.502857, "20": -0.502789, "21": -0.502634, "22": -0.502384, "23": -0.502371, "24": -0.502109, "25": -0.502042, "26": -0.501429, "27": -0.501406, "28": -0.501403, "29": -0.50136, "30": -0.501254, "31": -0.501182, "32": -0.501168, "33": -0.500972}, "SolveResult": 0, "UpperBounds": {"1": -0.5}, "MaxQueueSize": 11, "VisitedNodes": 67, "BranchingVars": [0, 0, 0, 0, 0, 0, 0, 0, 0, 0, 0, 0, 0, 0, 0, 0, 0, 0, 0, 0, 0, 0, 0, 0, 0, 0, 0, 0, 0, 0, 0, 0, 0], "NonLinearTime": 0.0639546, "OptimalityGap": 0.000971988, "BranchingRules": ["sum_dual_weighted_plus1_rel", "sum_dual_weighted_plus1_rel", "sum_dual_weighted_plus1_rel", "sum_dual_weighted_plus1_rel", "sum_dual_weighted_plus1_rel", "sum_dual_weighted_plus1_rel", "sum_dual_weighted_plus1_rel", "sum_dual_weighted_plus1_rel", "sum_dual_weighted_plus1_rel", "sum_dual_weighted_plus1_rel", "sum_dual_weighted_plus1_rel", "sum_dual_weighted_plus1_rel", "sum_dual_weighted_plus1_rel", "sum_dual_weighted_plus1_rel", "sum_dual_weighted_plus1_rel", "sum_dual_weighted_plus1_rel", "sum_dual_weighted_plus1_rel", "sum_dual_weighted_plus1_rel", "sum_dual_weighted_plus1_rel", "sum_dual_weighted_plus1_rel", "sum_dual_weighted_plus1_rel", "sum_dual_weighted_plus1_rel", "sum_dual_weighted_plus1_rel", "sum_dual_weighted_plus1_rel", "sum_dual_weighted_plus1_rel", "sum_dual_weighted_plus1_rel", "sum_dual_weighted_plus1_rel", "sum_dual_weighted_plus1_rel", "sum_dual_weighted_plus1_rel", "sum_dual_weighted_plus1_rel", "sum_dual_weighted_plus1_rel", "sum_dual_weighted_plus1_rel", "sum_dual_weighted_plus1_rel"], "LBImprovements": [0.12931, 0.0717063, 0.0246219, 0.0295199, 0.031388, 0.0127704, 0.0109497, 0.0104042, 0.00580021, 0.00618098, 0.00496271, 0.00293209, 0.00283032, 0.00284802, 0.00320051, 0.0057081, 0.00228725, 0.00142935, 0.00145365, 0.00416388, 0.00137948, 0.00134862, 0.00144041, 0.00147218, 0.0026282, 0.000715875, 0.000711377, 0.000713253, 0.000733866, 0.00067523, 0.0014395, 0.000701936, 0.000646869], "InfeasibleNodes": 0, "ElapsedTimeCoeffs": 0, "LinearizationTime": 0.000003473, "NumberOfVariables": 2, "CallsToLinearSolver": 67, "LinearGenerationTime": 0.0020466, "SDPCutsGenerationTime": 0, "CallsToNonLinearSolver": 9, "StrongBranchingExtraTime": 0, "ElapsedTimeWeightedCoeffs": 0, "NodesDiscardedByFathoming": 0, "NodesDiscardedByTolerance": 34, "BoundFactorConstraintsTime": 0.000321894, "ElapsedTimeVarsInConstraints": 0.000003123, "meanBTRelativeChangeRootNode": 0, "NumberOfBoundFactorConstraints": 4, "NumberOfLAPACKConvergenceFailures": 0, "NumberOfRLTVariablesAfterLinearization": 1}