{"Itbt": 0, "Pace": 0.000243182, "Depth": 27, "Degree": 2, "RPSTime": 0.0367377, "FBBTTime": 0, "OBBTTime": 0, "TotalTime": 0.26757, "Iterations": 87, "LinearTime": 0.140024, "LowerBound": -622.089, "TimeVector": [0.015364, 0.0281397, 0.0385748, 0.0506572, 0.0630257, 0.0652357, 0.0674936, 0.0778678, 0.0796841, 0.0818578, 0.0839204, 0.0858947, 0.088087, 0.0901556, 0.0921832, 0.102259, 0.104191, 0.106161, 0.108203, 0.110149, 0.112075, 0.114048, 0.116347, 0.118367, 0.120308, 0.122269, 0.124235, 0.126203, 0.128132, 0.130097, 0.132092, 0.142309, 0.144371, 0.146373, 0.148361, 0.150358, 0.152344, 0.154305, 0.156301, 0.158253, 0.160185, 0.162173, 0.164102, 0.166062, 0.168039, 0.170004, 0.172001, 0.173976, 0.175901, 0.177829, 0.179811, 0.181779, 0.183681, 0.185644, 0.187536, 0.189469, 0.191486, 0.19349, 0.195441, 0.197426, 0.199407, 0.201353, 0.203357, 0.213735, 0.215754, 0.217706, 0.219719, 0.221747, 0.223701, 0.22573, 0.22769, 0.229633, 0.2316, 0.23356, 0.235506, 0.237475, 0.239437, 0.241393, 0.243413, 0.245366, 0.247387, 0.249338, 0.25136, 0.253325, 0.25537, 0.257365, 0.524935], "UpperBound": -621.488, "rootBTTime": 0, "LowerBounds": {"1": -1722.38, "2": -1315.23, "3": -1057, "4": -1034.8, "5": -915.673, "6": -820.517, "7": -815.613, "8": -751.842, "9": -726.088, "10": -703.837, "11": -698.491, "12": -652.456, "13": -650.12, "14": -643.081, "15": -638.412, "16": -634.685, "17": -634.321, "18": -633.93, "19": -633.808, "20": -633.515, "21": -633.077, "22": -632.619, "23": -632.579, "24": -632.142, "25": -631.649, "26": -631.141, "27": -630.62, "28": -630.269, "29": -630.087, "30": -629.879, "31": -629.545, "32": -629.463, "33": -629.269, "34": -629.022, "35": -628.993, "36": -628.559, "37": -628.435, "38": -628.077, "39": -627.869, "40": -627.577, "41": -627.307, "42": -627.299, "43": -627.16, "44": -627.061, "45": -626.978, "46": -626.766, "47": -626.725, "48": -626.531, "49": -626.524, "50": -626.255, "51": -626.147, "52": -625.988, "53": -625.962, "54": -625.91, "55": -625.647, "56": -625.567, "57": -625.494, "58": -625.434, "59": -625.311, "60": -625.052, "61": -624.986, "62": -624.956, "63": -624.871, "64": -624.797, "65": -624.587, "66": -624.585, "67": -624.404, "68": -624.3, "69": -624.199, "70": -624.1, "71": -623.973, "72": -623.799, "73": -623.798, "74": -623.59, "75": -623.386, "76": -623.351, "77": -623.083, "78": -622.963, "79": -622.909, "80": -622.789, "81": -622.734, "82": -622.531, "83": -622.527, "84": -622.472, "85": -622.288, "86": -622.194, "87": -622.089}, "SolveResult": 0, "UpperBounds": {"1": -621.488}, "MaxQueueSize": 25, "VisitedNodes": 175, "BranchingVars": [7, 6, 6, 5, 5, 4, 4, 5, 7, 7, 7, 5, 4, 6, 6, 5, 5, 5, 6, 5, 5, 5, 3, 5, 5, 5, 5, 5, 5, 5, 5, 5, 6, 5, 5, 5, 5, 5, 5, 5, 7, 5, 7, 5, 7, 7, 5, 5, 7, 7, 5, 5, 7, 5, 7, 5, 5, 5, 7, 5, 5, 7, 5, 6, 5, 7, 7, 7, 7, 7, 7, 7, 7, 7, 7, 7, 7, 7, 7, 7, 7, 7, 7, 7, 7, 2, 7], "NonLinearTime": 0.0907818, "OptimalityGap": 0.601633, "BranchingRules": ["sum_dual_weighted_plus1_rel", "sum_dual_weighted_plus1_rel", "sum_dual_weighted_plus1_rel", "sum_dual_weighted_plus1_rel", "sum_dual_weighted_plus1_rel", "sum_dual_weighted_plus1_rel", "sum_dual_weighted_plus1_rel", "sum_dual_weighted_plus1_rel", "sum_dual_weighted_plus1_rel", "sum_dual_weighted_plus1_rel", "sum_dual_weighted_plus1_rel", "sum_dual_weighted_plus1_rel", "sum_dual_weighted_plus1_rel", "sum_dual_weighted_plus1_rel", "sum_dual_weighted_plus1_rel", "sum_dual_weighted_plus1_rel", "sum_dual_weighted_plus1_rel", "sum_dual_weighted_plus1_rel", "sum_dual_weighted_plus1_rel", "sum_dual_weighted_plus1_rel", "sum_dual_weighted_plus1_rel", "sum_dual_weighted_plus1_rel", "sum_dual_weighted_plus1_rel", "sum_dual_weighted_plus1_rel", "sum_dual_weighted_plus1_rel", "sum_dual_weighted_plus1_rel", "sum_dual_weighted_plus1_rel", "sum_dual_weighted_plus1_rel", "sum_dual_weighted_plus1_rel", "sum_dual_weighted_plus1_rel", "sum_dual_weighted_plus1_rel", "sum_dual_weighted_plus1_rel", "sum_dual_weighted_plus1_rel", "sum_dual_weighted_plus1_rel", "sum_dual_weighted_plus1_rel", "sum_dual_weighted_plus1_rel", "sum_dual_weighted_plus1_rel", "sum_dual_weighted_plus1_rel", "sum_dual_weighted_plus1_rel", "sum_dual_weighted_plus1_rel", "sum_dual_weighted_plus1_rel", "sum_dual_weighted_plus1_rel", "sum_dual_weighted_plus1_rel", "sum_dual_weighted_plus1_rel", "sum_dual_weighted_plus1_rel", "sum_dual_weighted_plus1_rel", "sum_dual_weighted_plus1_rel", "sum_dual_weighted_plus1_rel", "sum_dual_weighted_plus1_rel", "sum_dual_weighted_plus1_rel", "sum_dual_weighted_plus1_rel", "sum_dual_weighted_plus1_rel", "sum_dual_weighted_plus1_rel", "sum_dual_weighted_plus1_rel", "sum_dual_weighted_plus1_rel", "sum_dual_weighted_plus1_rel", "sum_dual_weighted_plus1_rel", "sum_dual_weighted_plus1_rel", "sum_dual_weighted_plus1_rel", "sum_dual_weighted_plus1_rel", "sum_dual_weighted_plus1_rel", "sum_dual_weighted_plus1_rel", "sum_dual_weighted_plus1_rel", "sum_dual_weighted_plus1_rel", "sum_dual_weighted_plus1_rel", "sum_dual_weighted_plus1_rel", "sum_dual_weighted_plus1_rel", "sum_dual_weighted_plus1_rel", "sum_dual_weighted_plus1_rel", "sum_dual_weighted_plus1_rel", "sum_dual_weighted_plus1_rel", "sum_dual_weighted_plus1_rel", "sum_dual_weighted_plus1_rel", "sum_dual_weighted_plus1_rel", "sum_dual_weighted_plus1_rel", "sum_dual_weighted_plus1_rel", "sum_dual_weighted_plus1_rel", "sum_dual_weighted_plus1_rel", "sum_dual_weighted_plus1_rel", "sum_dual_weighted_plus1_rel", "sum_dual_weighted_plus1_rel", "sum_dual_weighted_plus1_rel", "sum_dual_weighted_plus1_rel", "sum_dual_weighted_plus1_rel", "sum_dual_weighted_plus1_rel", "sum_dual_weighted_plus1_rel", "sum_dual_weighted_plus1_rel"], "LBImprovements": [407.146, 280.43, 305.156, 214.284, 189.585, 122.026, 111.776, 219.937, 143.551, 60.7563, 96.0537, 214.278, 133.019, 4.66879, 4.60403, 0.363591, 0.390724, 0.415459, 4.53848, 0.437941, 0.458302, 0.476671, 57.7872, 0.493169, 0.507909, 0.520999, 0.532542, 0.390055, 0.542636, 0.416542, 0.551371, 0.440648, 4.47228, 0.462515, 0.558834, 0.482277, 0.565108, 0.500061, 0.570269, 0.515988, 3.33399, 0.574392, 3.36165, 0.530171, 3.38864, 3.41497, 0.577545, 0.542719, 3.44065, 3.46571, 0.579795, 0.553733, 3.49016, 0.415873, 3.51401, 0.581202, 0.44173, 0.563309, 3.53728, 0.465222, 0.581826, 3.55998, 0.57154, 4.40555, 0.48649, 3.58213, 3.79287, 3.66155, 3.60374, 3.49764, 3.26675, 3.62482, 3.29374, 3.32007, 3.64539, 3.34576, 3.37083, 3.66546, 3.35014, 3.39528, 3.37781, 3.68503, 3.40479, 3.41914, 3.43112, 0.31615, 3.44241], "InfeasibleNodes": 0, "ElapsedTimeCoeffs": 0, "LinearizationTime": 0.000391624, "NumberOfVariables": 8, "CallsToLinearSolver": 175, "LinearGenerationTime": 0.040354, "SDPCutsGenerationTime": 0, "CallsToNonLinearSolver": 10, "StrongBranchingExtraTime": 0, "ElapsedTimeWeightedCoeffs": 0, "NodesDiscardedByFathoming": 0, "NodesDiscardedByTolerance": 88, "BoundFactorConstraintsTime": 0.0149138, "ElapsedTimeVarsInConstraints": 0.000008831, "meanBTRelativeChangeRootNode": 0, "NumberOfBoundFactorConstraints": 136, "NumberOfLAPACKConvergenceFailures": 0, "NumberOfRLTVariablesAfterLinearization": 36}