{"Itbt": 0, "Pace": 0.704142, "Depth": 21, "Degree": 3, "RPSTime": 0.0685173, "FBBTTime": 0, "OBBTTime": 0, "TotalTime": 0.392734, "Iterations": 220, "LinearTime": 0.228246, "LowerBound": -1.76671, "TimeVector": [0.0133704, 0.02354, 0.0334268, 0.0438162, 0.0539148, 0.0553573, 0.05671, 0.066675, 0.0680898, 0.0694506, 0.0709549, 0.0723197, 0.0736963, 0.0750364, 0.0763756, 0.0863877, 0.087734, 0.0891002, 0.0904298, 0.0917633, 0.0931427, 0.0945061, 0.0957901, 0.097103, 0.0984487, 0.0997834, 0.101073, 0.102263, 0.103473, 0.104697, 0.10591, 0.11564, 0.116887, 0.118255, 0.11947, 0.120673, 0.121879, 0.123081, 0.124279, 0.125502, 0.126672, 0.127884, 0.129101, 0.130353, 0.131553, 0.132765, 0.133902, 0.135041, 0.136225, 0.137445, 0.138647, 0.139865, 0.141227, 0.14246, 0.14368, 0.14499, 0.146188, 0.147416, 0.148691, 0.149981, 0.151342, 0.152725, 0.154069, 0.164181, 0.165539, 0.166795, 0.168151, 0.16947, 0.170853, 0.172222, 0.173627, 0.174973, 0.176323, 0.177764, 0.179211, 0.18061, 0.182102, 0.18352, 0.184964, 0.186475, 0.187858, 0.189261, 0.190591, 0.191926, 0.193241, 0.194571, 0.195916, 0.197273, 0.198609, 0.199919, 0.201272, 0.20258, 0.203961, 0.205332, 0.206687, 0.20803, 0.209419, 0.21081, 0.212215, 0.213537, 0.214901, 0.216363, 0.217715, 0.219113, 0.220489, 0.221877, 0.223196, 0.224531, 0.225844, 0.227201, 0.228562, 0.229857, 0.23114, 0.232469, 0.233795, 0.235138, 0.236436, 0.237795, 0.239185, 0.240553, 0.241963, 0.243307, 0.244621, 0.245996, 0.247398, 0.24872, 0.250089, 0.260368, 0.261793, 0.263155, 0.264571, 0.265869, 0.267284, 0.268662, 0.269965, 0.271304, 0.272646, 0.274009, 0.2754, 0.27678, 0.278148, 0.279526, 0.280874, 0.282225, 0.283595, 0.284956, 0.286281, 0.287499, 0.288761, 0.290109, 0.291463, 0.292741, 0.294011, 0.295382, 0.296737, 0.29803, 0.299343, 0.300669, 0.302047, 0.303374, 0.304583, 0.305917, 0.30722, 0.308532, 0.309849, 0.311195, 0.31259, 0.313924, 0.315258, 0.316587, 0.317886, 0.319177, 0.320534, 0.32187, 0.323172, 0.324428, 0.325699, 0.326979, 0.328333, 0.329623, 0.330977, 0.332262, 0.333773, 0.335169, 0.336528, 0.337847, 0.339197, 0.340534, 0.341895, 0.343268, 0.344617, 0.345968, 0.347326, 0.348633, 0.350033, 0.351398, 0.35275, 0.354038, 0.355405, 0.356748, 0.358091, 0.359444, 0.360826, 0.362197, 0.363555, 0.364943, 0.366293, 0.36761, 0.368893, 0.370184, 0.371463, 0.372797, 0.374144, 0.375521, 0.376996, 0.378341, 0.379706, 0.381182, 0.382546, 0.77528], "UpperBound": -1.765, "rootBTTime": 0, "LowerBounds": {"1": -2.32346, "4": -2.22354, "5": -2.20814, "6": -2.0875, "7": -2.04135, "8": -2.03959, "9": -2.03928, "10": -2.03749, "11": -2.03747, "12": -2.03657, "13": -2.03653, "14": -2.02579, "15": -2.02569, "16": -2.02456, "17": -2.02447, "18": -2.01947, "19": -2.01937, "20": -2.01863, "21": -2.01806, "22": -2.01447, "23": -2.01385, "24": -1.99396, "25": -1.9849, "26": -1.98467, "27": -1.98467, "28": -1.98022, "29": -1.98022, "30": -1.97825, "31": -1.97825, "32": -1.97611, "33": -1.97611, "34": -1.97361, "35": -1.97257, "36": -1.97257, "37": -1.97215, "38": -1.97215, "39": -1.96968, "40": -1.96968, "41": -1.96743, "43": -1.96667, "45": -1.96573, "47": -1.96449, "48": -1.96449, "49": -1.96201, "50": -1.96201, "51": -1.95822, "52": -1.95822, "53": -1.95764, "54": -1.95525, "55": -1.95525, "56": -1.95503, "57": -1.95299, "58": -1.95299, "59": -1.95131, "60": -1.95131, "61": -1.93086, "62": -1.91919, "63": -1.91633, "64": -1.90927, "65": -1.90764, "66": -1.90142, "67": -1.90054, "68": -1.89868, "69": -1.88406, "70": -1.88356, "71": -1.88161, "72": -1.88141, "73": -1.88141, "74": -1.87976, "75": -1.87933, "76": -1.87782, "77": -1.87777, "78": -1.86783, "79": -1.86686, "80": -1.86655, "81": -1.84369, "82": -1.84264, "83": -1.83653, "84": -1.83653, "85": -1.83496, "86": -1.8345, "87": -1.83433, "88": -1.83334, "89": -1.83327, "90": -1.83183, "91": -1.83075, "92": -1.82981, "93": -1.82854, "94": -1.82773, "95": -1.82767, "96": -1.82767, "97": -1.82742, "98": -1.82699, "99": -1.82594, "100": -1.82514, "101": -1.81829, "102": -1.8136, "103": -1.81294, "104": -1.8104, "105": -1.81007, "106": -1.80297, "107": -1.80268, "108": -1.80266, "109": -1.80198, "110": -1.79294, "111": -1.79081, "112": -1.7905, "113": -1.79049, "114": -1.79049, "115": -1.79, "116": -1.78962, "117": -1.78672, "118": -1.78502, "119": -1.78224, "120": -1.78222, "121": -1.78146, "122": -1.78088, "123": -1.7808, "124": -1.78056, "125": -1.78014, "126": -1.77949, "127": -1.77932, "128": -1.77911, "129": -1.77834, "130": -1.77831, "131": -1.77809, "132": -1.77727, "133": -1.77682, "134": -1.77647, "135": -1.77643, "136": -1.77634, "137": -1.77581, "138": -1.77551, "139": -1.77529, "140": -1.77494, "141": -1.77492, "142": -1.77484, "143": -1.77483, "144": -1.77466, "145": -1.77453, "146": -1.77418, "147": -1.77386, "148": -1.77384, "149": -1.77384, "150": -1.77364, "151": -1.77318, "152": -1.77318, "153": -1.77317, "154": -1.77287, "155": -1.7727, "156": -1.77268, "157": -1.77268, "158": -1.7722, "159": -1.7718, "160": -1.77179, "161": -1.77151, "162": -1.77148, "163": -1.77147, "164": -1.7711, "165": -1.77092, "166": -1.77075, "167": -1.77058, "168": -1.77058, "169": -1.77058, "170": -1.77058, "171": -1.77036, "172": -1.77036, "173": -1.77009, "174": -1.77007, "175": -1.77004, "176": -1.77003, "177": -1.77003, "178": -1.76947, "179": -1.76947, "180": -1.76946, "181": -1.76946, "182": -1.76935, "183": -1.76931, "184": -1.76897, "185": -1.76891, "186": -1.76885, "187": -1.76883, "188": -1.76868, "189": -1.76857, "190": -1.76846, "191": -1.76838, "192": -1.7683, "193": -1.76819, "194": -1.76804, "195": -1.76798, "196": -1.76795, "197": -1.76795, "198": -1.7678, "199": -1.76774, "200": -1.7677, "201": -1.76768, "202": -1.76738, "203": -1.76735, "204": -1.76735, "205": -1.76733, "206": -1.7673, "207": -1.76726, "208": -1.76725, "209": -1.7672, "210": -1.76714, "211": -1.76703, "212": -1.76696, "213": -1.76694, "214": -1.76694, "215": -1.76692, "216": -1.7669, "217": -1.76681, "218": -1.76679, "219": -1.76678, "220": -1.76671}, "SolveResult": 0, "UpperBounds": {"1": -1.765}, "MaxQueueSize": 33, "VisitedNodes": 441, "BranchingVars": [2, 5, 5, 0, 0, 5, 2, 5, 5, 0, 0, 0, 0, 4, 4, 4, 4, 4, 4, 4, 4, 0, 5, 2, 4, 5, 5, 5, 5, 5, 5, 5, 5, 0, 5, 5, 5, 5, 5, 5, 5, 5, 5, 5, 5, 5, 5, 5, 5, 5, 5, 5, 0, 5, 5, 4, 5, 5, 4, 4, 0, 5, 0, 0, 4, 5, 5, 5, 0, 0, 2, 4, 4, 5, 4, 4, 4, 0, 4, 4, 4, 4, 4, 4, 4, 4, 2, 0, 4, 4, 4, 4, 4, 2, 4, 4, 4, 4, 4, 4, 4, 4, 2, 4, 4, 2, 4, 4, 4, 4, 4, 2, 4, 4, 4, 4, 4, 4, 4, 4, 4, 4, 4, 4, 4, 4, 4, 4, 4, 4, 4, 4, 4, 4, 2, 4, 4, 2, 4, 4, 4, 4, 4, 4, 4, 4, 2, 4, 4, 4, 4, 4, 5, 4, 2, 4, 4, 5, 4, 4, 5, 5, 4, 5, 4, 4, 4, 2, 4, 4, 4, 4, 4, 4, 2, 4, 4, 2, 5, 4, 5, 4, 4, 4, 5, 4, 5, 4, 4, 4, 4, 4, 4, 4, 4, 4, 4, 4, 5, 5, 5, 4, 4, 4, 5, 4, 4, 5, 4, 5, 4, 4, 4, 4, 4, 4, 4, 4, 4, 4], "NonLinearTime": 0.0959205, "OptimalityGap": 0.00170909,