{"Itbt": 0, "Pace": 3457.83, "Depth": 0, "Degree": 3, "RPSTime": 1.86228, "FBBTTime": 0, "OBBTTime": 0, "TotalTime": 3.45783, "Iterations": 1, "LinearTime": 1.52298, "LowerBound": -179769000000000000000000000000000000000000000000000000000000000000000000000000000000000000000000000000000000000000000000000000000000000000000000000000000000000000000000000000000000000000000000000000000000000000000000000000000000000000000000000000000000000000000000000000000000000000000000000000000000000000000, "TimeVector": [3.45783], "UpperBound": 179769000000000000000000000000000000000000000000000000000000000000000000000000000000000000000000000000000000000000000000000000000000000000000000000000000000000000000000000000000000000000000000000000000000000000000000000000000000000000000000000000000000000000000000000000000000000000000000000000000000000000000, "rootBTTime": 0, "LowerBounds": {"1": -179769000000000000000000000000000000000000000000000000000000000000000000000000000000000000000000000000000000000000000000000000000000000000000000000000000000000000000000000000000000000000000000000000000000000000000000000000000000000000000000000000000000000000000000000000000000000000000000000000000000000000000}, "SolveResult": 200, "UpperBounds": {"1": 179769000000000000000000000000000000000000000000000000000000000000000000000000000000000000000000000000000000000000000000000000000000000000000000000000000000000000000000000000000000000000000000000000000000000000000000000000000000000000000000000000000000000000000000000000000000000000000000000000000000000000000}, "MaxQueueSize": 0, "VisitedNodes": 1, "BranchingVars": [], "NonLinearTime": 0.0722168, "OptimalityGap": 179769313486231570000000000000000000000000000000000000000000000000000000000000000000000000000000000000000000000000000000000000000000000000000000000000000000000000000000000000000000000000000000000000000000000000000000000000000000000000000000000000000000000000000000000000000000000000000000000000000000000000000, "BranchingRules": [], "LBImprovements": [], "InfeasibleNodes": 0, "ElapsedTimeCoeffs": 0, "LinearizationTime": 0.699346, "NumberOfVariables": 2370, "CallsToLinearSolver": 1, "LinearGenerationTime": 0.02958, "SDPCutsGenerationTime": 0, "CallsToNonLinearSolver": 2, "StrongBranchingExtraTime": 0, "ElapsedTimeWeightedCoeffs": 0, "NodesDiscardedByFathoming": 0, "NodesDiscardedByTolerance": 0, "BoundFactorConstraintsTime": 0.28794, "ElapsedTimeVarsInConstraints": 0, "meanBTRelativeChangeRootNode": 0, "NumberOfBoundFactorConstraints": 3148, "NumberOfLAPACKConvergenceFailures": 0, "NumberOfRLTVariablesAfterLinearization": 1054}