{"Itbt": 0, "Pace": 0.0791534, "Depth": 12, "Degree": 2, "RPSTime": 0.198058, "FBBTTime": 0, "OBBTTime": 0, "TotalTime": 1.91756, "Iterations": 89, "LinearTime": 0.230463, "LowerBound": 96.5606, "TimeVector": [0.0405233, 0.0731643, 0.108365, 0.141377, 0.174571, 0.194433, 0.214839, 0.24968, 0.268765, 0.289001, 0.307954, 0.327628, 0.34749, 0.368034, 0.387107, 0.418612, 0.439417, 0.458847, 0.479154, 0.500234, 0.519693, 0.539409, 0.558842, 0.579091, 0.597467, 0.617913, 0.63698, 0.656579, 0.676581, 0.696346, 0.715751, 0.746505, 0.766996, 0.788208, 0.809368, 0.828904, 0.85014, 0.869734, 0.890369, 0.912219, 0.932006, 0.95286, 0.972388, 0.992212, 1.01077, 1.02889, 1.0474, 1.06613, 1.08703, 1.1064, 1.12494, 1.14521, 1.16442, 1.1844, 1.20373, 1.22534, 1.2443, 1.26507, 1.2865, 1.30692, 1.3267, 1.34678, 1.36783, 1.40029, 1.42121, 1.44216, 1.46246, 1.48196, 1.5032, 1.52295, 1.54344, 1.56348, 1.5842, 1.60457, 1.62528, 1.64541, 1.66641, 1.68525, 1.70568, 1.72637, 1.74712, 1.76639, 1.78609, 1.80501, 1.82595, 1.84446, 1.86417, 1.88498, 3.80254], "UpperBound": 96.6548, "rootBTTime": 0, "LowerBounds": {"1": 91.6825, "2": 91.9626, "3": 92.109, "4": 92.1214, "5": 92.8706, "6": 93.1148, "7": 93.2504, "8": 93.2979, "9": 93.3156, "10": 93.7869, "11": 93.882, "12": 93.9422, "13": 94.2159, "14": 94.2314, "15": 94.7506, "16": 94.8063, "17": 94.8088, "18": 94.8375, "19": 94.9311, "20": 95.0787, "21": 95.1025, "22": 95.1578, "23": 95.1693, "24": 95.2375, "25": 95.3358, "26": 95.3601, "27": 95.4286, "28": 95.4412, "29": 95.5623, "30": 95.5856, "31": 95.6059, "32": 95.6289, "33": 95.6738, "34": 95.6741, "35": 95.675, "36": 95.6768, "37": 95.6962, "38": 95.6963, "39": 95.7064, "40": 95.7355, "41": 95.7535, "42": 95.7605, "43": 95.7676, "44": 95.768, "45": 95.78, "46": 95.8096, "47": 95.8454, "48": 95.8691, "49": 95.923, "50": 95.9741, "51": 95.9779, "52": 95.9882, "53": 96.0062, "54": 96.0113, "55": 96.0486, "56": 96.2253, "57": 96.2345, "58": 96.2423, "59": 96.2878, "60": 96.2936, "61": 96.3396, "62": 96.341, "63": 96.3425, "64": 96.3438, "65": 96.3443, "66": 96.3554, "67": 96.3623, "68": 96.3687, "69": 96.3875, "70": 96.3939, "71": 96.3954, "72": 96.4335, "73": 96.4364, "74": 96.4378, "75": 96.4409, "76": 96.4412, "77": 96.4434, "78": 96.4454, "79": 96.4454, "80": 96.4475, "81": 96.4537, "82": 96.4841, "83": 96.4845, "84": 96.4862, "85": 96.4984, "86": 96.5137, "87": 96.5142, "88": 96.5396, "89": 96.5606}, "SolveResult": 0, "UpperBounds": {"1": 96.6548}, "MaxQueueSize": 26, "VisitedNodes": 179, "BranchingVars": [6, 13, 2, 23, 10, 19, 10, 20, 10, 10, 23, 1, 1, 1, 1, 1, 17, 1, 17, 19, 19, 10, 20, 10, 20, 23, 6, 9, 19, 19, 1, 9, 13, 19, 19, 19, 13, 15, 9, 19, 17, 17, 19, 19, 19, 19, 19, 15, 19, 19, 19, 19, 19, 1, 21, 17, 9, 2, 15, 2, 9, 19, 9, 9, 9, 15, 13, 9, 9, 9, 15, 9, 13, 9, 23, 9, 9, 9, 9, 9, 15, 9, 6, 6, 9, 19, 9, 15, 2], "NonLinearTime": 0.124314, "OptimalityGap": 0.0942669, "BranchingRules": ["sum_dual_weighted_plus1_rel", "sum_dual_weighted_plus1_rel", "sum_rescaled_var_range_weighted_rel", "sum_rescaled_var_range_weighted_rel", "sum_rescaled_var_range_weighted_rel", "eigen_cen_alternative", "sum_rescaled_var_range_weighted_rel", "sum_rescaled_var_range_weighted_rel", "sum_rescaled_var_range_weighted_rel", "sum_rescaled_var_range_weighted_rel", "sum_rescaled_var_range_weighted_rel", "sum_dual_weighted_plus1_rel", "eigen_cen_alternative", "sum_dual_weighted_plus1_rel", "sum_dual_weighted_plus1_rel", "sum_dual_weighted_plus1_rel", "eigen_cen_alternative", "sum_rescaled_var_range_weighted_rel", "eigen_cen_alternative", "eigen_cen_alternative", "eigen_cen_alternative", "sum_rescaled_var_range_weighted_rel", "sum_rescaled_var_range_weighted_rel", "sum_dual_weighted_plus1_rel", "sum_rescaled_var_range_weighted_rel", "sum_rescaled_var_range_weighted_rel", "sum_dual_weighted_plus1_rel", "sum_rescaled_var_range_weighted_rel", "eigen_cen_alternative", "eigen_cen_alternative", "sum_dual_weighted_plus1_rel", "sum_rescaled_var_range_weighted_rel", "sum_dual_weighted_plus1_rel", "eigen_cen_alternative", "eigen_cen_alternative", "eigen_cen_alternative", "sum_dual_weighted_plus1_rel", "sum_rescaled_var_range_weighted_rel", "sum_dual_weighted_plus1_rel", "sum_dual_weighted_plus1_rel", "eigen_cen_alternative", "eigen_cen_alternative", "eigen_cen_alternative", "eigen_cen_alternative", "eigen_cen_alternative", "eigen_cen_alternative", "eigen_cen_alternative", "sum_rescaled_var_range_weighted_rel", "eigen_cen_alternative", "eigen_cen_alternative", "eigen_cen_alternative", "eigen_cen_alternative", "eigen_cen_alternative", "sum_dual_weighted_plus1_rel", "sum_dual_weighted_plus1_rel", "sum_rescaled_var_range_weighted_rel", "sum_rescaled_var_range_weighted_rel", "sum_dual_weighted_plus1_rel", "sum_rescaled_var_range_weighted_rel", "sum_dual_weighted_plus1_rel", "sum_rescaled_var_range_weighted_rel", "eigen_cen_alternative", "sum_rescaled_var_range_weighted_rel", "sum_rescaled_var_range_weighted_rel", "sum_rescaled_var_range_weighted_rel", "sum_rescaled_var_range_weighted_rel", "sum_dual_weighted_plus1_rel", "sum_rescaled_var_range_weighted_rel", "sum_rescaled_var_range_weighted_rel", "sum_rescaled_var_range_weighted_rel", "sum_rescaled_var_range_weighted_rel", "sum_dual_weighted_plus1_rel", "sum_dual_weighted_plus1_rel", "sum_dual_weighted_plus1_rel", "sum_rescaled_var_range_weighted_rel", "sum_rescaled_var_range_weighted_rel", "sum_rescaled_var_range_weighted_rel", "sum_rescaled_var_range_weighted_rel", "sum_rescaled_var_range_weighted_rel", "sum_rescaled_var_range_weighted_rel", "sum_rescaled_var_range_weighted_rel", "sum_rescaled_var_range_weighted_rel", "sum_dual_weighted_plus1_rel", "sum_dual_weighted_plus1_rel", "sum_rescaled_var_range_weighted", "eigen_cen_alternative_rel", "sum_rescaled_var_range_weighted_rel", "sum_rescaled_var_range_weighted_rel", "sum_dual_weighted_plus1_rel"], "LBImprovements": [0.280156, 0.146411, 0.76155, 1.12893, 0.244217, 1.10105, 0.6918, 0.488972, 1.7869, 0.444518, 0.868623, 0.866588, 1.14419, 0.847354, 0.677988, 0.756087, 0.865373, 0.836322, 0.991924, 0.617464, 1.54143, 0.448084, 0.841958, 0.458739, 0.509517, 0.268825, 0.156958, 1.14438, 0.831543, 0.648955, 0.73516, 0.967958, 0.00113812, 0.762249, 0.809488, 0.80947, 0.0572773, 0.0712862, 0.747341, 0.506756, 0.586077, 0.58389, 0.71652, 0.746167, 0.836428, 0.872279, 2.06167, 0.104991, 0.37058, 0.728902, 0.705417, 0.367154, 0.57973, 0.591132, 0.530214, 0.47338, 0.521, 0.0455465, 0.0546545, 0.0686994, 0.390613, 0.637339, 0.505565, 0.439445, 0.195276, 0.0823801, 0.0712611, 0.237778, 0.39422, 0.349734, 0.048028, 0.56403, 0.0111404, 0.638511, 0.871542, 0.490297, 0.637845, 0.387969, 0.562798, 0.366142, 0.119415, 0.173009, 0.721849, 0.395402, 0.497403, 0.744059, 0.114072, 0.0169012, 0.0441285], "InfeasibleNodes": 0, "ElapsedTimeCoeffs": 0, "LinearizationTime": 0.000173027, "NumberOfVariables": 28, "CallsToLinearSolver": 179, "LinearGenerationTime": 0.0446909, "SDPCutsGenerationTime": 0, "CallsToNonLinearSolver": 10, "StrongBranchingExtraTime": 1.53136, "ElapsedTimeWeightedCoeffs": 0, "NodesDiscardedByFathoming": 0, "NodesDiscardedByTolerance": 90, "BoundFactorConstraintsTime": 0.00511516, "ElapsedTimeVarsInConstraints": 0.000099185, "meanBTRelativeChangeRootNode": 0, "NumberOfBoundFactorConstraints": 79, "NumberOfLAPACKConvergenceFailures": 0, "NumberOfRLTVariablesAfterLinearization": 20}