{"Itbt": 0, "Pace": 0.00383732, "Depth": 6, "Degree": 6, "RPSTime": 0.33334, "FBBTTime": 0, "OBBTTime": 0, "TotalTime": 1.62149, "Iterations": 30, "LinearTime": 0.178716, "LowerBound": 220.667, "TimeVector": [0.0647948, 0.126955, 0.184372, 0.243486, 0.304166, 0.356214, 0.406115, 0.462943, 0.512331, 0.56684, 0.618857, 0.671081, 0.724929, 0.772947, 0.822479, 0.87861, 0.932661, 0.981737, 1.03437, 1.08445, 1.1393, 1.19317, 1.24458, 1.29722, 1.34512, 1.39677, 1.44632, 1.49987, 1.55701, 3.17851], "UpperBound": 220.819, "rootBTTime": 0, "LowerBounds": {"1": 143.764, "2": 162.759, "3": 171.674, "4": 173.378, "5": 191.95, "6": 199.155, "7": 200.604, "8": 201.525, "9": 202.3, "10": 208.143, "11": 208.656, "12": 209.143, "13": 211.714, "14": 213.457, "15": 213.83, "16": 215.011, "17": 215.252, "18": 216.339, "19": 217.25, "20": 217.314, "21": 217.925, "22": 218.305, "23": 219.473, "24": 219.54, "25": 219.67, "26": 219.919, "27": 220.265, "28": 220.281, "29": 220.404, "30": 220.667}, "SolveResult": 0, "UpperBounds": {"1": 223.218, "5": 220.819}, "MaxQueueSize": 12, "VisitedNodes": 61, "BranchingVars": [3, 4, 0, 0, 4, 0, 3, 1, 3, 0, 1, 1, 1, 3, 1, 3, 4, 1, 1, 3, 1, 3, 3, 3, 1, 0, 1, 0, 4, 4], "NonLinearTime": 0.0652324, "OptimalityGap": 0.152067, "BranchingRules": ["sum_rescaled_var_range_weighted_rel", "sum_rescaled_var_range_weighted_rel", "sum_rescaled_var_range_weighted_rel", "sum_rescaled_var_range_weighted_rel", "sum_rescaled_var_range_weighted_rel", "sum_dual_weighted_plus1", "sum_dual_weighted_plus1", "sum_rescaled_var_range_weighted_rel", "sum_dual_weighted_plus1", "sum_rescaled_var_range_weighted_rel", "sum_rescaled_var_range_weighted_rel", "sum_rescaled_var_range_weighted_rel", "sum_rescaled_var_range_weighted_rel", "sum_rescaled_var_range_weighted_rel", "sum_rescaled_var_range_weighted_rel", "sum_dual_weighted_plus1", "sum_rescaled_var_range_weighted_rel", "sum_rescaled_var_range_weighted_rel", "sum_rescaled_var_range_weighted_rel", "sum_dual_weighted_plus1", "sum_rescaled_var_range_weighted_rel", "sum_dual_weighted_plus1", "sum_rescaled_var_range_weighted_rel", "sum_rescaled_var_range_weighted_rel", "sum_rescaled_var_range_weighted_rel", "sum_dual_weighted_plus1", "sum_rescaled_var_range_weighted_rel", "sum_rescaled_var_range_weighted_rel", "sum_rescaled_var_range_weighted_rel", "sum_rescaled_var_range_weighted_rel"], "LBImprovements": [18.9952, 8.91445, 28.9308, 28.9223, 7.20548, 9.98749, 13.2257, 6.61826, 14.9497, 5.31438, 6.3542, 6.10932, 22.9161, 6.21217, 4.47444, 5.50059, 4.28785, 4.06414, 5.87329, 6.55015, 8.98989, 2.36221, 7.0515, 4.61787, 1.34256, 9.40081, 0.451562, 4.24981, 1.97486, 3.58869], "InfeasibleNodes": 1, "ElapsedTimeCoeffs": 0, "LinearizationTime": 0.00054845, "NumberOfVariables": 6, "CallsToLinearSolver": 61, "LinearGenerationTime": 0.0309772, "SDPCutsGenerationTime": 0, "CallsToNonLinearSolver": 8, "StrongBranchingExtraTime": 1.32639, "ElapsedTimeWeightedCoeffs": 0, "NodesDiscardedByFathoming": 0, "NodesDiscardedByTolerance": 30, "BoundFactorConstraintsTime": 0.0310931, "ElapsedTimeVarsInConstraints": 0.000014879, "meanBTRelativeChangeRootNode": 0, "NumberOfBoundFactorConstraints": 71, "NumberOfLAPACKConvergenceFailures": 0, "NumberOfRLTVariablesAfterLinearization": 43}