{"Itbt": 0, "Pace": 0.0140688, "Depth": 15, "Degree": 5, "RPSTime": 0.165756, "FBBTTime": 0, "OBBTTime": 0, "TotalTime": 1.36604, "Iterations": 83, "LinearTime": 1.08879, "LowerBound": 141.147, "TimeVector": [0.0408237, 0.0669367, 0.0907866, 0.118024, 0.142033, 0.15744, 0.172984, 0.195975, 0.209216, 0.224407, 0.239252, 0.253507, 0.266747, 0.280073, 0.294131, 0.321921, 0.337007, 0.352305, 0.367805, 0.381937, 0.396118, 0.409834, 0.423251, 0.435793, 0.451385, 0.46461, 0.479402, 0.494625, 0.509052, 0.525887, 0.540149, 0.563462, 0.578559, 0.593997, 0.608884, 0.620667, 0.635537, 0.65013, 0.663813, 0.677578, 0.692302, 0.706891, 0.720045, 0.733873, 0.750329, 0.769555, 0.78312, 0.798218, 0.81126, 0.827963, 0.842745, 0.85783, 0.873389, 0.888644, 0.903962, 0.918415, 0.931616, 0.945001, 0.961538, 0.978829, 0.994475, 1.01433, 1.03008, 1.05644, 1.07214, 1.08548, 1.1018, 1.11633, 1.12991, 1.14471, 1.15941, 1.17634, 1.19161, 1.20852, 1.22589, 1.24254, 1.25861, 1.27562, 1.29081, 1.30676, 1.32565, 1.34172, 2.70775], "UpperBound": 141.287, "rootBTTime": 0, "LowerBounds": {"1": 44.0507, "2": 58.2919, "3": 67.4277, "4": 109.908, "5": 117.717, "6": 120.209, "7": 120.539, "8": 120.971, "9": 125.26, "10": 126.594, "11": 127.812, "12": 128.456, "13": 129.12, "14": 130, "15": 131.918, "16": 132.022, "17": 132.998, "18": 133.2, "19": 133.695, "20": 133.781, "21": 135, "22": 135.603, "23": 135.796, "24": 136.236, "25": 136.709, "26": 136.75, "27": 136.809, "28": 137.772, "29": 137.773, "30": 137.979, "31": 138.246, "32": 138.439, "33": 138.729, "34": 138.915, "35": 138.992, "36": 139.108, "37": 139.315, "38": 139.391, "39": 139.42, "40": 139.553, "41": 139.582, "42": 139.866, "43": 139.95, "44": 140.038, "45": 140.081, "46": 140.17, "47": 140.276, "48": 140.29, "49": 140.301, "50": 140.318, "51": 140.521, "52": 140.523, "53": 140.537, "54": 140.596, "55": 140.68, "56": 140.713, "57": 140.785, "58": 140.807, "59": 140.822, "60": 140.835, "61": 140.885, "62": 140.91, "63": 140.966, "64": 140.991, "65": 140.995, "66": 140.998, "67": 141.005, "68": 141.02, "69": 141.037, "70": 141.039, "71": 141.045, "72": 141.05, "73": 141.05, "74": 141.068, "75": 141.078, "76": 141.089, "77": 141.108, "78": 141.111, "79": 141.121, "80": 141.121, "81": 141.123, "82": 141.13, "83": 141.147}, "SolveResult": 0, "UpperBounds": {"1": 141.287}, "MaxQueueSize": 18, "VisitedNodes": 167, "BranchingVars": [3, 1, 1, 5, 5, 5, 3, 5, 0, 4, 5, 0, 0, 0, 4, 5, 4, 4, 6, 0, 6, 6, 3, 6, 4, 6, 4, 6, 4, 4, 3, 6, 1, 4, 4, 0, 1, 4, 6, 6, 6, 4, 6, 6, 3, 5, 0, 3, 4, 5, 0, 3, 4, 5, 5, 0, 0, 0, 4, 5, 1, 4, 5, 1, 0, 3, 5, 0, 2, 4, 4, 5, 0, 5, 1, 5, 0, 1, 0, 0, 5, 4, 0], "NonLinearTime": 0.111469, "OptimalityGap": 0.140759, "BranchingRules": ["eigen_cen_alternative", "eigen_cen_alternative", "eigen_cen_alternative", "eigen_cen_alternative", "eigen_cen_alternative", "eigen_cen_alternative", "eigen_cen_alternative", "eigen_cen_alternative", "eigen_cen_alternative", "eigen_cen_alternative", "eigen_cen_alternative", "eigen_cen_alternative", "eigen_cen_alternative", "eigen_cen_alternative", "eigen_cen_alternative", "eigen_cen_alternative", "eigen_cen_alternative", "eigen_cen_alternative", "eigen_cen_alternative", "eigen_cen_alternative", "eigen_cen_alternative", "eigen_cen_alternative", "eigen_cen_alternative", "eigen_cen_alternative", "eigen_cen_alternative", "eigen_cen_alternative", "eigen_cen_alternative", "eigen_cen_alternative", "eigen_cen_alternative", "eigen_cen_alternative", "eigen_cen_alternative", "eigen_cen_alternative", "eigen_cen_alternative", "eigen_cen_alternative", "eigen_cen_alternative", "eigen_cen_alternative", "eigen_cen_alternative", "eigen_cen_alternative", "eigen_cen_alternative", "eigen_cen_alternative", "eigen_cen_alternative", "eigen_cen_alternative", "eigen_cen_alternative", "eigen_cen_alternative", "eigen_cen_alternative", "eigen_cen_alternative", "eigen_cen_alternative", "eigen_cen_alternative", "eigen_cen_alternative", "eigen_cen_alternative", "eigen_cen_alternative", "eigen_cen_alternative", "eigen_cen_alternative", "eigen_cen_alternative", "eigen_cen_alternative", "eigen_cen_alternative", "eigen_cen_alternative", "eigen_cen_alternative", "eigen_cen_alternative", "eigen_cen_alternative", "eigen_cen_alternative", "eigen_cen_alternative", "eigen_cen_alternative", "eigen_cen_alternative", "eigen_cen_alternative", "eigen_cen_alternative", "eigen_cen_alternative", "eigen_cen_alternative", "eigen_cen_alternative", "eigen_cen_alternative", "eigen_cen_alternative", "eigen_cen_alternative", "eigen_cen_alternative", "eigen_cen_alternative", "eigen_cen_alternative", "eigen_cen_alternative", "eigen_cen_alternative", "eigen_cen_alternative", "eigen_cen_alternative", "eigen_cen_alternative", "eigen_cen_alternative", "eigen_cen_alternative", "eigen_cen_alternative"], "LBImprovements": [14.2412, 61.9169, 42.4805, 10.6313, 10.0942, 32.2533, 13.2415, 4.28855, 10.9758, 1.86167, 1.30816, 7.14721, 2.79853, 8.24601, 1.2813, 29.5203, 2.00177, 0.49523, 5.03415, 11.2074, 4.10789, 5.39548, 3.78538, 4.06547, 3.24163, 6.24179, 1.17005, 6.89069, 0.665759, 0.936691, 1.79222, 4.23825, 1.13685, 0.637941, 0.322748, 2.23719, 1.22222, 1.96721, 6.4228, 4.21966, 4.33951, 0.303816, 9.78141, 3.29577, 6.76614, 0.35117, 0.977505, 1.80612, 1.0256, 0.488704, 0.483848, 3.1937, 0.142981, 0.117171, 0.357093, 0.19658, 0.282912, 0.452785, 1.09138, 0.0499413, 0.11009, 0.0810107, 0.0542453, 0.152419, 0.224754, 1.53854, 0.103885, 0.110341, 0.00841579, 0.113323, 0.16272, 0.0702915, 0.500417, 0.053407, 0.0953063, 0.0589415, 0.0968518, 0.203913, 0.194817, 0.0264281, 0.0240001, 0.0869151, 0.308899], "InfeasibleNodes": 1, "ElapsedTimeCoeffs": 0, "LinearizationTime": 0.00129101, "NumberOfVariables": 8, "CallsToLinearSolver": 167, "LinearGenerationTime": 0.122648, "SDPCutsGenerationTime": 0, "CallsToNonLinearSolver": 10, "StrongBranchingExtraTime": 0, "ElapsedTimeWeightedCoeffs": 0, "NodesDiscardedByFathoming": 0, "NodesDiscardedByTolerance": 83, "BoundFactorConstraintsTime": 0.0998604, "ElapsedTimeVarsInConstraints": 0, "meanBTRelativeChangeRootNode": 0, "NumberOfBoundFactorConstraints": 148, "NumberOfLAPACKConvergenceFailures": 0, "NumberOfRLTVariablesAfterLinearization": 79}