{"Itbt": 0, "Pace": 0.132324, "Depth": 11, "Degree": 5, "RPSTime": 177.001, "FBBTTime": 0, "OBBTTime": 0, "TotalTime": 600.901, "Iterations": 154, "LinearTime": 423.481, "LowerBound": 31390.2, "TimeVector": [5.08078, 7.50459, 10.0522, 12.8129, 15.1984, 17.6935, 20.3341, 22.8663, 25.7611, 28.3648, 31.1767, 34.0884, 36.6406, 39.3804, 42.505, 45.4926, 48.3527, 51.3023, 54.1131, 57.5324, 61.7855, 64.4482, 67.9643, 70.8552, 73.8204, 76.4874, 79.122, 82.2884, 85.5407, 88.31, 90.9787, 93.806, 96.7874, 99.7872, 105.292, 108.032, 110.858, 114.136, 117.341, 120.977, 123.779, 126.973, 129.711, 132.729, 135.512, 138.723, 141.813, 148.064, 150.848, 153.526, 159.031, 162.039, 165.056, 168.147, 171.497, 174.618, 177.737, 180.972, 184.068, 187.256, 190.557, 193.26, 195.88, 198.859, 201.697, 207.117, 210.21, 217.615, 220.983, 223.684, 226.453, 230.307, 242.977, 246.495, 249.964, 252.725, 256.243, 259.291, 262.08, 265.279, 270.291, 273.535, 281.148, 285.707, 288.673, 292.584, 295.627, 302.151, 305.168, 310.473, 317.854, 323.414, 326.38, 329.858, 332.777, 336.095, 338.845, 341.866, 346.985, 349.918, 358.717, 362.326, 365.474, 375.911, 379.107, 396.246, 399.143, 402.341, 408.019, 412.178, 415.406, 418.181, 427.086, 431.988, 438.855, 443.091, 446.044, 450.874, 454.392, 457.095, 460.353, 465.825, 469.201, 472.727, 476.289, 482.222, 485.309, 488.22, 492.704, 496.081, 502.32, 505.228, 508.323, 511.608, 515.592, 518.916, 522.381, 525.343, 528.942, 533.555, 538.96, 542.006, 546.369, 557.715, 560.674, 563.96, 568.035, 574.755, 583.27, 586.696, 591.682, 594.755, 598.654, 607.872], "UpperBound": 31808, "rootBTTime": 0, "LowerBounds": {"1": 26855.9, "2": 27388, "3": 27816.5, "4": 28283.7, "5": 28384.4, "6": 28593.6, "7": 28896.8, "8": 29058.4, "9": 29094.5, "10": 29156.9, "11": 29348, "12": 29354.4, "13": 29355.1, "14": 29390.5, "15": 29451.2, "16": 29545.4, "17": 29730.9, "18": 29766.2, "19": 29777.8, "20": 29782.1, "21": 29794.6, "22": 29797.1, "23": 29814.1, "24": 29925.4, "25": 29933.1, "26": 29939.3, "27": 29940.5, "28": 30035.1, "29": 30054.9, "30": 30106.3, "31": 30122.6, "32": 30136.5, "33": 30190.9, "34": 30196.2, "35": 30251.5, "36": 30283.2, "37": 30301.5, "38": 30303, "39": 30324, "40": 30357.1, "41": 30368, "42": 30390, "43": 30393.9, "44": 30415.4, "45": 30419.3, "46": 30431.8, "47": 30439.4, "48": 30463.4, "49": 30465.2, "50": 30489.5, "51": 30490.5, "52": 30502.3, "53": 30546.1, "54": 30590.5, "55": 30595.4, "56": 30604, "57": 30621.5, "58": 30634.8, "59": 30646.9, "60": 30656.2, "61": 30667.8, "62": 30676.1, "63": 30680.9, "64": 30720, "65": 30734.9, "66": 30744, "67": 30744.3, "68": 30744.6, "69": 30744.8, "70": 30746.6, "71": 30754.2, "72": 30777.2, "73": 30813.6, "74": 30827, "75": 30849.4, "76": 30864.1, "77": 30901.4, "78": 30903.8, "79": 30913, "80": 30914.9, "81": 30915.1, "82": 30952.9, "83": 30953.8, "84": 30961.7, "85": 30963.9, "86": 30972, "87": 30980, "88": 30983.8, "89": 30991.4, "90": 30992.7, "91": 30993.2, "92": 30996.5, "93": 31029.7, "94": 31034, "95": 31044.6, "96": 31048.4, "97": 31054.1, "98": 31066.1, "99": 31081.2, "100": 31081.2, "101": 31088.3, "102": 31112.5, "103": 31118.5, "104": 31119.5, "105": 31123.8, "106": 31131, "107": 31132.3, "108": 31148.8, "109": 31154, "110": 31176.3, "111": 31185.8, "112": 31192.6, "113": 31199.4, "114": 31200.3, "115": 31223.3, "116": 31230.9, "117": 31231, "118": 31240.1, "119": 31241, "120": 31242, "121": 31261.6, "122": 31263, "123": 31263.7, "124": 31267.3, "125": 31274.6, "126": 31291.5, "127": 31295.8, "128": 31296.7, "129": 31301.5, "130": 31307.8, "131": 31308.1, "132": 31308.8, "133": 31310.1, "134": 31310.9, "135": 31314.7, "136": 31325.7, "137": 31332.5, "138": 31334.5, "139": 31339.1, "140": 31344, "141": 31346.3, "142": 31351.1, "143": 31353.4, "144": 31358.6, "145": 31361.8, "146": 31363.5, "147": 31370.1, "148": 31370.6, "149": 31370.8, "150": 31371.1, "151": 31373.7, "152": 31375.9, "153": 31381.8, "154": 31390.2}, "SolveResult": 402, "UpperBounds": {"1": 31808}, "MaxQueueSize": 116, "VisitedNodes": 309, "BranchingVars": [5, 2, 1, 6, 2, 0, 3, 6, 4, 1, 4, 4, 0, 1, 7, 4, 1, 5, 4, 5, 7, 1, 6, 6, 0, 4, 4, 2, 0, 6, 6, 4, 0, 6, 5, 6, 5, 0, 3, 3, 6, 4, 1, 6, 6, 0, 0, 6, 0, 6, 2, 0, 2, 0, 3, 0, 2, 2, 0, 3, 0, 3, 1, 1, 6, 7, 5, 3, 7, 6, 2, 7, 2, 0, 0, 3, 0, 0, 4, 5, 7, 0, 5, 3, 6, 0, 5, 3, 3, 2, 5, 5, 0, 3, 5, 5, 1, 0, 7, 0, 3, 0, 7, 3, 6, 2, 6, 5, 2, 0, 3, 6, 7, 0, 1, 3, 3, 7, 3, 4, 2, 0, 5, 5, 5, 5, 3, 3, 2, 3, 1, 7, 7, 0, 1, 0, 5, 3, 7, 3, 3, 5, 3, 5, 5, 3, 0, 3, 7, 3, 3, 4, 0, 0], "NonLinearTime": 0.418761, "OptimalityGap": 417.761,