{"Itbt": 0, "Pace": 0.0788562, "Depth": 12, "Degree": 5, "RPSTime": 208.47, "FBBTTime": 0, "OBBTTime": 0, "TotalTime": 600.038, "Iterations": 178, "LinearTime": 391.238, "LowerBound": 47626, "TimeVector": [4.84611, 7.43409, 9.94415, 12.6476, 15.1855, 18.13, 20.8508, 23.6647, 26.4443, 29.4509, 32.5, 35.5399, 38.584, 41.7345, 44.7535, 47.7764, 50.9241, 53.9921, 57.1999, 60.4153, 63.4997, 66.5712, 69.5293, 72.7666, 75.7682, 78.8313, 82.1392, 85.1677, 88.4093, 91.401, 94.6696, 97.6711, 100.876, 104.367, 107.426, 110.376, 113.578, 116.682, 119.859, 122.95, 126.656, 129.887, 132.742, 136.194, 139.193, 142.905, 146.223, 149.204, 152.017, 154.841, 157.91, 161.811, 165.006, 169.801, 172.679, 176.023, 178.849, 182.026, 185.718, 189.074, 192.16, 195.437, 199.016, 202.094, 205.052, 207.93, 211.061, 214.204, 216.942, 219.747, 223.65, 226.742, 229.688, 232.741, 236.085, 239.208, 242.135, 245.197, 248.084, 252.157, 255.815, 259.256, 262.185, 265.414, 268.705, 272.641, 275.814, 278.685, 281.701, 284.881, 287.914, 291.097, 294.108, 297.637, 300.64, 303.684, 307.094, 310.655, 313.728, 317.221, 321.211, 324.716, 327.94, 330.716, 333.599, 336.64, 339.567, 342.515, 345.751, 348.667, 351.572, 355.001, 358.462, 361.322, 366.342, 369.303, 372.622, 375.774, 379.622, 383.585, 386.906, 390.134, 393.355, 396.913, 403.043, 406.242, 412.07, 416.19, 419.809, 422.827, 425.915, 429.196, 432.25, 435.936, 440.753, 443.864, 447.255, 450.698, 454.15, 457.941, 461.171, 468.722, 472.289, 475.29, 478.406, 481.558, 484.519, 488.023, 491.191, 494.077, 497.384, 504.099, 506.984, 510.111, 513.841, 516.901, 520.26, 523.737, 529.759, 534.169, 537.301, 540.6, 543.79, 547.472, 553.844, 557.022, 561.324, 564.504, 567.685, 574.404, 577.526, 580.977, 584.333, 587.808, 590.719, 594.166, 597.37, 629.722], "UpperBound": 47796.4, "rootBTTime": 0, "LowerBounds": {"1": 40017.3, "2": 41286.7, "3": 42481.7, "4": 42795.1, "5": 43548, "6": 43983, "7": 44194.3, "8": 44270.1, "9": 44274.4, "10": 44458, "11": 44808.2, "12": 45167.2, "13": 45218.9, "14": 45243.9, "15": 45249.6, "16": 45264.6, "17": 45314.5, "18": 45329.2, "19": 45354.3, "20": 45471.9, "21": 45502.6, "22": 45654.8, "23": 45745.5, "24": 45822.5, "25": 45882.1, "26": 45952.3, "27": 45952.6, "28": 45960.4, "29": 46045.6, "30": 46084.7, "31": 46087.7, "32": 46100.6, "33": 46130.9, "34": 46148.3, "35": 46157, "36": 46167.5, "37": 46301.5, "38": 46311.7, "39": 46344.9, "40": 46374.3, "41": 46415.1, "42": 46464.3, "43": 46477.8, "44": 46497.1, "45": 46510.2, "46": 46523.3, "47": 46523.8, "48": 46542.7, "49": 46577.8, "50": 46580.8, "51": 46658.7, "52": 46658.8, "53": 46661.2, "54": 46671, "55": 46747.6, "56": 46759.9, "57": 46767.7, "58": 46780.8, "59": 46796.9, "60": 46828.8, "61": 46837.2, "62": 46858, "63": 46865.4, "64": 46869.6, "65": 46878, "66": 46882, "67": 46902.1, "68": 46906.2, "69": 46918.9, "70": 46932.3, "71": 46954.1, "72": 46958.4, "73": 46965.3, "74": 47005.6, "75": 47040.7, "76": 47043.9, "77": 47050.5, "78": 47056.3, "79": 47093.4, "80": 47094.2, "81": 47106.2, "82": 47115.1, "83": 47118.6, "84": 47126, "85": 47126.6, "86": 47126.8, "87": 47148.4, "88": 47160.4, "89": 47169.3, "90": 47181.3, "91": 47184, "92": 47196.4, "93": 47233.8, "94": 47253.3, "95": 47255.7, "96": 47256.2, "97": 47264.7, "98": 47273.4, "99": 47273.9, "100": 47290.2, "101": 47299.9, "102": 47302.3, "103": 47305.3, "104": 47308.9, "105": 47317.7, "106": 47327.2, "107": 47328.4, "108": 47331.5, "109": 47342.5, "110": 47362, "111": 47370.7, "112": 47374.3, "113": 47374.4, "114": 47383.9, "115": 47386.9, "116": 47387.3, "117": 47414, "118": 47416.4, "119": 47416.7, "120": 47421.1, "121": 47432.2, "122": 47440, "123": 47441.1, "124": 47441.7, "125": 47447.2, "126": 47451, "127": 47453.1, "128": 47458, "129": 47461.3, "130": 47462.1, "131": 47462.6, "132": 47465.1, "133": 47467.6, "134": 47473.4, "135": 47475.2, "136": 47477, "137": 47478.3, "138": 47495.9, "139": 47502.6, "140": 47508, "141": 47514.9, "142": 47522.5, "143": 47528, "144": 47528.1, "145": 47529, "146": 47533.6, "147": 47536.6, "148": 47543.4, "149": 47543.7, "150": 47544, "151": 47549.6, "152": 47556.8, "153": 47557.4, "154": 47557.7, "155": 47562.4, "156": 47566.5, "157": 47578.6, "158": 47578.7, "159": 47583, "160": 47586.5, "161": 47586.6, "162": 47588.6, "163": 47602.1, "164": 47603.7, "165": 47604.2, "166": 47604.3, "167": 47608.4, "168": 47609.1, "169": 47611.8, "170": 47612.9, "171": 47614.3, "172": 47615.3, "173": 47616.2, "174": 47617.1, "175": 47617.3, "176": 47620.7, "177": 47621.2, "178": 47626}, "SolveResult": 402, "UpperBounds": {"1": 47796.4}, "MaxQueueSize": 60, "VisitedNodes": 357, "BranchingVars": [5, 2, 2, 3, 3, 4, 3, 7, 3, 7, 7, 4, 2, 7, 6, 6, 7, 6, 4, 4, 1, 4, 4, 6, 2, 6, 6, 7, 7, 1, 6, 6, 1, 1, 6, 5, 6, 1, 4, 5, 1, 1, 1, 6, 6, 1, 1, 1, 1, 6, 1, 4, 1, 4, 4, 5, 6, 4, 6, 1, 1, 6, 2, 1, 6, 6, 6, 1, 0, 0, 4, 6, 4, 4, 5, 6, 1, 0, 1, 1, 1, 6, 1, 4, 4, 6, 5, 6, 7, 6, 6, 4, 4, 6, 2, 6, 6, 1, 5, 7, 5, 6, 1, 6, 1, 0, 6, 5, 5, 4, 1, 5, 0, 2, 2, 4, 0, 0, 1, 2, 4, 6, 6, 1, 0, 4, 1, 1, 0, 4, 1, 2, 0, 3, 0, 0, 0, 4, 4, 4, 4, 0, 0, 6, 6, 4, 1, 3, 0, 0, 3, 1, 0, 0, 1, 0, 4, 4, 4, 3, 0, 0, 5, 0, 3, 4, 0, 0, 0, 2, 4, 4, 4, 1, 4, 0, 3, 4], "NonLinearTime": 0.330068, "OptimalityGap": 170.359,