{"Itbt": 0, "Pace": 0.163418, "Depth": 15, "Degree": 5, "RPSTime": 129.108, "FBBTTime": 0, "OBBTTime": 0, "TotalTime": 434.207, "Iterations": 300, "LinearTime": 304.877, "LowerBound": 11947.4, "TimeVector": [2.24672, 3.46853, 4.7486, 6.03367, 7.31277, 8.64209, 9.943, 11.1462, 12.4405, 13.7033, 15.0158, 16.2925, 17.632, 18.8619, 20.1353, 21.4358, 22.6791, 23.9047, 25.0626, 26.3804, 27.6741, 28.9605, 30.3757, 31.6379, 33.0115, 34.2879, 35.6867, 36.9291, 38.3377, 39.6348, 40.9025, 42.2483, 43.512, 44.7556, 46.1087, 47.4448, 48.749, 50.029, 51.2965, 52.7608, 54.0583, 55.2675, 56.5049, 57.819, 59.0524, 60.2566, 61.5795, 62.8346, 64.1369, 65.4322, 66.7672, 67.9937, 69.2532, 70.4243, 71.6666, 72.8551, 74.0708, 75.2829, 76.517, 77.6481, 78.9409, 80.2448, 81.5345, 82.9727, 84.1975, 85.5571, 86.9665, 88.2012, 89.4743, 90.7773, 92.0617, 93.3484, 94.6619, 95.9862, 97.285, 98.617, 99.8101, 101.139, 102.503, 103.784, 105.152, 106.352, 107.566, 108.896, 110.179, 111.562, 112.98, 114.223, 115.671, 116.964, 118.334, 119.68, 121.071, 122.241, 123.594, 124.908, 126.207, 127.447, 128.873, 130.179, 131.604, 132.966, 134.474, 135.702, 136.971, 138.244, 139.665, 141.279, 142.63, 144.064, 145.416, 146.759, 147.978, 149.293, 150.596, 152.077, 153.499, 154.778, 156.046, 157.434, 158.796, 160.111, 161.464, 162.888, 164.257, 165.522, 167.165, 168.566, 169.936, 171.354, 172.655, 174.092, 175.458, 176.642, 178.084, 179.363, 180.709, 182.079, 183.465, 185.011, 186.421, 187.792, 189.129, 190.541, 192.01, 193.417, 194.777, 196.208, 197.849, 199.218, 200.584, 201.916, 203.336, 204.692, 205.964, 207.572, 208.841, 210.307, 211.592, 213.031, 214.432, 215.806, 217.106, 218.609, 220.013, 221.358, 222.71, 224.079, 225.63, 227.027, 228.393, 229.862, 231.18, 232.558, 233.93, 235.4, 236.92, 238.171, 239.535, 241.006, 242.271, 243.695, 245.117, 246.546, 247.856, 249.365, 250.867, 252.361, 253.9, 255.223, 256.702, 258.166, 259.48, 260.864, 262.282, 263.613, 265.049, 266.365, 267.671, 269.26, 270.817, 272.208, 273.618, 275.14, 276.554, 277.993, 279.371, 280.827, 282.388, 283.945, 285.503, 286.84, 288.194, 289.675, 291.125, 292.629, 294.079, 295.443, 297.018, 298.462, 299.935, 301.437, 302.917, 304.597, 305.995, 307.432, 309.204, 310.749, 312.165, 313.584, 315.147, 316.633, 318.203, 319.623, 321.191, 322.792, 324.279, 325.987, 327.383, 328.983, 330.361, 331.869, 333.334, 334.922, 336.432, 338.062, 339.781, 341.396, 343.012, 344.579, 346.002, 347.732, 349.367, 351.095, 352.717, 355.344, 356.805, 358.916, 360.569, 362.384, 364.091, 365.7, 367.32, 368.893, 370.63, 372.395, 373.984, 375.547, 377.379, 379.185, 381.069, 382.708, 384.573, 386.238, 387.795, 389.546, 391.318, 392.96, 395.35, 397.034, 398.852, 400.612, 402.245, 404.058, 405.714, 408.177, 410.109, 412.017, 413.913, 415.517, 417.532, 419.786, 421.331, 423.259, 425.367, 427.235, 429.145, 430.829, 432.494, 435.872], "UpperBound": 11959.3, "rootBTTime": 0, "LowerBounds": {"1": 9290.41, "2": 10146.2, "3": 10284.7, "4": 10572.3, "5": 10604.1, "6": 10724.2, "7": 10773.3, "8": 10866.9, "9": 10967.8, "10": 10968.9, "11": 11030.4, "12": 11043.5, "13": 11088.4, "14": 11158.7, "15": 11169.6, "16": 11169.9, "17": 11172.2, "18": 11209, "19": 11211.1, "20": 11249.1, "21": 11271.9, "22": 11275.5, "23": 11310.1, "24": 11352.7, "25": 11362.2, "26": 11370.9, "27": 11389.4, "28": 11390.1, "29": 11398, "30": 11401.9, "31": 11402.5, "32": 11420.9, "33": 11430.5, "34": 11453, "35": 11458, "36": 11460.2, "37": 11462.7, "38": 11468.1, "39": 11468.7, "40": 11481.6, "41": 11484.1, "42": 11484.5, "43": 11491.7, "44": 11514.6, "45": 11554.9, "46": 11556.1, "47": 11566.6, "48": 11568.9, "49": 11575.3, "50": 11581.2, "51": 11582.3, "52": 11593.8, "53": 11595.4, "54": 11595.8, "55": 11595.8, "56": 11597, "57": 11598.3, "58": 11600.8, "59": 11606.4, "60": 11611, "61": 11613.5, "62": 11620.6, "63": 11636.5, "64": 11638.3, "65": 11642.1, "66": 11642.5, "67": 11642.6, "68": 11645.7, "69": 11649.4, "70": 11650.1, "71": 11658.1, "72": 11662.5, "73": 11667, "74": 11667.6, "75": 11669.4, "76": 11669.7, "77": 11672.4, "78": 11674.6, "79": 11679.4, "80": 11680.5, "81": 11689.8, "82": 11697.1, "83": 11699.7, "84": 11700.5, "85": 11701.4, "86": 11712.9, "87": 11719.6, "88": 11727.1, "89": 11727.2, "90": 11731.8, "91": 11734.2, "92": 11738.3, "93": 11739.9, "94": 11740.8, "95": 11745.8, "96": 11745.9, "97": 11748.8, "98": 11755.4, "99": 11756.7, "100": 11759, "101": 11759.6, "102": 11763.9, "103": 11769.1, "104": 11770.6, "105": 11775.9, "106": 11785.9, "107": 11787.4, "108": 11789.2, "109": 11789.4, "110": 11793, "111": 11793.6, "112": 11794.7, "113": 11795.4, "114": 11796.9, "115": 11800, "116": 11801.5, "117": 11808.3, "118": 11808.5, "119": 11810.8, "120": 11810.8, "121": 11818.9, "122": 11819, "123": 11822.3, "124": 11825.5, "125": 11826.3, "126": 11826.4, "127": 11827.5, "128": 11828.6, "129": 11829.2, "130": 11830.5, "131": 11830.8, "132": 11832.9, "133": 11832.9, "134": 11834, "135": 11835.1, "136": 11840.5, "137": 11840.6, "138": 11840.9, "139": 11841.6, "140": 11842.2, "141": 11842.4, "142": 11842.7, "143": 11842.9, "144": 11849.2, "145": 11849.4, "146": 11849.4, "147": 11850.2, "148": 11850.2, "149": 11852.9, "150": 11854.3, "151": 11855.1, "152": 11860.4, "153": 11860.8, "154": 11861.5, "155": 11862.6, "156": 11863.1, "157": 11864.4, "158": 11864.6, "159": 11865, "160": 11866.9, "161": 11867.2, "162": 11870.8, "163": 11871.6, "164": 11873.2, "165": 11878.2, "166": 11878.3, "167": 11879.2, "168": 11881.8, "169": 11882.3, "170": 11885.4, "171": 11886.1, "172": 11886.9, "173": 11887.1, "174": 11888.8, "175": 11888.9, "176": 11890.3, "177": 11890.5, "178": 11890.6, "179": 11890.9, "180": 11891.3, "181": 11892.8, "182": 11893.7, "183": 11894.5, "184": 11896.6, "185": 11896.8, "186": 11901.3, "187": 11901.4, "188": 11902, "189": 11904.6, "190": 11905.6, "191": 11907.5, "192": 11908, "193": 11908.7, "194": 11909, "195": 11909.8, "196": 11909.9, "197": 11909.9, "198": 11910, "199": 11910, "200": 11910.1, "201": 11910.5, "202": 11911, "203": 11911.5, "204": 11911.7, "205": 11911.8, "206": 11912.4, "207": 11913.7, "208": 11914.9, "209": 11915.1, "210": 11915.6, "211": 11916.4, "212": 11916.6, "213": 11917.2, "214": 11917.6, "215": 11918, "216": 11918.1, "217": 11918.9, "218": 11919.5, "219": 11920.6, "220": 11920.7, "221": 11920.9, "222": 11921, "223": 11921.2, "224": 11921.3, "225": 11921.7, "226": 11922.5, "227": 11923.3, "228": 11925.9, "229": 11925.9, "230": 11926, "231": 11926.4, "232": 11927.2, "233": 11927.6, "234": 11928.1, "235": 11928.5, "236": 11928.5, "237": 11929.3, "238": 11929.6, "239": 11930, "240": 11930, "241": 11930.2, "242": 11930.2, "243": 11930.2, "244": 11930.5, "245": 11931.2, "246": 11931.4, "247": 11931.6, "248": 11931.7, "249": 11932.1, "250": 11932.7, "251": 11933.3, "252": 11935.1, "253": 11935.1, "254": 11935.3, "255": 11935.9, "256": 11936.1, "257": 11936.3, "258": 11936.3, "259": 11937.2, "260": 11937.2, "261": 11937.3, "262": 11937.6, "263": 11937.7, "264": 11937.9, "265": 11938.8, "266": 11939.3, "267": 11939.4, "268": 11939.5, "269": 11939.8, "270": 11940.2, "271": 11941, "272": 11941.6, "273": 11942.2, "274": 11942.3, "275": 11942.3, "276": 11942.7, "277": 11942.7, "278": 11942.8, "279": 11942.8, "280": 11942.9, "281": 11943.6, "282": 11943.6, "283": 11943.7, "284": 11943.7, "285": 11943.9, "286": 11944.1, "287": 11944.7, "288": 11944.9, "289": 11945.1, "290": 11945.2, "291": 11945.4, "292": 11945.5, "293": 11945.5, "294": 11945.8, "295": 11946.1, "296": 11946.3, "297": 11946.6, "298": 11946.8, "299": 11946.8, "300": 11947.4}, "SolveResult": 0, "UpperBounds": {"1": 12126.5, "2": 11959.3}, "MaxQueueSize": 70, "VisitedNodes": 601,