{"Itbt": 0, "Pace": 0.109493, "Depth": 14, "Degree": 5, "RPSTime": 4.25871, "FBBTTime": 0, "OBBTTime": 0, "TotalTime": 61.8665, "Iterations": 195, "LinearTime": 57.4884, "LowerBound": 1266.77, "TimeVector": [0.527144, 0.864092, 1.20157, 1.537, 1.84402, 2.22344, 2.57591, 2.86268, 3.1759, 3.48791, 3.81289, 4.13643, 4.43885, 4.76655, 5.09786, 5.44491, 5.75067, 6.05, 6.37463, 6.70314, 7.01165, 7.3258, 7.6464, 7.92352, 8.26407, 8.54769, 8.85174, 9.1587, 9.43721, 9.74537, 10.0532, 10.4262, 10.7465, 11.0824, 11.3916, 11.6959, 11.9732, 12.3337, 12.6938, 12.9859, 13.2954, 13.6455, 14.0002, 14.3469, 14.6624, 14.9521, 15.2412, 15.5935, 15.9042, 16.2405, 16.5323, 16.8817, 17.2084, 17.5069, 17.8294, 18.1595, 18.4978, 18.7897, 19.1156, 19.4257, 19.7211, 20.032, 20.3811, 20.6987, 21.0154, 21.3184, 21.6656, 21.9867, 22.2819, 22.6294, 22.915, 23.2559, 23.5601, 23.8958, 24.236, 24.5324, 24.8131, 25.1543, 25.5646, 25.8949, 26.2577, 26.6077, 26.9394, 27.232, 27.5326, 27.847, 28.1392, 28.4196, 28.6882, 29.018, 29.3261, 29.6259, 29.9156, 30.2529, 30.5268, 30.8468, 31.1511, 31.4567, 31.7194, 32.0383, 32.3965, 32.765, 33.0861, 33.4044, 33.7098, 34.0188, 34.2994, 34.5482, 34.8729, 35.1647, 35.5103, 35.8231, 36.1492, 36.4559, 36.7596, 37.0858, 37.4492, 37.7954, 38.0831, 38.4076, 38.7242, 39.0613, 39.4197, 39.7396, 40.0185, 40.311, 40.589, 40.9267, 41.1841, 41.47, 41.762, 42.0692, 42.379, 42.6977, 43.0135, 43.3249, 43.6115, 43.9538, 44.2238, 44.5435, 44.8659, 45.2066, 45.5482, 45.8428, 46.1361, 46.4383, 46.7689, 47.0476, 47.3151, 47.6869, 47.9882, 48.2798, 48.5419, 48.8941, 49.2004, 49.5006, 49.7915, 50.1024, 50.4081, 50.7086, 51.0394, 51.3461, 51.6604, 51.9846, 52.3315, 52.6601, 53.0084, 53.2863, 53.6501, 53.9897, 54.3019, 54.6753, 54.9542, 55.2742, 55.5873, 55.9379, 56.2402, 56.5451, 56.8602, 57.1588, 57.4555, 57.7227, 58.0411, 58.3471, 58.682, 58.9819, 59.33, 59.6382, 59.9444, 60.2655, 60.5475, 60.891, 61.2368, 61.5558, 63.1568], "UpperBound": 1267.97, "rootBTTime": 0, "LowerBounds": {"1": 701.742, "2": 827.834, "3": 835.796, "4": 912.252, "5": 912.738, "6": 933.511, "7": 946.28, "8": 996.591, "9": 1011.83, "10": 1021.94, "11": 1023.89, "12": 1031.47, "13": 1035.09, "14": 1035.32, "15": 1075.05, "16": 1084.11, "17": 1095.57, "18": 1097.7, "19": 1099.82, "20": 1115.36, "21": 1121.68, "22": 1122.85, "23": 1124.41, "24": 1128, "25": 1143.75, "26": 1143.92, "27": 1147.59, "28": 1147.68, "29": 1153.34, "30": 1162.6, "31": 1163.27, "32": 1163.43, "33": 1163.82, "34": 1164, "35": 1166.13, "36": 1169.23, "37": 1170.02, "38": 1170.24, "39": 1174.16, "40": 1174.82, "41": 1177.15, "42": 1180.34, "43": 1181.57, "44": 1183.23, "45": 1185.91, "46": 1186.59, "47": 1187.25, "48": 1189.19, "49": 1191.49, "50": 1191.65, "51": 1193.76, "52": 1195.16, "53": 1197.71, "54": 1200.78, "55": 1201.87, "56": 1202.14, "57": 1202.96, "58": 1213.89, "59": 1213.97, "60": 1214.31, "61": 1214.64, "62": 1216.51, "63": 1220.03, "64": 1221.07, "65": 1223.5, "66": 1223.78, "67": 1224.02, "68": 1227.56, "69": 1228.23, "70": 1228.25, "71": 1228.58, "72": 1229.9, "73": 1230.1, "74": 1230.62, "75": 1231.67, "76": 1232.53, "77": 1233.38, "78": 1233.48, "79": 1233.61, "80": 1234.03, "81": 1235.12, "82": 1236.46, "83": 1236.56, "84": 1237.31, "85": 1237.38, "86": 1239.39, "87": 1239.61, "88": 1239.7, "89": 1239.83, "90": 1240.3, "91": 1240.31, "92": 1240.43, "93": 1240.5, "94": 1241.66, "95": 1241.72, "96": 1242.67, "97": 1243.35, "98": 1243.67, "99": 1244.59, "100": 1244.61, "101": 1244.74, "102": 1244.8, "103": 1244.82, "104": 1245.06, "105": 1245.32, "106": 1245.66, "107": 1247.11, "108": 1247.45, "109": 1247.45, "110": 1248.09, "111": 1248.21, "112": 1248.22, "113": 1248.39, "114": 1248.71, "115": 1249.35, "116": 1249.7, "117": 1249.79, "118": 1249.97, "119": 1250.29, "120": 1250.32, "121": 1250.65, "122": 1250.71, "123": 1250.82, "124": 1251.91, "125": 1252.41, "126": 1252.61, "127": 1252.85, "128": 1253.39, "129": 1253.71, "130": 1253.77, "131": 1254.47, "132": 1255.22, "133": 1255.91, "134": 1256.55, "135": 1257.05, "136": 1257.19, "137": 1257.33, "138": 1257.54, "139": 1257.57, "140": 1258.48, "141": 1258.66, "142": 1258.68, "143": 1258.93, "144": 1258.95, "145": 1259.38, "146": 1259.38, "147": 1259.45, "148": 1259.47, "149": 1259.76, "150": 1260.17, "151": 1260.35, "152": 1260.48, "153": 1260.48, "154": 1260.6, "155": 1260.71, "156": 1260.97, "157": 1261.38, "158": 1261.63, "159": 1261.84, "160": 1262.12, "161": 1262.33, "162": 1262.58, "163": 1262.87, "164": 1262.92, "165": 1263, "166": 1263.02, "167": 1263.02, "168": 1263.04, "169": 1263.25, "170": 1263.28, "171": 1263.32, "172": 1263.88, "173": 1263.94, "174": 1264.09, "175": 1264.47, "176": 1264.53, "177": 1264.57, "178": 1264.61, "179": 1264.71, "180": 1264.73, "181": 1264.88, "182": 1265.09, "183": 1265.21, "184": 1265.43, "185": 1265.52, "186": 1265.65, "187": 1265.7, "188": 1265.85, "189": 1266.1, "190": 1266.14, "191": 1266.23, "192": 1266.38, "193": 1266.64, "194": 1266.65, "195": 1266.77}, "SolveResult": 0, "UpperBounds": {"1": 1267.97}, "MaxQueueSize": 55, "VisitedNodes": 391, "BranchingVars": [3, 6, 6, 7, 7, 7, 5, 0, 0, 0, 4, 0, 7, 5, 0, 5, 0, 2, 4, 1, 4, 0, 1, 4, 5, 3, 0, 5, 4, 1, 2, 5, 5, 4, 5, 3, 5, 5, 4, 3, 2, 5, 2, 2, 5, 5, 0, 4, 4, 1, 5, 4, 4, 5, 1, 1, 1, 0, 6, 2, 0, 6, 7, 2, 6, 2, 1, 6, 3, 1, 7, 3, 1, 1, 2, 1, 0, 1, 6, 5, 7, 4, 1, 3, 3, 1, 0, 1, 0, 2, 1, 1, 2, 1, 2, 1, 1, 0, 1, 1, 1, 4, 1, 4, 1, 1, 2, 2, 1, 5, 3, 1, 1, 0, 1, 7, 5, 4, 0, 1, 4, 6, 2, 0, 6, 0, 0, 5, 0, 0, 6, 5, 5, 6, 4, 4, 1, 5, 0, 3, 0, 7, 2, 6, 6, 4, 1, 6, 6, 0, 4, 4, 1, 5, 2, 6, 5, 0, 1, 0, 5, 2, 6, 6, 3, 2, 4, 1, 0, 4, 7, 2, 4, 1, 5, 3, 4, 6, 1, 4, 5, 0, 5, 7, 4, 3, 0, 4, 4, 4, 3, 6, 5, 7, 4], "NonLinearTime": 0.119338, "OptimalityGap": 1.20504,