{"Itbt": 0, "Pace": 0.000101194, "Depth": 11, "Degree": 2, "RPSTime": 0.134053, "FBBTTime": 0, "OBBTTime": 0, "TotalTime": 0.747723, "Iterations": 99, "LinearTime": 0.084336, "LowerBound": -450.405, "TimeVector": [0.107696, 0.121591, 0.135337, 0.149429, 0.164286, 0.170304, 0.175903, 0.189944, 0.196093, 0.202054, 0.207856, 0.213307, 0.219259, 0.225256, 0.231267, 0.245237, 0.25119, 0.25697, 0.262642, 0.268497, 0.274507, 0.280613, 0.286003, 0.291897, 0.297648, 0.303824, 0.309746, 0.315559, 0.321315, 0.327316, 0.33306, 0.347086, 0.352532, 0.358357, 0.364028, 0.36974, 0.375675, 0.381517, 0.387362, 0.393222, 0.398919, 0.404349, 0.410207, 0.415765, 0.421524, 0.427674, 0.433357, 0.439145, 0.445132, 0.450908, 0.456326, 0.462367, 0.468189, 0.473553, 0.47927, 0.484951, 0.490769, 0.496268, 0.502116, 0.507719, 0.513521, 0.519188, 0.524974, 0.539146, 0.545383, 0.551084, 0.556982, 0.563077, 0.56855, 0.574233, 0.579979, 0.585398, 0.59075, 0.596117, 0.601907, 0.607571, 0.613185, 0.618799, 0.62454, 0.630596, 0.636188, 0.641968, 0.647572, 0.653428, 0.65918, 0.664851, 0.670727, 0.67643, 0.682215, 0.688228, 0.693828, 0.699141, 0.70482, 0.710768, 0.716396, 0.72219, 0.727888, 0.7337, 1.48142], "UpperBound": -450, "rootBTTime": 0, "LowerBounds": {"1": -2933.33, "2": -2488.89, "3": -2192.59, "4": -1785.19, "5": -1770, "6": -1577.78, "7": -1444.64, "8": -1390.12, "9": -1263.49, "10": -1251.85, "11": -1227.25, "12": -1126.75, "13": -1034.57, "14": -1013.76, "15": -1006.49, "16": -926.749, "17": -903.374, "18": -889.712, "19": -877.778, "20": -834.568, "21": -834.444, "22": -774.386, "23": -751.166, "24": -701.748, "25": -689.712, "26": -680.334, "27": -675.838, "28": -667.328, "29": -666.165, "30": -652.756, "31": -633.556, "32": -632.017, "33": -617.833, "34": -606.296, "35": -600, "36": -593.141, "37": -589.067, "38": -584.667, "39": -583.592, "40": -556.503, "41": -556.379, "42": -553.873, "43": -539.623, "44": -539.481, "45": -534.43, "46": -524.155, "47": -517.808, "48": -515.609, "49": -504.563, "50": -504.527, "51": -504.094, "52": -503.156, "53": -501.718, "54": -500.777, "55": -499.465, "56": -495.974, "57": -493.236, "58": -492.857, "59": -490.31, "60": -489.483, "61": -488.963, "62": -484.708, "63": -481.126, "64": -479.907, "65": -477.544, "66": -476.079, "67": -474.836, "68": -473.707, "69": -472.793, "70": -472.088, "71": -471.425, "72": -470.125, "73": -468.622, "74": -467.383, "75": -466.867, "76": -466.018, "77": -465.941, "78": -461.587, "79": -461.109, "80": -460.512, "81": -459.808, "82": -459.25, "83": -459.084, "84": -458.842, "85": -456.226, "86": -456.17, "87": -456.049, "88": -454.832, "89": -454.582, "90": -454.395, "91": -454.079, "92": -452.951, "93": -452.226, "94": -451.677, "95": -451.656, "96": -450.775, "97": -450.558, "98": -450.505, "99": -450.405}, "SolveResult": 0, "UpperBounds": {"1": -450}, "MaxQueueSize": 27, "VisitedNodes": 199, "BranchingVars": [4, 4, 4, 4, 1, 2, 2, 4, 1, 2, 0, 3, 3, 1, 2, 4, 1, 3, 1, 2, 4, 4, 3, 4, 3, 0, 1, 1, 0, 1, 1, 4, 4, 4, 1, 3, 0, 4, 1, 2, 2, 4, 1, 4, 0, 2, 0, 4, 2, 4, 0, 3, 4, 3, 0, 2, 3, 1, 3, 4, 1, 4, 2, 1, 1, 4, 1, 1, 0, 1, 1, 4, 4, 4, 2, 1, 1, 0, 4, 0, 3, 2, 4, 0, 2, 4, 1, 1, 4, 4, 4, 0, 4, 2, 4, 2, 1, 2, 4], "NonLinearTime": 0.147278, "OptimalityGap": 0.405449, "BranchingRules": ["sum_rescaled_var_range_weighted_rel", "sum_rescaled_var_range_weighted_rel", "sum_rescaled_var_range_weighted_rel", "sum_rescaled_var_range_weighted_rel", "sum_rescaled_var_range_weighted_rel", "sum_rescaled_var_range_weighted_rel", "sum_rescaled_var_range_weighted_rel", "sum_rescaled_var_range_weighted_rel", "sum_rescaled_var_range_weighted_rel", "sum_rescaled_var_range_weighted_rel", "sum_rescaled_var_range_weighted_rel", "sum_rescaled_var_range_weighted_rel", "sum_rescaled_var_range_weighted_rel", "sum_rescaled_var_range_weighted_rel", "sum_rescaled_var_range_weighted_rel", "sum_rescaled_var_range_weighted_rel", "sum_rescaled_var_range_weighted_rel", "sum_rescaled_var_range_weighted_rel", "sum_rescaled_var_range_weighted_rel", "sum_rescaled_var_range_weighted_rel", "sum_rescaled_var_range_weighted_rel", "sum_rescaled_var_range_weighted_rel", "sum_rescaled_var_range_weighted_rel", "sum_rescaled_var_range_weighted_rel", "sum_rescaled_var_range_weighted_rel", "sum_rescaled_var_range_weighted_rel", "sum_rescaled_var_range_weighted_rel", "sum_rescaled_var_range_weighted_rel", "sum_rescaled_var_range_weighted_rel", "sum_rescaled_var_range_weighted_rel", "sum_rescaled_var_range_weighted_rel", "sum_rescaled_var_range_weighted_rel", "sum_rescaled_var_range_weighted_rel", "sum_rescaled_var_range_weighted_rel", "sum_rescaled_var_range_weighted_rel", "sum_rescaled_var_range_weighted_rel", "sum_rescaled_var_range_weighted_rel", "sum_rescaled_var_range_weighted_rel", "sum_rescaled_var_range_weighted_rel", "sum_rescaled_var_range_weighted_rel", "sum_rescaled_var_range_weighted_rel", "sum_rescaled_var_range_weighted_rel", "sum_rescaled_var_range_weighted_rel", "sum_rescaled_var_range_weighted_rel", "sum_rescaled_var_range_weighted_rel", "sum_rescaled_var_range_weighted_rel", "sum_rescaled_var_range_weighted_rel", "sum_rescaled_var_range_weighted_rel", "sum_rescaled_var_range_weighted_rel", "sum_rescaled_var_range_weighted_rel", "sum_rescaled_var_range_weighted_rel", "sum_rescaled_var_range_weighted_rel", "sum_rescaled_var_range_weighted_rel", "sum_rescaled_var_range_weighted_rel", "sum_rescaled_var_range_weighted_rel", "sum_rescaled_var_range_weighted_rel", "sum_rescaled_var_range_weighted_rel", "sum_rescaled_var_range_weighted_rel", "sum_rescaled_var_range_weighted_rel", "sum_rescaled_var_range_weighted_rel", "sum_rescaled_var_range_weighted_rel", "sum_rescaled_var_range_weighted_rel", "sum_rescaled_var_range_weighted_rel", "sum_rescaled_var_range_weighted_rel", "sum_rescaled_var_range_weighted_rel", "sum_rescaled_var_range_weighted_rel", "sum_rescaled_var_range_weighted_rel", "sum_rescaled_var_range_weighted_rel", "sum_rescaled_var_range_weighted_rel", "sum_rescaled_var_range_weighted_rel", "sum_rescaled_var_range_weighted_rel", "sum_rescaled_var_range_weighted_rel", "sum_rescaled_var_range_weighted_rel", "sum_rescaled_var_range_weighted_rel", "sum_rescaled_var_range_weighted_rel", "sum_rescaled_var_range_weighted_rel", "sum_rescaled_var_range_weighted_rel", "sum_rescaled_var_range_weighted_rel", "sum_rescaled_var_range_weighted_rel", "sum_rescaled_var_range_weighted_rel", "sum_rescaled_var_range_weighted_rel", "sum_rescaled_var_range_weighted_rel", "sum_rescaled_var_range_weighted_rel", "sum_rescaled_var_range_weighted_rel", "sum_rescaled_var_range_weighted_rel", "sum_rescaled_var_range_weighted_rel", "sum_rescaled_var_range_weighted_rel", "sum_rescaled_var_range_weighted_rel", "sum_rescaled_var_range_weighted_rel", "sum_rescaled_var_range_weighted_rel", "sum_rescaled_var_range_weighted_rel", "sum_rescaled_var_range_weighted_rel", "sum_rescaled_var_range_weighted_rel", "sum_rescaled_var_range_weighted_rel", "sum_rescaled_var_range_weighted_rel", "sum_rescaled_var_range_weighted_rel", "sum_rescaled_var_range_weighted_rel", "sum_rescaled_var_range_weighted_rel", "sum_rescaled_var_range_weighted_rel"],