{"Itbt": 0, "Pace": 0.0995849, "Depth": 17, "Degree": 4, "RPSTime": 24.4959, "FBBTTime": 0, "OBBTTime": 0, "TotalTime": 477.297, "Iterations": 128, "LinearTime": 64.8588, "LowerBound": 4172.52, "TimeVector": [4.66811, 8.89989, 12.996, 17.2834, 21.331, 25.4711, 29.2355, 33.4594, 37.3709, 41.3785, 45.556, 49.7482, 53.6748, 57.8348, 62.0387, 66.2379, 70.1936, 74.3673, 78.4694, 82.2845, 86.4636, 90.5889, 94.6092, 98.4176, 102.598, 106.667, 110.776, 114.815, 119.047, 122.975, 126.83, 130.98, 134.924, 139.266, 143.542, 147.576, 151.808, 155.383, 159.419, 163.255, 167.282, 170.824, 174.832, 178.447, 182.825, 186.685, 190.738, 194.937, 198.703, 202.817, 206.723, 210.481, 213.802, 217.812, 221.168, 225.241, 229.024, 233.021, 236.508, 240.114, 244.176, 248.229, 251.861, 255.614, 259.635, 263.095, 266.619, 270.004, 274.192, 278.056, 282.003, 285.531, 289.276, 292.867, 295.915, 299.643, 303.597, 307.639, 311.019, 314.304, 318.086, 322.264, 325.795, 328.857, 332.18, 336.129, 339.365, 342.917, 346.035, 350.022, 353.283, 356.864, 360.108, 363.682, 366.982, 370.865, 374.636, 378.203, 381.578, 384.779, 387.983, 391.518, 394.404, 397.916, 401.122, 404.394, 408.411, 411.555, 414.885, 417.918, 421.186, 424.842, 428.287, 432.115, 435.726, 439.059, 441.833, 445.279, 448.485, 451.666, 454.94, 458.319, 461.551, 464.733, 467.456, 470.64, 473.591, 505.608], "UpperBound": 4173.32, "rootBTTime": 0, "LowerBounds": {"1": 3481.46, "2": 3604.62, "3": 3650.61, "4": 3736.46, "5": 3790.08, "6": 3817.27, "7": 3845.48, "8": 3877.31, "9": 3891.24, "10": 3901.9, "11": 3907.77, "12": 3921.22, "13": 3939.67, "14": 3985.22, "15": 3986.42, "16": 3988, "17": 3989.95, "18": 3991.93, "19": 4005.08, "20": 4028.41, "21": 4035.05, "22": 4067.12, "23": 4070.25, "24": 4074.41, "25": 4074.6, "26": 4076.46, "27": 4076.84, "28": 4083.44, "29": 4092.97, "30": 4097.44, "31": 4098.32, "32": 4106.55, "33": 4109.13, "34": 4109.24, "35": 4111.34, "36": 4114.07, "37": 4117.21, "38": 4118.91, "39": 4120.91, "40": 4124.94, "41": 4132.68, "42": 4133.62, "43": 4134.14, "44": 4135.37, "45": 4136.47, "46": 4141.57, "47": 4142.6, "48": 4144.5, "49": 4144.76, "50": 4145.5, "51": 4145.52, "52": 4145.87, "53": 4146.25, "54": 4146.55, "55": 4147.76, "56": 4149.48, "57": 4150.14, "58": 4152.56, "59": 4153, "60": 4155.52, "61": 4155.94, "62": 4156.1, "63": 4156.17, "64": 4156.75, "65": 4157.23, "66": 4157.97, "67": 4158.18, "68": 4158.8, "69": 4159.18, "70": 4160.08, "71": 4160.7, "72": 4162.78, "73": 4162.83, "74": 4163.16, "75": 4163.17, "76": 4163.47, "77": 4163.58, "78": 4163.59, "79": 4163.66, "80": 4163.79, "81": 4164.24, "82": 4164.28, "83": 4164.43, "84": 4164.73, "85": 4165.43, "86": 4165.91, "87": 4165.91, "88": 4166.15, "89": 4166.16, "90": 4166.45, "91": 4166.57, "92": 4167.01, "93": 4167.1, "94": 4167.18, "95": 4167.22, "96": 4167.88, "97": 4168.01, "98": 4168.02, "99": 4168.06, "100": 4168.32, "101": 4168.32, "102": 4168.35, "103": 4168.46, "104": 4168.85, "105": 4168.86, "106": 4169.03, "107": 4169.41, "108": 4169.66, "109": 4169.7, "110": 4169.84, "111": 4169.84, "112": 4170.68, "113": 4170.71, "114": 4170.95, "115": 4170.98, "116": 4171.07, "117": 4171.21, "118": 4171.31, "119": 4171.62, "120": 4171.68, "121": 4171.69, "122": 4171.77, "123": 4172.03, "124": 4172.05, "125": 4172.15, "126": 4172.16, "127": 4172.36, "128": 4172.52}, "SolveResult": 0, "UpperBounds": {"1": 4258.93, "128": 4173.32}, "MaxQueueSize": 117, "VisitedNodes": 257, "BranchingVars": [8, 6, 11, 1, 1, 1, 11, 10, 6, 5, 9, 10, 6, 5, 10, 10, 4, 5, 5, 11, 1, 5, 10, 4, 9, 10, 8, 9, 5, 4, 5, 6, 10, 1, 10, 10, 9, 10, 9, 11, 11, 1, 4, 8, 11, 5, 4, 4, 6, 3, 6, 11, 8, 4, 1, 8, 10, 11, 3, 6, 10, 1, 8, 1, 6, 1, 6, 6, 9, 6, 1, 1, 8, 4, 10, 4, 1, 6, 8, 8, 4, 7, 4, 1, 8, 11, 1, 0, 1, 10, 0, 10, 0, 10, 6, 11, 4, 4, 10, 10, 0, 4, 6, 10, 1, 1, 7, 10, 6, 10, 0, 1, 8, 6, 0, 0, 8, 8, 1, 1, 0, 4, 8, 1, 8, 3, 10, 6], "NonLinearTime": 0.258598, "OptimalityGap": 0.803418, "BranchingRules": ["sum_dual_weighted_plus1_rel", "sum_dual_weighted_plus1_rel", "sum_rescaled_var_range_weighted_rel", "sum_dual_weighted_plus1_rel", "sum_dual_weighted_plus1_rel", "sum_dual_weighted_plus1_rel", "sum_dual_weighted_plus1_rel", "sum_rescaled_var_range_weighted_rel", "sum_dual_weighted_plus1_rel", "sum_rescaled_var_range_weighted_rel", "sum_dual_weighted_plus1_rel", "sum_dual_weighted_plus1_rel", "sum_dual_weighted_plus1_rel", "sum_dual_weighted_plus1_rel", "sum_dual_weighted_plus1_rel", "sum_rescaled_var_range_weighted_rel", "sum_dual_weighted_plus1_rel", "sum_dual_weighted_plus1_rel", "sum_rescaled_var_range_weighted_rel", "sum_dual_weighted_plus1_rel", "sum_rescaled_var_range_weighted_rel", "sum_dual_weighted_plus1_rel", "sum_dual_weighted_plus1_rel", "sum_dual_weighted_plus1_rel", "sum_dual_weighted_plus1_rel", "sum_dual_weighted_plus1_rel", "sum_rescaled_var_range_weighted_rel", "sum_dual_weighted_plus1_rel", "sum_dual_weighted_plus1_rel", "sum_dual_weighted_plus1_rel", "sum_rescaled_var_range_weighted_rel", "sum_dual_weighted_plus1_rel", "sum_dual_weighted_plus1_rel", "sum_rescaled_var_range_weighted_rel", "sum_dual_weighted_plus1_rel", "sum_dual_weighted_plus1_rel", "sum_dual_weighted_plus1_rel", "sum_dual_weighted_plus1_rel", "sum_dual_weighted_plus1_rel", "sum_dual_weighted_plus1_rel", "sum_dual_weighted_plus1_rel", "sum_dual_weighted_plus1_rel", "sum_dual_weighted_plus1_rel", "sum_dual_weighted_plus1_rel", "sum_dual_weighted_plus1_rel", "sum_dual_weighted_plus1_rel", "sum_rescaled_var_range_weighted_rel", "sum_dual_weighted_plus1_rel", "sum_dual_weighted_plus1_rel", "sum_rescaled_var_range_weighted_rel", "sum_dual_weighted_plus1_rel", "sum_dual_weighted_plus1_rel", "sum_dual_weighted_plus1_rel", "sum_dual_weighted_plus1_rel", "sum_dual_weighted_plus1_rel", "sum_dual_weighted_plus1_rel", "sum_dual_weighted_plus1_rel", "sum_dual_weighted_plus1_rel", "sum_rescaled_var_range_weighted_rel", "sum_dual_weighted_plus1_rel", "eigen_cen_alternative", "sum_rescaled_var_range_weighted_rel", "sum_dual_weighted_plus1_rel", "sum_rescaled_var_range_weighted_rel", "sum_dual_weighted_plus1_rel", "sum_dual_weighted_plus1_rel", "sum_dual_weighted_plus1_rel", "sum_dual_weighted_plus1_rel", "sum_dual_weighted_plus1_rel", "sum_dual_weighted_plus1_rel", "sum_dual_weighted_plus1_rel", "sum_rescaled_var_range_weighted_rel", "sum_dual_weighted_plus1_rel", "sum_dual_weighted_plus1_rel", "sum_dual_weighted_plus1_rel", "sum_dual_weighted_plus1_rel", "sum_dual_weighted_plus1_rel", "sum_dual_weighted_plus1_rel", "sum_dual_weighted_plus1_rel", "sum_dual_weighted_plus1_rel", "sum_dual_weighted_plus1_rel", "sum_rescaled_var_range_weighted_rel", "sum_dual_weighted_plus1_rel", "sum_dual_weighted_plus1_rel", "sum_dual_weighted_plus1_rel", "sum_dual_weighted_plus1_rel", "sum_dual_weighted_plus1_rel", "sum_dual_weighted_plus1_rel", "sum_dual_weighted_plus1_rel", "sum_dual_weighted_plus1_rel", "sum_dual_weighted_plus1_rel", "sum_dual_weighted_plus1_rel", "sum_dual_weighted_plus1_rel", "sum_dual_weighted_plus1_rel", "sum_dual_weighted_plus1_rel", "sum_dual_weighted_plus1", "sum_dual_weighted_plus1_rel", "sum_dual_weighted_plus1_rel", "sum_dual_weighted_plus1_rel", "sum_dual_weighted_plus1_rel", "sum_rescaled_var_range_weighted_rel", "sum_dual_weighted_plus1_rel", "sum_dual_weighted_plus1_rel", "sum_dual_weighted_plus1_rel", "sum_dual_weighted_plus1_rel", "sum_dual_weighted_plus1", "sum_rescaled_var_range_weighted_rel", "sum_dual_weighted_plus1_rel", "sum_dual_weighted_plus1_rel", "sum_dual_weighted_plus1_rel", "sum_dual_weighted_plus1_rel", "sum_dual_weighted_plus1_rel", "sum_dual_weighted_plus1_rel", "sum_dual_weighted_plus1_rel", "sum_rescaled_var_range_weighted_rel", "sum_dual_weighted_plus1_rel", "sum_dual_weighted_plus1_rel", "sum_dual_weighted_plus1_rel", "sum_dual_weighted_plus1_rel", "sum_dual_weighted_plus1_rel", "sum_dual_weighted_plus1_rel", "sum_rescaled_var_range_weighted_rel", "sum_dual_weighted_plus1_rel", "sum_dual_weighted_plus1_rel", "sum_dual_weighted_plus1_rel", 