{"Itbt": 0, "Pace": 0.0161778, "Depth": 7, "Degree": 7, "RPSTime": 0.130565, "FBBTTime": 0, "OBBTTime": 0, "TotalTime": 0.484971, "Iterations": 18, "LinearTime": 0.286848, "LowerBound": 57.3838, "TimeVector": [0.0481255, 0.0769098, 0.108651, 0.134476, 0.162347, 0.182692, 0.205176, 0.233699, 0.26171, 0.284222, 0.30738, 0.332082, 0.355107, 0.374692, 0.396464, 0.427135, 0.452267, 0.937238], "UpperBound": 57.7218, "rootBTTime": 0, "LowerBounds": {"1": 27.4072, "2": 33.8548, "3": 41.1142, "4": 42.1379, "5": 43.7721, "6": 44.4432, "7": 45.6976, "8": 49.8958, "9": 52.8855, "10": 54.4314, "11": 54.8888, "12": 55.5922, "13": 56.4261, "14": 57.0776, "15": 57.0866, "16": 57.2381, "17": 57.3426, "18": 57.3838}, "SolveResult": 100, "UpperBounds": {"1": 66.2031, "2": 57.7218}, "MaxQueueSize": 5, "VisitedNodes": 37, "BranchingVars": [1, 0, 1, 2, 2, 2, 2, 0, 1, 1, 1, 1, 1, 0, 0, 3, 1, 1], "NonLinearTime": 0.0675469, "OptimalityGap": 0.337974, "BranchingRules": ["sum_dual_weighted_plus1", "sum_dual_weighted_plus1", "sum_dual_weighted_plus1", "sum_dual_weighted_plus1", "sum_dual_weighted_plus1", "sum_dual_weighted_plus1", "sum_dual_weighted_plus1", "sum_dual_weighted_plus1", "sum_dual_weighted_plus1", "sum_dual_weighted_plus1", "sum_dual_weighted_plus1", "sum_dual_weighted_plus1", "sum_dual_weighted_plus1", "sum_dual_weighted_plus1", "sum_dual_weighted_plus1", "sum_dual_weighted_plus1", "sum_dual_weighted_plus1", "sum_dual_weighted_plus1"], "LBImprovements": [6.44764, 7.25935, 2.65792, 7.7579, 11.8201, 14.417, 15.2456, 2.98966, 4.49835, 1.99471, 2.1888, 4.85459, 0.660473, 0.160443, 1.19672, 0.992915, 0.562141, 4.63912], "InfeasibleNodes": 4, "ElapsedTimeCoeffs": 0, "LinearizationTime": 0.00213333, "NumberOfVariables": 5, "CallsToLinearSolver": 37, "LinearGenerationTime": 0.0575497, "SDPCutsGenerationTime": 0, "CallsToNonLinearSolver": 8, "StrongBranchingExtraTime": 0, "ElapsedTimeWeightedCoeffs": 0, "NodesDiscardedByFathoming": 0, "NodesDiscardedByTolerance": 15, "BoundFactorConstraintsTime": 0.0975607, "ElapsedTimeVarsInConstraints": 0.000017648, "meanBTRelativeChangeRootNode": 0, "NumberOfBoundFactorConstraints": 110, "NumberOfLAPACKConvergenceFailures": 0, "NumberOfRLTVariablesAfterLinearization": 82}