{"Itbt": 0, "Pace": 0.0155756, "Depth": 8, "Degree": 7, "RPSTime": 31.8877, "FBBTTime": 0, "OBBTTime": 0, "TotalTime": 160.98, "Iterations": 48, "LinearTime": 128.962, "LowerBound": 22218.3, "TimeVector": [2.74598, 4.39204, 6.092, 7.95265, 9.72919, 11.5694, 13.4924, 15.4209, 17.6411, 20.1872, 22.5957, 25.5615, 28.7123, 33.396, 35.4896, 38.762, 41.6291, 45.5151, 48.0058, 51.8796, 55.3984, 58.8946, 62.6142, 66.3299, 69.7053, 72.1219, 75.7627, 79.4568, 83.7143, 89.3876, 91.3225, 95.0697, 98.5589, 101.621, 104.649, 109.375, 113.089, 117.525, 122.93, 127.849, 129.994, 133.506, 138.87, 143.405, 147.776, 151.776, 156.561, 187.547], "UpperBound": 22239.4, "rootBTTime": 0, "LowerBounds": {"1": 11882.9, "2": 14472.7, "3": 15543.4, "4": 16611, "5": 17851.3, "6": 19215.5, "7": 19539.4, "8": 19827.6, "9": 20110.8, "10": 20414.9, "11": 20484.3, "12": 20495.9, "13": 21048.9, "14": 21054.3, "15": 21097.2, "16": 21239.4, "17": 21315.7, "18": 21461.1, "19": 21524.6, "20": 21676.8, "21": 21685.2, "22": 21686.7, "23": 21757.3, "24": 21793.5, "25": 21827.7, "26": 21833.1, "27": 21847, "28": 21852.8, "29": 21859.1, "30": 21860.8, "31": 21892.9, "32": 21960.8, "33": 21963.2, "34": 21975.4, "35": 22017.9, "36": 22061.8, "37": 22062.8, "38": 22078.9, "39": 22081.5, "40": 22131, "41": 22172.8, "42": 22174.3, "43": 22174.6, "44": 22184.9, "45": 22199.1, "46": 22199.8, "47": 22205.1, "48": 22218.3}, "SolveResult": 0, "UpperBounds": {"1": 22239.4}, "MaxQueueSize": 18, "VisitedNodes": 97, "BranchingVars": [1, 4, 2, 2, 0, 1, 0, 4, 2, 0, 4, 1, 1, 2, 1, 3, 2, 4, 4, 1, 2, 4, 4, 2, 3, 0, 4, 2, 1, 2, 3, 3, 3, 1, 3, 3, 1, 2, 2, 1, 0, 0, 1, 1, 2, 0, 0, 0], "NonLinearTime": 0.129993, "OptimalityGap": 21.1454, "BranchingRules": ["sum_dual_weighted_plus1", "sum_dual_weighted_plus1", "sum_dual_weighted_plus1", "sum_dual_weighted_plus1", "sum_dual_weighted_plus1", "sum_dual_weighted_plus1", "sum_dual_weighted_plus1", "sum_dual_weighted_plus1", "sum_dual_weighted_plus1", "sum_dual_weighted_plus1", "sum_dual_weighted_plus1", "sum_dual_weighted_plus1", "sum_dual_weighted_plus1", "sum_dual_weighted_plus1", "sum_dual_weighted_plus1", "sum_dual_weighted_plus1", "sum_dual_weighted_plus1", "sum_dual_weighted_plus1", "sum_dual_weighted_plus1", "sum_dual_weighted_plus1", "sum_dual_weighted_plus1", "sum_dual_weighted_plus1", "sum_dual_weighted_plus1", "sum_dual_weighted_plus1", "sum_dual_weighted_plus1", "sum_dual_weighted_plus1", "sum_dual_weighted_plus1", "sum_dual_weighted_plus1", "sum_dual_weighted_plus1", "sum_dual_weighted_plus1", "sum_dual_weighted_plus1", "sum_dual_weighted_plus1", "sum_dual_weighted_plus1", "sum_dual_weighted_plus1", "sum_dual_weighted_plus1", "sum_dual_weighted_plus1", "sum_dual_weighted_plus1", "sum_dual_weighted_plus1", "sum_dual_weighted_plus1", "sum_dual_weighted_plus1", "sum_dual_weighted_plus1", "sum_dual_weighted_plus1", "sum_dual_weighted_plus1", "sum_dual_weighted_plus1", "sum_dual_weighted_plus1", "sum_dual_weighted_plus1", "sum_dual_weighted_plus1", "sum_dual_weighted_plus1"], "LBImprovements": [2589.85, 1070.68, 2307.93, 3216.6, 1364.17, 1280.45, 944.892, 2005.54, 2206.55, 633.996, 569.961, 819.768, 412.201, 773.422, 749.853, 445.756, 577.2, 215.694, 436.152, 175.953, 377.609, 986.771, 321.679, 337.521, 346.551, 844.914, 787.073, 332.182, 376.335, 346.928, 664.593, 238.375, 527.14, 1941.57, 224.774, 257.942, 344.144, 291.107, 310.545, 74.0889, 1388.64, 347.204, 67.8767, 33.3132, 275.388, 22.1442, 26.8154, 35.1227], "InfeasibleNodes": 0, "ElapsedTimeCoeffs": 0, "LinearizationTime": 0.388568, "NumberOfVariables": 5, "CallsToLinearSolver": 97, "LinearGenerationTime": 11.3573, "SDPCutsGenerationTime": 0, "CallsToNonLinearSolver": 9, "StrongBranchingExtraTime": 0, "ElapsedTimeWeightedCoeffs": 0, "NodesDiscardedByFathoming": 0, "NodesDiscardedByTolerance": 49, "BoundFactorConstraintsTime": 26.0987, "ElapsedTimeVarsInConstraints": 0.000139272, "meanBTRelativeChangeRootNode": 0, "NumberOfBoundFactorConstraints": 5631, "NumberOfLAPACKConvergenceFailures": 0, "NumberOfRLTVariablesAfterLinearization": 615}