{"Itbt": 0, "Pace": 0.0664939, "Depth": 15, "Degree": 7, "RPSTime": 109.559, "FBBTTime": 0, "OBBTTime": 0, "TotalTime": 1199.05, "Iterations": 136, "LinearTime": 176.577, "LowerBound": 4631.34, "TimeVector": [9.83508, 18.6829, 27.1091, 36.0399, 44.276, 53.0129, 61.4476, 69.6539, 77.8246, 85.9091, 92.9856, 101.365, 110.971, 120.829, 127.309, 135.657, 144.878, 153.25, 162.174, 169.166, 177.555, 185.828, 192.79, 200.938, 207.813, 216.146, 224.681, 234.525, 242.264, 250.106, 257.267, 266.053, 273.928, 281.361, 289.15, 298.071, 305.678, 314.023, 319.856, 328.33, 337.366, 345.243, 355.816, 366.347, 373.858, 383.505, 392.011, 400.283, 407.411, 415.152, 423.826, 431.795, 439.694, 450.04, 458.664, 468.339, 475.419, 485.154, 493.02, 501.584, 510.936, 519.265, 526.971, 534.453, 542.905, 551.306, 559.743, 567.728, 576.496, 585.018, 590.671, 598.734, 609.394, 617.087, 624.52, 632.209, 642.126, 656.842, 665.91, 673.988, 682.518, 690.852, 699.168, 706.828, 716.749, 726.965, 736.132, 742.855, 752.027, 761.106, 768.888, 777.934, 788.49, 796.137, 803.098, 810.877, 820.755, 828.583, 835.806, 847.637, 857.314, 865.518, 871.996, 878.662, 887.693, 896.64, 902.979, 911.195, 918.685, 928.975, 938.654, 950.529, 956.635, 978.553, 986.661, 996.059, 1011, 1019.64, 1027.35, 1046.07, 1055.34, 1064.22, 1075.48, 1084.23, 1091.99, 1100.86, 1107.23, 1119.37, 1128.85, 1138.01, 1148.26, 1158.1, 1170.28, 1180.48, 1190.2, 1199.05], "UpperBound": 4635.79, "rootBTTime": 0, "LowerBounds": {"1": 1692.95, "2": 2179.88, "3": 2750.61, "4": 3039.48, "5": 3139.3, "6": 3452.5, "7": 3532.83, "8": 3656.79, "9": 3726.2, "10": 3779.06, "11": 3816.79, "12": 3910.94, "13": 3914.11, "14": 3959.81, "15": 4146.67, "16": 4166.92, "17": 4173.85, "18": 4181.24, "19": 4198.03, "20": 4217.68, "21": 4241.51, "22": 4259.07, "23": 4272.66, "24": 4282.5, "25": 4285.86, "26": 4306.9, "27": 4311.96, "28": 4329.61, "29": 4333.73, "30": 4405.15, "31": 4417.36, "32": 4417.85, "33": 4431.14, "34": 4437.49, "35": 4442.01, "36": 4445.37, "37": 4446.11, "38": 4448.25, "39": 4460.94, "40": 4476.91, "41": 4485.9, "42": 4501.38, "43": 4512.01, "44": 4514.09, "45": 4519.13, "46": 4519.83, "47": 4520.3, "48": 4523.93, "49": 4531.77, "50": 4532.7, "51": 4532.78, "52": 4533.42, "53": 4536.27, "54": 4536.44, "55": 4543.21, "56": 4544.11, "57": 4544.97, "58": 4548.86, "59": 4552.36, "60": 4554.65, "61": 4557.1, "62": 4557.5, "63": 4563.59, "64": 4564.2, "65": 4564.75, "66": 4567.42, "67": 4573.48, "68": 4575.31, "69": 4580.21, "70": 4581.59, "71": 4583.99, "72": 4586.78, "73": 4587.03, "74": 4588, "75": 4591.03, "76": 4593.24, "77": 4593.87, "78": 4594.11, "79": 4594.77, "80": 4596.7, "81": 4599.38, "82": 4600.49, "83": 4600.76, "84": 4601.12, "85": 4601.48, "86": 4604.06, "87": 4604.75, "88": 4605.27, "89": 4607.29, "90": 4607.94, "91": 4610.12, "92": 4610.13, "93": 4610.55, "94": 4611.08, "95": 4611.96, "96": 4612.05, "97": 4613.34, "98": 4614.82, "99": 4615.31, "100": 4616.41, "101": 4616.93, "102": 4617.39, "103": 4618.24, "104": 4618.39, "105": 4619.03, "106": 4619.6, "107": 4619.91, "108": 4620, "109": 4621.31, "110": 4621.58, "111": 4621.72, "112": 4621.85, "113": 4622.27, "114": 4622.95, "115": 4622.98, "116": 4622.99, "117": 4623.46, "118": 4623.49, "119": 4623.57, "120": 4623.8, "121": 4623.86, "122": 4624.28, "123": 4625.08, "124": 4625.1, "125": 4625.77, "126": 4626, "127": 4626.89, "128": 4627.02, "129": 4628.33, "130": 4628.62, "131": 4629.24, "132": 4630.56, "133": 4630.71, "134": 4630.81, "135": 4630.9, "136": 4631.34}, "SolveResult": 0, "UpperBounds": {"1": 4635.79}, "MaxQueueSize": 42, "VisitedNodes": 273, "BranchingVars": [1, 3, 2, 2, 3, 4, 4, 2, 4, 4, 0, 1, 1, 1, 1, 1, 0, 2, 0, 0, 4, 0, 1, 0, 1, 0, 4, 0, 2, 2, 2, 2, 2, 0, 2, 0, 4, 4, 2, 2, 3, 2, 4, 4, 0, 3, 1, 3, 0, 2, 2, 0, 0, 2, 1, 2, 0, 2, 3, 0, 3, 2, 4, 2, 1, 2, 1, 4, 2, 3, 4, 4, 4, 2, 4, 2, 3, 3, 0, 3, 3, 3, 3, 3, 3, 1, 3, 1, 2, 2, 0, 3, 0, 1, 3, 3, 4, 2, 2, 4, 2, 2, 4, 1, 1, 2, 4, 3, 0, 0, 1, 2, 0, 0, 2, 1, 0, 0, 3, 0, 4, 2, 1, 0, 1, 0, 4, 4, 3, 3, 1, 0, 2, 2, 1, 4], "NonLinearTime": 0.311754, "OptimalityGap": 4.44962,