{"Itbt": 0, "Pace": 0.0163363, "Depth": 11, "Degree": 7, "RPSTime": 19.8473, "FBBTTime": 0, "OBBTTime": 0, "TotalTime": 189.653, "Iterations": 58, "LinearTime": 27.5106, "LowerBound": 3800.04, "TimeVector": [3.81934, 7.31189, 10.9115, 14.1588, 17.3984, 20.7686, 25.0498, 28.2827, 31.4746, 34.8017, 38.0499, 41.6702, 45.1992, 48.5297, 51.5095, 54.3831, 57.5251, 60.7756, 63.5421, 66.8966, 69.7202, 73.0216, 76.0196, 79.2375, 82.0251, 85.5158, 88.8465, 91.8889, 94.9491, 97.9099, 101.461, 104.712, 107.668, 110.768, 113.861, 116.857, 119.937, 123.514, 126.608, 129.542, 133.305, 137.197, 140.875, 144.081, 147.006, 150.932, 154.828, 158.252, 161.505, 165.346, 168.318, 171.317, 174.312, 177.097, 180.802, 183.744, 186.588, 217.989], "UpperBound": 3803.82, "rootBTTime": 0, "LowerBounds": {"1": 1884.47, "2": 2631.26, "3": 2701.62, "4": 3290.58, "5": 3305.34, "6": 3361.34, "7": 3367.89, "8": 3581.95, "9": 3587.64, "10": 3624.02, "11": 3630.49, "12": 3631.52, "13": 3640.97, "14": 3657.88, "15": 3671.18, "16": 3684.51, "17": 3721.85, "18": 3726.56, "19": 3728.08, "20": 3738.67, "21": 3745.64, "22": 3748.67, "23": 3752.25, "24": 3763.87, "25": 3771.62, "26": 3774.95, "27": 3775.58, "28": 3777.1, "29": 3777.18, "30": 3778.21, "31": 3781.81, "32": 3790.03, "33": 3792.04, "34": 3793.39, "35": 3794.63, "36": 3795.08, "37": 3795.33, "38": 3795.42, "39": 3796.83, "40": 3797.08, "41": 3797.2, "42": 3797.25, "43": 3797.58, "44": 3797.85, "45": 3797.96, "46": 3798.18, "47": 3798.24, "48": 3798.29, "49": 3798.65, "50": 3798.76, "51": 3798.79, "52": 3798.81, "53": 3798.87, "54": 3799.13, "55": 3799.23, "56": 3799.41, "57": 3799.94, "58": 3800.04}, "SolveResult": 0, "UpperBounds": {"1": 3803.82}, "MaxQueueSize": 16, "VisitedNodes": 117, "BranchingVars": [4, 3, 3, 1, 1, 1, 1, 0, 0, 2, 2, 2, 2, 2, 2, 2, 0, 0, 2, 1, 0, 0, 2, 1, 1, 0, 1, 0, 1, 1, 1, 0, 2, 2, 2, 0, 2, 2, 2, 1, 0, 1, 2, 1, 3, 1, 2, 1, 2, 3, 3, 2, 1, 3, 1, 1, 2, 2], "NonLinearTime": 0.244597, "OptimalityGap": 3.78144, "BranchingRules": ["sum_rescaled_var_range_weighted_rel", "sum_rescaled_var_range_weighted_rel", "sum_rescaled_var_range_weighted_rel", "sum_rescaled_var_range_weighted_rel", "sum_rescaled_var_range_weighted_rel", "sum_rescaled_var_range_weighted_rel", "sum_rescaled_var_range_weighted_rel", "sum_rescaled_var_range_weighted_rel", "sum_rescaled_var_range_weighted_rel", "sum_rescaled_var_range_weighted_rel", "sum_rescaled_var_range_weighted_rel", "sum_rescaled_var_range_weighted_rel", "sum_rescaled_var_range_weighted_rel", "sum_rescaled_var_range_weighted_rel", "sum_rescaled_var_range_weighted_rel", "sum_rescaled_var_range_weighted_rel", "sum_rescaled_var_range_weighted_rel", "sum_rescaled_var_range_weighted_rel", "sum_rescaled_var_range_weighted_rel", "sum_rescaled_var_range_weighted_rel", "sum_rescaled_var_range_weighted_rel", "sum_rescaled_var_range_weighted_rel", "sum_rescaled_var_range_weighted_rel", "sum_rescaled_var_range_weighted_rel", "sum_rescaled_var_range_weighted_rel", "sum_rescaled_var_range_weighted_rel", "sum_rescaled_var_range_weighted_rel", "sum_rescaled_var_range_weighted_rel", "sum_rescaled_var_range_weighted_rel", "sum_rescaled_var_range_weighted_rel", "sum_rescaled_var_range_weighted_rel", "sum_rescaled_var_range_weighted_rel", "sum_rescaled_var_range_weighted_rel", "sum_rescaled_var_range_weighted_rel", "sum_rescaled_var_range_weighted_rel", "sum_rescaled_var_range_weighted_rel", "sum_rescaled_var_range_weighted_rel", "sum_rescaled_var_range_weighted_rel", "sum_rescaled_var_range_weighted_rel", "sum_rescaled_var_range_weighted_rel", "sum_rescaled_var_range_weighted_rel", "sum_rescaled_var_range_weighted_rel", "sum_rescaled_var_range_weighted_rel", "sum_rescaled_var_range_weighted_rel", "sum_rescaled_var_range_weighted_rel", "sum_rescaled_var_range_weighted_rel", "sum_rescaled_var_range_weighted_rel", "sum_rescaled_var_range_weighted_rel", "sum_rescaled_var_range_weighted_rel", "sum_rescaled_var_range_weighted_rel", "sum_rescaled_var_range_weighted_rel", "sum_rescaled_var_range_weighted_rel", "sum_rescaled_var_range_weighted_rel", "sum_rescaled_var_range_weighted_rel", "sum_rescaled_var_range_weighted_rel", "sum_rescaled_var_range_weighted_rel", "sum_rescaled_var_range_weighted_rel", "sum_rescaled_var_range_weighted_rel"], "LBImprovements": [746.782, 659.321, 659.719, 297.063, 276.608, 262.683, 262.591, 89.2381, 140.437, 97.833, 96.076, 180.51, 205.816, 175.244, 67.49, 261.532, 53.7246, 50.6151, 43.5397, 36.2769, 51.4423, 50.7405, 48.3747, 26.1546, 41.4671, 17.0924, 19.7525, 17.5349, 21.4739, 20.916, 19.7929, 18.2794, 5.15247, 3.43577, 3.60464, 14.092, 5.09089, 3.80681, 1.01999, 16.3206, 0.380415, 3.07761, 0.600857, 0.909317, 6.15286, 10000000000.0, 2.0973, 2.51378, 3.64715, 5.13758, 3.86833, 4.42883, 14.1542, 10000000000.0, 1.31792, 15.0255, 3.10688, 3.43052], "InfeasibleNodes": 4, "ElapsedTimeCoeffs": 0, "LinearizationTime": 0.0323252, "NumberOfVariables": 5, "CallsToLinearSolver": 117, "LinearGenerationTime": 1.56497, "SDPCutsGenerationTime": 0, "CallsToNonLinearSolver": 9, "StrongBranchingExtraTime": 158.36, "ElapsedTimeWeightedCoeffs": 0, "NodesDiscardedByFathoming": 0, "NodesDiscardedByTolerance": 55, "BoundFactorConstraintsTime": 2.92505, "ElapsedTimeVarsInConstraints": 0.000036371, "meanBTRelativeChangeRootNode": 0, "NumberOfBoundFactorConstraints": 867, "NumberOfLAPACKConvergenceFailures": 0, "NumberOfRLTVariablesAfterLinearization": 288}