{"Itbt": 0, "Pace": 0.0273859, "Depth": 12, "Degree": 7, "RPSTime": 34.2704, "FBBTTime": 0, "OBBTTime": 0, "TotalTime": 296.544, "Iterations": 107, "LinearTime": 44.012, "LowerBound": 1928.2, "TimeVector": [3.78273, 6.73208, 10.0005, 13.0176, 15.7753, 18.4419, 20.9879, 23.6943, 26.5079, 29.2692, 31.976, 34.2818, 36.9301, 39.6888, 42.1847, 44.8151, 47.2791, 49.872, 52.733, 55.2175, 58.0216, 60.1299, 62.3896, 64.7974, 67.3121, 69.8118, 72.765, 75.3135, 78.1122, 80.9623, 83.3444, 85.7838, 88.4921, 91.4349, 94.1487, 97.1111, 99.4388, 101.483, 104.018, 106.455, 108.749, 111.418, 113.457, 116.573, 118.795, 121.223, 123.647, 125.912, 128.765, 131.008, 133.73, 136.578, 139.716, 142.535, 145.027, 148.26, 151.349, 153.602, 156.405, 158.698, 161.48, 164.182, 167.139, 169.351, 172.156, 174.789, 177.495, 179.86, 183.496, 186.468, 189.112, 191.949, 194.427, 197.145, 199.845, 202.877, 206.201, 212.193, 214.645, 217.183, 220.056, 223.556, 225.972, 228.459, 231.313, 234.173, 236.167, 239.329, 241.828, 244.734, 248.637, 251.589, 254.157, 256.7, 260.067, 262.536, 266.16, 268.724, 271.683, 274.253, 277.316, 280.318, 283.38, 285.908, 289.928, 292.891, 309.116], "UpperBound": 1930.09, "rootBTTime": 0, "LowerBounds": {"1": 97.4987, "2": 572.864, "3": 721.988, "4": 1105.17, "5": 1147.3, "6": 1354.91, "7": 1372.59, "8": 1387.84, "9": 1391.57, "10": 1544.99, "11": 1550.39, "12": 1559.51, "13": 1600.42, "14": 1617.23, "15": 1653.44, "16": 1695.78, "17": 1715.9, "18": 1731.64, "19": 1739.85, "20": 1755.31, "21": 1765.83, "22": 1775.49, "23": 1795.05, "24": 1798.47, "25": 1810.07, "26": 1815.01, "27": 1815.54, "28": 1817.57, "29": 1834.93, "30": 1835.16, "31": 1846.65, "32": 1852.71, "33": 1858.69, "34": 1863.11, "35": 1863.46, "36": 1864.31, "37": 1867.56, "38": 1868.7, "39": 1872.19, "40": 1875.29, "41": 1877.15, "42": 1882.66, "43": 1884.87, "44": 1885.47, "45": 1886.02, "46": 1886.3, "47": 1887.33, "48": 1887.72, "49": 1888.62, "50": 1889.42, "51": 1890.7, "52": 1892.03, "53": 1901.19, "54": 1901.55, "55": 1902.75, "56": 1903.62, "57": 1904.46, "58": 1904.67, "59": 1905.72, "60": 1906.61, "61": 1911.15, "62": 1911.17, "63": 1912.27, "64": 1912.98, "65": 1913.11, "66": 1915, "67": 1915.84, "68": 1917.5, "69": 1919.08, "70": 1919.25, "71": 1919.69, "72": 1920.17, "73": 1920.28, "74": 1920.62, "75": 1920.79, "76": 1920.82, "77": 1920.94, "78": 1920.96, "79": 1921.16, "80": 1921.52, "81": 1921.53, "82": 1921.6, "83": 1921.81, "84": 1922.11, "85": 1922.37, "86": 1922.49, "87": 1923.17, "88": 1923.61, "89": 1923.7, "90": 1923.79, "91": 1923.88, "92": 1924.25, "93": 1924.27, "94": 1924.5, "95": 1924.54, "96": 1925.31, "97": 1925.7, "98": 1925.86, "99": 1926.06, "100": 1926.24, "101": 1926.25, "102": 1926.84, "103": 1927.11, "104": 1927.26, "105": 1927.63, "106": 1927.8, "107": 1928.2}, "SolveResult": 0, "UpperBounds": {"1": 1930.09}, "MaxQueueSize": 28, "VisitedNodes": 215, "BranchingVars": [3, 0, 0, 2, 0, 2, 2, 2, 4, 2, 4, 4, 4, 2, 4, 2, 1, 4, 4, 1, 1, 2, 2, 1, 2, 1, 2, 2, 1, 0, 1, 3, 0, 4, 3, 2, 4, 1, 3, 3, 1, 1, 1, 2, 2, 1, 2, 1, 3, 3, 1, 1, 4, 0, 3, 4, 3, 2, 0, 3, 3, 1, 1, 4, 4, 3, 0, 2, 0, 3, 0, 0, 3, 1, 1, 1, 1, 1, 0, 3, 3, 0, 3, 0, 1, 2, 2, 3, 3, 0, 3, 3, 1, 1, 2, 3, 1, 2, 1, 3, 3, 3, 4, 3, 4, 1, 3], "NonLinearTime": 0.356749, "OptimalityGap": 1.88806, "BranchingRules": ["eigen_cen_alternative_rel", "eigen_cen_alternative_rel", "eigen_cen_alternative_rel", "eigen_cen_alternative_rel", "eigen_cen_alternative_rel", "eigen_cen_alternative_rel", "eigen_cen_alternative_rel", "eigen_cen_alternative_rel", "eigen_cen_alternative_rel", "eigen_cen_alternative_rel", "eigen_cen_alternative_rel", "eigen_cen_alternative_rel", "eigen_cen_alternative_rel", "eigen_cen_alternative_rel", "eigen_cen_alternative_rel", "eigen_cen_alternative_rel", "eigen_cen_alternative_rel", "eigen_cen_alternative_rel", "eigen_cen_alternative_rel", "eigen_cen_alternative_rel", "eigen_cen_alternative_rel", "eigen_cen_alternative_rel", "eigen_cen_alternative_rel", "eigen_cen_alternative_rel", "eigen_cen_alternative_rel", "eigen_cen_alternative_rel", "eigen_cen_alternative_rel", "eigen_cen_alternative_rel", "eigen_cen_alternative_rel", "eigen_cen_alternative_rel", "eigen_cen_alternative_rel", "eigen_cen_alternative_rel", "eigen_cen_alternative_rel", "eigen_cen_alternative_rel", "eigen_cen_alternative_rel", "eigen_cen_alternative_rel", "eigen_cen_alternative_rel", "eigen_cen_alternative_rel", "eigen_cen_alternative_rel", "eigen_cen_alternative_rel", "eigen_cen_alternative_rel", "eigen_cen_alternative_rel", "eigen_cen_alternative_rel", "eigen_cen_alternative_rel", "eigen_cen_alternative_rel", "eigen_cen_alternative_rel", "eigen_cen_alternative_rel", "eigen_cen_alternative_rel", "eigen_cen_alternative_rel", "eigen_cen_alternative_rel", "eigen_cen_alternative_rel", "eigen_cen_alternative_rel", "eigen_cen_alternative_rel", "eigen_cen_alternative_rel", "eigen_cen_alternative_rel", "eigen_cen_alternative_rel", "eigen_cen_alternative_rel", "eigen_cen_alternative_rel", "eigen_cen_alternative_rel", "eigen_cen_alternative_rel", "eigen_cen_alternative_rel", "eigen_cen_alternative_rel", "eigen_cen_alternative_rel", "eigen_cen_alternative_rel", "eigen_cen_alternative_rel", "eigen_cen_alternative_rel", "eigen_cen_alternative_rel", "eigen_cen_alternative_rel", "eigen_cen_alternative_rel", "eigen_cen_alternative_rel", "eigen_cen_alternative_rel", "eigen_cen_alternative_rel", "eigen_cen_alternative_rel", "eigen_cen_alternative_rel", "eigen_cen_alternative_rel", "eigen_cen_alternative_rel", "eigen_cen_alternative_rel", "eigen_cen_alternative_rel", "eigen_cen_alternative_rel", "eigen_cen_alternative_rel", "eigen_cen_alternative_rel", "eigen_cen_alternative_rel", "eigen_cen_alternative_rel", "eigen_cen_alternative_rel", "eigen_cen_alternative_rel", "eigen_cen_alternative_rel", "eigen_cen_alternative_rel", "eigen_cen_alternative_rel", "eigen_cen_alternative_rel", "eigen_cen_alternative_rel", "eigen_cen_alternative_rel", "eigen_cen_alternative_rel", "eigen_cen_alternative_rel", "eigen_cen_alternative_rel", "eigen_cen_alternative_rel", "eigen_cen_alternative_rel", "eigen_cen_alternative_rel", "eigen_cen_alternative_rel", "eigen_cen_alternative_rel", "eigen_cen_alternative_rel", "eigen_cen_alternative_rel", "eigen_cen_alternative_rel", "eigen_cen_alternative_rel", "eigen_cen_alternative_rel", "eigen_cen_alternative_rel", "eigen_cen_alternative_rel", "eigen_cen_alternative_rel"], "LBImprovements": [475.365, 574.432, 383.179, 286.404, 225.294, 195.48, 186.922, 212.588, 225.659, 186.652, 204.923, 215.982, 209.652, 98.6719, 193.205, 119.234, 101.663, 200.076, 217.835, 97.3997, 92.8635, 93.2079, 82.0965, 76.8274, 80.6299, 87.7428, 67.128, 45.8933, 53.6904, 27.941, 98.0958, 64.7864, 52.4518, 22.912, 38.0904, 36.8781, 145.597, 35.9668, 49.9221, 91.2555, 45.3404, 38.8643, 51.8367, 27.5096, 29.8258, 64.2727, 27.6656, 35.9794, 74.3082, 74.6969, 13.7563, 31.5834, 18.0607, 29.3608, 82.0326, 17.1644, 24.2094, 16.8531, 44.5942, 43.7477, 39.1749, 9.98309, 13.9798, 15.5796, 18.7048, 4.08412, 4.3258, 27.6475, 6.62023, 5.29118, 4.18287, 10000000000.0, 44.4931, 5.62016, 7.27566, 3.4322, 5.90124, 4.35505, 22.8316, 0.0744037, 6.99949, 7.8342, 6.68421, 3.74342, 5.84761, 1.30254, 8.83776, 9.59952, 6.69782, 3.31463, 10000000000.0, 4.8596, 17.8535, 4.66742, 10000000000.0, 5.84239, 5.86138, 6.08757, 3.31964, 2.67254, 23.8194, 1.96334, 1.10507, 2.63004, 1.06442, 2.36119, 10000000000.0], "InfeasibleNodes": 14, "ElapsedTimeCoeffs": 0, "LinearizationTime": 0.0294675, "NumberOfVariables": 5, "CallsToLinearSolver": 215, "LinearGenerationTime": 2.80655, "SDPCutsGenerationTime": 0, "CallsToNonLinearSolver": 10, "StrongBranchingExtraTime": 246.408, "ElapsedTimeWeightedCoeffs": 0, "NodesDiscardedByFathoming": 0, "NodesDiscardedByTolerance": 94, "BoundFactorConstraintsTime": 4.72341, "ElapsedTimeVarsInConstraints": 0.000037087, "meanBTRelativeChangeRootNode": 0, "NumberOfBoundFactorConstraints": 833, "NumberOfLAPACKConvergenceFailures": 0,