{"Itbt": 0, "Pace": 0.027416, "Depth": 7, "Degree": 7, "RPSTime": 0.720533, "FBBTTime": 0, "OBBTTime": 0, "TotalTime": 2.93903, "Iterations": 21, "LinearTime": 0.50454, "LowerBound": 57.4627, "TimeVector": [0.430429, 0.558927, 0.690054, 0.814616, 0.939488, 1.05592, 1.17794, 1.30157, 1.41614, 1.53624, 1.66165, 1.77991, 1.89778, 2.01054, 2.14125, 2.2759, 2.39599, 2.53995, 2.66376, 2.80115, 5.74019], "UpperBound": 57.7218, "rootBTTime": 0, "LowerBounds": {"1": 27.4072, "2": 41.5273, "3": 43.3477, "4": 44.6653, "5": 45.0076, "6": 48.5336, "7": 48.8126, "8": 50.7471, "9": 51.8153, "10": 52.9847, "11": 53.0005, "12": 53.8487, "13": 54.8351, "14": 55.0126, "15": 57.1061, "16": 57.1978, "17": 57.2072, "18": 57.2848, "19": 57.3815, "20": 57.4463, "21": 57.4627}, "SolveResult": 100, "UpperBounds": {"1": 66.2031, "4": 57.7218}, "MaxQueueSize": 7, "VisitedNodes": 43, "BranchingVars": [2, 0, 1, 2, 1, 1, 1, 0, 1, 0, 1, 4, 1, 0, 0, 1, 4, 0, 1, 1, 1], "NonLinearTime": 0.172015, "OptimalityGap": 0.259035, "BranchingRules": ["eigen_cen_alternative_rel", "eigen_cen_alternative_rel", "eigen_cen_alternative_rel", "eigen_cen_alternative_rel", "eigen_cen_alternative_rel", "eigen_cen_alternative_rel", "eigen_cen_alternative_rel", "eigen_cen_alternative_rel", "eigen_cen_alternative_rel", "eigen_cen_alternative_rel", "eigen_cen_alternative_rel", "eigen_cen_alternative_rel", "eigen_cen_alternative_rel", "eigen_cen_alternative_rel", "eigen_cen_alternative_rel", "eigen_cen_alternative_rel", "eigen_cen_alternative_rel", "eigen_cen_alternative_rel", "eigen_cen_alternative_rel", "eigen_cen_alternative_rel", "eigen_cen_alternative_rel"], "LBImprovements": [14.1201, 3.13803, 5.18593, 4.1473, 12.1996, 5.3151, 1.93453, 2.2534, 1.16939, 4.30006, 4.10558, 7.54205, 2.36267, 7.89944, 10000000000.0, 2.64933, 7.78562, 0.161483, 0.804131, 10000000000.0, 10000000000.0], "InfeasibleNodes": 9, "ElapsedTimeCoeffs": 0, "LinearizationTime": 0.00213013, "NumberOfVariables": 5, "CallsToLinearSolver": 43, "LinearGenerationTime": 0.12257, "SDPCutsGenerationTime": 0, "CallsToNonLinearSolver": 8, "StrongBranchingExtraTime": 2.115, "ElapsedTimeWeightedCoeffs": 0, "NodesDiscardedByFathoming": 0, "NodesDiscardedByTolerance": 13, "BoundFactorConstraintsTime": 0.113454, "ElapsedTimeVarsInConstraints": 0.000016807, "meanBTRelativeChangeRootNode": 0, "NumberOfBoundFactorConstraints": 110, "NumberOfLAPACKConvergenceFailures": 0, "NumberOfRLTVariablesAfterLinearization": 82}