{"Itbt": 0, "Pace": 0.00433193, "Depth": 8, "Degree": 7, "RPSTime": 2.32785, "FBBTTime": 0, "OBBTTime": 0, "TotalTime": 13.8125, "Iterations": 26, "LinearTime": 2.09395, "LowerBound": 753.905, "TimeVector": [0.929191, 1.45198, 1.9167, 2.39815, 2.91753, 3.35965, 3.90345, 4.42101, 4.96307, 5.54639, 6.12564, 6.58702, 6.99814, 7.43332, 7.96194, 8.49026, 9.02048, 9.56778, 10.1086, 10.6995, 11.1437, 11.7412, 12.2072, 12.7176, 13.2266, 27.0391], "UpperBound": 754.303, "rootBTTime": 0, "LowerBounds": {"1": 128.742, "2": 291.585, "3": 297.274, "4": 521.401, "5": 559.286, "6": 560.057, "7": 562.019, "8": 677.877, "9": 691.644, "10": 713.395, "11": 715.419, "12": 715.563, "13": 716.507, "14": 716.507, "15": 719.392, "16": 721.328, "17": 724.202, "18": 740.276, "19": 744.931, "20": 744.986, "21": 749.035, "22": 752.222, "23": 752.395, "24": 752.869, "25": 752.893, "26": 753.905}, "SolveResult": 0, "UpperBounds": {"1": 754.303}, "MaxQueueSize": 9, "VisitedNodes": 53, "BranchingVars": [0, 1, 1, 4, 4, 4, 4, 3, 2, 4, 2, 2, 2, 2, 2, 2, 2, 3, 1, 1, 2, 3, 3, 2, 3, 1], "NonLinearTime": 0.215192, "OptimalityGap": 0.397635, "BranchingRules": ["sum_dual_weighted_plus1_rel", "sum_dual_weighted_plus1_rel", "sum_dual_weighted_plus1_rel", "sum_dual_weighted_plus1_rel", "sum_dual_weighted_plus1_rel", "sum_dual_weighted_plus1_rel", "sum_dual_weighted_plus1_rel", "sum_dual_weighted_plus1_rel", "sum_dual_weighted_plus1_rel", "sum_dual_weighted_plus1_rel", "sum_dual_weighted_plus1_rel", "sum_dual_weighted_plus1_rel", "sum_dual_weighted_plus1_rel", "sum_dual_weighted_plus1_rel", "sum_dual_weighted_plus1_rel", "sum_dual_weighted_plus1_rel", "sum_dual_weighted_plus1_rel", "sum_dual_weighted_plus1_rel", "sum_dual_weighted_plus1_rel", "sum_dual_weighted_plus1_rel", "sum_dual_weighted_plus1_rel", "sum_dual_weighted_plus1_rel", "sum_dual_weighted_plus1_rel", "sum_dual_weighted_plus1_rel", "sum_dual_weighted_plus1_rel", "sum_dual_weighted_plus1_rel"], "LBImprovements": [162.843, 267.701, 224.126, 156.476, 156.133, 156.45, 151.376, 43.4511, 60.7511, 26.8819, 37.4734, 51.3699, 52.163, 43.2759, 46.1235, 27.7072, 43.2508, 4.65452, 11.2353, 7.23623, 10.7542, 0.647192, 24.9913, 10000000000.0, 11.1689, 0.880732], "InfeasibleNodes": 6, "ElapsedTimeCoeffs": 0, "LinearizationTime": 0.00628221, "NumberOfVariables": 5, "CallsToLinearSolver": 53, "LinearGenerationTime": 0.258151, "SDPCutsGenerationTime": 0, "CallsToNonLinearSolver": 8, "StrongBranchingExtraTime": 11.1043, "ElapsedTimeWeightedCoeffs": 0, "NodesDiscardedByFathoming": 0, "NodesDiscardedByTolerance": 21, "BoundFactorConstraintsTime": 0.300454, "ElapsedTimeVarsInConstraints": 0.000022693, "meanBTRelativeChangeRootNode": 0, "NumberOfBoundFactorConstraints": 236, "NumberOfLAPACKConvergenceFailures": 0, "NumberOfRLTVariablesAfterLinearization": 145}