{"Itbt": 0, "Pace": 0.00729147, "Depth": 8, "Degree": 2, "RPSTime": 0.00926766, "FBBTTime": 0, "OBBTTime": 0, "TotalTime": 0.234227, "Iterations": 8, "LinearTime": 0.0310115, "LowerBound": 200.994, "TimeVector": [0.172906, 0.183611, 0.193432, 0.203169, 0.212722, 0.215496, 0.218186, 0.452413], "UpperBound": 201.159, "rootBTTime": 0, "LowerBounds": {"1": 171.419, "2": 182.541, "3": 190.513, "4": 196.118, "5": 198.507, "6": 199.992, "7": 200.507, "8": 200.994}, "SolveResult": 0, "UpperBounds": {"1": 179769000000000000000000000000000000000000000000000000000000000000000000000000000000000000000000000000000000000000000000000000000000000000000000000000000000000000000000000000000000000000000000000000000000000000000000000000000000000000000000000000000000000000000000000000000000000000000000000000000000000000000, "2": 201.159}, "MaxQueueSize": 1, "VisitedNodes": 17, "BranchingVars": [0, 1, 0, 1, 0, 1, 0, 1], "NonLinearTime": 0.182008, "OptimalityGap": 0.165074, "BranchingRules": ["eigen_cen_alternative_rel", "sum_rescaled_var_range_weighted_rel", "eigen_cen_alternative_rel", "sum_rescaled_var_range_weighted_rel", "eigen_cen_alternative_rel", "sum_rescaled_var_range_weighted_rel", "eigen_cen_alternative_rel", "sum_rescaled_var_range_weighted_rel"], "LBImprovements": [11.1224, 7.97208, 5.60542, 2.38871, 1.4847, 0.514937, 0.373729, 0.113716], "InfeasibleNodes": 8, "ElapsedTimeCoeffs": 0, "LinearizationTime": 0.000007828, "NumberOfVariables": 3, "CallsToLinearSolver": 17, "LinearGenerationTime": 0.00410186, "SDPCutsGenerationTime": 0, "CallsToNonLinearSolver": 7, "StrongBranchingExtraTime": 0.018569, "ElapsedTimeWeightedCoeffs": 0, "NodesDiscardedByFathoming": 0, "NodesDiscardedByTolerance": 1, "BoundFactorConstraintsTime": 0.000159607, "ElapsedTimeVarsInConstraints": 0.00000569, "meanBTRelativeChangeRootNode": 0, "NumberOfBoundFactorConstraints": 10, "NumberOfLAPACKConvergenceFailures": 0, "NumberOfRLTVariablesAfterLinearization": 3}