{"Itbt": 0, "Pace": 0.203548, "Depth": 19, "Degree": 2, "RPSTime": 0.0346322, "FBBTTime": 0, "OBBTTime": 0, "TotalTime": 0.280016, "Iterations": 127, "LinearTime": 0.109967, "LowerBound": 1.37467, "TimeVector": [0.0164439, 0.031614, 0.053722, 0.0725363, 0.0974584, 0.0986874, 0.0998369, 0.111016, 0.112287, 0.113524, 0.114701, 0.115887, 0.117051, 0.118251, 0.119417, 0.131813, 0.133038, 0.134219, 0.13545, 0.136565, 0.13759, 0.138766, 0.139924, 0.141105, 0.142165, 0.143301, 0.144253, 0.145423, 0.14648, 0.147754, 0.148833, 0.159109, 0.160325, 0.161591, 0.162641, 0.163669, 0.164785, 0.16588, 0.167069, 0.168205, 0.169298, 0.170396, 0.171506, 0.172703, 0.17385, 0.174942, 0.176028, 0.177141, 0.178201, 0.179323, 0.180416, 0.181467, 0.182518, 0.183562, 0.184649, 0.185775, 0.186887, 0.187954, 0.189039, 0.189998, 0.191104, 0.192152, 0.193309, 0.202476, 0.203551, 0.204616, 0.205788, 0.206872, 0.207917, 0.20892, 0.210105, 0.211216, 0.212328, 0.213456, 0.214535, 0.215681, 0.216748, 0.217804, 0.218935, 0.220009, 0.221085, 0.222271, 0.223301, 0.224409, 0.225529, 0.226649, 0.227898, 0.228926, 0.229995, 0.231101, 0.232174, 0.233246, 0.234348, 0.235419, 0.236485, 0.237578, 0.23873, 0.2399, 0.24095, 0.242139, 0.243144, 0.244273, 0.245457, 0.246517, 0.247626, 0.248682, 0.249765, 0.250867, 0.251939, 0.252975, 0.253987, 0.255166, 0.256228, 0.257425, 0.258535, 0.25959, 0.260569, 0.261653, 0.262629, 0.263686, 0.264783, 0.265859, 0.26693, 0.268051, 0.269201, 0.270237, 0.550253], "UpperBound": 1.37586, "rootBTTime": 0, "LowerBounds": {"1": 0, "21": 0.0141759, "22": 0.0264508, "23": 0.0307395, "25": 0.199976, "26": 0.234753, "27": 0.310472, "28": 0.355185, "29": 0.376142, "30": 0.400345, "31": 0.403392, "32": 0.431992, "33": 0.569774, "34": 0.600435, "35": 0.679698, "36": 0.712809, "37": 0.721121, "38": 0.879345, "39": 0.909039, "40": 0.944921, "41": 0.978323, "42": 0.979966, "43": 0.990516, "44": 1.03384, "45": 1.05074, "46": 1.08113, "48": 1.10597, "49": 1.10623, "50": 1.11068, "51": 1.12334, "52": 1.12617, "53": 1.12882, "54": 1.14067, "55": 1.14096, "56": 1.15794, "57": 1.1611, "58": 1.17619, "59": 1.17929, "60": 1.19267, "61": 1.19585, "62": 1.19927, "63": 1.19974, "64": 1.2024, "65": 1.21831, "66": 1.23759, "67": 1.24795, "68": 1.25236, "69": 1.25454, "70": 1.26374, "71": 1.27748, "73": 1.2777, "75": 1.28284, "76": 1.28334, "77": 1.28748, "78": 1.28907, "79": 1.28943, "80": 1.29006, "81": 1.29177, "82": 1.29291, "83": 1.29576, "84": 1.29851, "85": 1.30522, "86": 1.3075, "87": 1.31879, "88": 1.32586, "89": 1.32586, "90": 1.3347, "91": 1.3347, "92": 1.33542, "93": 1.33927, "94": 1.34029, "95": 1.34681, "96": 1.34933, "97": 1.35043, "98": 1.35126, "99": 1.35198, "100": 1.36066, "101": 1.36181, "102": 1.36292, "103": 1.36368, "104": 1.36472, "105": 1.36473, "106": 1.36473, "107": 1.36527, "108": 1.3654, "109": 1.36552, "110": 1.36789, "111": 1.36789, "112": 1.3683, "113": 1.36907, "114": 1.37046, "115": 1.37133, "116": 1.37171, "117": 1.37173, "118": 1.37278, "119": 1.37282, "120": 1.37287, "121": 1.37287, "122": 1.37334, "123": 1.3734, "124": 1.37366, "125": 1.37366, "126": 1.37422, "127": 1.37467}, "SolveResult": 0, "UpperBounds": {"1": 1.37586}, "MaxQueueSize": 21, "VisitedNodes": 255, "BranchingVars": [6, 0, 2, 2, 2, 4, 4, 4, 5, 0, 2, 0, 0, 3, 5, 2, 2, 0, 3, 1, 3, 3, 5, 4, 3, 0, 4, 3, 3, 3, 5, 5, 0, 5, 1, 1, 3, 3, 5, 1, 1, 6, 4, 5, 1, 1, 4, 4, 4, 2, 3, 4, 3, 3, 1, 6, 4, 5, 2, 1, 3, 6, 1, 2, 6, 2, 5, 5, 2, 5, 1, 1, 1, 1, 4, 4, 2, 4, 5, 3, 4, 4, 2, 3, 4, 2, 4, 3, 3, 4, 4, 2, 2, 2, 6, 2, 4, 4, 2, 2, 3, 4, 5, 3, 4, 4, 4, 4, 3, 3, 3, 4, 2, 5, 1, 2, 2, 6, 6, 4, 4, 4, 3, 4, 4, 6, 2], "NonLinearTime": 0.13539, "OptimalityGap": 0.00118176, "BranchingRules": ["sum_dual_weighted_plus1", "sum_dual_weighted_plus1", "sum_dual_weighted_plus1", "sum_dual_weighted_plus1", "sum_dual_weighted_plus1", "sum_dual_weighted_plus1", "sum_dual_weighted_plus1", "sum_dual_weighted_plus1", "sum_dual_weighted_plus1", "sum_dual_weighted_plus1", "sum_dual_weighted_plus1", "sum_dual_weighted_plus1", "sum_dual_weighted_plus1", "sum_dual_weighted_plus1", "sum_dual_weighted_plus1", "sum_dual_weighted_plus1", "sum_dual_weighted_plus1", "sum_dual_weighted_plus1", "sum_dual_weighted_plus1", "sum_dual_weighted_plus1", "sum_dual_weighted_plus1", "sum_dual_weighted_plus1", "sum_dual_weighted_plus1", "sum_dual_weighted_plus1", "sum_dual_weighted_plus1", "sum_dual_weighted_plus1", "sum_dual_weighted_plus1", "sum_dual_weighted_plus1", "sum_dual_weighted_plus1", "sum_dual_weighted_plus1", "sum_dual_weighted_plus1", "sum_dual_weighted_plus1", "sum_dual_weighted_plus1", "sum_dual_weighted_plus1", "sum_dual_weighted_plus1", "sum_dual_weighted_plus1", "sum_dual_weighted_plus1", "sum_dual_weighted_plus1", "sum_dual_weighted_plus1", "sum_dual_weighted_plus1", "sum_dual_weighted_plus1", "sum_dual_weighted_plus1", "sum_dual_weighted_plus1", "sum_dual_weighted_plus1", "sum_dual_weighted_plus1", "sum_dual_weighted_plus1", "sum_dual_weighted_plus1", "sum_dual_weighted_plus1", "sum_dual_weighted_plus1", "sum_dual_weighted_plus1", "sum_dual_weighted_plus1", "sum_dual_weighted_plus1", "sum_dual_weighted_plus1", "sum_dual_weighted_plus1", "sum_dual_weighted_plus1", "sum_dual_weighted_plus1", "sum_dual_weighted_plus1", "sum_dual_weighted_plus1", "sum_dual_weighted_plus1", "sum_dual_weighted_plus1", "sum_dual_weighted_plus1", "sum_dual_weighted_plus1", "sum_dual_weighted_plus1", "sum_dual_weighted_plus1", "sum_dual_weighted_plus1", "sum_dual_weighted_plus1", "sum_dual_weighted_plus1", "sum_dual_weighted_plus1", "sum_dual_weighted_plus1", "sum_dual_weighted_plus1", "sum_dual_weighted_plus1", "sum_dual_weighted_plus1", "sum_dual_weighted_plus1", "sum_dual_weighted_plus1", "sum_dual_weighted_plus1", "sum_dual_weighted_plus1", "sum_dual_weighted_plus1", "sum_dual_weighted_plus1", "sum_dual_weighted_plus1", "sum_dual_weighted_plus1", "sum_dual_weighted_plus1", "sum_dual_weighted_plus1", "sum_dual_weighted_plus1", "sum_dual_weighted_plus1", "sum_dual_weighted_plus1", "sum_dual_weighted_plus1", "sum_dual_weighted_plus1", "sum_dual_weighted_plus1", "sum_dual_weighted_plus1", "sum_dual_weighted_plus1", "sum_dual_weighted_plus1", "sum_dual_weighted_plus1", "sum_dual_weighted_plus1", "sum_dual_weighted_plus1", "sum_dual_weighted_plus1", "sum_dual_weighted_plus1", "sum_dual_weighted_plus1", "sum_dual_weighted_plus1", "sum_dual_weighted_plus1", "sum_dual_weighted_plus1", "sum_dual_weighted_plus1", "sum_dual_weighted_plus1", "sum_dual_weighted_plus1", "sum_dual_weighted_plus1", "sum_dual_weighted_plus1", "sum_dual_weighted_plus1", "sum_dual_weighted_plus1", "sum_dual_weighted_plus1", "sum_dual_weighted_plus1", "sum_dual_weighted_plus1", "sum_dual_weighted_plus1", "sum_dual_weighted_plus1", "sum_dual_weighted_plus1", "sum_dual_weighted_plus1", "sum_dual_weighted_plus1", "sum_dual_weighted_plus1", "sum_dual_weighted_plus1", "sum_dual_weighted_plus1", "sum_dual_weighted_plus1", "sum_dual_weighted_plus1", "sum_dual_weighted_plus1", "sum_dual_weighted_plus1", "sum_dual_weighted_plus1", "sum_dual_weighted_plus1", "sum_dual_weighted_plus1", "sum_dual_weighted_plus1", "sum_dual_weighted_plus1"],