{"Itbt": 0, "Pace": 0.0461641, "Depth": 8, "Degree": 4, "RPSTime": 0.471353, "FBBTTime": 0, "OBBTTime": 0, "TotalTime": 4.38966, "Iterations": 21, "LinearTime": 0.344904, "LowerBound": 83.5288, "TimeVector": [0.38408, 0.58802, 0.794261, 0.996851, 1.19912, 1.38975, 1.57895, 1.77517, 1.97293, 2.16372, 2.36427, 2.57445, 2.77204, 2.97163, 3.16855, 3.37607, 3.58357, 3.77922, 3.98774, 4.18253, 8.57219], "UpperBound": 83.6011, "rootBTTime": 0, "LowerBounds": {"1": 70.9028, "2": 74.943, "3": 76.9874, "4": 78.0928, "5": 80.2411, "6": 81.1797, "7": 81.6504, "8": 81.7424, "9": 82.2142, "10": 82.7022, "11": 82.7555, "12": 82.9311, "13": 83.0817, "14": 83.2806, "15": 83.3494, "16": 83.3697, "17": 83.4029, "18": 83.4579, "19": 83.4854, "20": 83.5064, "21": 83.5288}, "SolveResult": 0, "UpperBounds": {"1": 83.6011}, "MaxQueueSize": 5, "VisitedNodes": 43, "BranchingVars": [6, 6, 1, 1, 1, 1, 1, 1, 1, 1, 1, 1, 1, 1, 1, 1, 1, 1, 1, 1, 1], "NonLinearTime": 0.19593, "OptimalityGap": 0.0722836, "BranchingRules": ["eigen_cen_alternative_rel", "eigen_cen_alternative_rel", "eigen_cen_alternative_rel", "eigen_cen_alternative_rel", "eigen_cen_alternative_rel", "eigen_cen_alternative_rel", "eigen_cen_alternative_rel", "eigen_cen_alternative_rel", "eigen_cen_alternative_rel", "eigen_cen_alternative_rel", "eigen_cen_alternative_rel", "eigen_cen_alternative_rel", "eigen_cen_alternative_rel", "eigen_cen_alternative_rel", "eigen_cen_alternative_rel", "eigen_cen_alternative_rel", "eigen_cen_alternative_rel", "eigen_cen_alternative_rel", "eigen_cen_alternative_rel", "eigen_cen_alternative_rel", "eigen_cen_alternative_rel"], "LBImprovements": [4.04022, 3.14981, 4.66293, 3.08692, 1.50123, 1.0345, 1.05186, 1.1887, 0.54124, 0.379465, 0.593925, 1.17896, 0.198872, 0.122318, 0.401511, 0.213751, 0.0824918, 0.0484947, 0.0590784, 0.0304397, 0.0193446], "InfeasibleNodes": 0, "ElapsedTimeCoeffs": 0, "LinearizationTime": 0.00177133, "NumberOfVariables": 12, "CallsToLinearSolver": 43, "LinearGenerationTime": 0.0319655, "SDPCutsGenerationTime": 0, "CallsToNonLinearSolver": 8, "StrongBranchingExtraTime": 3.80674, "ElapsedTimeWeightedCoeffs": 0, "NodesDiscardedByFathoming": 0, "NodesDiscardedByTolerance": 22, "BoundFactorConstraintsTime": 0.0205498, "ElapsedTimeVarsInConstraints": 0.000032967, "meanBTRelativeChangeRootNode": 0, "NumberOfBoundFactorConstraints": 200, "NumberOfLAPACKConvergenceFailures": 0, "NumberOfRLTVariablesAfterLinearization": 102}