{"Itbt": 0, "Pace": 1.32442, "Depth": 27, "Degree": 2, "RPSTime": 0.382958, "FBBTTime": 0, "OBBTTime": 0, "TotalTime": 2.64759, "Iterations": 229, "LinearTime": 0.23421, "LowerBound": 1.86245, "TimeVector": [0.741982, 0.771307, 0.794192, 0.816867, 0.847511, 0.855661, 0.86424, 0.889159, 0.896968, 0.904477, 0.912614, 0.920747, 0.92869, 0.93693, 0.945169, 0.970246, 0.97678, 0.984908, 0.992888, 1.00083, 1.00907, 1.0176, 1.02638, 1.03469, 1.04051, 1.049, 1.05627, 1.06452, 1.07177, 1.08048, 1.08835, 1.10843, 1.11393, 1.12056, 1.12896, 1.13777, 1.14419, 1.15122, 1.15928, 1.16796, 1.17578, 1.18376, 1.19028, 1.19725, 1.20589, 1.21356, 1.22102, 1.22766, 1.23576, 1.24139, 1.24895, 1.25774, 1.2654, 1.27434, 1.28346, 1.29213, 1.30108, 1.30665, 1.31507, 1.32395, 1.33279, 1.34012, 1.34806, 1.36799, 1.37518, 1.3841, 1.39091, 1.39898, 1.4059, 1.41412, 1.42199, 1.42782, 1.43691, 1.44499, 1.45362, 1.46256, 1.47002, 1.47706, 1.48501, 1.49241, 1.50171, 1.50923, 1.51902, 1.52793, 1.53657, 1.54471, 1.55282, 1.56004, 1.56781, 1.57692, 1.58461, 1.59237, 1.60007, 1.60755, 1.61608, 1.62469, 1.63273, 1.64152, 1.64954, 1.65733, 1.66406, 1.6721, 1.67983, 1.68769, 1.69598, 1.70478, 1.71386, 1.72167, 1.72989, 1.73885, 1.74592, 1.75452, 1.76156, 1.76902, 1.7767, 1.78512, 1.79156, 1.79884, 1.8077, 1.81597, 1.82228, 1.82926, 1.8378, 1.8471, 1.85587, 1.862, 1.86917, 1.88978, 1.89591, 1.9034, 1.91128, 1.91838, 1.92771, 1.93492, 1.9425, 1.95043, 1.95896, 1.96767, 1.97748, 1.98515, 1.99265, 2.00026, 2.00888, 2.01737, 2.02463, 2.03335, 2.04233, 2.0493, 2.05678, 2.06373, 2.07261, 2.08121, 2.08771, 2.09504, 2.10305, 2.11075, 2.11704, 2.12392, 2.13309, 2.14194, 2.14913, 2.15666, 2.16515, 2.17307, 2.17914, 2.18599, 2.19373, 2.19987, 2.20701, 2.21407, 2.22155, 2.22908, 2.23637, 2.24418, 2.25079, 2.25755, 2.26537, 2.27113, 2.27888, 2.28682, 2.29355, 2.301, 2.30674, 2.31327, 2.32165, 2.32773, 2.33473, 2.34139, 2.34857, 2.35547, 2.36271, 2.37169, 2.37804, 2.38493, 2.39242, 2.39979, 2.40845, 2.41468, 2.42206, 2.43046, 2.4382, 2.44677, 2.45363, 2.46088, 2.46891, 2.476, 2.48259, 2.48986, 2.49584, 2.50322, 2.51113, 2.51713, 2.52439, 2.53062, 2.53726, 2.54416, 2.55182, 2.55868, 2.56587, 2.57217, 2.57809, 2.58492, 2.5918, 2.59918, 2.60661, 2.61372, 2.62073, 2.62807, 5.27566], "UpperBound": 1.86417, "rootBTTime": 0, "LowerBounds": {"1": 0.9979, "7": 1.015, "8": 1.02646, "9": 1.05682, "10": 1.07375, "11": 1.14145, "12": 1.17147, "13": 1.18175, "14": 1.18855, "15": 1.19831, "16": 1.20378, "17": 1.2089, "18": 1.21881, "19": 1.23376, "20": 1.23527, "21": 1.24401, "22": 1.24729, "23": 1.24837, "24": 1.2562, "26": 1.25852, "28": 1.26134, "29": 1.26836, "30": 1.27014, "31": 1.27358, "32": 1.27573, "34": 1.28234, "35": 1.28442, "36": 1.29098, "37": 1.29723, "38": 1.30256, "39": 1.31506, "40": 1.32747, "41": 1.35231, "42": 1.36094, "43": 1.36423, "44": 1.37091, "45": 1.37909, "46": 1.39923, "47": 1.4081, "48": 1.40908, "49": 1.41704, "50": 1.41941, "51": 1.43044, "52": 1.44883, "53": 1.45287, "54": 1.45355, "55": 1.45464, "56": 1.46429, "57": 1.47292, "58": 1.47302, "59": 1.47305, "60": 1.47449, "61": 1.48587, "62": 1.48925, "63": 1.5081, "64": 1.51151, "65": 1.51705, "66": 1.52597, "67": 1.52885, "68": 1.52971, "69": 1.53552, "70": 1.54001, "71": 1.54089, "72": 1.54487, "73": 1.55149, "74": 1.55737, "75": 1.57426, "76": 1.58886, "77": 1.59665, "78": 1.59898, "79": 1.60172, "80": 1.60382, "81": 1.60978, "82": 1.62123, "83": 1.62311, "84": 1.62598, "85": 1.62801, "86": 1.63076, "87": 1.63162, "88": 1.63277, "90": 1.63344, "91": 1.63356, "92": 1.63408, "93": 1.63516, "94": 1.63547, "95": 1.63691, "96": 1.63979, "97": 1.64207, "98": 1.64239, "99": 1.64538, "100": 1.65457, "101": 1.66467, "102": 1.66495, "103": 1.66806, "104": 1.6722, "105": 1.67283, "106": 1.67803, "107": 1.67883, "108": 1.67929, "109": 1.68503, "110": 1.68514, "111": 1.69044, "112": 1.69323, "113": 1.70315, "115": 1.71436, "116": 1.72163, "117": 1.72361, "119": 1.72465, "120": 1.72528, "121": 1.73085, "123": 1.73962, "124": 1.74026, "125": 1.74243, "126": 1.74476, "128": 1.74516, "129": 1.74527, "130": 1.74982, "131": 1.75406, "132": 1.756, "133": 1.76064, "134": 1.76276, "136": 1.76796, "137": 1.77145, "138": 1.77511, "139": 1.7804, "140": 1.78222, "141": 1.78568, "142": 1.78716, "143": 1.78813, "144": 1.78955, "145": 1.7953, "146": 1.79619, "147": 1.79644, "148": 1.7974, "150": 1.80014, "151": 1.80315, "152": 1.80408, "153": 1.81, "155": 1.81104, "156": 1.81934, "157": 1.81969, "159": 1.82, "160": 1.8211, "161": 1.82156, "163": 1.82165, "164": 1.82454, "165": 1.82597, "167": 1.82787, "168": 1.83247, "169": 1.83366, "170": 1.83711, "172": 1.83871, "173": 1.83885, "174": 1.83904, "175": 1.83909, "176": 1.8393, "178": 1.83995, "179": 1.84015, "180": 1.84268, "181": 1.84313, "183": 1.84419, "185": 1.8462, "186": 1.84797, "188": 1.84845, "190": 1.85103, "192": 1.85116, "193": 1.85124, "195": 1.85178, "196": 1.85184, "197": 1.85188, "198": 1.85193, "199": 1.85232, "200": 1.85524, "201": 1.85559, "202": 1.85565, "203": 1.85593, "205": 1.85594, "206": 1.85634, "207": 1.85787, "209": 1.85818, "210": 1.85895, "211": 1.85902, "212": 1.8594, "213": 1.85963, "214": 1.85969, "216": 1.86023, "217": 1.86039, "218": 1.86054, "224": 1.86092, "225": 1.86162, "226": 1.86171, "227": 1.86171, "228": 1.86211, "229": 1.86245}, "SolveResult": 0, "UpperBounds": {"1": 1.86417}, "MaxQueueSize": 34, "VisitedNodes": 459, "BranchingVars": [5, 2, 3, 3, 0, 7, 9, 3, 0, 8, 8, 4, 9, 2, 3, 1, 3, 0, 6, 8, 4, 7, 6, 2, 6, 7, 7, 7, 3, 6, 6, 6, 6, 1, 2, 2, 2, 0, 1, 1, 0, 0, 6, 6, 2, 0, 7, 6, 9, 9, 7, 7, 0, 6, 6, 6, 1, 2, 6, 6, 1, 6, 7, 0, 6, 7, 7, 5, 7, 3, 7, 0, 6, 6, 6, 7, 1, 1, 0, 1, 7, 6, 7, 7, 1, 0, 1, 1, 1, 0, 6, 6, 8, 6, 7, 1, 6, 0, 6, 7, 7, 7, 7, 1, 6, 7, 7, 0, 0, 7, 0, 3, 1, 1, 6, 7, 0, 0, 6, 1, 6, 0, 0, 1, 6, 6, 0, 7, 6, 1, 7, 1, 6, 1, 1, 0, 1, 1, 0, 7, 3, 1, 6, 0, 1, 7, 1, 1, 1, 6, 7, 1, 0, 0, 6, 7, 6, 0, 0, 6, 1, 1, 0, 6, 6, 0, 6, 7, 7, 1, 1, 6, 6, 7, 1, 3, 3, 1, 7, 6, 6, 6, 1, 1, 6, 0, 0, 6, 0, 1, 1, 0, 6, 0, 3, 7, 6, 3, 1, 1, 7, 6, 1, 1, 1, 1, 6, 0, 1, 1, 6, 0, 1, 0, 0, 1, 1, 2, 2, 0, 0, 0, 0, 1, 6, 0, 1, 1, 0], "NonLinearTime": 0.854772, "OptimalityGap": 0.0017194,