{"Itbt": 0, "Pace": 0.614324, "Depth": 27, "Degree": 2, "RPSTime": 0.307543, "FBBTTime": 0, "OBBTTime": 0, "TotalTime": 1.75829, "Iterations": 83, "LinearTime": 0.209836, "LowerBound": 0.857494, "TimeVector": [0.274692, 0.311194, 0.354308, 0.388217, 0.428441, 0.443896, 0.459657, 0.489486, 0.506305, 0.522388, 0.537685, 0.554088, 0.570208, 0.585589, 0.602053, 0.632719, 0.648241, 0.664497, 0.680949, 0.696835, 0.713147, 0.729171, 0.745489, 0.761984, 0.777828, 0.794151, 0.810416, 0.826863, 0.843069, 0.859284, 0.875313, 0.909214, 0.92555, 0.941705, 0.958061, 0.973979, 0.990002, 1.0069, 1.02306, 1.03952, 1.05543, 1.0718, 1.08798, 1.10434, 1.12092, 1.13713, 1.15331, 1.16984, 1.18554, 1.20214, 1.21824, 1.23459, 1.25095, 1.26749, 1.28399, 1.30012, 1.31677, 1.33284, 1.34964, 1.36552, 1.38186, 1.39745, 1.4134, 1.44532, 1.4617, 1.47764, 1.49375, 1.50947, 1.52535, 1.54097, 1.55656, 1.57222, 1.58779, 1.60362, 1.61939, 1.63516, 1.65096, 1.66671, 1.68231, 1.69787, 1.71338, 1.72873, 3.48702], "UpperBound": 0.858407, "rootBTTime": 0, "LowerBounds": {"1": 0, "55": 0.0113903, "56": 0.115601, "57": 0.161066, "58": 0.23577, "59": 0.243146, "60": 0.250704, "61": 0.253544, "62": 0.306746, "63": 0.358201, "64": 0.402282, "65": 0.431867, "66": 0.555622, "67": 0.563758, "68": 0.569348, "69": 0.687631, "70": 0.697161, "71": 0.757083, "72": 0.791143, "73": 0.80657, "74": 0.81226, "75": 0.815578, "76": 0.83716, "77": 0.844937, "78": 0.847653, "79": 0.849606, "80": 0.854093, "81": 0.855613, "82": 0.856125, "83": 0.857494}, "SolveResult": 0, "UpperBounds": {"1": 0.858407}, "MaxQueueSize": 8, "VisitedNodes": 167, "BranchingVars": [0, 2, 2, 4, 4, 6, 6, 2, 0, 2, 2, 4, 4, 4, 6, 6, 6, 2, 2, 2, 0, 4, 6, 4, 2, 2, 4, 6, 4, 0, 6, 4, 2, 4, 4, 2, 6, 6, 6, 6, 4, 4, 2, 2, 6, 2, 0, 6, 2, 4, 4, 2, 2, 2, 4, 6, 6, 4, 6, 2, 2, 6, 4, 6, 4, 4, 4, 4, 4, 4, 6, 4, 2, 2, 4, 4, 4, 2, 4, 4, 4, 2, 4], "NonLinearTime": 0.289622, "OptimalityGap": 0.000912917, "BranchingRules": ["sum_dual_weighted_plus1_rel", "sum_dual_weighted_plus1_rel", "sum_dual_weighted_plus1_rel", "sum_dual_weighted_plus1_rel", "sum_dual_weighted_plus1_rel", "sum_dual_weighted_plus1_rel", "sum_dual_weighted_plus1_rel", "sum_dual_weighted_plus1_rel", "sum_dual_weighted_plus1_rel", "sum_dual_weighted_plus1_rel", "sum_dual_weighted_plus1_rel", "sum_dual_weighted_plus1_rel", "sum_dual_weighted_plus1_rel", "sum_dual_weighted_plus1_rel", "sum_dual_weighted_plus1_rel", "sum_dual_weighted_plus1_rel", "sum_dual_weighted_plus1_rel", "sum_dual_weighted_plus1_rel", "sum_dual_weighted_plus1_rel", "sum_dual_weighted_plus1_rel", "sum_dual_weighted_plus1_rel", "sum_dual_weighted_plus1_rel", "sum_dual_weighted_plus1_rel", "sum_dual_weighted_plus1_rel", "sum_dual_weighted_plus1_rel", "sum_dual_weighted_plus1_rel", "sum_dual_weighted_plus1_rel", "sum_dual_weighted_plus1_rel", "sum_dual_weighted_plus1_rel", "sum_dual_weighted_plus1_rel", "sum_dual_weighted_plus1_rel", "sum_dual_weighted_plus1_rel", "sum_dual_weighted_plus1_rel", "sum_dual_weighted_plus1_rel", "sum_dual_weighted_plus1_rel", "sum_dual_weighted_plus1_rel", "sum_dual_weighted_plus1_rel", "sum_dual_weighted_plus1_rel", "sum_dual_weighted_plus1_rel", "sum_dual_weighted_plus1_rel", "sum_dual_weighted_plus1_rel", "sum_dual_weighted_plus1_rel", "sum_dual_weighted_plus1_rel", "sum_dual_weighted_plus1_rel", "sum_dual_weighted_plus1_rel", "sum_dual_weighted_plus1_rel", "sum_dual_weighted_plus1_rel", "sum_dual_weighted_plus1_rel", "sum_dual_weighted_plus1_rel", "sum_dual_weighted_plus1_rel", "sum_dual_weighted_plus1_rel", "sum_dual_weighted_plus1_rel", "sum_dual_weighted_plus1_rel", "sum_dual_weighted_plus1_rel", "sum_dual_weighted_plus1_rel", "sum_dual_weighted_plus1_rel", "sum_dual_weighted_plus1_rel", "sum_dual_weighted_plus1_rel", "sum_dual_weighted_plus1_rel", "sum_dual_weighted_plus1_rel", "sum_dual_weighted_plus1_rel", "sum_dual_weighted_plus1_rel", "sum_dual_weighted_plus1_rel", "sum_dual_weighted_plus1_rel", "sum_dual_weighted_plus1_rel", "sum_dual_weighted_plus1_rel", "sum_dual_weighted_plus1_rel", "sum_dual_weighted_plus1_rel", "sum_dual_weighted_plus1_rel", "sum_dual_weighted_plus1_rel", "sum_dual_weighted_plus1_rel", "sum_dual_weighted_plus1_rel", "sum_dual_weighted_plus1_rel", "sum_dual_weighted_plus1_rel", "sum_dual_weighted_plus1_rel", "sum_dual_weighted_plus1_rel", "sum_dual_weighted_plus1_rel", "sum_dual_weighted_plus1_rel", "sum_dual_weighted_plus1_rel", "sum_dual_weighted_plus1_rel", "sum_dual_weighted_plus1_rel", "sum_dual_weighted_plus1_rel", "sum_dual_weighted_plus1_rel"], "LBImprovements": [0, 0, 0, 0, 0, 0, 0, 0, 0, 0, 0, 0, 0, 0, 0, 0, 0, 0, 0, 0, 0, 0, 0.161066, 0, 0, 0, 0, 0, 0, 0, 0.306746, 0, 0, 0, 0, 10000000000.0, 0, 0, 0, 0, 0.23577, 0, 0, 0, 0.115601, 0, 0, 0.243146, 0, 0, 0, 0, 0.253544, 0.0113903, 10000000000.0, 0.286681, 0.197134, 10000000000.0, 0.188721, 10000000000.0, 10000000000.0, 0.262602, 0.205557, 0.15334, 10000000000.0, 0.132009, 10000000000.0, 0.127813, 0.124629, 0.0599219, 0.0340601, 0.0154266, 0.00900827, 10000000000.0, 0.0215813, 0.00777732, 0.00271627, 0.00195242, 0.00448715, 0.00152043, 0.000511834, 0.000422132, 0.0009472], "InfeasibleNodes": 83, "ElapsedTimeCoeffs": 0, "LinearizationTime": 0.00017213, "NumberOfVariables": 12, "CallsToLinearSolver": 167, "LinearGenerationTime": 0.0924098, "SDPCutsGenerationTime": 0, "CallsToNonLinearSolver": 10, "StrongBranchingExtraTime": 1.2309, "ElapsedTimeWeightedCoeffs": 0, "NodesDiscardedByFathoming": 0, "NodesDiscardedByTolerance": 1, "BoundFactorConstraintsTime": 0.0067048, "ElapsedTimeVarsInConstraints": 0.00002412, "meanBTRelativeChangeRootNode": 0, "NumberOfBoundFactorConstraints": 76, "NumberOfLAPACKConvergenceFailures": 0, "NumberOfRLTVariablesAfterLinearization": 21}