{"Itbt": 0, "Pace": 0.00219579, "Depth": 8, "Degree": 2, "RPSTime": 0.00904722, "FBBTTime": 0, "OBBTTime": 0, "TotalTime": 0.0846025, "Iterations": 8, "LinearTime": 0.00327947, "LowerBound": 200.994, "TimeVector": [0.0154986, 0.0261554, 0.0387812, 0.0501832, 0.0603495, 0.0633344, 0.0662125, 0.150815], "UpperBound": 201.159, "rootBTTime": 0, "LowerBounds": {"1": 171.419, "2": 182.541, "3": 190.513, "4": 196.118, "5": 198.507, "6": 199.992, "7": 200.507, "8": 200.994}, "SolveResult": 0, "UpperBounds": {"1": 179769000000000000000000000000000000000000000000000000000000000000000000000000000000000000000000000000000000000000000000000000000000000000000000000000000000000000000000000000000000000000000000000000000000000000000000000000000000000000000000000000000000000000000000000000000000000000000000000000000000000000000, "2": 201.159}, "MaxQueueSize": 1, "VisitedNodes": 17, "BranchingVars": [0, 1, 0, 1, 0, 1, 0, 1], "NonLinearTime": 0.0591129, "OptimalityGap": 0.165074, "BranchingRules": ["sum_rescaled_var_range_weighted_rel", "sum_rescaled_var_range_weighted_rel", "sum_rescaled_var_range_weighted_rel", "sum_rescaled_var_range_weighted_rel", "sum_rescaled_var_range_weighted_rel", "sum_rescaled_var_range_weighted_rel", "sum_rescaled_var_range_weighted_rel", "sum_rescaled_var_range_weighted_rel"], "LBImprovements": [11.1224, 7.97208, 5.60542, 2.38871, 1.4847, 0.514937, 0.373729, 0.113716], "InfeasibleNodes": 8, "ElapsedTimeCoeffs": 0, "LinearizationTime": 0.000009205, "NumberOfVariables": 3, "CallsToLinearSolver": 17, "LinearGenerationTime": 0.000824633, "SDPCutsGenerationTime": 0, "CallsToNonLinearSolver": 7, "StrongBranchingExtraTime": 0.0196582, "ElapsedTimeWeightedCoeffs": 0, "NodesDiscardedByFathoming": 0, "NodesDiscardedByTolerance": 1, "BoundFactorConstraintsTime": 0.000158821, "ElapsedTimeVarsInConstraints": 0.000006666, "meanBTRelativeChangeRootNode": 0, "NumberOfBoundFactorConstraints": 10, "NumberOfLAPACKConvergenceFailures": 0, "NumberOfRLTVariablesAfterLinearization": 3}