{"Itbt": 0, "Pace": 0.00891972, "Depth": 12, "Degree": 6, "RPSTime": 0.71849, "FBBTTime": 0, "OBBTTime": 0, "TotalTime": 4.49202, "Iterations": 27, "LinearTime": 0.774864, "LowerBound": 252.87, "TimeVector": [0.604846, 0.758675, 0.929267, 1.0613, 1.21044, 1.35645, 1.49632, 1.64924, 1.79736, 1.94541, 2.10411, 2.24488, 2.38277, 2.53603, 2.67976, 2.83676, 2.99586, 3.14371, 3.27517, 3.42157, 3.57704, 3.73927, 3.89029, 4.03642, 4.1886, 4.33787, 8.82988], "UpperBound": 253.099, "rootBTTime": 0, "LowerBounds": {"1": 128.775, "2": 170.412, "3": 179.513, "4": 209.31, "5": 210.373, "6": 211.549, "7": 226.064, "8": 227.682, "9": 227.772, "10": 235.732, "11": 237.623, "12": 242.568, "13": 246.018, "14": 246.283, "15": 248.358, "16": 249.083, "17": 249.84, "18": 250.369, "19": 251.027, "20": 251.502, "21": 251.742, "22": 251.833, "23": 251.96, "24": 252.094, "25": 252.26, "26": 252.608, "27": 252.87}, "SolveResult": 0, "UpperBounds": {"1": 253.099}, "MaxQueueSize": 6, "VisitedNodes": 55, "BranchingVars": [4, 0, 0, 2, 2, 2, 0, 3, 3, 0, 2, 2, 3, 3, 4, 3, 3, 2, 0, 0, 2, 0, 4, 3, 3, 4, 2], "NonLinearTime": 0.204522, "OptimalityGap": 0.228428, "BranchingRules": ["sum_dual_weighted_plus1_rel", "sum_dual_weighted_plus1_rel", "sum_dual_weighted_plus1_rel", "sum_dual_weighted_plus1_rel", "sum_dual_weighted_plus1_rel", "sum_dual_weighted_plus1_rel", "sum_dual_weighted_plus1_rel", "sum_dual_weighted_plus1_rel", "sum_dual_weighted_plus1_rel", "sum_dual_weighted_plus1_rel", "sum_dual_weighted_plus1_rel", "sum_dual_weighted_plus1_rel", "sum_dual_weighted_plus1_rel", "sum_dual_weighted_plus1_rel", "sum_dual_weighted_plus1_rel", "sum_dual_weighted_plus1_rel", "sum_dual_weighted_plus1_rel", "sum_dual_weighted_plus1_rel", "sum_dual_weighted_plus1_rel", "sum_dual_weighted_plus1_rel", "sum_dual_weighted_plus1_rel", "sum_dual_weighted_plus1_rel", "sum_dual_weighted_plus1_rel", "sum_dual_weighted_plus1_rel", "sum_dual_weighted_plus1_rel", "sum_dual_weighted_plus1_rel", "sum_dual_weighted_plus1_rel"], "LBImprovements": [41.6365, 38.898, 30.8593, 10000000000.0, 17.3096, 14.5151, 10000000000.0, 8.04919, 24.1887, 6.83689, 11.4595, 3.44967, 2.33955, 6.32463, 2.01123, 24.7265, 8.6661, 1.1333, 0.714234, 10000000000.0, 0.35282, 10000000000.0, 6.7284, 0.569341, 1.07094, 1.74831, 0.206278], "InfeasibleNodes": 16, "ElapsedTimeCoeffs": 0, "LinearizationTime": 0.00195395, "NumberOfVariables": 6, "CallsToLinearSolver": 55, "LinearGenerationTime": 0.139533, "SDPCutsGenerationTime": 0, "CallsToNonLinearSolver": 8, "StrongBranchingExtraTime": 3.38511, "ElapsedTimeWeightedCoeffs": 0, "NodesDiscardedByFathoming": 0, "NodesDiscardedByTolerance": 12, "BoundFactorConstraintsTime": 0.0917878, "ElapsedTimeVarsInConstraints": 0.000024235, "meanBTRelativeChangeRootNode": 0, "NumberOfBoundFactorConstraints": 148, "NumberOfLAPACKConvergenceFailures": 0, "NumberOfRLTVariablesAfterLinearization": 92}