{"Itbt": 0, "Pace": 0.038221, "Depth": 14, "Degree": 6, "RPSTime": 345.709, "FBBTTime": 0, "OBBTTime": 0, "TotalTime": 1401.84, "Iterations": 99, "LinearTime": 143.816, "LowerBound": 15942.8, "TimeVector": [9.88339, 19.0368, 28.2271, 38.3024, 48.4079, 58.8518, 68.8966, 79.9128, 92.5048, 102.744, 112.235, 122.528, 133.002, 143.656, 153.882, 164.833, 175.85, 186.588, 197.663, 207.346, 218.309, 231.68, 243.366, 254.279, 265.037, 277.262, 287.871, 299.701, 312.392, 325.167, 336.835, 348.897, 360.26, 370.803, 381.451, 393.692, 405.854, 417.365, 428.669, 444.056, 454.891, 471.054, 484.573, 497.263, 510.208, 524.28, 537.562, 549.872, 561.465, 575.381, 592.768, 605.585, 617.499, 629.677, 646.797, 660.158, 674.016, 686.694, 705.464, 718.831, 738.46, 752.946, 767.829, 783.581, 801.786, 823.539, 838.28, 857.159, 873.015, 886.646, 898.401, 909.061, 923.012, 936.822, 955.491, 969.32, 986.906, 1012.21, 1025.48, 1045.37, 1066.65, 1078.96, 1108.87, 1123.7, 1146.43, 1166.97, 1194.15, 1207.12, 1220.12, 1238.6, 1261.94, 1280.37, 1296.1, 1317.86, 1334.37, 1351.35, 1367.92, 1386.63, 1401.84], "UpperBound": 15958.5, "rootBTTime": 0, "LowerBounds": {"1": 10858.2, "2": 12424.2, "3": 12478.8, "4": 13618.5, "5": 13675.8, "6": 13775.1, "7": 14091.2, "8": 14349.8, "9": 14393.3, "10": 14430.1, "11": 14554.3, "12": 14566.8, "13": 14883.9, "14": 14966.8, "15": 14987.5, "16": 15024, "17": 15060.7, "18": 15073.8, "19": 15074.1, "20": 15114.9, "21": 15194.4, "22": 15196.9, "23": 15247.9, "24": 15318.2, "25": 15333.6, "26": 15371.3, "27": 15380.1, "28": 15486.5, "29": 15502.3, "30": 15555.9, "31": 15556.8, "32": 15590.9, "33": 15612.8, "34": 15643.3, "35": 15674.8, "36": 15680.1, "37": 15693.3, "38": 15704.2, "39": 15707, "40": 15713.5, "41": 15718.4, "42": 15758.1, "43": 15768.8, "44": 15773.7, "45": 15790.9, "46": 15807.5, "47": 15817.1, "48": 15819.5, "49": 15832.2, "50": 15835.5, "51": 15840.7, "52": 15851.2, "53": 15854.4, "54": 15858.6, "55": 15859.1, "56": 15859.8, "57": 15862, "58": 15866.9, "59": 15889.2, "60": 15891.3, "61": 15893.6, "62": 15897.2, "63": 15898.8, "64": 15901.6, "65": 15903.5, "66": 15905.3, "67": 15906.4, "68": 15906.9, "69": 15908.5, "70": 15911.1, "71": 15911.5, "72": 15912.5, "73": 15917, "74": 15918.4, "75": 15918.5, "76": 15919.9, "77": 15921.9, "78": 15923.4, "79": 15923.5, "80": 15927.1, "81": 15928.1, "82": 15929.4, "83": 15931.9, "84": 15932.2, "85": 15933.2, "86": 15933.2, "87": 15933.2, "88": 15933.7, "89": 15935, "90": 15937.7, "91": 15938.7, "92": 15938.7, "93": 15940.1, "94": 15940.7, "95": 15941.2, "96": 15941.4, "97": 15941.8, "98": 15942.1, "99": 15942.8}, "SolveResult": 0, "UpperBounds": {"1": 16136, "2": 16102.6, "5": 15958.5}, "MaxQueueSize": 24, "VisitedNodes": 199, "BranchingVars": [1, 5, 5, 2, 4, 2, 2, 0, 0, 0, 0, 3, 2, 2, 4, 3, 2, 3, 3, 0, 3, 3, 3, 0, 0, 3, 3, 3, 3, 4, 4, 3, 4, 0, 0, 4, 4, 4, 5, 1, 3, 1, 4, 4, 1, 4, 5, 3, 1, 4, 0, 4, 4, 4, 1, 4, 0, 1, 1, 2, 1, 0, 1, 1, 0, 0, 0, 1, 1, 1, 1, 4, 1, 3, 2, 1, 1, 4, 1, 1, 2, 5, 2, 4, 4, 5, 4, 4, 1, 5, 5, 0, 3, 5, 5, 1, 1, 0, 3], "NonLinearTime": 0.407979, "OptimalityGap": 15.7654, "BranchingRules": ["eigen_cen_alternative_rel", "eigen_cen_alternative_rel", "eigen_cen_alternative_rel", "eigen_cen_alternative_rel", "eigen_cen_alternative_rel", "eigen_cen_alternative_rel", "eigen_cen_alternative_rel", "eigen_cen_alternative_rel", "eigen_cen_alternative_rel", "eigen_cen_alternative_rel", "eigen_cen_alternative_rel", "eigen_cen_alternative_rel", "eigen_cen_alternative_rel", "eigen_cen_alternative_rel", "eigen_cen_alternative_rel", "eigen_cen_alternative_rel", "eigen_cen_alternative_rel", "eigen_cen_alternative_rel", "eigen_cen_alternative_rel", "eigen_cen_alternative_rel", "eigen_cen_alternative_rel", "eigen_cen_alternative_rel", "eigen_cen_alternative_rel", "eigen_cen_alternative_rel", "eigen_cen_alternative_rel", "eigen_cen_alternative_rel", "eigen_cen_alternative_rel", "eigen_cen_alternative_rel", "eigen_cen_alternative_rel", "eigen_cen_alternative_rel", "eigen_cen_alternative_rel", "eigen_cen_alternative_rel", "eigen_cen_alternative_rel", "eigen_cen_alternative_rel", "eigen_cen_alternative_rel", "eigen_cen_alternative_rel", "eigen_cen_alternative_rel", "eigen_cen_alternative_rel", "eigen_cen_alternative_rel", "eigen_cen_alternative_rel", "eigen_cen_alternative_rel", "eigen_cen_alternative_rel", "eigen_cen_alternative_rel", "eigen_cen_alternative_rel", "eigen_cen_alternative_rel", "eigen_cen_alternative_rel", "eigen_cen_alternative_rel", "eigen_cen_alternative_rel", "eigen_cen_alternative_rel", "eigen_cen_alternative_rel", "eigen_cen_alternative_rel", "eigen_cen_alternative_rel", "eigen_cen_alternative_rel", "eigen_cen_alternative_rel", "eigen_cen_alternative_rel", "eigen_cen_alternative_rel", "eigen_cen_alternative_rel", "eigen_cen_alternative_rel", "eigen_cen_alternative_rel", "eigen_cen_alternative_rel", "eigen_cen_alternative_rel", "eigen_cen_alternative_rel", "eigen_cen_alternative_rel", "eigen_cen_alternative_rel", "eigen_cen_alternative_rel", "eigen_cen_alternative_rel", "eigen_cen_alternative_rel", "eigen_cen_alternative_rel", "eigen_cen_alternative_rel", "eigen_cen_alternative_rel", "eigen_cen_alternative_rel", "eigen_cen_alternative_rel", "eigen_cen_alternative_rel", "eigen_cen_alternative_rel", "eigen_cen_alternative_rel", "eigen_cen_alternative_rel", "eigen_cen_alternative_rel", "eigen_cen_alternative_rel", "eigen_cen_alternative_rel", "eigen_cen_alternative_rel", "eigen_cen_alternative_rel", "eigen_cen_alternative_rel", "eigen_cen_alternative_rel", "eigen_cen_alternative_rel", "eigen_cen_alternative_rel", "eigen_cen_alternative_rel", "eigen_cen_alternative_rel", "eigen_cen_alternative_rel", "eigen_cen_alternative_rel", "eigen_cen_alternative_rel", "eigen_cen_alternative_rel", "eigen_cen_alternative_rel", "eigen_cen_alternative_rel", "eigen_cen_alternative_rel", "eigen_cen_alternative_rel", "eigen_cen_alternative_rel", "eigen_cen_alternative_rel", "eigen_cen_alternative_rel", "eigen_cen_alternative_rel"], "LBImprovements": [1566.02, 1194.31, 1197.08, 731.325, 754.265, 779.179, 896.355, 674.215, 680.743, 536.688, 519.479, 751.432, 602.61, 404.519, 655.731, 588.758, 441.607, 482.099, 482.708, 797.607, 498.916, 593.976, 559.583, 753.138, 659.965, 308.734, 580.86, 458.364, 333.193, 157.61, 201.341, 275.963, 285.97, 537.531, 10000000000.0, 137.036, 208.292, 410.398, 349.459, 146.345, 502.235, 150.321, 639.62, 207.448, 223.384, 201.743, 42.0084, 77.716, 187.582, 86.4593, 52.9107, 232.628, 89.1848, 443.151, 44.3552, 81.3955, 27.2327, 99.5393, 29.2521, 19.8337, 45.0648, 19.7216, 187.001, 43.8517, 29.7138, 22.8555, 42.0624, 26.3537, 48.6026, 12.3641, 22.2654, 640.707, 28.9855, 50.2022, 24.3243, 118.921, 46.7342, 29.0707, 11.5002, 93.7289, 13.2804, 34.7741, 11.6655, 514.087, 19.9451, 13.1036, 39.2398, 4.94715, 7.42975, 10.3071, 14.8355, 10000000000.0, 6.50251, 12.6005, 52.8052, 4.37317, 5.79102, 10000000000.0, 8.71927], "InfeasibleNodes": 8, "ElapsedTimeCoeffs": 0, "LinearizationTime": 0.405805, "NumberOfVariables": 6, "CallsToLinearSolver": 199, "LinearGenerationTime": 14.702, "SDPCutsGenerationTime": 0, "CallsToNonLinearSolver": 10, "StrongBranchingExtraTime": 1207.5, "ElapsedTimeWeightedCoeffs": 0, "NodesDiscardedByFathoming": 0, "NodesDiscardedByTolerance": 92, "BoundFactorConstraintsTime": 42.3828, "ElapsedTimeVarsInConstraints": 0.000212604, "meanBTRelativeChangeRootNode": 0, "NumberOfBoundFactorConstraints": 6325, "NumberOfLAPACKConvergenceFailures": 0, "NumberOfRLTVariablesAfterLinearization": 688}