{"Itbt": 0, "Pace": 0.0865101, "Depth": 16, "Degree": 6, "RPSTime": 55.9592, "FBBTTime": 0, "OBBTTime": 0, "TotalTime": 733.135, "Iterations": 235, "LinearTime": 100.374, "LowerBound": 1729.06, "TimeVector": [4.69538, 7.68913, 10.7915, 13.9541, 17.0868, 19.9328, 23.3402, 26.6307, 29.3554, 32.546, 35.9054, 38.9243, 41.9637, 45.2865, 48.689, 51.4232, 54.7687, 57.5967, 60.5627, 63.256, 66.1212, 69.0242, 72.076, 75.1247, 78.0762, 80.9907, 84.4808, 86.8867, 89.9257, 93.2278, 96.2709, 99.4723, 102.611, 105.488, 108.72, 111.849, 115.029, 117.974, 120.766, 123.762, 127.069, 130.122, 133.066, 135.96, 138.48, 141.937, 145.003, 148.24, 150.824, 153.583, 156.874, 159.717, 162.725, 166.07, 169.06, 171.906, 175.162, 178.221, 181.339, 184.485, 187.581, 190.348, 193.206, 196.32, 199.039, 201.752, 205.116, 208.023, 211.08, 213.79, 216.074, 219.244, 222.356, 225.4, 228.311, 231.765, 234.653, 237.297, 240.298, 243.223, 246.391, 249.446, 252.756, 255.756, 258.78, 261.751, 265.36, 268.311, 271.35, 274.555, 277.85, 280.782, 283.895, 286.969, 289.62, 292.544, 295.889, 298.981, 302.119, 305.293, 308.409, 311.235, 313.82, 316.664, 319.476, 322.632, 325.985, 329.207, 332.134, 335.319, 338.492, 341.649, 344.967, 347.95, 351.283, 353.998, 357.332, 360.674, 363.508, 366.949, 370.142, 373.067, 375.969, 379.024, 382.391, 385.11, 388.082, 391.087, 393.965, 396.849, 399.707, 402.765, 405.929, 409.218, 411.759, 414.985, 418.113, 421.051, 424.56, 427.7, 430.763, 433.839, 437.279, 440.414, 443.339, 446.277, 448.891, 452.147, 455.022, 458.47, 461.711, 465.098, 468.212, 471.182, 474.38, 477.838, 480.977, 484.06, 487.611, 490.395, 493.227, 496.648, 499.766, 503.105, 506.131, 509.423, 512.78, 515.84, 518.491, 521.558, 524.703, 528.049, 531.555, 534.668, 537.702, 540.992, 543.828, 547.062, 550.637, 553.545, 556.759, 560.074, 563.699, 566.93, 570.284, 573.027, 576.309, 579.594, 582.69, 585.901, 589.385, 592.612, 595.69, 598.741, 602.026, 605.188, 608.589, 611.654, 615.044, 618.234, 621.326, 624.519, 627.904, 631.176, 635.442, 638.678, 641.994, 645.305, 648.846, 652.351, 655.654, 658.894, 662.039, 665.458, 668.395, 671.521, 675.116, 678.294, 681.531, 684.482, 687.557, 690.765, 694.362, 697.144, 700.527, 703.704, 707.089, 710.218, 713.475, 716.651, 720.434, 723.614, 727.014, 729.964, 736.085], "UpperBound": 1730.79, "rootBTTime": 0, "LowerBounds": {"1": 469.014, "2": 672.721, "3": 931.13, "4": 952.478, "5": 968.269, "6": 1108.87, "7": 1152.58, "8": 1164.02, "9": 1186.36, "10": 1203.36, "11": 1209.09, "12": 1298.3, "13": 1363.2, "14": 1367.32, "15": 1395.89, "16": 1397.8, "17": 1406.93, "18": 1427.92, "19": 1434.72, "20": 1439.58, "21": 1447.47, "22": 1454.16, "23": 1461.87, "24": 1488.22, "25": 1488.42, "26": 1510.47, "27": 1516.5, "28": 1518.49, "29": 1529.45, "30": 1529.86, "31": 1532.55, "32": 1536.92, "33": 1541.59, "34": 1543.73, "35": 1552.48, "36": 1562.56, "37": 1567.03, "38": 1567.54, "39": 1586.54, "40": 1589.15, "41": 1593.14, "42": 1601.8, "43": 1604.1, "44": 1605.06, "45": 1607.79, "46": 1608.35, "47": 1608.99, "48": 1614.99, "49": 1618.23, "50": 1619.38, "51": 1625.82, "52": 1625.97, "53": 1627.58, "54": 1628.33, "55": 1630.09, "56": 1630.13, "57": 1631.33, "58": 1635.37, "59": 1635.42, "60": 1636.65, "61": 1643.88, "62": 1645.18, "63": 1646.39, "64": 1649.1, "65": 1654.78, "66": 1655.45, "67": 1655.47, "68": 1656.45, "69": 1657.67, "70": 1659.98, "71": 1660.77, "72": 1664.02, "73": 1665.55, "74": 1669.04, "75": 1669.48, "76": 1669.53, "77": 1670.77, "78": 1672.04, "79": 1672.32, "80": 1674.74, "81": 1674.77, "82": 1675.83, "83": 1677.89, "84": 1678.36, "85": 1678.75, "86": 1679.6, "87": 1680.21, "88": 1680.48, "89": 1680.68, "90": 1681.23, "91": 1682.04, "92": 1682.76, "93": 1682.99, "94": 1683.12, "95": 1684.27, "96": 1684.71, "97": 1685.45, "98": 1685.48, "99": 1685.5, "100": 1687.54, "101": 1687.88, "102": 1688.68, "103": 1689.01, "104": 1689.61, "105": 1693.36, "106": 1694.17, "107": 1694.38, "108": 1696.57, "109": 1696.63, "110": 1697.07, "111": 1697.79, "112": 1699.28, "113": 1699.34, "114": 1699.76, "115": 1702.94, "116": 1703.23, "117": 1703.61, "118": 1704.69, "119": 1705.45, "120": 1705.58, "121": 1705.79, "122": 1706.2, "123": 1706.73, "124": 1708.21, "125": 1708.34, "126": 1708.57, "127": 1708.68, "128": 1709.48, "129": 1709.68, "130": 1709.81, "131": 1710.32, "132": 1710.77, "133": 1711.51, "134": 1712.13, "135": 1712.63, "136": 1712.85, "137": 1713.36, "138": 1715.54, "139": 1716.13, "140": 1718.19, "141": 1718.32, "142": 1718.75, "143": 1719.05, "144": 1719.23, "145": 1719.4, "146": 1719.53, "147": 1720.04, "148": 1720.22, "149": 1720.72, "150": 1720.86, "151": 1720.91, "152": 1720.93, "153": 1721.03, "154": 1721.06, "155": 1721.17, "156": 1721.32, "157": 1721.37, "158": 1721.5, "159": 1721.71, "160": 1721.84, "161": 1721.94, "162": 1722.28, "163": 1722.54, "164": 1722.59, "165": 1722.76, "166": 1723.19, "167": 1723.25, "168": 1723.32, "169": 1723.65, "170": 1723.73, "171": 1724.06, "172": 1724.17, "173": 1724.35, "174": 1724.42, "175": 1724.61, "176": 1724.85, "177": 1724.92, "178": 1724.94, "179": 1725.22, "180": 1725.25, "181": 1725.29, "182": 1725.49, "183": 1725.99, "184": 1726, "185": 1726.08, "186": 1726.17, "187": 1726.25, "188": 1726.33, "189": 1726.36, "190": 1726.53, "191": 1726.63, "192": 1726.69, "193": 1726.8, "194": 1726.82, "195": 1726.89, "196": 1727.13, "197": 1727.22, "198": 1727.25, "199": 1727.26, "200": 1727.31, "201": 1727.4, "202": 1727.42, "203": 1727.44, "204": 1727.44, "205": 1727.45, "206": 1727.69, "207": 1727.73, "208": 1727.76, "209": 1727.79, "210": 1727.85, "211": 1727.9, "212": 1727.99, "213": 1728.03, "214": 1728.09, "215": 1728.12, "216": 1728.18, "217": 1728.28, "218": 1728.29, "219": 1728.35, "220": 1728.38, "221": 1728.48, "222": 1728.54, "223": 1728.55, "224": 1728.55, "225": 1728.64, "226": 1728.69, "227": 1728.8, "228": 1728.81, "229": 1728.83, "230": 1728.87, "231": 1728.89, "232": 1728.91, "233": 1728.93, "234": 1728.97, "235": 1729.06}, "SolveResult": 0, "UpperBounds": {"1": 1730.79}, "MaxQueueSize": 52, "VisitedNodes": 471, "BranchingVars": [0, 2, 1, 4, 4, 4, 1, 1, 1, 4, 3, 3, 3, 3, 3, 3, 0, 3, 5, 3, 1, 5, 0, 2, 4, 2, 0, 3, 0, 0, 0, 3, 2, 2, 5, 1, 1, 4, 4, 4, 3, 4, 4, 5, 4, 5, 2, 5, 0, 2, 3, 2, 5, 5, 4, 5, 4, 3, 4, 2, 4, 4, 4, 5, 0, 4, 4, 5, 2, 2, 0, 0, 4, 5, 4, 0, 3, 5, 4, 4, 4, 3, 4, 4, 2, 3, 4, 4, 0, 3, 4, 3, 4, 4, 2, 3, 4, 0, 0, 5, 4, 3, 4, 4, 5, 3, 3, 3, 4, 3, 3, 3, 3, 3, 3, 5, 0, 0, 2, 4, 2, 4, 2, 3, 2, 3, 5, 3, 2, 4, 4, 5, 2, 4, 3, 4, 5, 3, 0, 3, 4, 4, 4, 5, 0, 4, 4, 1, 1, 1, 1, 1, 1, 5, 4, 4, 0, 2, 1, 0, 4, 4, 4, 4, 4, 1, 3, 4, 1, 1, 3, 4, 2, 4, 4, 3, 3, 3, 3, 3, 4, 4, 1, 1, 3, 5, 1, 3, 1, 0, 1, 3, 3, 0, 4, 2, 3, 4, 3, 1, 1, 3, 4, 2, 4, 4, 1, 4, 1, 0, 3, 3, 3, 0, 2, 5, 4, 2, 2, 2, 1, 1, 0, 1, 1, 1, 1, 1, 1, 4, 3, 4, 1, 3, 1], "NonLinearTime": 0.594913, "OptimalityGap": 1.7272,