{"Itbt": 0, "Pace": 0.06747, "Depth": 15, "Degree": 6, "RPSTime": 16.1862, "FBBTTime": 0, "OBBTTime": 0, "TotalTime": 177.805, "Iterations": 94, "LinearTime": 23.6913, "LowerBound": 1093.68, "TimeVector": [2.40887, 4.39007, 6.29703, 8.45325, 10.4489, 12.3321, 14.3066, 16.3339, 18.4129, 20.3778, 22.2601, 24.3773, 26.3493, 28.2708, 30.3599, 32.4651, 34.4222, 36.4413, 38.5044, 40.6869, 42.4631, 44.363, 46.1934, 48.0927, 50.131, 52.0455, 53.9511, 56.067, 57.8822, 59.8515, 61.6567, 63.6956, 65.682, 67.6518, 69.4846, 71.4825, 73.4236, 75.219, 77.1102, 78.8736, 80.7622, 82.5795, 84.4708, 86.3506, 88.1696, 90.0472, 91.9617, 93.9406, 95.8069, 97.5354, 99.3089, 101.085, 102.876, 104.657, 106.473, 108.492, 110.219, 112.018, 113.938, 115.757, 117.526, 119.377, 121.134, 122.958, 124.71, 126.646, 128.402, 130.336, 132.293, 133.978, 135.739, 137.465, 139.389, 141.142, 142.973, 144.871, 146.599, 148.491, 150.31, 152.158, 154.007, 155.764, 157.471, 159.321, 161.112, 162.941, 164.697, 166.625, 168.579, 170.402, 172.364, 174.059, 175.933, 199.731], "UpperBound": 1094.63, "rootBTTime": 0, "LowerBounds": {"1": 702.491, "2": 786.5, "3": 868.244, "4": 897.625, "5": 903.488, "6": 924.65, "7": 927.836, "8": 963.517, "9": 985.721, "10": 986.678, "11": 987.118, "12": 988.874, "13": 1005.46, "14": 1018.73, "15": 1020.23, "16": 1029.73, "17": 1036.61, "18": 1038.14, "19": 1038.2, "20": 1039.81, "21": 1049.69, "22": 1050.93, "23": 1052.36, "24": 1054.73, "25": 1059.2, "26": 1059.45, "27": 1063.32, "28": 1063.8, "29": 1070.98, "30": 1074.75, "31": 1076.57, "32": 1076.79, "33": 1078.58, "34": 1079.05, "35": 1080.75, "36": 1081.69, "37": 1082.43, "38": 1082.81, "39": 1083.21, "40": 1083.26, "41": 1083.58, "42": 1084.04, "43": 1084.41, "44": 1085.33, "45": 1087.11, "46": 1087.31, "47": 1087.38, "48": 1087.48, "49": 1087.77, "50": 1088.26, "51": 1088.48, "52": 1088.6, "53": 1089.1, "54": 1089.19, "55": 1089.41, "56": 1089.67, "57": 1089.94, "58": 1089.95, "59": 1090.39, "60": 1090.68, "61": 1090.68, "62": 1090.8, "63": 1091.14, "64": 1091.42, "65": 1091.47, "66": 1091.5, "67": 1091.66, "68": 1091.87, "69": 1092.14, "70": 1092.24, "71": 1092.4, "72": 1092.41, "73": 1092.57, "74": 1092.59, "75": 1092.67, "76": 1092.69, "77": 1092.69, "78": 1092.7, "79": 1092.81, "80": 1092.84, "81": 1092.89, "82": 1092.99, "83": 1093.06, "84": 1093.07, "85": 1093.08, "86": 1093.14, "87": 1093.2, "88": 1093.28, "89": 1093.28, "90": 1093.33, "91": 1093.36, "92": 1093.43, "93": 1093.46, "94": 1093.68}, "SolveResult": 0, "UpperBounds": {"1": 1094.63}, "MaxQueueSize": 23, "VisitedNodes": 189, "BranchingVars": [1, 2, 3, 1, 2, 5, 2, 0, 4, 0, 0, 1, 0, 4, 5, 0, 0, 1, 5, 0, 2, 0, 1, 0, 5, 5, 2, 5, 2, 1, 4, 4, 5, 1, 0, 5, 5, 5, 5, 2, 5, 5, 5, 5, 1, 2, 1, 4, 4, 4, 4, 5, 1, 1, 4, 4, 4, 2, 4, 1, 5, 1, 2, 0, 4, 0, 4, 5, 2, 2, 0, 2, 5, 2, 5, 0, 0, 0, 0, 0, 0, 2, 2, 2, 0, 1, 1, 0, 0, 4, 4, 0, 2, 0], "NonLinearTime": 0.249281, "OptimalityGap": 0.945962, "BranchingRules": ["sum_dual_weighted_plus1_rel", "sum_dual_weighted_plus1_rel", "sum_dual_weighted_plus1_rel", "sum_dual_weighted_plus1_rel", "sum_dual_weighted_plus1_rel", "sum_dual_weighted_plus1_rel", "sum_dual_weighted_plus1_rel", "sum_dual_weighted_plus1_rel", "sum_dual_weighted_plus1_rel", "sum_dual_weighted_plus1_rel", "sum_dual_weighted_plus1_rel", "sum_dual_weighted_plus1_rel", "sum_dual_weighted_plus1_rel", "sum_dual_weighted_plus1_rel", "sum_dual_weighted_plus1_rel", "sum_dual_weighted_plus1_rel", "sum_dual_weighted_plus1_rel", "sum_dual_weighted_plus1_rel", "sum_dual_weighted_plus1_rel", "sum_dual_weighted_plus1_rel", "sum_dual_weighted_plus1_rel", "sum_dual_weighted_plus1_rel", "sum_dual_weighted_plus1_rel", "sum_dual_weighted_plus1_rel", "sum_dual_weighted_plus1_rel", "sum_dual_weighted_plus1_rel", "sum_dual_weighted_plus1_rel", "sum_dual_weighted_plus1_rel", "sum_dual_weighted_plus1_rel", "sum_dual_weighted_plus1_rel", "sum_dual_weighted_plus1_rel", "sum_dual_weighted_plus1_rel", "sum_dual_weighted_plus1_rel", "sum_dual_weighted_plus1_rel", "sum_dual_weighted_plus1_rel", "sum_dual_weighted_plus1_rel", "sum_dual_weighted_plus1_rel", "sum_dual_weighted_plus1_rel", "sum_dual_weighted_plus1_rel", "sum_dual_weighted_plus1_rel", "sum_dual_weighted_plus1_rel", "sum_dual_weighted_plus1_rel", "sum_dual_weighted_plus1_rel", "sum_dual_weighted_plus1_rel", "sum_dual_weighted_plus1_rel", "sum_dual_weighted_plus1_rel", "sum_dual_weighted_plus1_rel", "sum_dual_weighted_plus1_rel", "sum_dual_weighted_plus1_rel", "sum_dual_weighted_plus1_rel", "sum_dual_weighted_plus1_rel", "sum_dual_weighted_plus1_rel", "sum_dual_weighted_plus1_rel", "sum_dual_weighted_plus1_rel", "sum_dual_weighted_plus1_rel", "sum_dual_weighted_plus1_rel", "sum_dual_weighted_plus1_rel", "sum_dual_weighted_plus1_rel", "sum_dual_weighted_plus1_rel", "sum_dual_weighted_plus1_rel", "sum_dual_weighted_plus1_rel", "sum_dual_weighted_plus1_rel", "sum_dual_weighted_plus1_rel", "sum_dual_weighted_plus1_rel", "sum_dual_weighted_plus1_rel", "sum_dual_weighted_plus1_rel", "sum_dual_weighted_plus1_rel", "sum_dual_weighted_plus1_rel", "sum_dual_weighted_plus1_rel", "sum_dual_weighted_plus1_rel", "sum_dual_weighted_plus1_rel", "sum_dual_weighted_plus1_rel", "sum_dual_weighted_plus1_rel", "sum_dual_weighted_plus1_rel", "sum_dual_weighted_plus1_rel", "sum_dual_weighted_plus1_rel", "sum_dual_weighted_plus1_rel", "sum_dual_weighted_plus1_rel", "sum_dual_weighted_plus1_rel", "sum_dual_weighted_plus1_rel", "sum_dual_weighted_plus1_rel", "sum_dual_weighted_plus1_rel", "sum_dual_weighted_plus1_rel", "sum_dual_weighted_plus1_rel", "sum_dual_weighted_plus1_rel", "sum_dual_weighted_plus1_rel", "sum_dual_weighted_plus1_rel", "sum_dual_weighted_plus1_rel", "sum_dual_weighted_plus1_rel", "sum_dual_weighted_plus1_rel", "sum_dual_weighted_plus1_rel", "sum_dual_weighted_plus1_rel", "sum_dual_weighted_plus1_rel", "sum_dual_weighted_plus1_rel"], "LBImprovements": [84.0086, 81.7436, 56.4068, 65.8922, 101.975, 62.4672, 58.842, 55.209, 34.5122, 65.6771, 62.5688, 47.7315, 53.7407, 40.7275, 17.9064, 48.8449, 48.7223, 12.7949, 43.4919, 23.9919, 55.3465, 20.0447, 32.0504, 8.589, 48.6587, 21.2961, 11.4299, 15.2457, 13.0579, 7.68021, 6.23684, 47.3818, 36.2153, 8.43766, 9.19421, 11.5954, 4.95333, 4.30566, 4.09766, 5.22138, 5.82818, 7.10451, 19.1864, 30.6507, 5.12436, 3.48619, 2.56735, 4.01354, 6.313, 4.4157, 6.85993, 30.3538, 3.89318, 4.33651, 2.00408, 11.3098, 6.93201, 1.51456, 1.75621, 3.80955, 4.85683, 3.4176, 2.76268, 1.17686, 1.22258, 2.18428, 1.15044, 2.21066, 0.743717, 4.95484, 1.89344, 0.66782, 18.8937, 0.550516, 2.51759, 1.3491, 0.763408, 0.49759, 1.08241, 1.21531, 0.823597, 1.14064, 11.5197, 0.912145, 0.791174, 0.760944, 0.588866, 49.774, 0.91899, 0.491441, 2.36753, 3.60032, 0.342616, 1.21106], "InfeasibleNodes": 0, "ElapsedTimeCoeffs": 0, "LinearizationTime": 0.0186982, "NumberOfVariables": 6, "CallsToLinearSolver": 189, "LinearGenerationTime": 1.23468, "SDPCutsGenerationTime": 0, "CallsToNonLinearSolver": 10, "StrongBranchingExtraTime": 151.411, "ElapsedTimeWeightedCoeffs": 0, "NodesDiscardedByFathoming": 0, "NodesDiscardedByTolerance": 95, "BoundFactorConstraintsTime": 2.00727, "ElapsedTimeVarsInConstraints": 0.000047602, "meanBTRelativeChangeRootNode": 0, "NumberOfBoundFactorConstraints": 692, "NumberOfLAPACKConvergenceFailures": 0, "NumberOfRLTVariablesAfterLinearization": 261}