{"Itbt": 0, "Pace": 0.0594074, "Depth": 16, "Degree": 6, "RPSTime": 49.6122, "FBBTTime": 0, "OBBTTime": 0, "TotalTime": 569.098, "Iterations": 243, "LinearTime": 75.9015, "LowerBound": 2186.26, "TimeVector": [2.81756, 5.05432, 7.21367, 9.61596, 12.0276, 14.2838, 16.4856, 18.6717, 20.7799, 23.0307, 25.2064, 27.6639, 29.8687, 32.0692, 34.4609, 36.4006, 38.97, 41.0426, 43.6559, 45.8698, 48.1442, 50.2414, 52.4114, 54.6785, 56.9296, 59.3216, 61.5787, 63.8735, 65.8169, 68.2658, 70.7497, 73.2355, 75.5347, 77.9536, 80.0625, 82.4863, 84.5806, 86.802, 88.8951, 90.9387, 93.0271, 95.2674, 97.4874, 100.06, 101.973, 104.266, 106.524, 108.984, 111.178, 113.342, 115.59, 117.863, 119.69, 122.181, 124.667, 127.206, 129.868, 132.357, 134.655, 136.755, 139.125, 141.165, 143.276, 145.672, 148.187, 150.235, 152.321, 154.25, 156.569, 158.811, 161.306, 164.006, 166.173, 168.322, 170.923, 172.993, 175.088, 177.423, 179.514, 181.533, 183.603, 185.745, 187.769, 189.898, 192.068, 194.305, 196.464, 198.83, 201.209, 203.861, 206.36, 208.838, 210.521, 212.863, 215.387, 217.594, 219.921, 221.846, 224.315, 226.795, 229.233, 231.266, 233.519, 235.765, 237.754, 239.873, 242.344, 244.66, 246.927, 249.138, 251.237, 253.533, 256.141, 258.453, 260.796, 263.102, 265.242, 267.536, 270.005, 272.438, 274.676, 277.251, 279.765, 282.362, 284.658, 286.496, 289.169, 291.18, 293.376, 295.72, 298.056, 300.414, 302.451, 304.772, 307.321, 309.56, 312.29, 314.798, 317.244, 319.885, 322.249, 324.581, 326.786, 329.108, 331.685, 334.33, 336.535, 339.005, 341.392, 343.836, 346.321, 348.692, 351.295, 353.515, 355.96, 358.543, 360.735, 362.996, 365.096, 367.359, 369.642, 372.079, 374.564, 377.158, 379.718, 381.532, 383.844, 386.184, 389.008, 390.895, 392.649, 395.004, 397.745, 399.959, 402.206, 404.508, 407.016, 409.213, 411.907, 414.49, 417.103, 419.987, 422.242, 424.612, 426.795, 429.012, 431.044, 433.265, 435.849, 438.256, 440.606, 443.26, 445.418, 447.895, 450.02, 452.376, 454.807, 457.209, 460.035, 462.484, 464.581, 467.305, 469.752, 472.241, 474.675, 477.704, 480.005, 482.569, 485.043, 487.445, 489.878, 492.504, 494.966, 497.444, 499.665, 502.127, 504.877, 507.25, 509.563, 511.959, 514.419, 517.227, 519.369, 521.956, 524.579, 527.225, 529.42, 531.974, 534.317, 536.69, 539.339, 541.534, 543.763, 546.186, 548.79, 550.913, 553.466, 556.388, 559.385, 561.967, 564.202, 566.718, 569.098], "UpperBound": 2188.41, "rootBTTime": 0, "LowerBounds": {"1": 781.425, "2": 989.562, "3": 1152.56, "4": 1221.18, "5": 1318.95, "6": 1325.66, "7": 1325.78, "8": 1410.45, "9": 1481.11, "10": 1492.59, "11": 1547.4, "12": 1557.66, "13": 1588.96, "14": 1590.37, "15": 1656.42, "16": 1675.52, "17": 1715.61, "18": 1728.98, "19": 1753.21, "20": 1763.91, "21": 1787.39, "22": 1788.86, "23": 1793.7, "24": 1797.62, "25": 1807.24, "26": 1823.92, "27": 1826.9, "28": 1833.86, "29": 1850.71, "30": 1870.56, "31": 1875.56, "32": 1908.44, "33": 1916.51, "34": 1924.22, "35": 1925.47, "36": 1941.29, "37": 1942.13, "38": 1944.53, "39": 1957.31, "40": 1964.14, "41": 1964.66, "42": 1969.74, "43": 1973.11, "44": 1973.25, "45": 1973.72, "46": 1978.06, "47": 1980.38, "48": 1995.25, "49": 1999.57, "50": 2001.05, "51": 2017.28, "52": 2017.33, "53": 2026.96, "54": 2028.38, "55": 2044.53, "56": 2046.01, "57": 2046.27, "58": 2046.61, "59": 2046.99, "60": 2047.37, "61": 2051.36, "62": 2053.37, "63": 2060.42, "64": 2061.15, "65": 2067.02, "66": 2071.03, "67": 2071.66, "68": 2073.44, "69": 2074.66, "70": 2076.73, "71": 2076.97, "72": 2078.97, "73": 2082.63, "74": 2082.88, "75": 2082.91, "76": 2084.19, "77": 2086.46, "78": 2087.05, "79": 2089.64, "80": 2089.95, "81": 2090.51, "82": 2091.63, "83": 2094.9, "84": 2095.02, "85": 2098.68, "86": 2099.6, "87": 2100.75, "88": 2105.01, "89": 2106.82, "90": 2107.97, "91": 2108.33, "92": 2110.89, "93": 2113.17, "94": 2113.51, "95": 2116.59, "96": 2118.64, "97": 2118.83, "98": 2119.83, "99": 2123.05, "100": 2123.69, "101": 2125.74, "102": 2128.25, "103": 2130.74, "104": 2130.77, "105": 2131.14, "106": 2132.35, "107": 2132.5, "108": 2135.09, "109": 2136.42, "110": 2137.63, "111": 2139.03, "112": 2139.61, "113": 2140.93, "114": 2141.62, "115": 2142.25, "116": 2144.22, "117": 2144.66, "118": 2145.1, "119": 2147.88, "120": 2147.93, "121": 2149.23, "122": 2149.93, "123": 2150.38, "124": 2151.38, "125": 2151.48, "126": 2152.54, "127": 2153.03, "128": 2154.65, "129": 2154.67, "130": 2154.83, "131": 2154.88, "132": 2155.2, "133": 2156.47, "134": 2156.65, "135": 2157.85, "136": 2159.04, "137": 2159.09, "138": 2160.05, "139": 2160.41, "140": 2160.71, "141": 2161.95, "142": 2163.1, "143": 2163.88, "144": 2165.06, "145": 2165.46, "146": 2165.64, "147": 2167.29, "148": 2167.43, "149": 2170.39, "150": 2170.47, "151": 2170.78, "152": 2171.84, "153": 2172.01, "154": 2172.07, "155": 2172.1, "156": 2172.18, "157": 2172.23, "158": 2172.25, "159": 2172.3, "160": 2172.45, "161": 2173.68, "162": 2173.82, "163": 2174.17, "164": 2174.34, "165": 2174.44, "166": 2174.61, "167": 2174.96, "168": 2175.03, "169": 2175.17, "170": 2175.17, "171": 2175.17, "172": 2175.19, "173": 2175.57, "174": 2175.87, "175": 2176.17, "176": 2176.29, "177": 2176.65, "178": 2177.23, "179": 2177.87, "180": 2177.98, "181": 2178.31, "182": 2178.4, "183": 2178.45, "184": 2178.51, "185": 2178.83, "186": 2179.26, "187": 2179.39, "188": 2179.4, "189": 2179.49, "190": 2179.5, "191": 2179.87, "192": 2180.33, "193": 2180.72, "194": 2180.81, "195": 2180.94, "196": 2181.01, "197": 2181.23, "198": 2181.42, "199": 2181.69, "200": 2181.89, "201": 2181.92, "202": 2181.92, "203": 2181.94, "204": 2182.11, "205": 2182.31, "206": 2182.45, "207": 2182.53, "208": 2182.75, "209": 2183.23, "210": 2183.29, "211": 2183.31, "212": 2183.35, "213": 2183.36, "214": 2183.36, "215": 2183.47, "216": 2183.67, "217": 2183.89, "218": 2183.96, "219": 2184, "220": 2184, "221": 2184.08, "222": 2184.14, "223": 2184.21, "224": 2184.23, "225": 2184.28, "226": 2184.3, "227": 2184.4, "228": 2184.41, "229": 2184.48, "230": 2184.59, "231": 2184.65, "232": 2184.81, "233": 2184.81, "234": 2184.91, "235": 2184.93, "236": 2185.03, "237": 2185.1, "238": 2185.5, "239": 2186.14, "240": 2186.15, "241": 2186.16, "242": 2186.21, "243": 2186.26}, "SolveResult": 0, "UpperBounds": {"1": 2188.41}, "MaxQueueSize": 61, "VisitedNodes": 487, "BranchingVars": [4, 0, 1, 0, 2, 2, 2, 5, 3, 5, 5, 2, 2, 5, 3, 4, 5, 3, 3, 2, 3, 3, 1, 3, 5, 5, 5, 3, 5, 3, 5, 5, 3, 1, 3, 1, 5, 1, 1, 3, 1, 5, 1, 4, 1, 3, 4, 5, 4, 3, 4, 4, 3, 5, 4, 5, 3, 4, 4, 4, 3, 1, 4, 3, 2, 2, 1, 1, 2, 2, 4, 2, 2, 4, 1, 1, 2, 3, 1, 1, 2, 1, 4, 1, 4, 1, 1, 1, 1, 1, 2, 4, 5, 3, 0, 2, 2, 4, 3, 2, 1, 5, 5, 1, 4, 2, 0, 4, 1, 0, 5, 2, 3, 2, 3, 0, 1, 4, 5, 0, 1, 2, 2, 0, 5, 0, 0, 5, 2, 5, 3, 1, 5, 5, 0, 5, 3, 2, 2, 2, 0, 5, 5, 3, 2, 5, 0, 1, 2, 4, 5, 0, 3, 0, 5, 0, 1, 0, 5, 1, 1, 0, 1, 3, 3, 1, 1, 5, 3, 1, 1, 0, 5, 0, 1, 1, 1, 5, 1, 3, 2, 4, 2, 5, 0, 2, 4, 1, 2, 4, 3, 0, 1, 1, 2, 1, 1, 1, 1, 1, 5, 0, 1, 2, 1, 4, 4, 1, 3, 5, 4, 4, 2, 1, 4, 5, 1, 4, 5, 3, 4, 5, 4, 0, 4, 4, 5, 2, 5, 4, 4, 3, 1, 1, 4, 5, 3, 0, 0, 2, 0, 4, 4], "NonLinearTime": 0.283336, "OptimalityGap": 2.1464,