{"Itbt": 0, "Pace": 0.0165396, "Depth": 11, "Degree": 7, "RPSTime": 20.188, "FBBTTime": 0, "OBBTTime": 0, "TotalTime": 192.04, "Iterations": 59, "LinearTime": 27.9058, "LowerBound": 3800.04, "TimeVector": [3.73517, 7.24112, 10.8336, 14.103, 17.3698, 20.7814, 25.0659, 28.3089, 31.4991, 34.8244, 38.0714, 41.6954, 45.2617, 48.621, 51.6236, 54.5208, 57.6921, 60.9785, 63.7347, 67.0817, 69.902, 73.1987, 76.1967, 79.4092, 82.8557, 86.1881, 89.23, 92.2844, 95.2409, 98.7813, 102.008, 104.975, 108.068, 111.154, 114.15, 117.225, 120.796, 123.885, 126.816, 130.579, 134.461, 138.133, 141.334, 144.257, 148.175, 152.075, 155.514, 158.769, 162.617, 165.597, 168.598, 171.595, 174.39, 178.105, 180.639, 183.098, 186.058, 188.938, 192.04], "UpperBound": 3803.82, "rootBTTime": 0, "LowerBounds": {"1": 1884.47, "2": 2631.26, "3": 2701.62, "4": 3290.58, "5": 3305.34, "6": 3361.34, "7": 3367.89, "8": 3581.95, "9": 3587.64, "10": 3624.02, "11": 3630.49, "12": 3631.52, "13": 3640.97, "14": 3657.88, "15": 3671.18, "16": 3684.51, "17": 3721.85, "18": 3726.56, "19": 3728.08, "20": 3738.67, "21": 3745.64, "22": 3748.67, "23": 3752.25, "24": 3763.87, "25": 3774.95, "26": 3775.58, "27": 3777.1, "28": 3777.18, "29": 3778.21, "30": 3781.81, "31": 3790.03, "32": 3792.04, "33": 3793.39, "34": 3794.63, "35": 3795.08, "36": 3795.33, "37": 3795.42, "38": 3796.83, "39": 3797.08, "40": 3797.2, "41": 3797.25, "42": 3797.58, "43": 3797.85, "44": 3797.96, "45": 3798.18, "46": 3798.24, "47": 3798.29, "48": 3798.65, "49": 3798.76, "50": 3798.79, "51": 3798.81, "52": 3798.87, "53": 3799.13, "54": 3799.23, "55": 3799.26, "56": 3799.26, "57": 3799.41, "58": 3799.94, "59": 3800.04}, "SolveResult": 0, "UpperBounds": {"1": 3803.82}, "MaxQueueSize": 18, "VisitedNodes": 119, "BranchingVars": [4, 3, 3, 1, 1, 1, 1, 0, 0, 2, 2, 2, 2, 2, 2, 2, 0, 0, 0, 1, 0, 0, 2, 1, 0, 1, 0, 1, 1, 1, 0, 2, 2, 2, 0, 2, 2, 2, 1, 0, 1, 2, 1, 3, 1, 2, 1, 2, 3, 3, 2, 1, 3, 1, 1, 1, 1, 2, 2], "NonLinearTime": 0.192672, "OptimalityGap": 3.78144, "BranchingRules": ["sum_rescaled_var_range_weighted_rel", "sum_rescaled_var_range_weighted_rel", "sum_rescaled_var_range_weighted_rel", "sum_rescaled_var_range_weighted_rel", "sum_rescaled_var_range_weighted_rel", "sum_rescaled_var_range_weighted_rel", "sum_rescaled_var_range_weighted_rel", "sum_rescaled_var_range_weighted_rel", "sum_rescaled_var_range_weighted_rel", "sum_rescaled_var_range_weighted_rel", "sum_rescaled_var_range_weighted_rel", "sum_rescaled_var_range_weighted_rel", "sum_rescaled_var_range_weighted_rel", "sum_rescaled_var_range_weighted_rel", "sum_rescaled_var_range_weighted_rel", "sum_rescaled_var_range_weighted_rel", "sum_rescaled_var_range_weighted_rel", "sum_rescaled_var_range_weighted_rel", "sum_rescaled_var_range_weighted_rel", "sum_rescaled_var_range_weighted_rel", "sum_rescaled_var_range_weighted_rel", "sum_rescaled_var_range_weighted_rel", "sum_rescaled_var_range_weighted_rel", "sum_rescaled_var_range_weighted_rel", "sum_rescaled_var_range_weighted_rel", "sum_rescaled_var_range_weighted_rel", "sum_rescaled_var_range_weighted_rel", "sum_rescaled_var_range_weighted_rel", "sum_rescaled_var_range_weighted_rel", "sum_rescaled_var_range_weighted_rel", "sum_rescaled_var_range_weighted_rel", "sum_rescaled_var_range_weighted_rel", "sum_rescaled_var_range_weighted_rel", "sum_rescaled_var_range_weighted_rel", "sum_rescaled_var_range_weighted_rel", "sum_rescaled_var_range_weighted_rel", "sum_rescaled_var_range_weighted_rel", "sum_rescaled_var_range_weighted_rel", "sum_rescaled_var_range_weighted_rel", "sum_rescaled_var_range_weighted_rel", "sum_rescaled_var_range_weighted_rel", "sum_rescaled_var_range_weighted_rel", "sum_rescaled_var_range_weighted_rel", "sum_rescaled_var_range_weighted_rel", "sum_rescaled_var_range_weighted_rel", "sum_rescaled_var_range_weighted_rel", "sum_rescaled_var_range_weighted_rel", "sum_rescaled_var_range_weighted_rel", "sum_rescaled_var_range_weighted_rel", "sum_rescaled_var_range_weighted_rel", "sum_rescaled_var_range_weighted_rel", "sum_rescaled_var_range_weighted_rel", "sum_rescaled_var_range_weighted_rel", "sum_rescaled_var_range_weighted_rel", "sum_rescaled_var_range_weighted_rel", "sum_rescaled_var_range_weighted_rel", "sum_rescaled_var_range_weighted_rel", "sum_rescaled_var_range_weighted_rel", "sum_rescaled_var_range_weighted_rel"], "LBImprovements": [746.782, 659.321, 659.719, 297.063, 276.608, 262.683, 262.591, 89.2381, 140.437, 97.833, 96.076, 180.51, 205.816, 175.244, 67.49, 261.532, 53.7246, 50.6151, 71.1827, 36.2769, 51.4423, 50.7405, 48.3747, 26.1546, 17.0924, 19.7525, 17.5349, 21.4739, 20.916, 19.7929, 18.2794, 5.15247, 3.43577, 3.60464, 14.092, 5.09089, 3.80681, 1.01999, 16.3206, 0.380415, 3.07761, 0.600857, 0.909317, 6.15286, 10000000000.0, 2.0973, 2.51378, 3.64715, 5.13758, 3.86833, 4.42883, 14.1542, 10000000000.0, 1.31792, 43.4769, 43.477, 15.0255, 3.10688, 3.43052], "InfeasibleNodes": 4, "ElapsedTimeCoeffs": 0, "LinearizationTime": 0.0320194, "NumberOfVariables": 5, "CallsToLinearSolver": 119, "LinearGenerationTime": 1.58941, "SDPCutsGenerationTime": 0, "CallsToNonLinearSolver": 9, "StrongBranchingExtraTime": 160.357, "ElapsedTimeWeightedCoeffs": 0, "NodesDiscardedByFathoming": 0, "NodesDiscardedByTolerance": 56, "BoundFactorConstraintsTime": 2.96778, "ElapsedTimeVarsInConstraints": 0.000035961, "meanBTRelativeChangeRootNode": 0, "NumberOfBoundFactorConstraints": 867, "NumberOfLAPACKConvergenceFailures": 0, "NumberOfRLTVariablesAfterLinearization": 288}