{"Itbt": 0, "Pace": 0.0491528, "Depth": 13, "Degree": 7, "RPSTime": 620.907, "FBBTTime": 0, "OBBTTime": 0, "TotalTime": 3521.38, "Iterations": 68, "LinearTime": 463.022, "LowerBound": 19749.6, "TimeVector": [24.3698, 54.7123, 79.0644, 108.646, 144.782, 187.805, 225.1, 257.236, 292.675, 354.102, 380.573, 415.285, 449.24, 511.283, 563.345, 595.759, 653.154, 718.294, 767.855, 789.131, 831.137, 874.166, 910.751, 975.127, 1005.68, 1073.36, 1129.19, 1187.81, 1241.02, 1301.52, 1361.11, 1390.99, 1473.05, 1536.17, 1573.42, 1657.18, 1683.54, 1728.62, 1799.76, 1848.87, 1899.94, 1952.71, 2016.63, 2039.08, 2107.89, 2184.11, 2257.41, 2302.33, 2378.98, 2454.69, 2515.02, 2591.45, 2627.63, 2676.58, 2726.55, 2776.97, 2839.49, 2909.67, 2987.01, 3023.31, 3091.1, 3153.53, 3209.55, 3267.82, 3331.78, 3400.81, 3465.55, 3521.38], "UpperBound": 19768.5, "rootBTTime": 0, "LowerBounds": {"1": 8203.09, "2": 10690.7, "3": 11790.4, "4": 12012.1, "5": 13359.9, "6": 14498.5, "7": 15435.5, "8": 15906.3, "9": 16431.6, "10": 17053.2, "11": 17092.6, "12": 17589.6, "13": 17608.2, "14": 17756.2, "15": 18184.4, "16": 18257.5, "17": 18405.1, "18": 18545.6, "19": 18636.8, "20": 18656.1, "21": 18747.9, "22": 18758.5, "23": 18902.9, "24": 18933.2, "25": 18984.8, "26": 19119.3, "27": 19159.7, "28": 19179.8, "29": 19212.1, "30": 19238.9, "31": 19265, "32": 19303.5, "33": 19342.8, "34": 19478.8, "35": 19500.4, "36": 19501.4, "37": 19505.2, "38": 19543.1, "39": 19545.6, "40": 19548.1, "41": 19567.6, "42": 19579.9, "43": 19607.5, "44": 19629.1, "45": 19648.4, "46": 19661.5, "47": 19661.7, "48": 19669.8, "49": 19680.9, "50": 19682.7, "51": 19695.4, "52": 19704, "53": 19705.7, "54": 19709, "55": 19715, "56": 19726.7, "57": 19727.7, "58": 19728.7, "59": 19731, "60": 19731.7, "61": 19732, "62": 19735.1, "63": 19741.4, "64": 19741.6, "65": 19742.6, "66": 19743.1, "67": 19747.9, "68": 19749.6}, "SolveResult": 0, "UpperBounds": {"1": 19768.5}, "MaxQueueSize": 15, "VisitedNodes": 137, "BranchingVars": [0, 3, 1, 4, 1, 3, 4, 1, 3, 2, 4, 3, 2, 1, 1, 1, 2, 4, 2, 3, 2, 1, 2, 2, 1, 4, 1, 0, 2, 4, 0, 4, 0, 2, 1, 0, 3, 2, 4, 3, 1, 4, 4, 1, 3, 0, 0, 4, 3, 3, 3, 3, 2, 3, 3, 2, 2, 2, 3, 2, 4, 4, 4, 0, 2, 0, 4, 4], "NonLinearTime": 0.31727, "OptimalityGap": 18.8847, "BranchingRules": ["sum_rescaled_var_range_weighted_rel", "sum_rescaled_var_range_weighted_rel", "sum_rescaled_var_range_weighted_rel", "sum_rescaled_var_range_weighted_rel", "sum_rescaled_var_range_weighted_rel", "sum_rescaled_var_range_weighted_rel", "sum_rescaled_var_range_weighted_rel", "sum_rescaled_var_range_weighted_rel", "sum_rescaled_var_range_weighted_rel", "sum_rescaled_var_range_weighted_rel", "sum_rescaled_var_range_weighted_rel", "sum_rescaled_var_range_weighted_rel", "sum_rescaled_var_range_weighted_rel", "sum_rescaled_var_range_weighted_rel", "sum_rescaled_var_range_weighted_rel", "sum_rescaled_var_range_weighted_rel", "sum_rescaled_var_range_weighted_rel", "sum_rescaled_var_range_weighted_rel", "sum_rescaled_var_range_weighted_rel", "sum_rescaled_var_range_weighted_rel", "sum_rescaled_var_range_weighted_rel", "sum_rescaled_var_range_weighted_rel", "sum_rescaled_var_range_weighted_rel", "sum_rescaled_var_range_weighted_rel", "sum_rescaled_var_range_weighted_rel", "sum_rescaled_var_range_weighted_rel", "sum_rescaled_var_range_weighted_rel", "sum_rescaled_var_range_weighted_rel", "sum_rescaled_var_range_weighted_rel", "sum_rescaled_var_range_weighted_rel", "sum_rescaled_var_range_weighted_rel", "sum_rescaled_var_range_weighted_rel", "sum_rescaled_var_range_weighted_rel", "sum_rescaled_var_range_weighted_rel", "sum_rescaled_var_range_weighted_rel", "sum_rescaled_var_range_weighted_rel", "sum_rescaled_var_range_weighted_rel", "sum_rescaled_var_range_weighted_rel", "sum_rescaled_var_range_weighted_rel", "sum_rescaled_var_range_weighted_rel", "sum_rescaled_var_range_weighted_rel", "sum_rescaled_var_range_weighted_rel", "sum_rescaled_var_range_weighted_rel", "sum_rescaled_var_range_weighted_rel", "sum_rescaled_var_range_weighted_rel", "sum_rescaled_var_range_weighted_rel", "sum_rescaled_var_range_weighted_rel", "sum_rescaled_var_range_weighted_rel", "sum_rescaled_var_range_weighted_rel", "sum_rescaled_var_range_weighted_rel", "sum_rescaled_var_range_weighted_rel", "sum_rescaled_var_range_weighted_rel", "sum_rescaled_var_range_weighted_rel", "sum_rescaled_var_range_weighted_rel", "sum_rescaled_var_range_weighted_rel", "sum_rescaled_var_range_weighted_rel", "sum_rescaled_var_range_weighted_rel", "sum_rescaled_var_range_weighted_rel", "sum_rescaled_var_range_weighted_rel", "sum_rescaled_var_range_weighted_rel", "sum_rescaled_var_range_weighted_rel", "sum_rescaled_var_range_weighted_rel", "sum_rescaled_var_range_weighted_rel", "sum_rescaled_var_range_weighted_rel", "sum_rescaled_var_range_weighted_rel", "sum_rescaled_var_range_weighted_rel", "sum_rescaled_var_range_weighted_rel", "sum_rescaled_var_range_weighted_rel"], "LBImprovements": [2487.65, 1321.35, 7714.77, 1347.79, 1138.63, 936.944, 996.18, 1683.3, 1176.52, 1131.16, 1164.87, 1158.32, 1294.76, 789.447, 1294.44, 922.247, 579.66, 387.63, 482.5, 2053.27, 1405.42, 1399.51, 853.812, 331.741, 515.658, 382.084, 407.872, 363.364, 693.347, 306.705, 314.915, 402.166, 264.722, 279.944, 373.957, 181.341, 3350, 277.326, 115.941, 389.339, 184.872, 135.112, 73.4093, 1188.17, 106.168, 42.4637, 33.6613, 173.014, 47.7442, 52.4009, 32.343, 27.0548, 272.775, 87.7456, 56.5029, 42.9197, 49.2221, 13.9288, 10.5351, 269.253, 56.5228, 15.0041, 24.0157, 10.9546, 10.2016, 12.8822, 1.77444, 19.2267], "InfeasibleNodes": 0, "ElapsedTimeCoeffs": 0, "LinearizationTime": 0.926474, "NumberOfVariables": 5, "CallsToLinearSolver": 137, "LinearGenerationTime": 35.3111, "SDPCutsGenerationTime": 0, "CallsToNonLinearSolver": 10, "StrongBranchingExtraTime": 2953.84, "ElapsedTimeWeightedCoeffs": 0, "NodesDiscardedByFathoming": 0, "NodesDiscardedByTolerance": 69, "BoundFactorConstraintsTime": 85.3879, "ElapsedTimeVarsInConstraints": 0.000225073, "meanBTRelativeChangeRootNode": 0, "NumberOfBoundFactorConstraints": 11432, "NumberOfLAPACKConvergenceFailures": 0, "NumberOfRLTVariablesAfterLinearization": 785}