{"Itbt": 0, "Pace": 0.0140806, "Depth": 13, "Degree": 7, "RPSTime": 7.65765, "FBBTTime": 0, "OBBTTime": 0, "TotalTime": 41.5431, "Iterations": 139, "LinearTime": 5.98029, "LowerBound": 565.225, "TimeVector": [0.706563, 1.01062, 1.28845, 1.56177, 1.83751, 2.09674, 2.36278, 2.64553, 2.91641, 3.17051, 3.43782, 3.72611, 3.99985, 4.26773, 4.55452, 4.8035, 5.07296, 5.36857, 5.62214, 5.89078, 6.1472, 6.41017, 6.69713, 6.96816, 7.24178, 7.54056, 7.80356, 8.06365, 8.32681, 8.59865, 8.86868, 9.16127, 9.40894, 9.6871, 9.96122, 10.2643, 10.5879, 10.8644, 11.1242, 11.3533, 11.6547, 11.9125, 12.1382, 12.4372, 12.7141, 12.988, 13.2687, 13.5428, 13.824, 14.092, 14.361, 14.6408, 14.9059, 15.1783, 15.4412, 15.6983, 15.9951, 16.2723, 16.5377, 16.8224, 17.0975, 17.3756, 17.6409, 17.9329, 18.2362, 18.5146, 18.7969, 19.1388, 19.4157, 19.6767, 19.9658, 20.2515, 20.4819, 20.7636, 21.036, 21.3095, 21.607, 21.8882, 22.1527, 22.4301, 22.7335, 23.0158, 23.3054, 23.588, 23.8598, 24.1438, 24.405, 24.6962, 24.9541, 25.293, 25.6182, 25.9596, 26.2228, 26.5368, 26.8038, 27.0789, 27.3932, 27.684, 27.9885, 28.305, 28.619, 28.8925, 29.1837, 29.4538, 29.7538, 30.076, 30.3463, 30.623, 30.9537, 31.2459, 31.5356, 32.0151, 32.3906, 32.704, 32.9866, 33.2885, 33.6268, 33.9635, 34.3187, 34.582, 35.0976, 35.3643, 35.6711, 36.1133, 36.4266, 36.7414, 37.0427, 37.3623, 38.2488, 38.591, 38.8678, 39.1722, 39.5165, 39.8749, 40.2823, 40.5803, 40.9221, 41.2364, 52.7035], "UpperBound": 565.762, "rootBTTime": 0, "LowerBounds": {"1": 24.9011, "2": 212.336, "3": 284.42, "4": 316.949, "5": 350.833, "6": 410.149, "7": 411.735, "8": 448.946, "9": 452.496, "10": 454.139, "11": 477.517, "12": 490.94, "13": 492.783, "14": 494.312, "15": 496.068, "16": 496.697, "17": 501.465, "18": 504.53, "19": 507.808, "20": 509.61, "21": 514.513, "22": 516.278, "23": 520.556, "24": 522.459, "25": 522.479, "26": 528.913, "27": 529.095, "28": 530.267, "29": 530.738, "30": 531.787, "31": 532.257, "32": 533.726, "33": 535.289, "34": 535.439, "35": 536.301, "36": 536.409, "37": 539.982, "38": 540.538, "39": 540.632, "40": 540.92, "41": 541.911, "42": 542.817, "43": 543.621, "44": 544.062, "45": 544.401, "46": 546.669, "47": 547.209, "48": 547.298, "49": 548.561, "50": 549.753, "51": 550.099, "52": 551.7, "53": 553.472, "54": 553.666, "55": 554.426, "56": 554.588, "57": 554.663, "58": 555.111, "59": 555.597, "60": 556.093, "61": 556.693, "62": 557.991, "63": 558.129, "64": 558.305, "65": 558.68, "66": 559.74, "67": 559.813, "68": 559.938, "69": 559.953, "70": 559.978, "71": 559.997, "72": 560.317, "73": 560.362, "74": 560.781, "75": 561.204, "76": 561.381, "77": 561.407, "78": 561.807, "79": 561.937, "80": 562.046, "81": 562.102, "82": 562.277, "83": 562.285, "84": 562.367, "85": 562.491, "86": 562.52, "87": 562.527, "88": 562.587, "89": 562.628, "90": 562.762, "91": 562.895, "92": 563.083, "93": 563.108, "94": 563.141, "95": 563.246, "96": 563.284, "97": 563.36, "98": 563.492, "99": 563.533, "100": 563.638, "101": 563.668, "102": 563.668, "103": 563.681, "105": 563.69, "106": 563.788, "107": 563.812, "108": 563.885, "109": 563.963, "110": 564.141, "111": 564.188, "112": 564.205, "113": 564.304, "114": 564.305, "115": 564.38, "116": 564.386, "117": 564.387, "118": 564.433, "119": 564.438, "120": 564.519, "121": 564.6, "122": 564.64, "123": 564.681, "124": 564.709, "125": 564.829, "127": 564.845, "128": 564.878, "129": 565.005, "130": 565.006, "131": 565.025, "132": 565.05, "133": 565.063, "134": 565.094, "135": 565.115, "136": 565.124, "137": 565.14, "138": 565.171, "139": 565.225}, "SolveResult": 0, "UpperBounds": {"1": 565.762}, "MaxQueueSize": 34, "VisitedNodes": 279, "BranchingVars": [3, 0, 0, 2, 2, 2, 2, 3, 4, 2, 0, 4, 0, 3, 4, 4, 4, 4, 1, 1, 0, 1, 1, 4, 4, 4, 0, 0, 0, 3, 0, 2, 0, 3, 0, 0, 2, 0, 4, 2, 0, 3, 0, 0, 1, 3, 0, 0, 3, 4, 0, 2, 1, 1, 1, 2, 1, 1, 1, 2, 3, 0, 1, 3, 0, 2, 1, 1, 2, 2, 3, 2, 2, 2, 0, 0, 0, 0, 1, 0, 0, 3, 0, 2, 0, 0, 2, 0, 0, 0, 1, 0, 1, 0, 2, 0, 1, 0, 3, 0, 3, 4, 1, 0, 2, 2, 0, 0, 0, 4, 4, 0, 4, 2, 3, 4, 0, 2, 0, 3, 2, 2, 0, 2, 2, 3, 2, 0, 1, 1, 0, 0, 3, 2, 4, 2, 1, 3, 1], "NonLinearTime": 0.365227, "OptimalityGap": 0.537044,