{"Itbt": 0, "Pace": 0.00502315, "Depth": 10, "Degree": 7, "RPSTime": 12.2736, "FBBTTime": 0, "OBBTTime": 0, "TotalTime": 109.566, "Iterations": 20, "LinearTime": 16.3604, "LowerBound": -349.104, "TimeVector": [6.52503, 12.6065, 17.5725, 23.9162, 29.4479, 35.5934, 40.7572, 46.779, 53.2207, 58.7568, 64.5341, 70.2005, 75.2294, 79.468, 84.1346, 89.426, 94.021, 98.9343, 104.198, 109.566], "UpperBound": -348.999, "rootBTTime": 0, "LowerBounds": {"1": -4076.78, "2": -2390.98, "3": -1231.22, "4": -1139.63, "5": -824.86, "6": -797.034, "7": -726.399, "8": -513.06, "9": -484.226, "10": -467.763, "11": -425.783, "12": -388.191, "13": -371.608, "14": -363.85, "15": -358.673, "16": -352.138, "17": -351.277, "18": -350.567, "19": -349.763, "20": -349.104}, "SolveResult": 0, "UpperBounds": {"1": 45.4286, "2": -348.999}, "MaxQueueSize": 7, "VisitedNodes": 41, "BranchingVars": [4, 0, 2, 3, 1, 1, 1, 4, 0, 1, 4, 1, 1, 0, 3, 0, 3, 1, 3, 3], "NonLinearTime": 0.221231, "OptimalityGap": 0.10479, "BranchingRules": ["sum_dual_weighted_plus1_rel", "sum_dual_weighted_plus1_rel", "sum_dual_weighted_plus1_rel", "sum_dual_weighted_plus1_rel", "sum_dual_weighted_plus1_rel", "sum_dual_weighted_plus1_rel", "sum_dual_weighted_plus1_rel", "sum_dual_weighted_plus1_rel", "sum_dual_weighted_plus1_rel", "sum_dual_weighted_plus1_rel", "sum_dual_weighted_plus1_rel", "sum_dual_weighted_plus1_rel", "sum_dual_weighted_plus1_rel", "sum_dual_weighted_plus1_rel", "sum_dual_weighted_plus1_rel", "sum_dual_weighted_plus1_rel", "sum_dual_weighted_plus1_rel", "sum_dual_weighted_plus1_rel", "sum_dual_weighted_plus1_rel", "sum_dual_weighted_plus1_rel"], "LBImprovements": [1685.8, 1251.35, 504.817, 314.77, 399.077, 283.974, 390.605, 493.461, 112.617, 946.921, 602.79, 998.715, 12.9356, 108.795, 6.53452, 1.57079, 11.1212, 0.804087, 0.659238, 0.687419], "InfeasibleNodes": 0, "ElapsedTimeCoeffs": 0, "LinearizationTime": 0.0596857, "NumberOfVariables": 5, "CallsToLinearSolver": 41, "LinearGenerationTime": 0.949266, "SDPCutsGenerationTime": 0, "CallsToNonLinearSolver": 8, "StrongBranchingExtraTime": 90.8409, "ElapsedTimeWeightedCoeffs": 0, "NodesDiscardedByFathoming": 0, "NodesDiscardedByTolerance": 21, "BoundFactorConstraintsTime": 1.71728, "ElapsedTimeVarsInConstraints": 0.000057381, "meanBTRelativeChangeRootNode": 0, "NumberOfBoundFactorConstraints": 1374, "NumberOfLAPACKConvergenceFailures": 0, "NumberOfRLTVariablesAfterLinearization": 363}