{"Itbt": 0, "Pace": 0.00121484, "Depth": 13, "Degree": 7, "RPSTime": 1.84032, "FBBTTime": 0, "OBBTTime": 0, "TotalTime": 10.4061, "Iterations": 58, "LinearTime": 1.795, "LowerBound": 89.0126, "TimeVector": [0.520121, 0.675353, 0.821391, 0.971428, 1.11067, 1.25925, 1.40237, 1.55235, 1.68054, 1.83375, 1.99087, 2.12937, 2.26688, 2.40525, 2.53945, 2.71218, 2.84841, 2.99748, 3.14546, 3.30558, 3.47364, 3.61132, 3.759, 3.92814, 4.07873, 4.90482, 5.04214, 5.19601, 5.35717, 5.50736, 5.64152, 5.79129, 5.93812, 6.10937, 6.24436, 6.40176, 6.58098, 6.7273, 7.24929, 7.42482, 7.60716, 7.75341, 7.91894, 8.09044, 8.24578, 8.41217, 8.58504, 8.7502, 8.90795, 9.07428, 9.24659, 9.41875, 9.58607, 9.75312, 9.90576, 10.0805, 10.2351, 20.6413], "UpperBound": 89.0765, "rootBTTime": 0, "LowerBounds": {"1": -1938.62, "2": -790.104, "3": -168.948, "4": -99.9923, "5": -95.2526, "6": -56.4362, "7": -47.1343, "8": -20.0668, "9": -18.4927, "10": -8.08055, "11": 10.7755, "12": 14.3746, "13": 16.3571, "14": 23.1456, "15": 23.5874, "16": 31.6028, "17": 35.6702, "18": 39.1015, "19": 40.3621, "20": 41.8478, "21": 42.8354, "22": 46.0453, "23": 46.0994, "24": 54.5276, "25": 54.5366, "26": 56.1559, "27": 59.9249, "28": 60.7548, "29": 62.1321, "30": 63.198, "31": 64.2523, "32": 67.6875, "33": 71.6513, "34": 73.3315, "35": 73.4647, "36": 74.2, "37": 75.3169, "38": 76.8837, "39": 76.8888, "40": 78.4412, "41": 79.7349, "42": 79.8873, "43": 81.0164, "44": 83.0046, "45": 84.6314, "46": 84.7936, "47": 85.1498, "48": 85.8154, "49": 86.1569, "50": 86.6344, "51": 86.8132, "52": 87.6514, "53": 87.8968, "54": 88.1061, "55": 88.4046, "56": 88.7855, "57": 88.8916, "58": 89.0126}, "SolveResult": 0, "UpperBounds": {"1": 179769000000000000000000000000000000000000000000000000000000000000000000000000000000000000000000000000000000000000000000000000000000000000000000000000000000000000000000000000000000000000000000000000000000000000000000000000000000000000000000000000000000000000000000000000000000000000000000000000000000000000000, "2": 89.0765}, "MaxQueueSize": 12, "VisitedNodes": 117, "BranchingVars": [4, 2, 1, 2, 3, 4, 4, 2, 2, 4, 4, 4, 4, 4, 4, 0, 3, 3, 0, 1, 0, 0, 0, 0, 3, 0, 0, 0, 0, 4, 0, 0, 0, 3, 0, 3, 4, 0, 0, 4, 3, 0, 4, 3, 0, 3, 0, 0, 2, 0, 2, 0, 1, 0, 0, 4, 3, 4], "NonLinearTime": 0.33174, "OptimalityGap": 0.0638417, "BranchingRules": ["sum_dual_weighted_plus1_rel", "sum_dual_weighted_plus1_rel", "sum_dual_weighted_plus1_rel", "sum_dual_weighted_plus1_rel", "sum_dual_weighted_plus1_rel", "sum_dual_weighted_plus1_rel", "sum_dual_weighted_plus1_rel", "sum_dual_weighted_plus1_rel", "sum_dual_weighted_plus1_rel", "sum_dual_weighted_plus1_rel", "sum_dual_weighted_plus1_rel", "sum_dual_weighted_plus1_rel", "sum_dual_weighted_plus1_rel", "sum_dual_weighted_plus1_rel", "sum_dual_weighted_plus1_rel", "sum_dual_weighted_plus1_rel", "sum_dual_weighted_plus1_rel", "sum_dual_weighted_plus1_rel", "sum_dual_weighted_plus1_rel", "sum_dual_weighted_plus1_rel", "sum_dual_weighted_plus1_rel", "sum_dual_weighted_plus1_rel", "sum_dual_weighted_plus1_rel", "sum_dual_weighted_plus1_rel", "sum_dual_weighted_plus1_rel", "sum_dual_weighted_plus1_rel", "sum_dual_weighted_plus1_rel", "sum_dual_weighted_plus1_rel", "sum_dual_weighted_plus1_rel", "sum_dual_weighted_plus1_rel", "sum_dual_weighted_plus1_rel", "sum_dual_weighted_plus1_rel", "sum_dual_weighted_plus1_rel", "sum_dual_weighted_plus1_rel", "sum_dual_weighted_plus1_rel", "sum_dual_weighted_plus1_rel", "sum_dual_weighted_plus1_rel", "sum_dual_weighted_plus1_rel", "sum_dual_weighted_plus1_rel", "sum_dual_weighted_plus1_rel", "sum_dual_weighted_plus1_rel", "sum_dual_weighted_plus1_rel", "sum_dual_weighted_plus1_rel", "sum_dual_weighted_plus1_rel", "sum_dual_weighted_plus1_rel", "sum_dual_weighted_plus1_rel", "sum_dual_weighted_plus1_rel", "sum_dual_weighted_plus1_rel", "sum_dual_weighted_plus1_rel", "sum_dual_weighted_plus1_rel", "sum_dual_weighted_plus1_rel", "sum_dual_weighted_plus1_rel", "sum_dual_weighted_plus1_rel", "sum_dual_weighted_plus1_rel", "sum_dual_weighted_plus1_rel", "sum_dual_weighted_plus1_rel", "sum_dual_weighted_plus1_rel", "sum_dual_weighted_plus1_rel"], "LBImprovements": [1148.51, 10000000000.0, 68.9558, 43.5561, 75.1858, 48.3557, 57.9098, 34.4414, 41.6383, 39.6834, 43.7611, 31.7248, 26.4783, 18.7022, 16.7747, 62.661, 10000000000.0, 25.1508, 15.7938, 12.6798, 28.8159, 21.6422, 14.6553, 20.7893, 22.3471, 10000000000.0, 10000000000.0, 19.1325, 11.1995, 13.6909, 10000000000.0, 21.2041, 10000000000.0, 5.10968, 10000000000.0, 6.81645, 4.41798, 10000000000.0, 10000000000.0, 6.3524, 5.41494, 10000000000.0, 3.61502, 9.96254, 10000000000.0, 2.01957, 5.09741, 10000000000.0, 10000000000.0, 8.02024, 1.08365, 3.37824, 0.888684, 1.44016, 10000000000.0, 0.227115, 10000000000.0, 0.249688], "InfeasibleNodes": 43, "ElapsedTimeCoeffs": 0, "LinearizationTime": 0.00224771, "NumberOfVariables": 5, "CallsToLinearSolver": 117, "LinearGenerationTime": 0.217401, "SDPCutsGenerationTime": 0, "CallsToNonLinearSolver": 9, "StrongBranchingExtraTime": 7.94288, "ElapsedTimeWeightedCoeffs": 0, "NodesDiscardedByFathoming": 0, "NodesDiscardedByTolerance": 16, "BoundFactorConstraintsTime": 0.246656, "ElapsedTimeVarsInConstraints": 0.000020116, "meanBTRelativeChangeRootNode": 0, "NumberOfBoundFactorConstraints": 147, "NumberOfLAPACKConvergenceFailures": 0, "NumberOfRLTVariablesAfterLinearization": 86}