{"Itbt": 0, "Pace": 0.0154826, "Depth": 11, "Degree": 7, "RPSTime": 178.057, "FBBTTime": 0, "OBBTTime": 0, "TotalTime": 976.086, "Iterations": 46, "LinearTime": 129.083, "LowerBound": 22218.7, "TimeVector": [11.2571, 21.394, 34.6166, 47.2264, 60.4388, 75.6849, 87.8771, 100.696, 116.982, 133.844, 150.744, 167.445, 189.365, 209.304, 229.058, 252.712, 278.833, 294.668, 312.379, 335.761, 360.715, 385.517, 400.41, 418.947, 442.022, 463.529, 485.994, 517.118, 534.997, 558.541, 586.692, 615.507, 645.007, 671.886, 691.324, 712.466, 748.206, 771.231, 784.254, 798.685, 831.01, 849.034, 877.032, 913.992, 944.999, 976.086], "UpperBound": 22239.4, "rootBTTime": 0, "LowerBounds": {"1": 11882.9, "2": 14472.7, "3": 16611, "4": 16694.5, "5": 18223.8, "6": 19351.4, "7": 19827.6, "8": 19902, "9": 20171.8, "10": 20274, "11": 20414.9, "12": 20793, "13": 21048.9, "14": 21233.4, "15": 21266.4, "16": 21423.2, "17": 21523.2, "18": 21524.6, "19": 21652.6, "20": 21726.9, "21": 21800, "22": 21823.3, "23": 21833.1, "24": 21835.5, "25": 21896.3, "26": 21960.8, "27": 21971.5, "28": 21999.7, "29": 22017.9, "30": 22036.8, "31": 22056.4, "32": 22062.4, "33": 22078.9, "34": 22084.2, "35": 22088.9, "36": 22150.9, "37": 22166.9, "38": 22167.4, "39": 22172.5, "40": 22172.8, "41": 22178.6, "42": 22188.6, "43": 22196.6, "44": 22205.8, "45": 22213, "46": 22218.7}, "SolveResult": 0, "UpperBounds": {"1": 22239.4}, "MaxQueueSize": 18, "VisitedNodes": 93, "BranchingVars": [1, 2, 2, 4, 0, 4, 4, 0, 4, 2, 0, 0, 2, 0, 2, 3, 1, 4, 0, 3, 3, 4, 0, 3, 3, 2, 1, 0, 2, 0, 4, 0, 3, 1, 0, 1, 1, 1, 1, 0, 1, 1, 1, 1, 4, 1], "NonLinearTime": 0.244682, "OptimalityGap": 20.7422, "BranchingRules": ["sum_rescaled_var_range_weighted_rel", "sum_rescaled_var_range_weighted_rel", "sum_rescaled_var_range_weighted_rel", "sum_rescaled_var_range_weighted_rel", "sum_rescaled_var_range_weighted_rel", "sum_rescaled_var_range_weighted_rel", "sum_rescaled_var_range_weighted_rel", "sum_rescaled_var_range_weighted_rel", "sum_rescaled_var_range_weighted_rel", "sum_rescaled_var_range_weighted_rel", "sum_rescaled_var_range_weighted_rel", "sum_rescaled_var_range_weighted_rel", "sum_rescaled_var_range_weighted_rel", "sum_rescaled_var_range_weighted_rel", "sum_rescaled_var_range_weighted_rel", "sum_rescaled_var_range_weighted_rel", "sum_rescaled_var_range_weighted_rel", "sum_rescaled_var_range_weighted_rel", "sum_rescaled_var_range_weighted_rel", "sum_rescaled_var_range_weighted_rel", "sum_rescaled_var_range_weighted_rel", "sum_rescaled_var_range_weighted_rel", "sum_rescaled_var_range_weighted_rel", "sum_rescaled_var_range_weighted_rel", "sum_rescaled_var_range_weighted_rel", "sum_rescaled_var_range_weighted_rel", "sum_rescaled_var_range_weighted_rel", "sum_rescaled_var_range_weighted_rel", "sum_rescaled_var_range_weighted_rel", "sum_rescaled_var_range_weighted_rel", "sum_rescaled_var_range_weighted_rel", "sum_rescaled_var_range_weighted_rel", "sum_rescaled_var_range_weighted_rel", "sum_rescaled_var_range_weighted_rel", "sum_rescaled_var_range_weighted_rel", "sum_rescaled_var_range_weighted_rel", "sum_rescaled_var_range_weighted_rel", "sum_rescaled_var_range_weighted_rel", "sum_rescaled_var_range_weighted_rel", "sum_rescaled_var_range_weighted_rel", "sum_rescaled_var_range_weighted_rel", "sum_rescaled_var_range_weighted_rel", "sum_rescaled_var_range_weighted_rel", "sum_rescaled_var_range_weighted_rel", "sum_rescaled_var_range_weighted_rel", "sum_rescaled_var_range_weighted_rel"], "LBImprovements": [2589.85, 2221.82, 3216.6, 3207.46, 1127.58, 922.663, 2005.54, 2270.53, 2119.65, 959.33, 633.996, 473.368, 474.334, 602.185, 533.638, 548.348, 300.093, 436.152, 498.297, 309.923, 597.752, 176.311, 844.914, 522.533, 457.794, 424.012, 404.327, 167.254, 230.238, 330.1, 308.913, 267.613, 291.303, 142.649, 1785.16, 97.4506, 38.9152, 498.125, 1824.92, 1388.64, 17.9566, 10000000000.0, 16.3999, 18.2161, 2.11496, 20.648], "InfeasibleNodes": 4, "ElapsedTimeCoeffs": 0, "LinearizationTime": 0.387006, "NumberOfVariables": 5, "CallsToLinearSolver": 93, "LinearGenerationTime": 11.2714, "SDPCutsGenerationTime": 0, "CallsToNonLinearSolver": 9, "StrongBranchingExtraTime": 816.061, "ElapsedTimeWeightedCoeffs": 0, "NodesDiscardedByFathoming": 0, "NodesDiscardedByTolerance": 43, "BoundFactorConstraintsTime": 24.848, "ElapsedTimeVarsInConstraints": 0.000149841, "meanBTRelativeChangeRootNode": 0, "NumberOfBoundFactorConstraints": 5631, "NumberOfLAPACKConvergenceFailures": 0, "NumberOfRLTVariablesAfterLinearization": 615}