{"Itbt": 0, "Pace": 0.0209837, "Depth": 14, "Degree": 7, "RPSTime": 5.09064, "FBBTTime": 0, "OBBTTime": 0, "TotalTime": 23.2654, "Iterations": 129, "LinearTime": 3.0607, "LowerBound": 349.582, "TimeVector": [0.394335, 0.573934, 0.767449, 0.948815, 1.12678, 1.31084, 1.49013, 1.65453, 1.82076, 1.98752, 2.15754, 2.32602, 2.4794, 2.65656, 2.81588, 2.99927, 3.16377, 3.32891, 3.50769, 3.67511, 3.85661, 4.02135, 4.18813, 4.35848, 4.51964, 4.70808, 4.86685, 5.04365, 5.20428, 5.36802, 5.51294, 5.69666, 5.86811, 6.02739, 6.18926, 6.36715, 6.53018, 6.697, 6.85742, 7.02899, 7.18498, 7.34937, 7.49318, 7.65006, 7.83264, 8.00926, 8.17599, 8.3392, 8.52479, 8.68646, 8.85151, 9.02253, 9.18985, 9.36994, 9.54303, 9.70824, 9.87314, 10.0325, 10.2027, 10.3847, 10.5543, 10.7267, 10.9011, 11.0659, 11.2319, 11.4064, 11.5786, 11.756, 11.9049, 12.0707, 12.2309, 12.409, 12.6001, 12.753, 12.927, 13.1077, 13.2668, 13.5363, 13.7208, 13.8962, 14.0782, 14.244, 14.4207, 14.591, 14.7838, 14.9476, 15.1119, 15.2863, 15.4673, 15.6102, 15.8354, 16.0222, 16.1927, 16.5009, 16.6703, 16.8377, 17.014, 17.1743, 17.3471, 17.5116, 17.7017, 17.87, 18.0399, 18.2512, 18.6944, 18.9054, 19.0914, 19.2762, 19.4566, 19.6338, 19.8219, 20.0097, 20.1905, 20.3788, 20.5629, 20.7422, 20.9328, 21.1244, 21.313, 21.5018, 21.6829, 21.8642, 22.0967, 22.2989, 22.5112, 22.7006, 22.8955, 23.0905, 46.3559], "UpperBound": 349.925, "rootBTTime": 0, "LowerBounds": {"1": 152.374, "2": 191.977, "3": 210.473, "4": 248.448, "5": 249.789, "6": 251.377, "7": 275.911, "8": 276.949, "9": 279.567, "10": 283.857, "11": 285.584, "12": 288.538, "13": 298.406, "14": 302.512, "15": 311.082, "16": 311.588, "17": 313.774, "18": 316.173, "19": 317.551, "20": 322.588, "21": 322.598, "22": 323.453, "23": 323.587, "24": 324.919, "25": 326.163, "26": 326.525, "27": 327.067, "28": 327.158, "29": 328.888, "30": 329.323, "31": 331.215, "32": 333.022, "33": 333.241, "34": 333.579, "35": 334.123, "36": 335.619, "37": 335.887, "38": 336.45, "39": 336.467, "40": 337.034, "41": 337.721, "42": 337.754, "43": 337.771, "44": 337.96, "45": 338.113, "46": 340.372, "47": 341.543, "48": 341.806, "49": 341.823, "50": 342.09, "51": 342.24, "52": 343.386, "53": 343.522, "54": 343.829, "55": 343.869, "56": 343.901, "57": 344.058, "58": 344.409, "59": 344.772, "60": 345.001, "61": 345.048, "62": 345.257, "63": 345.38, "64": 345.412, "65": 345.664, "66": 345.682, "67": 345.763, "68": 345.921, "69": 346.073, "70": 346.098, "71": 346.137, "72": 346.141, "73": 346.582, "74": 346.781, "75": 347.028, "76": 347.139, "77": 347.183, "78": 347.269, "79": 347.369, "80": 347.451, "81": 347.589, "82": 347.619, "83": 347.732, "84": 347.79, "85": 347.886, "86": 347.892, "87": 347.914, "88": 348.057, "89": 348.124, "90": 348.231, "91": 348.253, "92": 348.31, "93": 348.368, "94": 348.404, "95": 348.494, "96": 348.505, "97": 348.552, "98": 348.588, "99": 348.609, "100": 348.683, "101": 348.7, "102": 348.811, "103": 348.838, "104": 349.026, "105": 349.036, "106": 349.128, "107": 349.131, "109": 349.138, "110": 349.161, "111": 349.194, "112": 349.221, "113": 349.232, "114": 349.262, "115": 349.369, "116": 349.37, "117": 349.388, "118": 349.407, "119": 349.422, "120": 349.427, "121": 349.431, "122": 349.443, "123": 349.492, "124": 349.512, "125": 349.532, "127": 349.538, "128": 349.559, "129": 349.582}, "SolveResult": 0, "UpperBounds": {"1": 349.925}, "MaxQueueSize": 26, "VisitedNodes": 259, "BranchingVars": [2, 0, 0, 1, 1, 1, 2, 1, 4, 4, 4, 3, 4, 3, 0, 2, 1, 1, 3, 4, 3, 0, 3, 4, 1, 0, 0, 2, 3, 0, 4, 1, 0, 3, 4, 2, 2, 2, 1, 0, 4, 1, 0, 0, 3, 3, 1, 0, 2, 1, 4, 2, 1, 4, 2, 2, 1, 3, 3, 1, 1, 2, 3, 4, 2, 4, 0, 2, 4, 3, 3, 3, 4, 0, 3, 2, 4, 4, 4, 2, 4, 1, 2, 2, 3, 3, 3, 0, 3, 0, 0, 4, 2, 1, 2, 2, 3, 1, 2, 0, 1, 0, 1, 0, 0, 0, 3, 2, 0, 0, 2, 0, 4, 3, 2, 1, 2, 2, 2, 2, 2, 0, 4, 0, 2, 1, 2, 4, 4], "NonLinearTime": 0.232945, "OptimalityGap": 0.343303, "BranchingRules": ["sum_dual_weighted_plus1_rel", "sum_dual_weighted_plus1_rel", "sum_dual_weighted_plus1_rel", "sum_dual_weighted_plus1_rel", "sum_dual_weighted_plus1_rel", "sum_dual_weighted_plus1_rel", "sum_dual_weighted_plus1_rel", "sum_dual_weighted_plus1_rel", "sum_dual_weighted_plus1_rel", "sum_dual_weighted_plus1_rel", "sum_dual_weighted_plus1_rel", "sum_dual_weighted_plus1_rel", "sum_dual_weighted_plus1_rel", "sum_dual_weighted_plus1_rel", "sum_dual_weighted_plus1_rel", "sum_dual_weighted_plus1_rel", "sum_dual_weighted_plus1_rel", "sum_dual_weighted_plus1_rel", "sum_dual_weighted_plus1_rel", "sum_dual_weighted_plus1_rel", "sum_dual_weighted_plus1_rel", "sum_dual_weighted_plus1_rel", "sum_dual_weighted_plus1_rel", "sum_dual_weighted_plus1_rel", "sum_dual_weighted_plus1_rel", "sum_dual_weighted_plus1_rel", "sum_dual_weighted_plus1_rel", "sum_dual_weighted_plus1_rel", "sum_dual_weighted_plus1_rel", "sum_dual_weighted_plus1_rel", "sum_dual_weighted_plus1_rel", "sum_dual_weighted_plus1_rel", "sum_dual_weighted_plus1_rel", "sum_dual_weighted_plus1_rel", "sum_dual_weighted_plus1_rel", "sum_dual_weighted_plus1_rel", "sum_dual_weighted_plus1_rel", "sum_dual_weighted_plus1_rel", "sum_dual_weighted_plus1_rel", "sum_dual_weighted_plus1_rel", "sum_dual_weighted_plus1_rel", "sum_dual_weighted_plus1_rel", "sum_dual_weighted_plus1_rel", "sum_dual_weighted_plus1_rel", "sum_dual_weighted_plus1_rel", "sum_dual_weighted_plus1_rel", "sum_dual_weighted_plus1_rel", "sum_dual_weighted_plus1_rel", "sum_dual_weighted_plus1_rel", "sum_dual_weighted_plus1_rel", "sum_dual_weighted_plus1_rel", "sum_dual_weighted_plus1_rel", "sum_dual_weighted_plus1_rel", "sum_dual_weighted_plus1_rel", "sum_dual_weighted_plus1_rel", "sum_dual_weighted_plus1_rel", "sum_dual_weighted_plus1_rel", "sum_dual_weighted_plus1_rel", "sum_dual_weighted_plus1_rel", "sum_dual_weighted_plus1_rel", "sum_dual_weighted_plus1_rel", "sum_dual_weighted_plus1_rel", "sum_dual_weighted_plus1_rel", "sum_dual_weighted_plus1_rel", "sum_dual_weighted_plus1_rel", "sum_dual_weighted_plus1_rel", "sum_dual_weighted_plus1_rel", "sum_dual_weighted_plus1_rel", "sum_dual_weighted_plus1_rel", "sum_dual_weighted_plus1_rel", "sum_dual_weighted_plus1_rel", "sum_dual_weighted_plus1_rel", "sum_dual_weighted_plus1_rel", "sum_dual_weighted_plus1_rel", "sum_dual_weighted_plus1_rel", "sum_dual_weighted_plus1_rel", "sum_dual_weighted_plus1_rel", "sum_dual_weighted_plus1_rel", "sum_dual_weighted_plus1_rel", "sum_dual_weighted_plus1_rel", "sum_dual_weighted_plus1_rel", "sum_dual_weighted_plus1_rel", "sum_dual_weighted_plus1_rel", "sum_dual_weighted_plus1_rel", "sum_dual_weighted_plus1_rel", "sum_dual_weighted_plus1_rel", "sum_dual_weighted_plus1_rel", "sum_dual_weighted_plus1_rel", "sum_dual_weighted_plus1_rel", "sum_dual_weighted_plus1_rel", "sum_dual_weighted_plus1_rel", "sum_dual_weighted_plus1_rel", "sum_dual_weighted_plus1_rel", "sum_dual_weighted_plus1_rel", "sum_dual_weighted_plus1_rel", "sum_dual_weighted_plus1_rel", "sum_dual_weighted_plus1_rel", "sum_dual_weighted_plus1_rel", "sum_dual_weighted_plus1_rel", "sum_dual_weighted_plus1_rel", "sum_dual_weighted_plus1_rel", "sum_dual_weighted_plus1_rel", "sum_dual_weighted_plus1_rel", "sum_dual_weighted_plus1_rel", "sum_dual_weighted_plus1_rel", "sum_dual_weighted_plus1_rel", "sum_dual_weighted_plus1_rel", "sum_dual_weighted_plus1_rel", "sum_dual_weighted_plus1_rel", "sum_dual_weighted_plus1_rel", "sum_dual_weighted_plus1_rel", "sum_dual_weighted_plus1_rel", "sum_dual_weighted_plus1_rel", "sum_dual_weighted_plus1_rel", "sum_dual_weighted_plus1_rel", "sum_dual_weighted_plus1_rel", "sum_dual_weighted_plus1_rel", "sum_dual_weighted_plus1_rel", "sum_dual_weighted_plus1_rel", "sum_dual_weighted_plus1_rel", "sum_dual_weighted_plus1_rel", "sum_dual_weighted_plus1_rel", "sum_dual_weighted_plus1_rel", "sum_dual_weighted_plus1_rel", "sum_dual_weighted_plus1_rel", "sum_dual_weighted_plus1_rel", "sum_dual_weighted_plus1_rel", "sum_dual_weighted_plus1_rel", "sum_dual_weighted_plus1_rel"],