{"Itbt": 0, "Pace": 0.0312438, "Depth": 12, "Degree": 5, "RPSTime": 1.06694, "FBBTTime": 0, "OBBTTime": 0, "TotalTime": 15.5583, "Iterations": 49, "LinearTime": 14.3929, "LowerBound": 954.121, "TimeVector": [0.482845, 0.791483, 1.14674, 1.45095, 1.82711, 2.13573, 2.50515, 2.8572, 3.14624, 3.45126, 3.75275, 4.05919, 4.32509, 4.6796, 4.98868, 5.26325, 5.53952, 5.84704, 6.18837, 6.4888, 6.83038, 7.10109, 7.46401, 7.76355, 8.03569, 8.40275, 8.75426, 9.03933, 9.3532, 9.68545, 9.98129, 10.2671, 10.5567, 10.8403, 11.1249, 11.4322, 11.7201, 12.0327, 12.3567, 12.7244, 13.0261, 13.3152, 13.6199, 13.9664, 14.2742, 14.6045, 14.931, 15.2401, 30.7984], "UpperBound": 954.989, "rootBTTime": 0, "LowerBounds": {"1": 456.158, "2": 578.37, "3": 692.072, "4": 704.528, "5": 747.234, "6": 762.32, "7": 782.282, "8": 785.604, "9": 820.466, "10": 833.643, "11": 834.203, "12": 841.631, "13": 865.933, "14": 867.676, "15": 871.563, "16": 879.947, "17": 884.366, "18": 888.351, "19": 889.566, "20": 892.296, "21": 893.979, "22": 894.388, "23": 905.209, "24": 906.269, "25": 906.761, "26": 906.918, "27": 924.323, "28": 933.11, "29": 937.978, "30": 940.844, "31": 941.131, "32": 943.803, "33": 945.928, "34": 945.934, "35": 948.869, "36": 949.228, "37": 949.704, "38": 949.819, "39": 950.013, "40": 950.622, "41": 952.187, "42": 952.244, "43": 952.302, "44": 952.453, "45": 952.467, "46": 953.221, "47": 953.4, "48": 953.764, "49": 954.121}, "SolveResult": 0, "UpperBounds": {"1": 954.989}, "MaxQueueSize": 13, "VisitedNodes": 99, "BranchingVars": [1, 2, 0, 0, 7, 2, 5, 0, 2, 5, 7, 5, 5, 6, 5, 6, 6, 6, 6, 0, 0, 6, 2, 0, 0, 6, 7, 1, 7, 1, 7, 2, 0, 0, 1, 0, 0, 7, 0, 3, 7, 6, 2, 7, 2, 3, 5, 1, 6], "NonLinearTime": 0.0984049, "OptimalityGap": 0.867631, "BranchingRules": ["sum_dual_weighted_plus1_rel", "sum_dual_weighted_plus1_rel", "sum_dual_weighted_plus1_rel", "sum_dual_weighted_plus1_rel", "sum_dual_weighted_plus1_rel", "sum_dual_weighted_plus1_rel", "sum_dual_weighted_plus1_rel", "sum_dual_weighted_plus1_rel", "sum_dual_weighted_plus1_rel", "sum_dual_weighted_plus1_rel", "sum_dual_weighted_plus1_rel", "sum_dual_weighted_plus1_rel", "sum_dual_weighted_plus1_rel", "sum_dual_weighted_plus1_rel", "sum_dual_weighted_plus1_rel", "sum_dual_weighted_plus1_rel", "sum_dual_weighted_plus1_rel", "sum_dual_weighted_plus1_rel", "sum_dual_weighted_plus1_rel", "sum_dual_weighted_plus1_rel", "sum_dual_weighted_plus1_rel", "sum_dual_weighted_plus1_rel", "sum_dual_weighted_plus1_rel", "sum_dual_weighted_plus1_rel", "sum_dual_weighted_plus1_rel", "sum_dual_weighted_plus1_rel", "sum_dual_weighted_plus1_rel", "sum_dual_weighted_plus1_rel", "sum_dual_weighted_plus1_rel", "sum_dual_weighted_plus1_rel", "sum_dual_weighted_plus1_rel", "sum_dual_weighted_plus1_rel", "sum_dual_weighted_plus1_rel", "sum_dual_weighted_plus1_rel", "sum_dual_weighted_plus1_rel", "sum_dual_weighted_plus1_rel", "sum_dual_weighted_plus1_rel", "sum_dual_weighted_plus1_rel", "sum_dual_weighted_plus1_rel", "sum_dual_weighted_plus1_rel", "sum_dual_weighted_plus1_rel", "sum_dual_weighted_plus1_rel", "sum_dual_weighted_plus1_rel", "sum_dual_weighted_plus1_rel", "sum_dual_weighted_plus1_rel", "sum_dual_weighted_plus1_rel", "sum_dual_weighted_plus1_rel", "sum_dual_weighted_plus1_rel", "sum_dual_weighted_plus1_rel"], "LBImprovements": [122.212, 126.158, 55.1619, 129.675, 15.0857, 71.3232, 38.1843, 138.719, 73.9215, 46.3047, 31.73, 46.7199, 40.3363, 146.413, 20.7332, 53.1629, 65.3376, 52.4929, 71.0592, 51.5074, 75.6669, 89.5271, 109.748, 76.9307, 57.323, 67.9553, 81.2524, 4.86807, 7.94958, 9.77749, 8.0967, 16.7697, 8.25352, 3.88498, 6.26581, 3.07438, 8.30194, 2.42449, 4.77289, 1.8317, 1.7764, 1.15643, 1.81873, 7.99333, 1.98298, 2.08619, 0.93362, 0.607119, 1.46619], "InfeasibleNodes": 1, "ElapsedTimeCoeffs": 0, "LinearizationTime": 0.0258639, "NumberOfVariables": 8, "CallsToLinearSolver": 99, "LinearGenerationTime": 0.525179, "SDPCutsGenerationTime": 0, "CallsToNonLinearSolver": 9, "StrongBranchingExtraTime": 0, "ElapsedTimeWeightedCoeffs": 0, "NodesDiscardedByFathoming": 0, "NodesDiscardedByTolerance": 49, "BoundFactorConstraintsTime": 0.869916, "ElapsedTimeVarsInConstraints": 0.000064423, "meanBTRelativeChangeRootNode": 0, "NumberOfBoundFactorConstraints": 974, "NumberOfLAPACKConvergenceFailures": 0, "NumberOfRLTVariablesAfterLinearization": 301}