{"Itbt": 0, "Pace": 0.0656566, "Depth": 9, "Degree": 6, "RPSTime": 400.554, "FBBTTime": 0, "OBBTTime": 0, "TotalTime": 2326.96, "Iterations": 53, "LinearTime": 292.362, "LowerBound": 36907.6, "TimeVector": [28.827, 50.2009, 79.4288, 113.28, 136.047, 162.834, 200.042, 248.377, 295.399, 330.165, 351.759, 400.772, 424.784, 463.936, 506.699, 531.404, 571.472, 630.648, 668.734, 703.139, 734.765, 776.526, 820.067, 871.266, 905.797, 951.767, 1000.31, 1052.87, 1081.64, 1123.22, 1176.98, 1232.86, 1295.4, 1346.31, 1410.95, 1456.84, 1519.9, 1559.71, 1609.35, 1649.57, 1693.44, 1719.51, 1787.01, 1846.29, 1910.1, 1940.49, 1998.78, 2076.09, 2110.18, 2152.73, 2220.49, 2283.67, 2326.96], "UpperBound": 36936.3, "rootBTTime": 0, "LowerBounds": {"1": 31561.8, "2": 32629.6, "3": 33707.1, "4": 34010, "5": 34347.5, "6": 34467.6, "7": 34550, "8": 34836.2, "9": 34949.9, "10": 35118.9, "11": 35124.7, "12": 35151.7, "13": 35194.3, "14": 35523.6, "15": 35540.9, "16": 35550.7, "17": 35712.4, "18": 35737.5, "19": 35744, "20": 35747.4, "21": 35843.5, "22": 35895, "23": 35897.8, "24": 36017.4, "25": 36022.8, "26": 36094.5, "27": 36194.3, "28": 36228.5, "29": 36248.1, "30": 36288.1, "31": 36351.1, "32": 36440, "33": 36502.6, "34": 36515.6, "35": 36556.2, "36": 36557.5, "37": 36569.1, "38": 36593.8, "39": 36602.2, "40": 36627.9, "41": 36665, "42": 36709.8, "43": 36786.4, "44": 36792.4, "45": 36798, "46": 36798.3, "47": 36843.5, "48": 36863.3, "49": 36863.8, "50": 36865, "51": 36867.8, "52": 36868.3, "53": 36907.6}, "SolveResult": 0, "UpperBounds": {"1": 36936.3}, "MaxQueueSize": 17, "VisitedNodes": 107, "BranchingVars": [2, 2, 2, 0, 0, 3, 5, 1, 1, 1, 4, 0, 2, 5, 4, 5, 3, 0, 3, 3, 4, 3, 4, 1, 1, 4, 0, 3, 0, 5, 4, 1, 3, 3, 4, 3, 0, 1, 3, 2, 4, 5, 4, 0, 0, 3, 1, 0, 4, 4, 3, 1, 0], "NonLinearTime": 0.426358, "OptimalityGap": 28.6886, "BranchingRules": ["eigen_cen_alternative_rel", "eigen_cen_alternative_rel", "eigen_cen_alternative_rel", "eigen_cen_alternative_rel", "eigen_cen_alternative_rel", "eigen_cen_alternative_rel", "eigen_cen_alternative_rel", "eigen_cen_alternative_rel", "eigen_cen_alternative_rel", "eigen_cen_alternative_rel", "eigen_cen_alternative_rel", "eigen_cen_alternative_rel", "eigen_cen_alternative_rel", "eigen_cen_alternative_rel", "eigen_cen_alternative_rel", "eigen_cen_alternative_rel", "eigen_cen_alternative_rel", "eigen_cen_alternative_rel", "eigen_cen_alternative_rel", "eigen_cen_alternative_rel", "eigen_cen_alternative_rel", "eigen_cen_alternative_rel", "eigen_cen_alternative_rel", "eigen_cen_alternative_rel", "eigen_cen_alternative_rel", "eigen_cen_alternative_rel", "eigen_cen_alternative_rel", "eigen_cen_alternative_rel", "eigen_cen_alternative_rel", "eigen_cen_alternative_rel", "eigen_cen_alternative_rel", "eigen_cen_alternative_rel", "eigen_cen_alternative_rel", "eigen_cen_alternative_rel", "eigen_cen_alternative_rel", "eigen_cen_alternative_rel", "eigen_cen_alternative_rel", "eigen_cen_alternative_rel", "eigen_cen_alternative_rel", "eigen_cen_alternative_rel", "eigen_cen_alternative_rel", "eigen_cen_alternative_rel", "eigen_cen_alternative_rel", "eigen_cen_alternative_rel", "eigen_cen_alternative_rel", "eigen_cen_alternative_rel", "eigen_cen_alternative_rel", "eigen_cen_alternative_rel", "eigen_cen_alternative_rel", "eigen_cen_alternative_rel", "eigen_cen_alternative_rel", "eigen_cen_alternative_rel", "eigen_cen_alternative_rel"], "LBImprovements": [1067.8, 1077.52, 760.495, 939.86, 1396.53, 657.033, 286.203, 704.705, 893.58, 593.469, 69.6117, 865.659, 356.421, 374.178, 354.094, 697.377, 638.748, 778.116, 1994.68, 1174.08, 954.793, 299.334, 542.234, 846.398, 534.708, 408.052, 669.03, 563.936, 461.751, 305.693, 217.978, 664.099, 614.672, 270.828, 311.566, 766.463, 274.436, 544.844, 599.292, 466.852, 474.483, 419.704, 11.583, 115.228, 134.113, 658.591, 66.0402, 57.704, 900.364, 265.285, 374.525, 163.536, 716.367], "InfeasibleNodes": 0, "ElapsedTimeCoeffs": 0, "LinearizationTime": 1.00847, "NumberOfVariables": 6, "CallsToLinearSolver": 107, "LinearGenerationTime": 15.7173, "SDPCutsGenerationTime": 0, "CallsToNonLinearSolver": 9, "StrongBranchingExtraTime": 1975.97, "ElapsedTimeWeightedCoeffs": 0, "NodesDiscardedByFathoming": 0, "NodesDiscardedByTolerance": 54, "BoundFactorConstraintsTime": 49.515, "ElapsedTimeVarsInConstraints": 0.000331826, "meanBTRelativeChangeRootNode": 0, "NumberOfBoundFactorConstraints": 12369, "NumberOfLAPACKConvergenceFailures": 0, "NumberOfRLTVariablesAfterLinearization": 916}