{"Itbt": 0, "Pace": 0.0251214, "Depth": 14, "Degree": 7, "RPSTime": 1.0537, "FBBTTime": 0, "OBBTTime": 0, "TotalTime": 4.95405, "Iterations": 158, "LinearTime": 3.80472, "LowerBound": 349.578, "TimeVector": [0.0647913, 0.0965906, 0.131969, 0.168515, 0.205701, 0.235597, 0.269065, 0.302705, 0.329996, 0.358344, 0.385744, 0.414805, 0.440397, 0.473227, 0.500606, 0.539747, 0.568848, 0.593466, 0.622151, 0.652499, 0.679446, 0.707677, 0.738187, 0.764648, 0.791964, 0.819981, 0.841091, 0.870645, 0.897492, 0.926302, 0.95829, 0.994298, 1.0231, 1.04782, 1.07535, 1.10111, 1.1293, 1.16001, 1.19202, 1.21976, 1.24672, 1.27981, 1.30626, 1.33239, 1.35784, 1.38896, 1.41246, 1.44159, 1.46684, 1.49417, 1.525, 1.55514, 1.58734, 1.61751, 1.64171, 1.67417, 1.70091, 1.72456, 1.75586, 1.78498, 1.81908, 1.84382, 1.87322, 1.908, 1.93536, 1.9626, 1.98795, 2.01411, 2.04552, 2.0778, 2.10587, 2.13631, 2.16639, 2.20206, 2.23481, 2.26332, 2.29353, 2.32284, 2.35187, 2.38105, 2.41445, 2.44192, 2.47466, 2.50316, 2.53136, 2.56309, 2.59247, 2.62291, 2.65316, 2.68379, 2.7112, 2.7399, 2.77278, 2.80129, 2.83016, 2.85754, 2.89, 2.91884, 2.94652, 2.97594, 3.00489, 3.03202, 3.06003, 3.08749, 3.11272, 3.14126, 3.17295, 3.2017, 3.23115, 3.26407, 3.29389, 3.32321, 3.35362, 3.38466, 3.41598, 3.44602, 3.47821, 3.50738, 3.53509, 3.57216, 3.60115, 3.62978, 3.65912, 3.68906, 3.74919, 3.77585, 3.80302, 3.88018, 3.91035, 3.93923, 4.02672, 4.06136, 4.08674, 4.12488, 4.15642, 4.18915, 4.23705, 4.27127, 4.30494, 4.33381, 4.36314, 4.39554, 4.42779, 4.46008, 4.49217, 4.53124, 4.56366, 4.5976, 4.62787, 4.66009, 4.6925, 4.74421, 4.77906, 4.81279, 4.84612, 4.88118, 4.91215, 9.8662], "UpperBound": 349.925, "rootBTTime": 0, "LowerBounds": {"1": 152.374, "2": 191.977, "3": 210.473, "4": 248.448, "5": 249.789, "6": 251.377, "7": 275.911, "8": 276.949, "9": 279.567, "10": 283.857, "11": 285.584, "12": 288.538, "13": 298.406, "14": 302.512, "15": 303.875, "16": 307.292, "17": 307.411, "18": 311.082, "19": 313.774, "20": 313.961, "21": 315.448, "22": 316.173, "23": 317.551, "24": 317.637, "25": 323.17, "26": 323.453, "27": 327.067, "28": 327.158, "29": 327.801, "30": 328.015, "31": 328.736, "32": 329.323, "33": 330.721, "34": 331.215, "35": 332.344, "36": 333.241, "37": 333.579, "38": 335.416, "39": 335.619, "40": 335.858, "41": 335.887, "42": 336.004, "43": 336.156, "44": 336.696, "45": 337.324, "46": 337.648, "47": 337.722, "48": 337.754, "49": 337.96, "50": 338.733, "51": 340.243, "52": 340.372, "53": 340.811, "54": 341.823, "55": 341.986, "56": 342.09, "57": 342.766, "58": 343.307, "59": 343.689, "60": 343.755, "61": 343.924, "62": 343.998, "63": 344.387, "64": 344.409, "65": 344.477, "66": 344.658, "67": 344.661, "68": 344.715, "69": 344.772, "70": 345.001, "71": 345.223, "72": 345.397, "73": 345.664, "74": 345.729, "75": 345.743, "76": 345.791, "77": 345.916, "78": 345.963, "79": 345.969, "80": 346.073, "81": 346.582, "82": 346.69, "83": 347.027, "84": 347.028, "85": 347.163, "86": 347.269, "87": 347.28, "88": 347.333, "89": 347.449, "90": 347.589, "91": 347.597, "92": 347.631, "93": 347.631, "94": 347.763, "95": 347.808, "96": 347.884, "97": 347.886, "98": 348.02, "99": 348.057, "100": 348.15, "101": 348.154, "102": 348.17, "103": 348.231, "104": 348.253, "105": 348.266, "106": 348.344, "107": 348.368, "108": 348.371, "109": 348.45, "110": 348.51, "111": 348.552, "112": 348.581, "113": 348.635, "114": 348.657, "115": 348.7, "116": 348.854, "117": 348.902, "118": 348.908, "119": 348.913, "120": 348.922, "121": 348.943, "122": 348.944, "123": 348.948, "124": 348.987, "125": 349.026, "126": 349.031, "127": 349.073, "128": 349.078, "129": 349.138, "130": 349.145, "131": 349.193, "132": 349.197, "133": 349.202, "134": 349.21, "135": 349.232, "136": 349.234, "137": 349.256, "138": 349.322, "139": 349.323, "140": 349.324, "141": 349.36, "142": 349.369, "143": 349.394, "144": 349.399, "145": 349.412, "146": 349.421, "147": 349.421, "148": 349.422, "149": 349.442, "150": 349.458, "151": 349.476, "152": 349.51, "153": 349.512, "154": 349.515, "155": 349.528, "156": 349.532, "157": 349.546, "158": 349.578}, "SolveResult": 0, "UpperBounds": {"1": 349.925}, "MaxQueueSize": 34, "VisitedNodes": 317, "BranchingVars": [2, 0, 0, 1, 1, 1, 3, 1, 4, 3, 4, 4, 4, 3, 3, 0, 3, 4, 3, 4, 1, 1, 3, 4, 0, 3, 0, 3, 0, 1, 4, 1, 0, 4, 1, 0, 3, 1, 2, 4, 2, 2, 1, 0, 0, 3, 0, 3, 0, 2, 3, 3, 2, 2, 4, 3, 4, 0, 1, 2, 1, 0, 2, 4, 1, 4, 4, 4, 3, 1, 2, 3, 2, 3, 3, 4, 3, 3, 1, 3, 4, 1, 3, 4, 1, 4, 2, 2, 1, 4, 1, 3, 3, 3, 4, 4, 3, 1, 0, 0, 0, 0, 1, 4, 0, 2, 2, 1, 4, 4, 3, 2, 2, 3, 1, 1, 2, 2, 4, 2, 3, 2, 3, 1, 2, 4, 1, 3, 4, 4, 4, 4, 0, 3, 4, 1, 4, 0, 2, 1, 4, 2, 2, 2, 4, 3, 2, 2, 4, 4, 2, 2, 4, 1, 2, 4, 2, 3], "NonLinearTime": 0.0955855, "OptimalityGap": 0.347298,