{"Itbt": 0, "Pace": 0.00999944, "Depth": 8, "Degree": 7, "RPSTime": 48.7004, "FBBTTime": 0, "OBBTTime": 0, "TotalTime": 208.23, "Iterations": 31, "LinearTime": 159.365, "LowerBound": 58806.9, "TimeVector": [6.59736, 11.0409, 14.5019, 18.5841, 23.3774, 28.161, 35.3009, 40.3904, 53.0263, 59.3421, 64.9382, 70.6289, 74.8423, 79.3446, 88.1442, 92.3504, 100.995, 109.944, 116.794, 124.719, 133.203, 138.61, 143.808, 150.736, 159.787, 165.799, 174.081, 182.257, 189.908, 201.154, 208.23], "UpperBound": 58859.1, "rootBTTime": 0, "LowerBounds": {"1": 37982.7, "2": 47722.7, "3": 49164.9, "4": 50240.1, "5": 51390.2, "6": 53441.8, "7": 53573.2, "8": 53844.1, "9": 56007.5, "10": 56050.6, "11": 56458.7, "12": 56584.3, "13": 56851.7, "14": 56859.2, "15": 57153.6, "16": 57282.9, "17": 57312.8, "18": 57689.2, "19": 57746.1, "20": 57856.6, "21": 58001.9, "22": 58131.8, "23": 58158, "24": 58221.9, "25": 58462.1, "26": 58635.7, "27": 58673.1, "28": 58674.2, "29": 58709.6, "30": 58731.6, "31": 58806.9}, "SolveResult": 0, "UpperBounds": {"1": 58859.1}, "MaxQueueSize": 11, "VisitedNodes": 63, "BranchingVars": [0, 1, 3, 3, 4, 4, 4, 1, 2, 1, 2, 2, 2, 3, 2, 1, 1, 1, 3, 1, 4, 1, 1, 2, 4, 2, 1, 4, 1, 4, 4], "NonLinearTime": 0.164888, "OptimalityGap": 52.1536, "BranchingRules": ["sum_rescaled_var_range_weighted", "sum_rescaled_var_range_weighted", "sum_rescaled_var_range_weighted", "sum_rescaled_var_range_weighted", "sum_rescaled_var_range_weighted", "sum_rescaled_var_range_weighted", "sum_rescaled_var_range_weighted", "sum_rescaled_var_range_weighted", "sum_rescaled_var_range_weighted", "sum_rescaled_var_range_weighted", "sum_rescaled_var_range_weighted", "sum_rescaled_var_range_weighted", "sum_rescaled_var_range_weighted", "sum_rescaled_var_range_weighted", "sum_rescaled_var_range_weighted", "sum_rescaled_var_range_weighted", "sum_rescaled_var_range_weighted", "sum_rescaled_var_range_weighted", "sum_rescaled_var_range_weighted", "sum_rescaled_var_range_weighted", "sum_rescaled_var_range_weighted", "sum_rescaled_var_range_weighted", "sum_rescaled_var_range_weighted", "sum_rescaled_var_range_weighted", "sum_rescaled_var_range_weighted", "sum_rescaled_var_range_weighted", "sum_rescaled_var_range_weighted", "sum_rescaled_var_range_weighted", "sum_rescaled_var_range_weighted", "sum_rescaled_var_range_weighted", "sum_rescaled_var_range_weighted"], "LBImprovements": [9739.98, 2517.43, 2225.27, 3201.63, 2453.89, 3142.56, 2434.35, 2614.61, 1305.22, 3653.16, 1287.41, 1272.25, 1306.31, 7496.95, 1519.44, 3215.81, 1149.34, 1364, 928.068, 779.102, 1126.74, 1408.76, 794.076, 1097.8, 447.026, 112.278, 1181.66, 737.533, 1127.53, 377.002, 58.971], "InfeasibleNodes": 0, "ElapsedTimeCoeffs": 0, "LinearizationTime": 0.956217, "NumberOfVariables": 5, "CallsToLinearSolver": 63, "LinearGenerationTime": 15.6901, "SDPCutsGenerationTime": 0, "CallsToNonLinearSolver": 8, "StrongBranchingExtraTime": 0, "ElapsedTimeWeightedCoeffs": 0, "NodesDiscardedByFathoming": 0, "NodesDiscardedByTolerance": 32, "BoundFactorConstraintsTime": 39.8483, "ElapsedTimeVarsInConstraints": 0, "meanBTRelativeChangeRootNode": 0, "NumberOfBoundFactorConstraints": 11432, "NumberOfLAPACKConvergenceFailures": 0, "NumberOfRLTVariablesAfterLinearization": 785}