{"Itbt": 0, "Pace": 0.0152911, "Depth": 11, "Degree": 7, "RPSTime": 39.6393, "FBBTTime": 0, "OBBTTime": 0, "TotalTime": 182.848, "Iterations": 60, "LinearTime": 143.004, "LowerBound": 22750.1, "TimeVector": [3.33504, 5.10371, 6.95537, 8.62354, 10.4519, 12.1992, 13.9133, 15.6299, 17.6925, 20.1606, 23.3022, 24.9777, 26.6989, 28.4337, 30.2543, 32.4889, 35.0108, 37.4091, 40.7979, 44.1711, 46.2551, 48.2686, 50.4051, 52.9027, 54.9689, 57.9897, 61.7351, 64.4043, 67.9623, 70.61, 74.7818, 77.1118, 79.015, 82.894, 86.2222, 88.1639, 93.5438, 95.9362, 98.3639, 101.206, 104.721, 109.096, 112.607, 118.033, 121.375, 125.362, 128.247, 133.218, 136.279, 138.69, 142.598, 146.011, 150.848, 155.191, 159.857, 164.249, 168.678, 172.129, 178.03, 201.022], "UpperBound": 22772.2, "rootBTTime": 0, "LowerBounds": {"1": 10792.2, "2": 11908.7, "3": 14412.9, "4": 16190.8, "5": 17678.4, "6": 18514, "7": 18580.1, "8": 18730.7, "9": 18886.3, "10": 20022.7, "11": 20190.5, "12": 20323.9, "13": 20375.8, "14": 20452.2, "15": 21004, "16": 21198.9, "17": 21314.8, "18": 21314.8, "19": 21395.5, "20": 21395.5, "21": 21571, "22": 21596.5, "23": 21610.7, "24": 21870.6, "25": 21882.9, "26": 21889.7, "27": 21928.5, "28": 22012.2, "29": 22084.1, "30": 22109.7, "31": 22484.1, "32": 22491.2, "33": 22495.7, "34": 22519.5, "35": 22561.1, "36": 22587, "37": 22593, "38": 22652.6, "39": 22655.8, "40": 22660.1, "41": 22661.1, "42": 22670.9, "43": 22674.6, "44": 22675, "45": 22675.4, "46": 22693.1, "47": 22697.3, "48": 22710.3, "49": 22712.1, "50": 22725.8, "51": 22725.8, "52": 22726.7, "53": 22729.5, "54": 22732.7, "55": 22735.7, "56": 22735.7, "57": 22735.8, "58": 22739.8, "59": 22744.1, "60": 22750.1}, "SolveResult": 0, "UpperBounds": {"1": 22772.2}, "MaxQueueSize": 16, "VisitedNodes": 121, "BranchingVars": [4, 1, 3, 1, 0, 3, 2, 3, 2, 1, 1, 2, 0, 0, 0, 3, 1, 1, 1, 1, 0, 2, 2, 4, 4, 4, 4, 1, 1, 2, 0, 2, 0, 0, 0, 0, 0, 3, 0, 0, 3, 3, 3, 1, 3, 3, 2, 3, 4, 3, 1, 3, 4, 1, 4, 4, 4, 4, 4, 4], "NonLinearTime": 0.205431, "OptimalityGap": 22.0791, "BranchingRules": ["sum_rescaled_var_range_weighted", "sum_rescaled_var_range_weighted", "sum_rescaled_var_range_weighted", "sum_rescaled_var_range_weighted", "sum_rescaled_var_range_weighted", "sum_rescaled_var_range_weighted", "sum_rescaled_var_range_weighted", "sum_rescaled_var_range_weighted", "sum_rescaled_var_range_weighted", "sum_rescaled_var_range_weighted", "sum_rescaled_var_range_weighted", "sum_rescaled_var_range_weighted", "sum_rescaled_var_range_weighted", "sum_rescaled_var_range_weighted", "sum_rescaled_var_range_weighted", "sum_rescaled_var_range_weighted", "sum_rescaled_var_range_weighted", "sum_rescaled_var_range_weighted", "sum_rescaled_var_range_weighted", "sum_rescaled_var_range_weighted", "sum_rescaled_var_range_weighted", "sum_rescaled_var_range_weighted", "sum_rescaled_var_range_weighted", "sum_rescaled_var_range_weighted", "sum_rescaled_var_range_weighted", "sum_rescaled_var_range_weighted", "sum_rescaled_var_range_weighted", "sum_rescaled_var_range_weighted", "sum_rescaled_var_range_weighted", "sum_rescaled_var_range_weighted", "sum_rescaled_var_range_weighted", "sum_rescaled_var_range_weighted", "sum_rescaled_var_range_weighted", "sum_rescaled_var_range_weighted", "sum_rescaled_var_range_weighted", "sum_rescaled_var_range_weighted", "sum_rescaled_var_range_weighted", "sum_rescaled_var_range_weighted", "sum_rescaled_var_range_weighted", "sum_rescaled_var_range_weighted", "sum_rescaled_var_range_weighted", "sum_rescaled_var_range_weighted", "sum_rescaled_var_range_weighted", "sum_rescaled_var_range_weighted", "sum_rescaled_var_range_weighted", "sum_rescaled_var_range_weighted", "sum_rescaled_var_range_weighted", "sum_rescaled_var_range_weighted", "sum_rescaled_var_range_weighted", "sum_rescaled_var_range_weighted", "sum_rescaled_var_range_weighted", "sum_rescaled_var_range_weighted", "sum_rescaled_var_range_weighted", "sum_rescaled_var_range_weighted", "sum_rescaled_var_range_weighted", "sum_rescaled_var_range_weighted", "sum_rescaled_var_range_weighted", "sum_rescaled_var_range_weighted", "sum_rescaled_var_range_weighted", "sum_rescaled_var_range_weighted"], "LBImprovements": [1116.46, 2504.21, 3265.48, 2323.2, 1207.99, 2489.96, 1795.75, 2840.34, 1136.38, 1847.84, 1692.39, 1688.34, 938.964, 943.352, 606.768, 3869.16, 1728.27, 1728.27, 1565.89, 1563.17, 1126.28, 1924.53, 1205.94, 613.532, 612.806, 629.76, 632.612, 1125.91, 1135.98, 1554.69, 186.757, 684.144, 156.905, 141.604, 131.942, 138.857, 176.132, 59.4707, 109.332, 102.324, 74.5883, 149.687, 51.2874, 129.189, 54.1251, 63.7895, 1197.18, 40.7015, 20.5985, 105.812, 18.254, 57.825, 39.411, 40.4896, 47.5075, 25.3366, 47.4259, 23.3396, 25.1161, 47.8856], "InfeasibleNodes": 0, "ElapsedTimeCoeffs": 0, "LinearizationTime": 0.374155, "NumberOfVariables": 5, "CallsToLinearSolver": 121, "LinearGenerationTime": 14.3805, "SDPCutsGenerationTime": 0, "CallsToNonLinearSolver": 9, "StrongBranchingExtraTime": 0, "ElapsedTimeWeightedCoeffs": 0, "NodesDiscardedByFathoming": 0, "NodesDiscardedByTolerance": 61, "BoundFactorConstraintsTime": 32.4699, "ElapsedTimeVarsInConstraints": 0, "meanBTRelativeChangeRootNode": 0, "NumberOfBoundFactorConstraints": 5527, "NumberOfLAPACKConvergenceFailures": 0, "NumberOfRLTVariablesAfterLinearization": 610}