{"Itbt": 0, "Pace": 0.0266675, "Depth": 13, "Degree": 7, "RPSTime": 39.4846, "FBBTTime": 0, "OBBTTime": 0, "TotalTime": 335.139, "Iterations": 103, "LinearTime": 42.7379, "LowerBound": 1928.18, "TimeVector": [3.98294, 7.47228, 10.9281, 14.0113, 17.355, 20.4445, 23.4577, 26.7001, 29.9183, 33.1055, 35.977, 38.8555, 42.0854, 44.9728, 48.1411, 51.211, 54.1251, 57.1459, 59.8132, 63.703, 66.4596, 69.5142, 72.8001, 75.7862, 78.3835, 81.2292, 84.4867, 87.4246, 89.8326, 92.5751, 95.6074, 99.0526, 102.115, 105.062, 108.386, 111.485, 114.631, 117.72, 120.639, 123.578, 126.465, 129.629, 132.787, 136.349, 139.953, 142.856, 145.919, 149.272, 152.156, 155.699, 158.291, 161.459, 164.45, 167.012, 170.54, 174.279, 177.397, 181.247, 183.864, 187.05, 189.884, 193.688, 196.594, 199.484, 202.348, 205.902, 209.137, 211.909, 214.809, 217.845, 220.699, 223.639, 226.939, 229.589, 232.968, 235.535, 238.856, 241.648, 245.098, 248.758, 251.952, 256.698, 260.51, 263.372, 270.18, 273.074, 276.023, 279.159, 281.905, 284.781, 287.801, 290.868, 293.273, 297.283, 308.96, 313.059, 316.05, 319.338, 322.592, 325.711, 328.831, 331.961, 351.05], "UpperBound": 1930.09, "rootBTTime": 0, "LowerBounds": {"1": 97.4987, "2": 572.864, "3": 721.988, "4": 1105.17, "5": 1147.3, "6": 1354.91, "7": 1358.12, "8": 1391.57, "9": 1533.49, "10": 1544.99, "11": 1588.17, "12": 1597.64, "13": 1598.5, "14": 1617.23, "15": 1695.78, "16": 1707.39, "17": 1731.64, "18": 1736.66, "19": 1737.26, "20": 1739.85, "21": 1747.85, "22": 1748.56, "23": 1756.92, "24": 1769.18, "25": 1775.13, "26": 1776.64, "27": 1796.68, "28": 1815, "29": 1826.81, "30": 1832.69, "31": 1838.09, "32": 1845.52, "33": 1847.84, "34": 1850.03, "35": 1851.79, "36": 1853.84, "37": 1867.59, "38": 1869.9, "39": 1872.4, "40": 1874.44, "41": 1874.83, "42": 1877.93, "43": 1878.46, "44": 1884.13, "45": 1891.01, "46": 1894.79, "47": 1895.4, "48": 1898.39, "49": 1903.87, "50": 1904.38, "51": 1905.01, "52": 1905.29, "53": 1906.5, "54": 1908.09, "55": 1908.2, "56": 1909.68, "57": 1909.74, "58": 1910.23, "59": 1912.08, "60": 1913.49, "61": 1914.01, "62": 1914.16, "63": 1914.28, "64": 1916.5, "65": 1917.99, "66": 1918.05, "67": 1918.12, "68": 1918.45, "69": 1918.81, "70": 1919.45, "71": 1920.34, "72": 1920.86, "73": 1921, "74": 1921.21, "75": 1921.7, "76": 1921.75, "77": 1922.16, "78": 1922.43, "79": 1924.3, "80": 1924.53, "81": 1924.68, "82": 1924.7, "83": 1924.83, "84": 1925.68, "85": 1926.21, "86": 1926.26, "87": 1926.59, "88": 1926.65, "89": 1926.86, "90": 1926.92, "91": 1926.93, "92": 1927.06, "93": 1927.11, "94": 1927.15, "95": 1927.33, "96": 1927.36, "97": 1927.42, "98": 1927.57, "99": 1927.65, "100": 1927.68, "101": 1927.72, "102": 1927.81, "103": 1928.18}, "SolveResult": 0, "UpperBounds": {"1": 1930.09}, "MaxQueueSize": 26, "VisitedNodes": 207, "BranchingVars": [3, 0, 0, 2, 2, 4, 4, 4, 2, 2, 2, 0, 0, 1, 1, 1, 4, 1, 2, 4, 2, 2, 2, 1, 3, 2, 2, 2, 1, 3, 3, 1, 2, 3, 1, 2, 2, 0, 2, 1, 1, 0, 4, 2, 1, 2, 0, 2, 2, 2, 2, 4, 0, 2, 3, 3, 2, 3, 4, 4, 0, 3, 2, 2, 3, 3, 4, 4, 1, 4, 2, 3, 3, 2, 1, 1, 0, 4, 3, 3, 1, 0, 4, 4, 3, 1, 4, 0, 2, 2, 1, 1, 2, 2, 0, 4, 3, 0, 1, 2, 2, 4, 3], "NonLinearTime": 0.228427, "OptimalityGap": 1.90655, "BranchingRules": ["eigen_cen_alternative_rel", "eigen_cen_alternative_rel", "eigen_cen_alternative_rel", "eigen_cen_alternative_rel", "eigen_cen_alternative_rel", "eigen_cen_alternative_rel", "eigen_cen_alternative_rel", "eigen_cen_alternative_rel", "eigen_cen_alternative_rel", "eigen_cen_alternative_rel", "eigen_cen_alternative_rel", "eigen_cen_alternative_rel", "eigen_cen_alternative_rel", "eigen_cen_alternative_rel", "eigen_cen_alternative_rel", "eigen_cen_alternative_rel", "eigen_cen_alternative_rel", "eigen_cen_alternative_rel", "sum_dual_weighted_plus1", "eigen_cen_alternative_rel", "eigen_cen_alternative_rel", "eigen_cen_alternative_rel", "eigen_cen_alternative_rel", "eigen_cen_alternative_rel", "eigen_cen_alternative_rel", "eigen_cen_alternative_rel", "sum_rescaled_var_range_weighted_rel", "eigen_cen_alternative_rel", "eigen_cen_alternative_rel", "eigen_cen_alternative_rel", "eigen_cen_alternative_rel", "eigen_cen_alternative_rel", "eigen_cen_alternative_rel", "eigen_cen_alternative_rel", "eigen_cen_alternative_rel", "eigen_cen_alternative_rel", "eigen_cen_alternative_rel", "eigen_cen_alternative_rel", "eigen_cen_alternative_rel", "eigen_cen_alternative_rel", "eigen_cen_alternative_rel", "eigen_cen_alternative_rel", "eigen_cen_alternative_rel", "sum_rescaled_var_range_weighted_rel", "eigen_cen_alternative_rel", "eigen_cen_alternative_rel", "eigen_cen_alternative_rel", "sum_rescaled_var_range_weighted_rel", "eigen_cen_alternative_rel", "eigen_cen_alternative_rel", "eigen_cen_alternative_rel", "eigen_cen_alternative_rel", "eigen_cen_alternative_rel", "eigen_cen_alternative_rel", "eigen_cen_alternative_rel", "eigen_cen_alternative_rel", "eigen_cen_alternative_rel", "eigen_cen_alternative_rel", "eigen_cen_alternative_rel", "eigen_cen_alternative_rel", "eigen_cen_alternative_rel", "eigen_cen_alternative_rel", "eigen_cen_alternative_rel", "sum_rescaled_var_range_weighted_rel", "eigen_cen_alternative_rel", "eigen_cen_alternative_rel", "sum_rescaled_var_range_weighted_rel", "eigen_cen_alternative_rel", "sum_rescaled_var_range_weighted_rel", "eigen_cen_alternative_rel", "eigen_cen_alternative_rel", "eigen_cen_alternative_rel", "eigen_cen_alternative_rel", "eigen_cen_alternative_rel", "sum_rescaled_var_range_weighted_rel", "eigen_cen_alternative_rel", "eigen_cen_alternative_rel", "eigen_cen_alternative_rel", "eigen_cen_alternative_rel", "eigen_cen_alternative_rel", "sum_rescaled_var_range_weighted_rel", "eigen_cen_alternative_rel", "eigen_cen_alternative_rel", "eigen_cen_alternative_rel", "eigen_cen_alternative_rel", "eigen_cen_alternative_rel", "eigen_cen_alternative_rel", "eigen_cen_alternative_rel", "eigen_cen_alternative_rel", "eigen_cen_alternative_rel", "eigen_cen_alternative_rel", "eigen_cen_alternative_rel", "eigen_cen_alternative_rel", "eigen_cen_alternative_rel", "eigen_cen_alternative_rel", "eigen_cen_alternative_rel", "eigen_cen_alternative_rel", "eigen_cen_alternative_rel", "eigen_cen_alternative_rel", "eigen_cen_alternative_rel", "eigen_cen_alternative_rel", "eigen_cen_alternative_rel", "eigen_cen_alternative_rel"], "LBImprovements": [475.365, 574.432, 383.179, 286.404, 210.821, 178.584, 239.521, 225.659, 203.164, 186.652, 181.017, 179.007, 138.762, 90.1614, 100.901, 41.1672, 200.076, 96.0346, 114.528, 217.835, 122.053, 101.468, 88.5977, 68.909, 72.713, 97.798, 113.003, 103.045, 130.621, 75.403, 83.1177, 38.6085, 79.0764, 22.3721, 53.5013, 109.343, 51.2189, 43.5874, 22.9989, 23.9516, 60.9445, 40.0571, 25.4119, 24.0668, 49.9734, 27.3696, 27.0312, 44.4991, 2.63254, 9.62986, 29.6891, 11.209, 15.1991, 47.633, 11.2587, 84.7979, 15.934, 74.2233, 17.7735, 13.4379, 12.2512, 13.6483, 40.1886, 8.03703, 24.1904, 40.1869, 9.45451, 13.9067, 8.6141, 7.60669, 4.36588, 22.393, 9.17465, 31.6327, 2.59483, 5.11785, 18.5006, 5.24823, 2.84928, 3.64769, 4.97159, 1.50342, 6.01385, 5.22683, 2.39122, 4.39933, 6.87686, 1.074, 1.67993, 40.1017, 3.92164, 0.0484049, 2.87975, 0.184963, 3.72097, 1.08136, 15.4751, 5.8728, 2.34398, 4.54203, 0.685114, 6.33072, 1.66091], "InfeasibleNodes": 8, "ElapsedTimeCoeffs": 0, "LinearizationTime": 0.0297482, "NumberOfVariables": 5, "CallsToLinearSolver": 207, "LinearGenerationTime": 2.67799, "SDPCutsGenerationTime": 0, "CallsToNonLinearSolver": 10, "StrongBranchingExtraTime": 286.32, "ElapsedTimeWeightedCoeffs": 0, "NodesDiscardedByFathoming": 0, "NodesDiscardedByTolerance": 96, "BoundFactorConstraintsTime": 4.79002, "ElapsedTimeVarsInConstraints": 0.000039547, "meanBTRelativeChangeRootNode": 0, "NumberOfBoundFactorConstraints": 833, "NumberOfLAPACKConvergenceFailures": 0, "NumberOfRLTVariablesAfterLinearization": 275}