{"Itbt": 0, "Pace": 0.0183062, "Depth": 12, "Degree": 7, "RPSTime": 11.0924, "FBBTTime": 0, "OBBTTime": 0, "TotalTime": 101.78, "Iterations": 32, "LinearTime": 13.2806, "LowerBound": 217.658, "TimeVector": [4.11365, 7.59253, 11.0121, 14.66, 17.7231, 21.2921, 24.4969, 27.0958, 30.1904, 33.1623, 36.9032, 39.9893, 43.3546, 47.041, 50.0635, 53.5567, 56.4182, 59.1802, 61.9487, 65.1393, 68.7394, 72.189, 75.0525, 78.2837, 81.1446, 83.5311, 86.6082, 89.4615, 92.9014, 95.9305, 98.8292, 107.708], "UpperBound": 217.86, "rootBTTime": 0, "LowerBounds": {"1": -610.048, "2": -344.976, "3": -342.074, "4": -49.1161, "5": -47.9366, "6": -35.4917, "7": -17.3136, "8": 24.3643, "9": 73.4773, "10": 102.512, "11": 105.605, "12": 150.571, "13": 160.331, "14": 173.849, "15": 190.343, "16": 194.951, "17": 201.807, "18": 203.137, "19": 204.439, "20": 204.66, "21": 208.386, "22": 209.268, "23": 211.276, "24": 211.774, "25": 212.826, "26": 213.577, "27": 214.563, "28": 214.695, "29": 216.548, "30": 217.39, "31": 217.437, "32": 217.658}, "SolveResult": 0, "UpperBounds": {"1": 217.86}, "MaxQueueSize": 7, "VisitedNodes": 65, "BranchingVars": [0, 4, 4, 2, 1, 2, 3, 2, 0, 2, 2, 2, 0, 2, 0, 2, 2, 2, 2, 4, 4, 4, 0, 4, 0, 4, 4, 4, 2, 2, 2, 0], "NonLinearTime": 0.19903, "OptimalityGap": 0.202556, "BranchingRules": ["sum_rescaled_var_range_weighted", "sum_rescaled_var_range_weighted", "sum_rescaled_var_range_weighted", "sum_rescaled_var_range_weighted", "sum_rescaled_var_range_weighted", "sum_rescaled_var_range_weighted", "sum_dual_weighted_plus1", "sum_rescaled_var_range_weighted", "sum_rescaled_var_range_weighted", "sum_rescaled_var_range_weighted", "sum_rescaled_var_range_weighted", "sum_dual_weighted_plus1", "sum_rescaled_var_range_weighted", "sum_rescaled_var_range_weighted", "sum_rescaled_var_range_weighted", "sum_rescaled_var_range_weighted", "sum_rescaled_var_range_weighted", "sum_rescaled_var_range_weighted", "sum_rescaled_var_range_weighted", "sum_dual_weighted_plus1", "sum_rescaled_var_range_weighted", "sum_rescaled_var_range_weighted", "sum_rescaled_var_range_weighted", "sum_rescaled_var_range_weighted", "sum_rescaled_var_range_weighted", "sum_rescaled_var_range_weighted", "sum_rescaled_var_range_weighted", "sum_rescaled_var_range_weighted", "sum_rescaled_var_range_weighted", "sum_rescaled_var_range_weighted", "sum_rescaled_var_range_weighted", "sum_rescaled_var_range_weighted"], "LBImprovements": [265.072, 297.039, 292.958, 222.965, 72.3009, 108.969, 122.919, 78.1477, 128.33, 57.8193, 89.3456, 108.288, 30.0119, 117.703, 12.7939, 30.4641, 9.96672, 5.24843, 6.83645, 20.1316, 9.00493, 9.0165, 3.28729, 9.11407, 0.750353, 2.97103, 4.28229, 10.5124, 0.889044, 0.367636, 0.316548, 0.123772], "InfeasibleNodes": 3, "ElapsedTimeCoeffs": 0, "LinearizationTime": 0.0300118, "NumberOfVariables": 5, "CallsToLinearSolver": 65, "LinearGenerationTime": 0.829328, "SDPCutsGenerationTime": 0, "CallsToNonLinearSolver": 9, "StrongBranchingExtraTime": 86.6279, "ElapsedTimeWeightedCoeffs": 0, "NodesDiscardedByFathoming": 0, "NodesDiscardedByTolerance": 30, "BoundFactorConstraintsTime": 1.35071, "ElapsedTimeVarsInConstraints": 0.000041506, "meanBTRelativeChangeRootNode": 0, "NumberOfBoundFactorConstraints": 791, "NumberOfLAPACKConvergenceFailures": 0, "NumberOfRLTVariablesAfterLinearization": 280}