{"Itbt": 0, "Pace": 0.0228546, "Depth": 8, "Degree": 7, "RPSTime": 0.899771, "FBBTTime": 0, "OBBTTime": 0, "TotalTime": 3.19304, "Iterations": 19, "LinearTime": 0.368004, "LowerBound": 57.6849, "TimeVector": [0.387995, 0.530946, 0.6778, 0.834083, 0.980155, 1.12782, 1.29814, 1.46842, 1.63643, 1.78523, 1.92522, 2.08352, 2.24398, 2.39682, 2.55457, 2.70857, 2.86057, 3.03109, 6.22413], "UpperBound": 57.7218, "rootBTTime": 0, "LowerBounds": {"1": 27.4072, "2": 33.8548, "3": 44.4432, "4": 47.2832, "5": 47.494, "6": 50.6567, "7": 51.2548, "8": 53.0506, "9": 53.8189, "10": 54.4867, "11": 54.6397, "12": 55.6954, "13": 56.1695, "14": 56.8296, "15": 56.8981, "16": 57.2823, "17": 57.4048, "18": 57.654, "19": 57.6849}, "SolveResult": 0, "UpperBounds": {"1": 66.2031, "2": 57.7218}, "MaxQueueSize": 5, "VisitedNodes": 39, "BranchingVars": [1, 2, 2, 0, 0, 1, 1, 1, 1, 1, 0, 1, 0, 0, 1, 3, 2, 1, 0], "NonLinearTime": 0.186435, "OptimalityGap": 0.0369201, "BranchingRules": ["eigen_cen_alternative", "sum_rescaled_var_range_weighted_rel", "eigen_cen_alternative", "sum_rescaled_var_range_weighted_rel", "eigen_cen_alternative", "eigen_cen_alternative", "eigen_cen_alternative", "eigen_cen_alternative", "eigen_cen_alternative", "sum_dual_weighted_plus1", "eigen_cen_alternative", "eigen_cen_alternative", "sum_rescaled_var_range_weighted_rel", "eigen_cen_alternative", "eigen_cen_alternative", "eigen_cen_alternative", "sum_rescaled_var_range_weighted_rel", "eigen_cen_alternative", "eigen_cen_alternative"], "LBImprovements": [6.44764, 13.4283, 14.417, 6.53569, 3.16277, 2.39383, 4.91467, 1.43616, 6.52196, 1.20865, 2.64257, 1.20271, 2.19653, 0.575192, 1.55579, 2.74165, 0.249193, 0.0308687, 0.0933511], "InfeasibleNodes": 5, "ElapsedTimeCoeffs": 0, "LinearizationTime": 0.00210897, "NumberOfVariables": 5, "CallsToLinearSolver": 39, "LinearGenerationTime": 0.0856481, "SDPCutsGenerationTime": 0, "CallsToNonLinearSolver": 8, "StrongBranchingExtraTime": 2.50104, "ElapsedTimeWeightedCoeffs": 0, "NodesDiscardedByFathoming": 0, "NodesDiscardedByTolerance": 15, "BoundFactorConstraintsTime": 0.103286, "ElapsedTimeVarsInConstraints": 0.000016777, "meanBTRelativeChangeRootNode": 0, "NumberOfBoundFactorConstraints": 110, "NumberOfLAPACKConvergenceFailures": 0, "NumberOfRLTVariablesAfterLinearization": 82}