{"Itbt": 0, "Pace": 0.00132142, "Depth": 15, "Degree": 7, "RPSTime": 3.10276, "FBBTTime": 0, "OBBTTime": 0, "TotalTime": 15.4758, "Iterations": 75, "LinearTime": 1.99993, "LowerBound": 88.9948, "TimeVector": [0.6304, 0.820836, 0.988577, 1.1763, 1.34133, 1.50003, 1.65617, 1.81552, 1.98578, 2.16425, 2.3655, 2.52925, 2.69385, 2.84588, 3.03005, 3.20269, 3.36506, 3.53716, 3.72663, 3.92154, 4.10056, 4.28796, 4.4523, 4.63217, 4.7973, 4.97223, 5.16616, 5.35535, 5.49807, 5.6963, 5.86228, 6.06705, 6.29198, 6.65631, 6.86548, 7.04481, 7.24541, 7.44084, 7.63735, 7.8113, 7.9984, 8.19411, 8.3848, 8.60201, 8.7858, 8.97154, 9.188, 9.39064, 9.63435, 9.84147, 10.05, 10.2608, 10.5235, 10.7297, 10.9352, 11.1317, 11.3423, 11.5602, 11.7976, 12.0002, 12.2013, 12.5871, 12.8407, 13.1018, 13.345, 13.5794, 13.7763, 14.0246, 14.2325, 14.4367, 14.6449, 14.8589, 15.0642, 15.2592, 30.735], "UpperBound": 89.0765, "rootBTTime": 0, "LowerBounds": {"1": -1938.62, "2": -790.104, "3": -168.948, "4": -136.71, "5": -129.063, "6": -102.664, "7": -96.6056, "8": -83.1441, "9": -76.6211, "10": -39.4467, "11": -35.7226, "12": -27.7432, "13": 1.83264, "14": 3.04311, "15": 3.19351, "16": 3.91304, "17": 5.60305, "18": 7.72307, "19": 32.392, "20": 35.7187, "21": 40.462, "22": 41.2312, "23": 41.5423, "24": 41.6766, "25": 50.5157, "26": 50.5157, "27": 52.8932, "28": 53.4664, "29": 55.5893, "30": 56.0568, "31": 60.6631, "32": 60.6776, "33": 66.2034, "34": 66.6312, "35": 69.7931, "36": 73.2678, "37": 74.3313, "38": 74.6363, "39": 74.9416, "40": 76.7568, "41": 79.1625, "42": 80.4431, "43": 81.2082, "44": 81.4968, "45": 81.7715, "46": 81.8223, "47": 82.1853, "48": 82.7966, "49": 82.8721, "50": 82.9426, "51": 83.1384, "52": 83.8796, "53": 85.1074, "54": 85.6232, "55": 85.6558, "56": 86.4565, "57": 87.3508, "58": 87.4195, "59": 87.4358, "60": 87.4439, "61": 87.4637, "62": 87.4909, "63": 87.6752, "64": 87.7371, "65": 88.1489, "66": 88.3254, "67": 88.3668, "68": 88.5736, "69": 88.6375, "70": 88.6999, "71": 88.7737, "72": 88.9041, "73": 88.919, "74": 88.9339, "75": 88.9948}, "SolveResult": 0, "UpperBounds": {"1": 179769000000000000000000000000000000000000000000000000000000000000000000000000000000000000000000000000000000000000000000000000000000000000000000000000000000000000000000000000000000000000000000000000000000000000000000000000000000000000000000000000000000000000000000000000000000000000000000000000000000000000000, "2": 89.0765}, "MaxQueueSize": 11, "VisitedNodes": 151, "BranchingVars": [4, 1, 0, 3, 4, 3, 1, 1, 1, 0, 4, 0, 1, 2, 2, 1, 1, 0, 2, 4, 4, 4, 2, 4, 1, 1, 4, 1, 2, 1, 0, 0, 4, 4, 4, 0, 4, 0, 0, 0, 0, 4, 4, 4, 0, 3, 4, 3, 4, 4, 3, 1, 3, 3, 3, 0, 4, 0, 0, 0, 0, 3, 0, 0, 4, 4, 4, 3, 1, 1, 1, 3, 3, 3, 3], "NonLinearTime": 0.226118, "OptimalityGap": 0.0816875, "BranchingRules": ["sum_dual_weighted_plus1", "sum_dual_weighted_plus1", "sum_dual_weighted_plus1", "sum_rescaled_var_range_weighted_rel", "sum_dual_weighted_plus1", "sum_rescaled_var_range_weighted_rel", "sum_dual_weighted_plus1", "sum_dual_weighted_plus1", "sum_dual_weighted_plus1", "sum_rescaled_var_range_weighted_rel", "sum_dual_weighted_plus1", "sum_dual_weighted_plus1", "sum_dual_weighted_plus1", "sum_rescaled_var_range_weighted_rel", "sum_rescaled_var_range_weighted_rel", "sum_dual_weighted_plus1", "sum_dual_weighted_plus1", "sum_rescaled_var_range_weighted_rel", "sum_rescaled_var_range_weighted_rel", "sum_dual_weighted_plus1", "sum_dual_weighted_plus1", "sum_rescaled_var_range_weighted_rel", "sum_rescaled_var_range_weighted_rel", "sum_dual_weighted_plus1", "sum_dual_weighted_plus1", "sum_dual_weighted_plus1", "sum_dual_weighted_plus1", "sum_dual_weighted_plus1", "sum_dual_weighted_plus1", "sum_dual_weighted_plus1", "sum_dual_weighted_plus1", "sum_rescaled_var_range_weighted_rel", "sum_dual_weighted_plus1", "sum_rescaled_var_range_weighted_rel", "sum_dual_weighted_plus1", "sum_dual_weighted_plus1", "sum_dual_weighted_plus1", "sum_rescaled_var_range_weighted_rel", "sum_dual_weighted_plus1", "sum_dual_weighted_plus1", "sum_rescaled_var_range_weighted_rel", "sum_dual_weighted_plus1", "sum_dual_weighted_plus1", "sum_dual_weighted_plus1", "sum_dual_weighted_plus1", "sum_dual_weighted_plus1", "sum_dual_weighted_plus1", "sum_dual_weighted_plus1", "sum_dual_weighted_plus1", "sum_dual_weighted_plus1", "sum_dual_weighted_plus1", "sum_dual_weighted_plus1", "sum_dual_weighted_plus1", "sum_dual_weighted_plus1", "sum_dual_weighted_plus1", "sum_rescaled_var_range_weighted_rel", "sum_dual_weighted_plus1", "sum_dual_weighted_plus1", "sum_rescaled_var_range_weighted_rel", "sum_rescaled_var_range_weighted_rel", "sum_dual_weighted_plus1", "sum_dual_weighted_plus1", "sum_dual_weighted_plus1", "sum_dual_weighted_plus1", "sum_dual_weighted_plus1", "sum_dual_weighted_plus1", "sum_dual_weighted_plus1", "sum_dual_weighted_plus1", "sum_dual_weighted_plus1", "sum_dual_weighted_plus1", "sum_dual_weighted_plus1", "sum_dual_weighted_plus1", "sum_dual_weighted_plus1", "sum_dual_weighted_plus1", "sum_dual_weighted_plus1"], "LBImprovements": [1148.51, 687.44, 32.2382, 40.1043, 45.9185, 63.217, 68.8623, 0, 40.8985, 43.3597, 37.5553, 30.9368, 30.5593, 37.4189, 38.483, 0, 0, 42.7926, 33.8114, 0, 13.0043, 14.8256, 19.1208, 41.266, 0, 0, 0, 7.21124, 24.8538, 18.8848, 0, 13.6537, 10.5534, 6.6366, 4.84321, 8.50372, 8.54082, 7.18601, 7.24368, 0, 2.33434, 6.97637, 17.0412, 2.3828, 0, 4.63421, 5.30557, 4.5542, 8.08254, 0, 9.7099, 1.74364, 4.23593, 1.84041, 1.78002, 7.19792, 4.783, 0, 0.889644, 0.705025, 0.273453, 5.86786, 0.898445, 0, 0.962981, 0.312104, 0.333081, 1.06415, 0.266574, 0.219116, 0.166764, 0.50645, 0.0757809, 0, 0.193368], "InfeasibleNodes": 53, "ElapsedTimeCoeffs": 0, "LinearizationTime": 0.00224157, "NumberOfVariables": 5, "CallsToLinearSolver": 151, "LinearGenerationTime": 0.299238, "SDPCutsGenerationTime": 0, "CallsToNonLinearSolver": 10, "StrongBranchingExtraTime": 12.7965, "ElapsedTimeWeightedCoeffs": 0, "NodesDiscardedByFathoming": 0, "NodesDiscardedByTolerance": 23, "BoundFactorConstraintsTime": 0.337949, "ElapsedTimeVarsInConstraints": 0.000020183, "meanBTRelativeChangeRootNode": 0, "NumberOfBoundFactorConstraints": 147, "NumberOfLAPACKConvergenceFailures": 0, "NumberOfRLTVariablesAfterLinearization": 86}