{"Itbt": 0, "Pace": 0.0139573, "Depth": 12, "Degree": 7, "RPSTime": 242.363, "FBBTTime": 0, "OBBTTime": 0, "TotalTime": 1152.99, "Iterations": 53, "LinearTime": 131.261, "LowerBound": 22750.1, "TimeVector": [13.3032, 25.8086, 38.7423, 51.359, 65.1309, 80.5196, 93.0764, 106.774, 120.061, 132.876, 145.028, 158.851, 175.241, 190.874, 208.842, 222.323, 238.738, 254.284, 273.565, 294.502, 315.325, 334.114, 358.477, 376.255, 401.219, 416.957, 446.678, 467.712, 487.8, 502.647, 528.004, 563.472, 581.596, 606.997, 625.07, 657.291, 695.277, 715.001, 734.226, 762.6, 781.349, 796.271, 841.324, 857.084, 882.993, 916.681, 958.004, 1002.25, 1038.25, 1065.52, 1101.14, 1136.7, 1152.99], "UpperBound": 22772.2, "rootBTTime": 0, "LowerBounds": {"1": 10792.2, "2": 12908.4, "3": 14338.5, "4": 16552.8, "5": 17838.9, "6": 17863.5, "7": 18935.1, "8": 19161.2, "9": 19691.6, "10": 19913.7, "11": 20181.3, "12": 20626.9, "13": 20717.7, "14": 20748.5, "15": 20808.8, "16": 20817.2, "17": 21268.7, "18": 21583.5, "19": 21630.7, "20": 21840.6, "21": 21926.5, "22": 21993.4, "23": 22051.8, "24": 22117.7, "25": 22173.2, "26": 22181.4, "27": 22222.3, "28": 22333.3, "29": 22347.3, "30": 22360.6, "31": 22496.5, "32": 22503.9, "33": 22509.9, "34": 22518.1, "35": 22543.6, "36": 22596.5, "37": 22633.5, "38": 22650.4, "39": 22660.7, "40": 22672.9, "41": 22673.8, "42": 22693.9, "43": 22700.9, "44": 22710.2, "45": 22716.1, "46": 22718.2, "47": 22722.5, "48": 22725.4, "49": 22728.7, "50": 22731.6, "51": 22741.4, "52": 22742, "53": 22750.1}, "SolveResult": 0, "UpperBounds": {"1": 22772.2}, "MaxQueueSize": 17, "VisitedNodes": 107, "BranchingVars": [1, 4, 3, 4, 2, 3, 2, 3, 4, 0, 3, 0, 4, 1, 0, 4, 2, 0, 4, 1, 2, 4, 4, 0, 1, 2, 1, 1, 1, 4, 1, 1, 0, 0, 0, 4, 3, 4, 4, 2, 4, 2, 2, 1, 3, 3, 1, 4, 1, 3, 1, 0, 3], "NonLinearTime": 0.234623, "OptimalityGap": 22.0131, "BranchingRules": ["sum_dual_weighted_plus1", "sum_rescaled_var_range_weighted_rel", "sum_rescaled_var_range_weighted_rel", "sum_rescaled_var_range_weighted_rel", "sum_dual_weighted_plus1", "sum_rescaled_var_range_weighted_rel", "sum_rescaled_var_range_weighted_rel", "sum_rescaled_var_range_weighted_rel", "sum_dual_weighted_plus1", "sum_rescaled_var_range_weighted_rel", "sum_rescaled_var_range_weighted_rel", "sum_rescaled_var_range_weighted_rel", "sum_dual_weighted_plus1", "eigen_cen_alternative", "sum_rescaled_var_range_weighted_rel", "sum_rescaled_var_range_weighted_rel", "sum_rescaled_var_range_weighted_rel", "sum_rescaled_var_range_weighted_rel", "sum_rescaled_var_range_weighted_rel", "sum_rescaled_var_range_weighted_rel", "sum_rescaled_var_range_weighted_rel", "sum_rescaled_var_range_weighted_rel", "sum_dual_weighted_plus1", "sum_rescaled_var_range_weighted_rel", "sum_rescaled_var_range_weighted_rel", "sum_rescaled_var_range_weighted_rel", "sum_rescaled_var_range_weighted_rel", "sum_rescaled_var_range_weighted_rel", "sum_rescaled_var_range_weighted_rel", "sum_rescaled_var_range_weighted_rel", "sum_rescaled_var_range_weighted_rel", "sum_rescaled_var_range_weighted_rel", "sum_rescaled_var_range_weighted_rel", "sum_rescaled_var_range_weighted_rel", "sum_rescaled_var_range_weighted_rel", "sum_rescaled_var_range_weighted_rel", "sum_rescaled_var_range_weighted_rel", "sum_rescaled_var_range_weighted_rel", "sum_rescaled_var_range_weighted_rel", "sum_rescaled_var_range_weighted_rel", "sum_rescaled_var_range_weighted_rel", "sum_rescaled_var_range_weighted_rel", "sum_rescaled_var_range_weighted_rel", "sum_rescaled_var_range_weighted_rel", "sum_rescaled_var_range_weighted_rel", "sum_rescaled_var_range_weighted_rel", "sum_rescaled_var_range_weighted_rel", "sum_rescaled_var_range_weighted_rel", "sum_rescaled_var_range_weighted_rel", "sum_dual_weighted_plus1", "sum_rescaled_var_range_weighted_rel", "sum_rescaled_var_range_weighted_rel", "sum_rescaled_var_range_weighted_rel"], "LBImprovements": [2116.2, 1430.09, 3500.45, 1310.67, 1852.65, 2945.33, 1782.65, 3020.12, 935.333, 903.483, 2739.44, 1213.66, 1399.94, 1303.35, 1117.63, 1176.26, 1241.23, 749.775, 729.81, 755.923, 734.26, 228.867, 1263.61, 909.785, 709.67, 1627.72, 411.186, 699.083, 960.752, 143.296, 176.419, 353.488, 641.44, 813.821, 691.124, 188.691, 67.4598, 156.206, 336.489, 45.2575, 322.25, 49.2845, 24.4999, 528.68, 63.5756, 62.1911, 34.3808, 15.9281, 21.4004, 62.1691, 15.7454, 12.5537, 39.7824], "InfeasibleNodes": 0, "ElapsedTimeCoeffs": 0, "LinearizationTime": 0.373853, "NumberOfVariables": 5, "CallsToLinearSolver": 107, "LinearGenerationTime": 12.9073, "SDPCutsGenerationTime": 0, "CallsToNonLinearSolver": 9, "StrongBranchingExtraTime": 986.089, "ElapsedTimeWeightedCoeffs": 0, "NodesDiscardedByFathoming": 0, "NodesDiscardedByTolerance": 54, "BoundFactorConstraintsTime": 28.8524, "ElapsedTimeVarsInConstraints": 0.0001431, "meanBTRelativeChangeRootNode": 0, "NumberOfBoundFactorConstraints": 5527, "NumberOfLAPACKConvergenceFailures": 0, "NumberOfRLTVariablesAfterLinearization": 610}