{"Itbt": 0, "Pace": 0.0480075, "Depth": 13, "Degree": 7, "RPSTime": 785.173, "FBBTTime": 0, "OBBTTime": 0, "TotalTime": 3869, "Iterations": 72, "LinearTime": 440.987, "LowerBound": 19753.5, "TimeVector": [31.362, 55.6785, 95.5623, 146.089, 182.645, 249.48, 288.837, 338.559, 370.315, 398.541, 431.76, 465.83, 494.579, 535.019, 593.853, 639.046, 681.606, 711.732, 742.227, 809.658, 856.831, 936.235, 964.156, 994.705, 1038.26, 1093.32, 1142.93, 1225.77, 1265.6, 1320.29, 1361.67, 1389.76, 1452.05, 1488.9, 1578.82, 1661.96, 1734.69, 1818.18, 1897.9, 1952.44, 1996.31, 2066.06, 2114.82, 2156.95, 2193.54, 2242.18, 2324.94, 2386.92, 2454.45, 2491.2, 2560.92, 2641.5, 2705.36, 2772.5, 2801.94, 2877.05, 2953.4, 2992.91, 3042.5, 3124.14, 3169.93, 3219.07, 3294.01, 3332.4, 3408.05, 3504.79, 3564.44, 3633.01, 3701.47, 3773.96, 3822.41, 3869], "UpperBound": 19768.5, "rootBTTime": 0, "LowerBounds": {"1": 8203.09, "2": 9426.17, "3": 10949.2, "4": 13265, "5": 13952.6, "6": 14440.5, "7": 14586.1, "8": 15262.2, "9": 15380.5, "10": 15814.5, "11": 16256.1, "12": 16863.1, "13": 17183.5, "14": 17274.2, "15": 17456.3, "16": 17772.3, "17": 17783.6, "18": 17836.2, "19": 17930.1, "20": 18391.3, "21": 18405.7, "22": 18513.5, "23": 18777, "24": 18817.4, "25": 18840, "26": 18851.4, "27": 18874.4, "28": 18922.4, "29": 18986, "30": 19009.8, "31": 19069.6, "32": 19113.2, "33": 19117.8, "34": 19189, "35": 19309.3, "36": 19382, "37": 19422.5, "38": 19489.4, "39": 19506.8, "40": 19515.5, "41": 19523.1, "42": 19539, "43": 19541.9, "44": 19550.9, "45": 19590.9, "46": 19594.7, "47": 19626.7, "48": 19629.5, "49": 19631.5, "50": 19641.5, "51": 19643.6, "52": 19643.6, "53": 19658.5, "54": 19669.7, "55": 19678.8, "56": 19699.1, "57": 19700.2, "58": 19702.4, "59": 19708.2, "60": 19713.4, "61": 19724.2, "62": 19725.3, "63": 19725.4, "64": 19727.2, "65": 19727.8, "66": 19730.2, "67": 19733.8, "68": 19735.1, "69": 19735.9, "70": 19738.1, "71": 19742.9, "72": 19753.5}, "SolveResult": 0, "UpperBounds": {"1": 19768.5}, "MaxQueueSize": 17, "VisitedNodes": 145, "BranchingVars": [1, 3, 0, 4, 4, 3, 3, 2, 1, 0, 1, 1, 1, 2, 1, 4, 3, 4, 4, 4, 1, 2, 4, 3, 3, 4, 1, 2, 1, 4, 1, 3, 4, 4, 4, 2, 1, 4, 4, 0, 4, 0, 2, 1, 2, 2, 0, 4, 4, 2, 4, 4, 3, 3, 2, 2, 2, 4, 3, 1, 3, 3, 3, 3, 2, 0, 3, 3, 0, 2, 3, 3], "NonLinearTime": 0.950859, "OptimalityGap": 14.9821, "BranchingRules": ["sum_rescaled_var_range_weighted", "sum_rescaled_var_range_weighted", "sum_rescaled_var_range_weighted", "sum_dual_weighted_plus1", "sum_rescaled_var_range_weighted", "sum_dual_weighted_plus1", "sum_rescaled_var_range_weighted", "sum_rescaled_var_range_weighted", "sum_dual_weighted_plus1", "sum_rescaled_var_range_weighted", "sum_rescaled_var_range_weighted", "sum_rescaled_var_range_weighted", "sum_dual_weighted_plus1", "sum_rescaled_var_range_weighted", "sum_rescaled_var_range_weighted", "sum_rescaled_var_range_weighted", "sum_rescaled_var_range_weighted", "sum_rescaled_var_range_weighted", "sum_rescaled_var_range_weighted", "sum_dual_weighted_plus1", "sum_rescaled_var_range_weighted", "sum_rescaled_var_range_weighted", "sum_rescaled_var_range_weighted", "eigen_cen_alternative", "sum_dual_weighted_plus1", "sum_rescaled_var_range_weighted", "sum_rescaled_var_range_weighted", "sum_rescaled_var_range_weighted", "sum_rescaled_var_range_weighted", "sum_rescaled_var_range_weighted", "sum_rescaled_var_range_weighted", "sum_rescaled_var_range_weighted", "sum_rescaled_var_range_weighted", "sum_rescaled_var_range_weighted", "sum_rescaled_var_range_weighted", "sum_rescaled_var_range_weighted", "sum_rescaled_var_range_weighted", "sum_rescaled_var_range_weighted", "sum_rescaled_var_range_weighted", "sum_rescaled_var_range_weighted", "sum_rescaled_var_range_weighted", "sum_rescaled_var_range_weighted", "sum_rescaled_var_range_weighted", "sum_rescaled_var_range_weighted", "sum_rescaled_var_range_weighted", "sum_rescaled_var_range_weighted", "sum_rescaled_var_range_weighted", "sum_rescaled_var_range_weighted", "sum_dual_weighted_plus1", "sum_rescaled_var_range_weighted", "sum_rescaled_var_range_weighted", "sum_rescaled_var_range_weighted", "sum_rescaled_var_range_weighted", "sum_rescaled_var_range_weighted", "sum_rescaled_var_range_weighted", "sum_rescaled_var_range_weighted", "sum_rescaled_var_range_weighted", "sum_rescaled_var_range_weighted", "sum_rescaled_var_range_weighted", "sum_rescaled_var_range_weighted", "sum_rescaled_var_range_weighted", "sum_rescaled_var_range_weighted", "sum_rescaled_var_range_weighted", "sum_rescaled_var_range_weighted", "sum_rescaled_var_range_weighted", "sum_rescaled_var_range_weighted", "sum_dual_weighted_plus1", "sum_rescaled_var_range_weighted", "sum_rescaled_var_range_weighted", "sum_rescaled_var_range_weighted", "sum_rescaled_var_range_weighted", "sum_rescaled_var_range_weighted"], "LBImprovements": [1223.09, 1523.05, 2315.82, 1175.46, 633.469, 821.732, 794.458, 993.856, 1893.67, 2021.64, 1516.22, 920.48, 1633.87, 1502.76, 934.997, 1297.31, 1067.8, 1038.2, 1055.91, 531.074, 1492.65, 496.285, 1176.44, 1719.45, 1445.26, 571.033, 667.556, 386.886, 608.66, 529.254, 559.849, 2141.53, 371.617, 960.911, 206.266, 682.396, 446.139, 142.124, 119.833, 142.956, 694.964, 104.619, 263.409, 645.938, 272.289, 309.967, 81.5633, 158.55, 38.2189, 293.824, 81.6479, 80.582, 75.3049, 29.3916, 1704.4, 63.7689, 83.4488, 222.615, 53.0653, 21.6749, 46.9175, 41.5912, 38.6525, 51.7898, 54.355, 12.6424, 19.7547, 38.6848, 26.1079, 41.1522, 17.0219, 9.00397], "InfeasibleNodes": 0, "ElapsedTimeCoeffs": 0, "LinearizationTime": 0.927803, "NumberOfVariables": 5, "CallsToLinearSolver": 145, "LinearGenerationTime": 36.8565, "SDPCutsGenerationTime": 0, "CallsToNonLinearSolver": 10, "StrongBranchingExtraTime": 3314.49, "ElapsedTimeWeightedCoeffs": 0, "NodesDiscardedByFathoming": 0, "NodesDiscardedByTolerance": 73, "BoundFactorConstraintsTime": 92.2091, "ElapsedTimeVarsInConstraints": 0.00022444, "meanBTRelativeChangeRootNode": 0, "NumberOfBoundFactorConstraints": 11432, "NumberOfLAPACKConvergenceFailures": 0, "NumberOfRLTVariablesAfterLinearization": 785}