{"Itbt": 0, "Pace": 0.0932398, "Depth": 16, "Degree": 4, "RPSTime": 23.8924, "FBBTTime": 0, "OBBTTime": 0, "TotalTime": 424.879, "Iterations": 170, "LinearTime": 31.784, "LowerBound": 1457.61, "TimeVector": [3.16257, 5.83894, 8.49645, 11.1542, 13.8364, 16.498, 19.2985, 21.8994, 24.5768, 27.1335, 29.7539, 32.4309, 35.0292, 37.8393, 40.3925, 43.0508, 45.8069, 48.5386, 51.1408, 53.7369, 56.3491, 59.0186, 61.7079, 64.4102, 66.8945, 69.668, 72.2772, 75.0367, 77.5262, 80.2353, 82.9491, 85.5737, 88.2279, 91.0055, 93.7418, 96.4115, 98.9161, 101.511, 104.234, 106.825, 109.522, 112.19, 114.76, 117.481, 120.071, 122.693, 125.31, 127.988, 130.72, 133.39, 136.127, 138.812, 141.443, 144.05, 146.821, 149.305, 151.862, 154.491, 157.14, 159.613, 161.958, 164.674, 167.354, 169.89, 172.561, 175.337, 177.817, 180.385, 182.558, 185.203, 187.817, 190.352, 193.044, 195.508, 197.63, 200.255, 202.571, 205.253, 207.712, 210.404, 212.998, 215.637, 218.247, 220.643, 223.154, 225.934, 228.124, 230.627, 233.214, 235.402, 237.811, 240.539, 242.672, 245.223, 247.902, 250.523, 253.193, 255.576, 258.112, 260.28, 262.711, 265.248, 267.681, 269.973, 272.464, 275.026, 277.424, 279.849, 282.528, 285.123, 287.562, 290.289, 292.961, 295.545, 298.233, 300.675, 302.789, 305.262, 307.719, 310.197, 312.438, 314.94, 317.103, 319.245, 321.651, 323.836, 326.473, 328.728, 331.271, 333.533, 335.681, 337.919, 340.601, 342.867, 345.022, 347.346, 349.682, 351.774, 354.059, 356.616, 358.864, 361.348, 363.43, 365.624, 367.896, 370.2, 372.437, 374.494, 376.637, 378.734, 381.263, 383.169, 385.224, 387.733, 390.015, 392.174, 394.657, 397.435, 399.631, 402.255, 404.366, 406.508, 409.07, 411.755, 413.846, 415.934, 417.949, 420.549, 422.698, 438.506], "UpperBound": 1459.02, "rootBTTime": 0, "LowerBounds": {"1": 1093.51, "2": 1162.82, "3": 1168.45, "4": 1218.92, "5": 1233.23, "6": 1238.8, "7": 1246.1, "8": 1270.68, "9": 1287.77, "10": 1288.92, "11": 1304.17, "12": 1307.03, "13": 1312.67, "14": 1320.65, "15": 1329.02, "16": 1341.07, "17": 1348.63, "18": 1352.82, "19": 1356.27, "20": 1357.27, "21": 1361.67, "22": 1363.7, "23": 1365.34, "24": 1368.53, "25": 1369.43, "26": 1369.79, "27": 1376.61, "28": 1386.62, "29": 1387.14, "30": 1394.05, "31": 1395.67, "32": 1396.22, "33": 1401.34, "34": 1401.95, "35": 1403.36, "36": 1404.11, "37": 1404.97, "38": 1406.41, "39": 1407.66, "40": 1415.43, "41": 1418.13, "42": 1418.36, "43": 1418.58, "44": 1418.88, "45": 1419.24, "46": 1420.2, "47": 1420.38, "48": 1421.55, "49": 1421.93, "50": 1422.89, "51": 1426.08, "52": 1428.71, "53": 1431.39, "54": 1431.94, "55": 1434.5, "56": 1434.83, "57": 1435.74, "58": 1436.35, "59": 1436.53, "60": 1437.29, "61": 1438.73, "62": 1439.57, "63": 1440.25, "64": 1440.47, "65": 1441, "66": 1441.55, "67": 1441.62, "68": 1442.14, "69": 1442.3, "70": 1442.4, "71": 1442.65, "72": 1443.15, "73": 1443.45, "74": 1443.46, "75": 1443.49, "76": 1443.71, "77": 1443.96, "78": 1444.28, "79": 1444.34, "80": 1444.55, "81": 1444.62, "82": 1444.63, "83": 1445.59, "84": 1445.71, "85": 1445.79, "86": 1446.35, "87": 1446.43, "88": 1446.91, "89": 1447.02, "90": 1447.06, "91": 1447.37, "92": 1448.56, "93": 1448.95, "94": 1449.6, "95": 1449.85, "96": 1449.98, "97": 1450.28, "98": 1450.59, "99": 1450.98, "100": 1451.09, "101": 1451.54, "102": 1451.57, "103": 1451.7, "104": 1452.28, "105": 1452.46, "106": 1452.59, "107": 1452.91, "108": 1452.98, "109": 1453.06, "110": 1453.07, "111": 1453.22, "112": 1453.26, "113": 1453.27, "114": 1453.37, "115": 1453.65, "116": 1453.68, "117": 1453.92, "118": 1454.05, "119": 1454.2, "120": 1454.28, "121": 1454.33, "122": 1454.48, "123": 1454.62, "124": 1454.86, "125": 1454.88, "126": 1454.97, "127": 1455.02, "128": 1455.07, "129": 1455.17, "130": 1455.27, "131": 1455.29, "132": 1455.3, "133": 1455.32, "134": 1455.33, "135": 1455.41, "136": 1455.41, "137": 1455.42, "138": 1455.63, "139": 1455.88, "140": 1455.88, "141": 1455.94, "142": 1456.01, "143": 1456.08, "144": 1456.14, "145": 1456.3, "146": 1456.37, "147": 1456.39, "148": 1456.46, "149": 1456.47, "150": 1456.72, "151": 1456.73, "152": 1456.73, "153": 1456.82, "154": 1456.83, "155": 1456.84, "156": 1456.9, "157": 1457.02, "158": 1457.05, "159": 1457.06, "160": 1457.19, "161": 1457.22, "162": 1457.27, "163": 1457.28, "164": 1457.41, "165": 1457.43, "166": 1457.44, "167": 1457.48, "168": 1457.52, "169": 1457.52, "170": 1457.61}, "SolveResult": 0, "UpperBounds": {"1": 1459.02}, "MaxQueueSize": 37, "VisitedNodes": 341, "BranchingVars": [0, 3, 4, 1, 1, 3, 1, 8, 8, 8, 1, 11, 2, 11, 2, 4, 11, 2, 4, 4, 4, 8, 2, 1, 8, 0, 4, 3, 9, 8, 8, 9, 8, 8, 8, 11, 0, 9, 8, 8, 1, 11, 9, 1, 4, 1, 2, 1, 1, 9, 1, 0, 2, 3, 7, 8, 3, 3, 4, 3, 8, 1, 3, 6, 11, 6, 8, 8, 1, 11, 3, 3, 11, 4, 4, 11, 0, 6, 3, 3, 4, 3, 8, 11, 7, 9, 0, 9, 7, 7, 7, 9, 1, 3, 8, 4, 11, 3, 7, 0, 1, 0, 8, 11, 3, 2, 1, 11, 2, 1, 4, 11, 3, 11, 9, 11, 1, 8, 8, 9, 7, 8, 8, 1, 9, 7, 6, 4, 8, 7, 7, 4, 8, 1, 1, 9, 8, 7, 1, 11, 6, 0, 0, 1, 8, 9, 3, 4, 0, 1, 6, 8, 0, 1, 0, 1, 1, 8, 1, 0, 8, 0, 7, 10, 1, 7, 0, 0, 0, 0], "NonLinearTime": 0.2815, "OptimalityGap": 1.41726,