{"Itbt": 0, "Pace": 0.0253802, "Depth": 13, "Degree": 4, "RPSTime": 1.4043, "FBBTTime": 0, "OBBTTime": 0, "TotalTime": 8.61343, "Iterations": 141, "LinearTime": 0.555283, "LowerBound": 85.1744, "TimeVector": [0.20607, 0.274952, 0.342777, 0.412169, 0.481034, 0.536874, 0.593765, 0.661495, 0.718388, 0.780785, 0.84607, 0.903903, 0.96176, 1.02122, 1.07728, 1.14539, 1.20282, 1.25991, 1.31832, 1.37402, 1.43181, 1.49344, 1.55061, 1.61074, 1.66506, 1.72419, 1.78645, 1.8443, 1.90212, 1.9582, 2.01912, 2.08523, 2.14426, 2.20307, 2.26032, 2.31831, 2.37566, 2.431, 2.4909, 2.54593, 2.60502, 2.66021, 2.7172, 2.78299, 2.84665, 2.90584, 2.96074, 3.01346, 3.06958, 3.12659, 3.18759, 3.25195, 3.31204, 3.37364, 3.43443, 3.49374, 3.56004, 3.62105, 3.67797, 3.73243, 3.79204, 3.85237, 3.91168, 3.98281, 4.04467, 4.10189, 4.16289, 4.22303, 4.28126, 4.33566, 4.39523, 4.45304, 4.51106, 4.56793, 4.62197, 4.68006, 4.73722, 4.79256, 4.84551, 4.90956, 4.96918, 5.02506, 5.08455, 5.14607, 5.20363, 5.2648, 5.32341, 5.3807, 5.44421, 5.50602, 5.56643, 5.62426, 5.67922, 5.73997, 5.7951, 5.85615, 5.91409, 5.97729, 6.03827, 6.09605, 6.15444, 6.21367, 6.27554, 6.33966, 6.40054, 6.45748, 6.52052, 6.58279, 6.64105, 6.70393, 6.7615, 6.82407, 6.88472, 6.94364, 7.00507, 7.06176, 7.12629, 7.18863, 7.25653, 7.3156, 7.37074, 7.4347, 7.4947, 7.55655, 7.61531, 7.67566, 7.73252, 7.79819, 7.85544, 7.91884, 7.9832, 8.0413, 8.09737, 8.15812, 8.21254, 8.27246, 8.33563, 8.39992, 8.46082, 8.5249, 17.1383], "UpperBound": 85.2595, "rootBTTime": 0, "LowerBounds": {"1": 49.4944, "2": 58.1154, "3": 61.9141, "4": 68.4547, "5": 69.3152, "6": 71.6829, "7": 71.9682, "8": 73.5655, "9": 73.6277, "10": 75.4329, "11": 76.7566, "12": 76.8658, "13": 76.8863, "14": 77.0168, "15": 77.1608, "16": 77.3402, "17": 77.4378, "18": 77.8623, "19": 78.159, "20": 79.0924, "21": 80.044, "22": 80.1096, "23": 80.1142, "24": 80.1832, "25": 80.4605, "26": 80.6725, "27": 80.7392, "28": 80.8371, "29": 80.9436, "30": 81.3219, "31": 81.3437, "32": 81.611, "33": 81.6529, "34": 81.8, "35": 81.8572, "36": 81.9253, "37": 81.9493, "38": 82.0165, "39": 82.1156, "40": 82.2798, "41": 82.3068, "42": 82.3793, "43": 82.431, "44": 82.5671, "45": 82.6166, "46": 82.8042, "47": 82.8585, "48": 82.9535, "50": 82.956, "51": 83.1404, "52": 83.2206, "53": 83.2246, "54": 83.2428, "55": 83.2665, "56": 83.5468, "57": 83.6725, "58": 83.8874, "59": 83.8991, "60": 83.9059, "61": 83.9442, "62": 83.9552, "63": 84.0147, "64": 84.0941, "65": 84.1224, "66": 84.149, "67": 84.2933, "68": 84.326, "69": 84.3619, "70": 84.3786, "71": 84.4079, "72": 84.4555, "73": 84.4738, "74": 84.4941, "75": 84.5302, "76": 84.537, "77": 84.5507, "78": 84.5839, "79": 84.5839, "80": 84.599, "81": 84.6476, "82": 84.6503, "83": 84.7017, "84": 84.7153, "85": 84.7227, "86": 84.7331, "87": 84.7413, "88": 84.7875, "89": 84.7985, "90": 84.8043, "91": 84.8262, "92": 84.8319, "93": 84.8458, "94": 84.8471, "95": 84.8672, "96": 84.8705, "97": 84.8772, "98": 84.8778, "99": 84.8855, "100": 84.8972, "101": 84.8973, "102": 84.9048, "103": 84.9088, "104": 84.9107, "105": 84.9245, "106": 84.9324, "107": 84.9324, "108": 84.9481, "109": 84.9491, "110": 84.9627, "111": 84.9669, "112": 84.9688, "113": 84.9712, "114": 84.9754, "115": 84.9832, "116": 84.9859, "117": 84.9916, "118": 85.0072, "119": 85.0144, "120": 85.0169, "121": 85.0276, "122": 85.0288, "123": 85.0376, "124": 85.0483, "125": 85.0496, "126": 85.0692, "127": 85.0757, "128": 85.076, "129": 85.0762, "130": 85.1001, "131": 85.1118, "132": 85.1249, "133": 85.1274, "134": 85.1436, "135": 85.1485, "136": 85.1487, "137": 85.1517, "138": 85.1595, "139": 85.1624, "140": 85.1687, "141": 85.1744}, "SolveResult": 0, "UpperBounds": {"1": 85.2595}, "MaxQueueSize": 37, "VisitedNodes": 283, "BranchingVars": [0, 5, 5, 1, 1, 1, 1, 9, 6, 6, 6, 9, 8, 9, 9, 8, 6, 8, 8, 8, 9, 8, 1, 1, 8, 0, 8, 4, 1, 1, 8, 9, 8, 8, 9, 9, 9, 9, 1, 0, 6, 8, 9, 9, 9, 1, 8, 7, 7, 1, 9, 9, 9, 9, 9, 0, 6, 0, 7, 6, 9, 1, 6, 7, 7, 7, 0, 6, 1, 6, 7, 0, 9, 9, 1, 0, 7, 0, 0, 0, 7, 7, 1, 0, 0, 2, 6, 2, 9, 6, 6, 1, 1, 6, 7, 2, 5, 0, 6, 5, 2, 6, 0, 2, 0, 5, 6, 0, 0, 2, 6, 7, 6, 1, 7, 0, 0, 0, 5, 0, 0, 2, 7, 5, 6, 7, 6, 0, 0, 5, 0, 9, 7, 1, 5, 0, 9, 5, 4, 5, 0], "NonLinearTime": 0.231354, "OptimalityGap": 0.0851315,