{"Itbt": 0, "Pace": 0.105127, "Depth": 13, "Degree": 5, "RPSTime": 191.652, "FBBTTime": 0, "OBBTTime": 0, "TotalTime": 601.122, "Iterations": 174, "LinearTime": 409.191, "LowerBound": 44916.6, "TimeVector": [4.82322, 7.15775, 9.71803, 12.0132, 14.6617, 17.4183, 20.8174, 23.1885, 26.243, 29.2107, 31.7639, 34.6685, 37.4944, 40.6347, 43.3585, 46.1168, 49.1792, 52.2046, 55.4099, 58.446, 61.3703, 64.506, 67.5429, 70.2929, 75.2151, 78.0834, 80.9558, 85.1526, 88.2493, 91.3339, 94.7141, 98.0941, 101.132, 103.953, 106.923, 109.993, 114.031, 117.51, 120.571, 123.878, 127.088, 130.96, 134.198, 137.377, 140.299, 143.441, 146.619, 149.576, 152.666, 155.588, 158.376, 161.465, 166.358, 170.488, 173.709, 177.583, 180.69, 183.599, 186.364, 189.449, 193.012, 196.17, 200.624, 207.818, 210.812, 214.482, 217.699, 220.884, 223.856, 226.886, 229.59, 232.575, 235.592, 239.194, 242.331, 245.343, 248.44, 254.219, 257.677, 261.805, 264.546, 269.686, 273.374, 279.845, 282.994, 285.821, 288.581, 291.742, 295.454, 298.522, 301.603, 305.325, 308.686, 311.407, 314.295, 317.471, 321.313, 324.246, 328.536, 332.686, 335.667, 338.817, 341.858, 344.555, 347.447, 351.195, 355.514, 359.277, 363.065, 366.118, 368.992, 371.867, 375.335, 378.811, 384.313, 387.344, 390.368, 393.465, 396.594, 399.418, 402.511, 405.692, 409.144, 412.983, 415.836, 418.671, 421.87, 431.186, 434.275, 437.834, 442.928, 446.503, 449.65, 455.534, 459.734, 463.032, 466.089, 469.155, 472.27, 475.492, 478.534, 482.944, 486.241, 489.803, 493.036, 496.318, 499.906, 505.562, 508.839, 512.24, 515.177, 517.89, 521.002, 524.001, 526.657, 529.586, 532.654, 538.335, 541.218, 544.216, 547.824, 552.621, 555.664, 558.794, 565.863, 569.122, 576.285, 580.008, 584.576, 590.127, 593.662, 596.435, 599.498, 624.335], "UpperBound": 45558.5, "rootBTTime": 0, "LowerBounds": {"1": 39209.2, "2": 39642.5, "3": 40406, "4": 40968.8, "5": 41534.8, "6": 41658.2, "7": 41807.8, "8": 42231.3, "9": 42268.3, "10": 42374.4, "11": 42378.9, "12": 42436.1, "13": 42518.1, "14": 42576.3, "15": 42647.3, "16": 42690.1, "17": 42721.1, "18": 42800.3, "19": 42881.9, "20": 43075.2, "21": 43144.1, "22": 43170.8, "23": 43171.2, "24": 43178.3, "25": 43183.9, "26": 43351.7, "27": 43423.8, "28": 43458.9, "29": 43484.3, "30": 43496.8, "31": 43505.2, "32": 43547.5, "33": 43600.7, "34": 43601.3, "35": 43615.6, "36": 43619.3, "37": 43661.9, "38": 43671.9, "39": 43701.9, "40": 43727.4, "41": 43764.7, "42": 43786.7, "43": 43788.1, "44": 43849, "45": 43865.7, "46": 43870.2, "47": 43871.5, "48": 43878.5, "49": 43890.7, "50": 43931.1, "51": 43944.7, "52": 43954, "53": 43964.4, "54": 44000.7, "55": 44022.2, "56": 44042.1, "57": 44050.8, "58": 44076.9, "59": 44078.9, "60": 44091.7, "61": 44101.4, "62": 44136.6, "63": 44179.2, "64": 44185.7, "65": 44189.7, "66": 44195.1, "67": 44219.1, "68": 44236.7, "69": 44246.5, "70": 44279.3, "71": 44298.1, "72": 44304, "73": 44309.6, "74": 44316.2, "75": 44319.7, "76": 44324.6, "77": 44334.9, "78": 44350.3, "79": 44351.6, "80": 44356, "81": 44380.5, "82": 44380.8, "83": 44391.2, "84": 44402.6, "85": 44404.8, "86": 44415.4, "87": 44416.4, "88": 44422.9, "89": 44428.5, "90": 44433.3, "91": 44455.8, "92": 44455.9, "93": 44457.1, "94": 44465.2, "95": 44466.8, "96": 44473, "97": 44486, "98": 44497.8, "99": 44515.5, "100": 44517, "101": 44522, "102": 44525, "103": 44527.2, "104": 44529.1, "105": 44536.8, "106": 44550.2, "107": 44584.2, "108": 44588.1, "109": 44599.3, "110": 44605.7, "111": 44607.7, "112": 44611.3, "113": 44628.2, "114": 44632.2, "115": 44636.6, "116": 44640.6, "117": 44650.7, "118": 44661, "119": 44663.9, "120": 44673.7, "121": 44679.7, "122": 44686.8, "123": 44705, "124": 44711.4, "125": 44713.9, "126": 44714.3, "127": 44715.2, "128": 44723.4, "129": 44727, "130": 44739.4, "131": 44744.5, "132": 44753.2, "133": 44756.5, "134": 44759.7, "135": 44765.1, "136": 44767.5, "137": 44775.9, "138": 44779, "139": 44783.2, "140": 44789.8, "141": 44789.9, "142": 44792, "143": 44799.8, "144": 44800.7, "145": 44802.5, "146": 44803.8, "147": 44807.2, "148": 44808.2, "149": 44813.6, "150": 44816.9, "151": 44819.1, "152": 44831.9, "153": 44842.1, "154": 44842.1, "155": 44842.6, "156": 44855, "157": 44855.3, "158": 44858.4, "159": 44862.8, "160": 44881.6, "161": 44882.5, "162": 44886.7, "163": 44887.7, "164": 44889.4, "165": 44895.3, "166": 44895.4, "167": 44895.8, "168": 44897.5, "169": 44901.3, "170": 44907.9, "171": 44910.4, "172": 44911.5, "173": 44914.2, "174": 44916.6}, "SolveResult": 402, "UpperBounds": {"1": 45558.5}, "MaxQueueSize": 157, "VisitedNodes": 349, "BranchingVars": [5, 6, 7, 7, 7, 3, 2, 6, 0, 4, 6, 0, 2, 0, 2, 3, 0, 2, 0, 0, 0, 3, 0, 3, 2, 2, 4, 3, 4, 2, 0, 3, 0, 0, 2, 0, 1, 3, 4, 0, 1, 4, 1, 0, 1, 1, 4, 3, 1, 0, 1, 4, 2, 2, 0, 2, 3, 2, 1, 1, 2, 2, 1, 0, 0, 4, 2, 3, 0, 1, 4, 4, 0, 3, 1, 1, 2, 5, 0, 4, 2, 0, 0, 2, 4, 0, 4, 2, 2, 4, 2, 2, 5, 2, 3, 4, 5, 2, 4, 6, 1, 2, 4, 2, 4, 4, 4, 6, 6, 6, 1, 4, 3, 1, 3, 2, 1, 4, 4, 4, 5, 4, 4, 1, 4, 4, 4, 1, 1, 0, 1, 1, 2, 1, 1, 5, 1, 3, 5, 4, 1, 6, 4, 3, 4, 4, 4, 5, 2, 4, 1, 4, 1, 1, 4, 5, 6, 0, 1, 1, 5, 4, 1, 1, 4, 2, 5, 4, 1, 0, 1, 1, 2, 6], "NonLinearTime": 0.2783, "OptimalityGap": 641.915,