{"Itbt": 0, "Pace": 0.0280016, "Depth": 12, "Degree": 5, "RPSTime": 0.503051, "FBBTTime": 0, "OBBTTime": 0, "TotalTime": 4.20857, "Iterations": 144, "LinearTime": 3.60005, "LowerBound": 283.377, "TimeVector": [0.05793, 0.0923969, 0.129942, 0.168715, 0.205587, 0.236066, 0.264059, 0.301447, 0.328338, 0.353432, 0.383999, 0.410798, 0.437091, 0.467937, 0.496097, 0.531482, 0.558828, 0.585745, 0.609979, 0.635246, 0.663126, 0.694161, 0.717827, 0.74756, 0.773544, 0.798416, 0.824529, 0.852349, 0.88101, 0.909363, 0.933881, 0.973092, 1.00431, 1.03337, 1.06105, 1.08819, 1.11596, 1.14377, 1.17234, 1.2027, 1.2249, 1.24934, 1.27789, 1.30407, 1.33034, 1.36106, 1.38653, 1.41572, 1.44057, 1.46777, 1.49735, 1.5235, 1.55063, 1.57849, 1.60641, 1.63472, 1.66343, 1.69737, 1.72326, 1.75532, 1.78671, 1.81506, 1.85174, 1.89043, 1.91582, 1.94226, 1.96857, 1.99427, 2.02247, 2.05162, 2.07655, 2.10396, 2.1322, 2.16029, 2.18619, 2.21507, 2.24413, 2.26829, 2.29927, 2.3251, 2.35305, 2.3832, 2.41257, 2.44154, 2.47188, 2.50087, 2.53004, 2.55914, 2.58617, 2.615, 2.64217, 2.66904, 2.69698, 2.72539, 2.75286, 2.78622, 2.81358, 2.84222, 2.87411, 2.89983, 2.92408, 2.95219, 2.98832, 3.0202, 3.04755, 3.07699, 3.10511, 3.13757, 3.17076, 3.20117, 3.22984, 3.26255, 3.29185, 3.32446, 3.35067, 3.38183, 3.41155, 3.44241, 3.46964, 3.49837, 3.52607, 3.55395, 3.57972, 3.60924, 3.63658, 3.66426, 3.6948, 3.73645, 3.76508, 3.79069, 3.81936, 3.84979, 3.88141, 3.91151, 3.93945, 3.96772, 3.99664, 4.02669, 4.05734, 4.08534, 4.11335, 4.13927, 4.1694, 8.37797], "UpperBound": 283.659, "rootBTTime": 0, "LowerBounds": {"1": 133.08, "2": 156.636, "3": 180.68, "4": 185.707, "5": 193.782, "6": 198.693, "7": 208.749, "8": 209.544, "9": 211.755, "10": 212.951, "11": 224.114, "12": 237.754, "13": 242.679, "14": 242.989, "15": 247.295, "16": 247.964, "17": 249.21, "18": 253.601, "19": 253.967, "20": 255.07, "21": 255.15, "22": 256.265, "23": 259.667, "24": 260.124, "25": 260.154, "26": 262.925, "27": 262.989, "28": 263.032, "29": 263.188, "30": 263.754, "31": 264.533, "32": 264.877, "33": 264.905, "34": 264.996, "35": 265.026, "36": 265.712, "37": 267.453, "38": 267.738, "39": 268.599, "40": 268.655, "41": 268.775, "42": 268.794, "43": 268.813, "44": 269.323, "45": 269.437, "46": 270.02, "47": 270.239, "48": 270.316, "49": 270.667, "50": 270.769, "51": 271.308, "52": 271.345, "53": 271.448, "54": 271.703, "55": 271.935, "56": 272.797, "57": 272.84, "58": 272.928, "59": 274.074, "60": 274.379, "61": 274.81, "62": 274.83, "63": 275.185, "64": 275.256, "65": 275.502, "66": 275.766, "67": 275.958, "68": 276.049, "69": 276.239, "70": 276.617, "71": 276.75, "72": 276.798, "73": 277.236, "74": 277.953, "75": 278.758, "76": 278.88, "77": 278.886, "78": 279.16, "79": 279.178, "80": 279.189, "81": 279.199, "82": 279.21, "83": 279.261, "84": 279.296, "85": 280.038, "86": 280.221, "87": 280.495, "88": 280.509, "89": 280.543, "90": 280.659, "91": 280.752, "92": 280.865, "93": 280.865, "94": 280.907, "95": 280.921, "96": 280.975, "97": 281.025, "98": 281.035, "99": 281.505, "100": 281.545, "101": 281.561, "102": 281.657, "103": 281.705, "104": 281.712, "105": 281.905, "106": 281.971, "107": 282.011, "108": 282.139, "109": 282.14, "110": 282.148, "111": 282.148, "112": 282.168, "113": 282.168, "114": 282.214, "115": 282.231, "116": 282.233, "117": 282.275, "118": 282.354, "119": 282.463, "120": 282.467, "121": 282.486, "122": 282.497, "123": 282.603, "124": 282.671, "125": 282.687, "126": 282.687, "127": 282.691, "128": 282.709, "129": 282.806, "130": 282.824, "131": 282.851, "132": 282.932, "133": 282.95, "134": 282.963, "135": 282.975, "136": 283.13, "137": 283.147, "138": 283.183, "139": 283.253, "140": 283.286, "141": 283.299, "142": 283.305, "143": 283.308, "144": 283.377}, "SolveResult": 0, "UpperBounds": {"1": 283.659}, "MaxQueueSize": 42, "VisitedNodes": 289, "BranchingVars": [2, 0, 1, 7, 3, 3, 3, 4, 4, 4, 6, 1, 4, 7, 1, 6, 6, 5, 6, 0, 7, 7, 2, 6, 6, 5, 2, 2, 2, 6, 6, 3, 2, 7, 7, 4, 2, 2, 7, 5, 4, 5, 6, 5, 4, 1, 4, 5, 6, 5, 5, 5, 5, 5, 5, 5, 6, 6, 3, 5, 5, 5, 5, 5, 4, 4, 4, 2, 5, 5, 4, 4, 2, 4, 2, 2, 7, 4, 2, 2, 2, 7, 2, 7, 2, 7, 4, 7, 4, 2, 4, 2, 2, 2, 5, 2, 2, 7, 4, 4, 1, 4, 7, 7, 2, 4, 4, 7, 7, 7, 7, 7, 7, 5, 1, 4, 7, 2, 4, 2, 4, 2, 0, 2, 4, 4, 5, 2, 7, 1, 2, 3, 2, 3, 1, 2, 2, 2, 2, 2, 2, 2, 5, 1], "NonLinearTime": 0.10543, "OptimalityGap": 0.281903,