{"Itbt": 0, "Pace": 0.140509, "Depth": 16, "Degree": 5, "RPSTime": 13.0135, "FBBTTime": 0, "OBBTTime": 0, "TotalTime": 193.181, "Iterations": 265, "LinearTime": 180.017, "LowerBound": 2573.79, "TimeVector": [1.30152, 2.13291, 2.99156, 3.83938, 4.65689, 5.35511, 6.15643, 6.88353, 7.62558, 8.40451, 9.26963, 10.0154, 10.7323, 11.4788, 12.2149, 13.0446, 13.866, 14.6123, 15.4003, 16.1362, 16.9144, 17.6397, 18.3664, 19.1131, 19.8806, 20.5777, 21.286, 21.9563, 22.6579, 23.5107, 24.3464, 25.0519, 25.7535, 26.509, 27.3047, 28.0837, 28.7721, 29.5628, 30.3611, 30.9899, 31.6261, 32.4045, 33.183, 33.9834, 34.6532, 35.3979, 36.1441, 37.0003, 37.8315, 38.6221, 39.4021, 40.1191, 40.7704, 41.4994, 42.29, 42.9608, 43.5456, 44.3762, 45.2907, 46.0138, 46.6743, 47.4855, 48.2139, 48.9868, 49.6626, 50.4054, 51.1091, 51.864, 52.687, 53.4015, 54.1918, 54.8795, 55.6615, 56.4561, 57.2315, 57.9011, 58.5606, 59.2167, 59.9378, 60.6256, 61.3755, 62.2034, 62.9691, 63.7853, 64.4675, 65.1555, 66.0264, 66.6634, 67.4275, 68.1934, 68.8941, 69.5531, 70.4334, 71.1434, 71.8695, 72.5106, 73.1775, 73.8379, 74.6083, 75.4421, 76.1677, 76.8471, 77.5712, 78.2804, 78.9346, 79.7978, 80.5982, 81.4118, 82.0674, 82.8563, 83.5723, 84.2458, 85.0034, 85.7941, 86.5777, 87.3742, 88.0763, 88.7883, 89.5677, 90.2541, 90.9244, 91.6481, 92.3859, 93.0818, 93.8314, 94.5234, 95.1029, 95.7993, 96.5098, 97.1845, 97.8615, 98.735, 99.4977, 100.231, 100.94, 101.627, 102.336, 103.036, 103.782, 104.494, 105.213, 106.12, 106.775, 107.433, 108.145, 108.844, 109.585, 110.296, 111.066, 111.886, 112.622, 113.38, 114.095, 114.942, 115.704, 116.432, 117.209, 117.848, 118.558, 119.443, 120.128, 120.78, 121.694, 122.468, 123.111, 123.872, 124.524, 125.252, 125.961, 126.572, 127.343, 127.947, 128.744, 129.419, 130.224, 130.878, 131.575, 132.398, 133.185, 133.901, 134.536, 135.248, 136.081, 136.789, 137.451, 138.183, 138.871, 139.541, 140.404, 141.239, 142.038, 142.719, 143.526, 144.35, 145.121, 145.822, 146.555, 147.287, 148.036, 148.805, 149.518, 150.426, 151.21, 152.044, 152.856, 153.476, 154.166, 154.86, 155.485, 156.129, 156.943, 157.575, 158.26, 158.92, 159.679, 160.34, 160.978, 161.686, 162.501, 163.323, 163.961, 164.675, 165.314, 165.985, 166.673, 167.334, 167.848, 168.516, 169.188, 169.806, 170.491, 171.135, 171.775, 172.399, 173.012, 173.628, 174.279, 174.971, 175.579, 176.346, 177.052, 177.708, 178.36, 179.013, 179.652, 180.328, 181.016, 181.71, 182.324, 183.009, 183.629, 184.294, 185.028, 185.702, 186.397, 187.088, 187.731, 188.456, 189.142, 189.826, 190.461, 191.228, 191.82, 192.484, 203.341], "UpperBound": 2576.31, "rootBTTime": 0, "LowerBounds": {"1": 1198.94, "2": 1716.57, "3": 1795.12, "4": 1931.3, "5": 2009.81, "6": 2064.42, "7": 2081.02, "8": 2100.87, "9": 2127.87, "10": 2150.75, "11": 2157.21, "12": 2159.98, "13": 2160.63, "14": 2180.12, "15": 2204.95, "16": 2237.06, "17": 2262.81, "18": 2264.24, "19": 2271.42, "20": 2273.24, "21": 2279.66, "22": 2281.66, "23": 2283, "24": 2286.38, "25": 2290.01, "26": 2297.93, "27": 2298.87, "28": 2308.27, "29": 2309.16, "30": 2310.58, "31": 2313.09, "32": 2314.05, "33": 2320.62, "34": 2334.01, "35": 2339.09, "36": 2339.17, "37": 2347.76, "38": 2350.85, "39": 2355.42, "40": 2355.88, "41": 2357.89, "42": 2358.6, "43": 2368.94, "44": 2374.4, "45": 2374.76, "46": 2377.98, "47": 2379.03, "48": 2380.59, "49": 2381.31, "50": 2383.8, "51": 2390.42, "52": 2399.16, "53": 2400.26, "54": 2402.16, "55": 2402.39, "56": 2404.61, "57": 2407.85, "58": 2409.63, "59": 2409.77, "60": 2410.07, "61": 2410.48, "62": 2413.71, "63": 2416.75, "64": 2417.56, "65": 2419.43, "66": 2427.92, "67": 2429.07, "68": 2430.52, "69": 2431.91, "70": 2435.08, "71": 2439, "72": 2439.41, "73": 2446.94, "74": 2451.82, "75": 2452.27, "76": 2456.75, "77": 2456.81, "78": 2460.44, "79": 2466.07, "80": 2468.04, "81": 2468.32, "82": 2469.71, "83": 2469.96, "84": 2469.98, "85": 2470.1, "86": 2474.25, "87": 2475.62, "88": 2481.79, "89": 2484.33, "90": 2485.08, "91": 2485.14, "92": 2485.22, "93": 2485.74, "94": 2488.53, "95": 2490.44, "96": 2492.93, "97": 2493.1, "98": 2493.89, "99": 2493.9, "100": 2498.43, "101": 2498.59, "102": 2498.61, "103": 2501.25, "104": 2501.83, "105": 2502.54, "106": 2504.43, "107": 2506.34, "108": 2507.04, "109": 2508.69, "110": 2509.77, "111": 2510.12, "112": 2510.56, "113": 2511.62, "114": 2512.07, "115": 2512.87, "116": 2513.13, "117": 2513.76, "118": 2517.11, "119": 2518.6, "120": 2519.4, "121": 2519.75, "122": 2520.04, "123": 2520.34, "124": 2521.08, "125": 2521.31, "126": 2522.33, "127": 2522.33, "128": 2522.42, "129": 2523.89, "130": 2523.96, "131": 2526.18, "132": 2526.68, "133": 2527.04, "134": 2527.31, "135": 2527.54, "136": 2528.08, "137": 2528.46, "138": 2528.51, "139": 2529.06, "140": 2533.42, "141": 2533.86, "142": 2534.17, "143": 2534.22, "144": 2534.96, "145": 2535.23, "146": 2536.21, "147": 2537.36, "148": 2537.84, "149": 2537.85, "150": 2538.45, "151": 2539.03, "152": 2539.17, "153": 2539.77, "154": 2540.04, "155": 2540.16, "156": 2540.29, "157": 2540.6, "158": 2542.54, "159": 2544.03, "160": 2544.13, "161": 2544.48, "162": 2544.99, "163": 2546.6, "164": 2546.64, "165": 2546.7, "166": 2547.14, "167": 2547.39, "168": 2547.9, "169": 2548.01, "170": 2548.08, "171": 2548.88, "172": 2550.04, "173": 2550.14, "174": 2550.18, "175": 2551, "176": 2551.18, "177": 2551.44, "178": 2551.56, "179": 2551.86, "180": 2552.18, "181": 2553.11, "182": 2553.19, "183": 2553.47, "184": 2553.49, "185": 2553.81, "186": 2553.84, "187": 2554.75, "188": 2555.77, "189": 2555.81, "190": 2556.09, "191": 2556.28, "192": 2556.45, "193": 2558.09, "194": 2558.34, "195": 2559.85, "196": 2560.04, "197": 2560.16, "198": 2560.41, "199": 2560.52, "200": 2560.97, "201": 2562.21, "202": 2562.49, "203": 2562.63, "204": 2562.77, "205": 2562.84, "206": 2564.31, "207": 2564.57, "208": 2564.61, "209": 2565.09, "210": 2565.11, "211": 2566.19, "212": 2566.37, "213": 2566.38, "214": 2566.77, "215": 2567.35, "216": 2567.86, "217": 2568.67, "218": 2568.88, "219": 2569.04, "220": 2569.15, "221": 2569.23, "222": 2569.4, "223": 2569.62, "224": 2570.02, "225": 2570.07, "226": 2570.18, "227": 2570.34, "228": 2570.43, "229": 2570.7, "230": 2571.01, "231": 2571.12, "232": 2571.16, "233": 2571.17, "234": 2571.23, "235": 2571.26, "236": 2571.26, "237": 2571.29, "238": 2571.34, "239": 2571.39, "240": 2571.58, "241": 2571.59, "242": 2571.91, "243": 2572.06, "244": 2572.15, "245": 2572.18, "246": 2572.32, "247": 2572.32, "248": 2572.59, "249": 2572.73, "250": 2573.1, "251": 2573.12, "252": 2573.12, "253": 2573.12, "254": 2573.2, "255": 2573.24, "256": 2573.28, "257": 2573.32, "258": 2573.34, "259": 2573.45, "260": 2573.47, "261": 2573.58, "262": 2573.59, "263": 2573.59, "264": 2573.72, "265": 2573.79}, "SolveResult": 0, "UpperBounds": {"1": 2576.31}, "MaxQueueSize": 66, "VisitedNodes": 531, "BranchingVars": [1, 7, 7, 2, 2, 6, 5, 2, 5, 0, 6, 5, 2, 0, 4, 4, 5, 2, 2, 4, 3, 3, 5, 5, 4, 0, 0, 0, 7, 4, 3, 2, 5, 5, 3, 7, 7, 4, 7, 2, 2, 3, 5, 4, 5, 3, 6, 7, 3, 4, 4, 6, 7, 6, 3, 0, 7, 5, 6, 0, 7, 0, 6, 7, 4, 0, 4, 5, 7, 6, 6, 7, 7, 7, 6, 2, 6, 0, 7, 4, 2, 6, 4, 6, 6, 2, 7, 4, 4, 4, 2, 4, 0, 4, 7, 4, 2, 2, 1, 3, 4, 2, 4, 3, 4, 2, 3, 4, 0, 2, 7, 0, 4, 4, 3, 4, 2, 0, 3, 6, 7, 4, 0, 7, 4, 6, 7, 2, 6, 0, 4, 6, 6, 7, 1, 7, 4, 5, 7, 6, 7, 0, 7, 2, 4, 6, 7, 3, 3, 3, 5, 1, 4, 3, 1, 5, 4, 7, 4, 3, 7, 1, 0, 1, 1, 0, 1, 7, 5, 6, 0, 6, 3, 6, 7, 6, 3, 3, 3, 7, 1, 2, 6, 6, 1, 7, 1, 6, 3, 4, 3, 6, 5, 1, 2, 0, 7, 6, 2, 0, 0, 1, 6, 0, 7, 0, 7, 3, 0, 4, 0, 0, 0, 0, 7, 2, 0, 7, 4, 0, 6, 6, 0, 7, 2, 7, 5, 7, 6, 1, 7, 1, 1, 2, 1, 1, 6, 5, 1, 1, 5, 1, 5, 5, 1, 6, 1, 7, 7, 7, 7, 1, 1, 2, 1, 7, 4, 4, 1, 1, 6, 1, 4, 4, 2], "NonLinearTime": 0.150237, "OptimalityGap": 2.51328,