{"Itbt": 0, "Pace": 0.0124367, "Depth": 13, "Degree": 5, "RPSTime": 0.1455, "FBBTTime": 0, "OBBTTime": 0, "TotalTime": 1.20759, "Iterations": 74, "LinearTime": 0.956121, "LowerBound": 141.148, "TimeVector": [0.0404707, 0.0665178, 0.0900376, 0.117039, 0.140799, 0.156164, 0.169452, 0.193836, 0.205921, 0.221751, 0.235266, 0.2481, 0.262501, 0.275122, 0.288581, 0.316781, 0.330971, 0.347086, 0.360948, 0.374141, 0.388039, 0.401855, 0.415778, 0.430363, 0.444195, 0.457718, 0.47239, 0.487561, 0.501151, 0.516079, 0.52925, 0.552137, 0.567775, 0.581538, 0.595892, 0.611263, 0.626252, 0.639008, 0.654838, 0.668765, 0.685625, 0.699037, 0.713758, 0.729151, 0.743727, 0.757109, 0.771383, 0.785926, 0.80047, 0.816067, 0.832415, 0.849775, 0.86525, 0.8804, 0.895623, 0.911117, 0.925999, 0.941077, 0.957615, 0.970767, 0.986142, 1.00246, 1.0201, 1.0431, 1.05912, 1.07351, 1.08854, 1.10418, 1.11884, 1.13759, 1.1539, 1.16907, 1.18432, 2.39191], "UpperBound": 141.287, "rootBTTime": 0, "LowerBounds": {"1": 44.0507, "2": 58.2919, "3": 67.4277, "4": 109.908, "5": 117.717, "6": 120.209, "7": 120.539, "8": 120.971, "9": 123.275, "10": 123.378, "11": 123.383, "12": 124.954, "13": 127.812, "14": 129.485, "15": 131.032, "16": 132.022, "17": 133.763, "18": 134.572, "19": 134.845, "20": 134.894, "21": 135.185, "22": 135.837, "23": 136.3, "24": 136.427, "25": 136.593, "26": 136.709, "27": 136.854, "28": 137.114, "29": 137.361, "30": 137.994, "31": 138.074, "32": 138.423, "33": 138.727, "34": 138.901, "35": 139.019, "36": 139.118, "37": 139.483, "38": 140.039, "39": 140.236, "40": 140.244, "41": 140.351, "42": 140.386, "43": 140.51, "44": 140.527, "45": 140.672, "46": 140.685, "47": 140.703, "48": 140.708, "49": 140.766, "50": 140.806, "51": 140.815, "52": 140.825, "53": 140.836, "54": 140.853, "55": 140.869, "56": 140.963, "57": 140.963, "58": 140.975, "59": 140.976, "60": 140.981, "61": 140.982, "62": 141, "63": 141.035, "64": 141.071, "65": 141.074, "66": 141.082, "67": 141.086, "68": 141.088, "69": 141.106, "70": 141.109, "71": 141.117, "72": 141.118, "73": 141.127, "74": 141.148}, "SolveResult": 0, "UpperBounds": {"1": 141.287}, "MaxQueueSize": 15, "VisitedNodes": 149, "BranchingVars": [3, 1, 1, 5, 5, 5, 4, 4, 0, 3, 0, 3, 4, 0, 0, 5, 6, 5, 5, 6, 6, 0, 6, 5, 6, 0, 6, 6, 6, 6, 6, 5, 5, 6, 1, 1, 1, 6, 5, 5, 5, 4, 0, 1, 0, 0, 0, 4, 5, 4, 0, 4, 0, 1, 4, 5, 0, 1, 4, 0, 4, 0, 4, 4, 1, 4, 4, 1, 0, 5, 1, 5, 1, 0], "NonLinearTime": 0.105943, "OptimalityGap": 0.139319, "BranchingRules": ["sum_rescaled_var_range_weighted", "sum_rescaled_var_range_weighted", "sum_rescaled_var_range_weighted", "sum_rescaled_var_range_weighted", "sum_rescaled_var_range_weighted", "sum_rescaled_var_range_weighted", "sum_rescaled_var_range_weighted", "sum_rescaled_var_range_weighted", "sum_rescaled_var_range_weighted", "sum_rescaled_var_range_weighted", "sum_rescaled_var_range_weighted", "sum_rescaled_var_range_weighted", "sum_rescaled_var_range_weighted", "sum_rescaled_var_range_weighted", "sum_rescaled_var_range_weighted", "sum_rescaled_var_range_weighted", "sum_rescaled_var_range_weighted", "sum_rescaled_var_range_weighted", "sum_rescaled_var_range_weighted", "sum_rescaled_var_range_weighted", "sum_rescaled_var_range_weighted", "sum_rescaled_var_range_weighted", "sum_rescaled_var_range_weighted", "sum_rescaled_var_range_weighted", "sum_rescaled_var_range_weighted", "sum_rescaled_var_range_weighted", "sum_rescaled_var_range_weighted", "sum_rescaled_var_range_weighted", "sum_rescaled_var_range_weighted", "sum_rescaled_var_range_weighted", "sum_rescaled_var_range_weighted", "sum_rescaled_var_range_weighted", "sum_rescaled_var_range_weighted", "sum_rescaled_var_range_weighted", "sum_rescaled_var_range_weighted", "sum_rescaled_var_range_weighted", "sum_rescaled_var_range_weighted", "sum_rescaled_var_range_weighted", "sum_rescaled_var_range_weighted", "sum_rescaled_var_range_weighted", "sum_rescaled_var_range_weighted", "sum_rescaled_var_range_weighted", "sum_rescaled_var_range_weighted", "sum_rescaled_var_range_weighted", "sum_rescaled_var_range_weighted", "sum_rescaled_var_range_weighted", "sum_rescaled_var_range_weighted", "sum_rescaled_var_range_weighted", "sum_rescaled_var_range_weighted", "sum_rescaled_var_range_weighted", "sum_rescaled_var_range_weighted", "sum_rescaled_var_range_weighted", "sum_rescaled_var_range_weighted", "sum_rescaled_var_range_weighted", "sum_rescaled_var_range_weighted", "sum_rescaled_var_range_weighted", "sum_rescaled_var_range_weighted", "sum_rescaled_var_range_weighted", "sum_rescaled_var_range_weighted", "sum_rescaled_var_range_weighted", "sum_rescaled_var_range_weighted", "sum_rescaled_var_range_weighted", "sum_rescaled_var_range_weighted", "sum_rescaled_var_range_weighted", "sum_rescaled_var_range_weighted", "sum_rescaled_var_range_weighted", "sum_rescaled_var_range_weighted", "sum_rescaled_var_range_weighted", "sum_rescaled_var_range_weighted", "sum_rescaled_var_range_weighted", "sum_rescaled_var_range_weighted", "sum_rescaled_var_range_weighted", "sum_rescaled_var_range_weighted", "sum_rescaled_var_range_weighted"], "LBImprovements": [14.2412, 61.9169, 42.4805, 10.6313, 10.0942, 32.2533, 2.83836, 2.30325, 11.5704, 12.4587, 11.189, 15.0849, 1.67377, 4.27819, 4.15307, 29.5203, 4.65913, 2.02103, 1.45476, 5.35027, 6.10737, 10.8488, 5.01093, 1.56724, 5.8099, 11.6883, 3.91182, 5.03206, 4.28416, 4.55286, 4.377, 0.596091, 0.390808, 5.14476, 1.21741, 1.55445, 0.867564, 6.43321, 0.274168, 0.952488, 0.474375, 0.140899, 0.471534, 0.60899, 0.47592, 0.168681, 0.166591, 0.273108, 1.21056, 0.157176, 0.161577, 0.137869, 10.9169, 0.510942, 0.105907, 0.142957, 0.20164, 0.214962, 0.0584759, 0.0896856, 0.127105, 0.187547, 0.0390482, 0.0461325, 0.0123428, 0.120673, 0.214314, 0.254481, 0.264221, 0.0854346, 0.0610339, 0.131323, 0.240812, 0.0972572], "InfeasibleNodes": 1, "ElapsedTimeCoeffs": 0, "LinearizationTime": 0.00132206, "NumberOfVariables": 8, "CallsToLinearSolver": 149, "LinearGenerationTime": 0.108259, "SDPCutsGenerationTime": 0, "CallsToNonLinearSolver": 10, "StrongBranchingExtraTime": 0, "ElapsedTimeWeightedCoeffs": 0, "NodesDiscardedByFathoming": 0, "NodesDiscardedByTolerance": 74, "BoundFactorConstraintsTime": 0.0882075, "ElapsedTimeVarsInConstraints": 0, "meanBTRelativeChangeRootNode": 0, "NumberOfBoundFactorConstraints": 148, "NumberOfLAPACKConvergenceFailures": 0, "NumberOfRLTVariablesAfterLinearization": 79}