{"Itbt": 0, "Pace": 0.00214883, "Depth": 17, "Degree": 2, "RPSTime": 0.0487016, "FBBTTime": 0, "OBBTTime": 0, "TotalTime": 0.623056, "Iterations": 143, "LinearTime": 0.257171, "LowerBound": -550.321, "TimeVector": [0.0347744, 0.0720239, 0.0967905, 0.116809, 0.154414, 0.156644, 0.158633, 0.176958, 0.179329, 0.181365, 0.183459, 0.185499, 0.187624, 0.189768, 0.191758, 0.240286, 0.242325, 0.244552, 0.246677, 0.248832, 0.251015, 0.253195, 0.25535, 0.257466, 0.259592, 0.261773, 0.263731, 0.265852, 0.268273, 0.270416, 0.272595, 0.301076, 0.30336, 0.305377, 0.307547, 0.30955, 0.311797, 0.313888, 0.315992, 0.318102, 0.320109, 0.322164, 0.324226, 0.326383, 0.328434, 0.33045, 0.33256, 0.334562, 0.336748, 0.338838, 0.340851, 0.342899, 0.344885, 0.346962, 0.349075, 0.35143, 0.353468, 0.355534, 0.35762, 0.359689, 0.36179, 0.363777, 0.365812, 0.388767, 0.390916, 0.39277, 0.394981, 0.39719, 0.399304, 0.401448, 0.403609, 0.405756, 0.407772, 0.410019, 0.412248, 0.414162, 0.416466, 0.418518, 0.42042, 0.422362, 0.424563, 0.426775, 0.428958, 0.431269, 0.433449, 0.435527, 0.437622, 0.439719, 0.441998, 0.444222, 0.446353, 0.448199, 0.450331, 0.452286, 0.454381, 0.456693, 0.458959, 0.460982, 0.462926, 0.465018, 0.467245, 0.469438, 0.471553, 0.473635, 0.475948, 0.478048, 0.480245, 0.482419, 0.484451, 0.486528, 0.488558, 0.490763, 0.492812, 0.495001, 0.496933, 0.498972, 0.501087, 0.503077, 0.505289, 0.507422, 0.509548, 0.511692, 0.513816, 0.515822, 0.517752, 0.519679, 0.521911, 0.551934, 0.554108, 0.556315, 0.558392, 0.560591, 0.562747, 0.564702, 0.566873, 0.568974, 0.571002, 0.573239, 0.575236, 0.576854, 0.579016, 0.581151, 1.20421], "UpperBound": -549.803, "rootBTTime": 0, "LowerBounds": {"1": -840.271, "2": -700.551, "3": -577.174, "4": -575.427, "5": -571.417, "6": -570.897, "7": -570.106, "8": -568.216, "9": -563.475, "10": -563.119, "11": -563.113, "12": -562.435, "13": -562.326, "14": -562.298, "15": -560.834, "16": -560.442, "17": -560.089, "18": -559.989, "19": -559.579, "20": -559.454, "21": -559.453, "22": -559.285, "23": -558.214, "24": -558.163, "25": -557.996, "26": -557.521, "27": -557.394, "28": -557.342, "29": -557.096, "30": -556.901, "31": -556.145, "32": -556.042, "33": -555.825, "34": -555.764, "35": -555.542, "36": -555.454, "37": -555.259, "38": -555.212, "39": -555.035, "40": -554.999, "41": -554.997, "42": -554.555, "43": -554.43, "44": -554.423, "45": -554.268, "46": -553.841, "47": -553.774, "48": -553.526, "49": -553.397, "50": -553.351, "51": -553.308, "52": -553.287, "53": -553.209, "54": -553.117, "55": -553.065, "56": -552.991, "57": -552.988, "58": -552.981, "59": -552.98, "60": -552.869, "62": -552.842, "63": -552.592, "64": -552.572, "65": -552.521, "66": -552.513, "67": -552.47, "68": -552.453, "69": -552.451, "70": -552.366, "71": -552.176, "72": -552.171, "73": -552.153, "74": -552.144, "75": -552.049, "76": -552.017, "77": -551.973, "78": -551.964, "79": -551.914, "80": -551.841, "81": -551.834, "82": -551.776, "83": -551.741, "84": -551.717, "85": -551.699, "86": -551.602, "87": -551.573, "88": -551.501, "89": -551.455, "90": -551.419, "91": -551.412, "92": -551.409, "93": -551.333, "94": -551.326, "95": -551.32, "96": -551.312, "97": -551.296, "98": -551.296, "99": -551.258, "100": -551.211, "101": -551.171, "102": -551.082, "103": -551.065, "104": -550.957, "105": -550.953, "106": -550.941, "107": -550.919, "108": -550.907, "109": -550.888, "110": -550.887, "111": -550.886, "112": -550.88, "113": -550.851, "114": -550.841, "115": -550.817, "116": -550.806, "117": -550.79, "118": -550.781, "119": -550.752, "120": -550.714, "121": -550.707, "122": -550.7, "123": -550.697, "124": -550.684, "125": -550.642, "126": -550.636, "127": -550.605, "128": -550.594, "129": -550.594, "130": -550.562, "131": -550.547, "132": -550.515, "133": -550.499, "134": -550.492, "135": -550.479, "136": -550.47, "137": -550.468, "138": -550.454, "139": -550.413, "140": -550.403, "141": -550.4, "142": -550.377, "143": -550.321}, "SolveResult": 0, "UpperBounds": {"1": -68.7407, "3": -549.803}, "MaxQueueSize": 30, "VisitedNodes": 287, "BranchingVars": [0, 1, 10, 10, 6, 12, 12, 12, 3, 0, 3, 0, 3, 3, 2, 1, 4, 2, 4, 4, 4, 4, 4, 4, 3, 1, 4, 4, 2, 4, 1, 1, 1, 6, 8, 12, 4, 6, 4, 3, 4, 4, 2, 4, 1, 4, 3, 3, 12, 3, 6, 6, 12, 12, 12, 8, 8, 3, 3, 8, 10, 8, 6, 3, 8, 8, 2, 8, 8, 8, 8, 8, 8, 0, 2, 8, 6, 4, 8, 3, 0, 8, 10, 2, 12, 8, 8, 8, 10, 8, 12, 8, 12, 8, 12, 0, 8, 4, 8, 3, 12, 4, 12, 12, 8, 0, 10, 2, 6, 8, 8, 6, 2, 10, 8, 8, 12, 8, 2, 6, 10, 8, 10, 8, 8, 4, 8, 3, 8, 8, 8, 2, 6, 8, 10, 6, 8, 8, 8, 8, 4, 3, 4], "NonLinearTime": 0.317145, "OptimalityGap": 0.517657,