{"Itbt": 0, "Pace": 0.230714, "Depth": 25, "Degree": 2, "RPSTime": 0.0666992, "FBBTTime": 0, "OBBTTime": 0, "TotalTime": 5.64321, "Iterations": 195, "LinearTime": 0.386713, "LowerBound": -550.324, "TimeVector": [0.0276644, 2.13652, 2.22452, 2.2728, 2.40819, 2.41036, 2.41257, 2.52546, 2.52766, 2.52985, 2.53204, 2.53425, 2.53637, 2.53853, 2.54074, 2.83803, 2.8402, 2.8424, 2.84463, 2.84687, 2.84914, 2.85137, 2.85359, 2.85595, 2.85812, 2.86039, 2.86243, 2.86454, 2.86675, 2.86877, 2.87105, 5.06272, 5.06509, 5.06739, 5.06947, 5.07162, 5.07394, 5.07621, 5.07813, 5.08051, 5.0829, 5.08494, 5.08744, 5.08969, 5.0921, 5.09426, 5.09652, 5.09829, 5.10004, 5.10259, 5.10501, 5.10758, 5.10979, 5.1121, 5.11446, 5.1167, 5.11885, 5.1211, 5.12369, 5.12604, 5.1284, 5.13071, 5.13315, 5.2074, 5.20954, 5.21195, 5.21431, 5.21657, 5.21887, 5.22112, 5.22335, 5.22513, 5.22692, 5.2287, 5.2313, 5.23381, 5.23617, 5.23856, 5.24092, 5.24325, 5.2453, 5.24714, 5.24909, 5.25111, 5.25312, 5.25512, 5.25709, 5.25927, 5.26161, 5.26422, 5.26677, 5.26919, 5.27192, 5.27397, 5.27627, 5.27861, 5.28081, 5.28296, 5.28546, 5.28771, 5.28999, 5.2924, 5.2948, 5.29719, 5.29959, 5.30182, 5.30427, 5.30674, 5.30926, 5.31169, 5.31401, 5.31636, 5.31844, 5.32078, 5.32304, 5.3253, 5.3278, 5.33029, 5.33286, 5.33538, 5.33775, 5.34037, 5.343, 5.3453, 5.34759, 5.34996, 5.35245, 5.38377, 5.38591, 5.38806, 5.38995, 5.39228, 5.39479, 5.39729, 5.39955, 5.40192, 5.40412, 5.40659, 5.40908, 5.4114, 5.41372, 5.41601, 5.41836, 5.42065, 5.42277, 5.42502, 5.42691, 5.42931, 5.43173, 5.4341, 5.43652, 5.43913, 5.44152, 5.44394, 5.44649, 5.44881, 5.45111, 5.45357, 5.45622, 5.45867, 5.46104, 5.46344, 5.46584, 5.46824, 5.47045, 5.47274, 5.47521, 5.47775, 5.48047, 5.48291, 5.4851, 5.48737, 5.48984, 5.49219, 5.4946, 5.49701, 5.49954, 5.50191, 5.50444, 5.50694, 5.50912, 5.5112, 5.51356, 5.51614, 5.51833, 5.52058, 5.52303, 5.5255, 5.52819, 5.53072, 5.53295, 5.53536, 5.53789, 5.54035, 11.1836], "UpperBound": -549.803, "rootBTTime": 0, "LowerBounds": {"1": -574.783, "6": -574.106, "7": -574.027, "8": -566.967, "10": -566.794, "11": -566.111, "12": -565.45, "13": -565.382, "14": -564.814, "15": -564.765, "16": -564.765, "18": -564.737, "19": -564.485, "21": -564.186, "23": -563.994, "24": -562.635, "25": -562.635, "26": -562.066, "27": -561.917, "29": -561.687, "30": -561.614, "31": -561.589, "33": -561.241, "34": -560.314, "35": -560.203, "36": -560.203, "37": -559.939, "38": -559.862, "39": -559.762, "40": -559.55, "42": -559.163, "43": -558.923, "44": -558.234, "45": -558.018, "46": -557.818, "47": -557.73, "48": -557.712, "50": -557.694, "51": -557.692, "52": -557.645, "53": -557.555, "54": -557.236, "55": -557.216, "56": -557.182, "57": -557.028, "58": -557.024, "59": -556.457, "60": -556.381, "63": -556.321, "64": -556.206, "65": -556.011, "66": -555.969, "67": -555.866, "68": -555.719, "69": -555.691, "71": -555.598, "72": -555.557, "74": -555.537, "75": -554.903, "76": -554.87, "77": -554.699, "78": -554.587, "79": -554.433, "80": -554.427, "81": -554.408, "83": -554.408, "89": -554.403, "90": -554.391, "91": -554.148, "92": -554.074, "93": -554.016, "94": -554.012, "95": -554.003, "96": -553.965, "97": -553.865, "98": -553.707, "99": -553.653, "100": -553.61, "101": -553.566, "102": -553.482, "103": -553.352, "104": -553.287, "105": -553.25, "106": -553.212, "107": -553.205, "108": -553.136, "109": -553.003, "110": -552.942, "111": -552.825, "112": -552.814, "113": -552.734, "114": -552.67, "115": -552.669, "117": -552.525, "118": -552.409, "119": -552.404, "120": -552.328, "121": -552.308, "122": -552.296, "123": -552.193, "124": -552.182, "125": -552.133, "126": -552.025, "127": -551.952, "128": -551.946, "129": -551.9, "130": -551.816, "131": -551.76, "132": -551.76, "133": -551.746, "134": -551.738, "135": -551.732, "136": -551.724, "137": -551.657, "138": -551.581, "139": -551.577, "140": -551.5, "141": -551.481, "142": -551.39, "143": -551.39, "144": -551.315, "145": -551.277, "146": -551.26, "147": -551.254, "148": -551.25, "149": -551.231, "150": -551.221, "151": -551.211, "152": -551.189, "154": -551.188, "155": -551.139, "156": -551.107, "157": -551.094, "158": -551.092, "159": -551.057, "160": -551.02, "161": -551.017, "162": -550.932, "163": -550.909, "164": -550.892, "165": -550.891, "167": -550.879, "169": -550.872, "170": -550.862, "171": -550.738, "173": -550.731, "174": -550.727, "175": -550.698, "176": -550.692, "178": -550.688, "179": -550.641, "180": -550.629, "181": -550.628, "182": -550.525, "183": -550.513, "184": -550.51, "185": -550.451, "186": -550.448, "187": -550.442, "188": -550.434, "189": -550.422, "190": -550.393, "191": -550.391, "192": -550.376, "193": -550.371, "194": -550.355, "195": -550.324}, "SolveResult": 0, "UpperBounds": {"1": -509.783, "2": -547.236, "4": -549.803}, "MaxQueueSize": 32, "VisitedNodes": 391, "BranchingVars": [9, 4, 3, 1, 12, 11, 11, 1, 8, 1, 5, 1, 12, 3, 1, 12, 12, 12, 3, 1, 5, 5, 7, 11, 11, 7, 11, 11, 3, 7, 6, 5, 7, 3, 5, 5, 9, 9, 1, 4, 9, 1, 5, 1, 8, 5, 7, 10, 11, 5, 6, 7, 12, 3, 1, 7, 7, 12, 6, 6, 4, 9, 8, 9, 7, 5, 8, 5, 7, 7, 3, 10, 11, 8, 9, 8, 9, 5, 7, 9, 4, 1, 12, 12, 12, 7, 7, 5, 3, 5, 8, 7, 7, 1, 7, 7, 5, 5, 7, 7, 8, 7, 3, 8, 9, 8, 5, 5, 5, 8, 7, 8, 7, 9, 4, 7, 8, 11, 11, 7, 3, 7, 4, 7, 7, 7, 7, 3, 10, 6, 3, 9, 3, 10, 5, 10, 4, 8, 1, 1, 8, 12, 1, 7, 7, 7, 8, 3, 1, 7, 7, 6, 11, 7, 11, 1, 7, 1, 11, 3, 8, 3, 3, 1, 4, 6, 7, 7, 11, 3, 7, 7, 3, 8, 11, 4, 6, 3, 11, 3, 3, 3, 8, 11, 11, 8, 11, 11, 3, 3, 12, 7, 3, 12, 11], "NonLinearTime": 5.18976, "OptimalityGap": 0.520784,