{"Itbt": 0, "Pace": 0.0910862, "Depth": 15, "Degree": 3, "RPSTime": 0.714522, "FBBTTime": 0, "OBBTTime": 0, "TotalTime": 11.1593, "Iterations": 236, "LinearTime": 10.2903, "LowerBound": 1024.82, "TimeVector": [0.10403, 0.165282, 0.225659, 0.289144, 0.350819, 0.399283, 0.446672, 0.504959, 0.555171, 0.604527, 0.652417, 0.695808, 0.741536, 0.79271, 0.839095, 0.900583, 0.946961, 0.997614, 1.04552, 1.09145, 1.13962, 1.18613, 1.23973, 1.29039, 1.33502, 1.38057, 1.42543, 1.46797, 1.51212, 1.55802, 1.60469, 1.66754, 1.71535, 1.76026, 1.80441, 1.85165, 1.89773, 1.94836, 1.9966, 2.04459, 2.08925, 2.13402, 2.18038, 2.22684, 2.2745, 2.32262, 2.36527, 2.41236, 2.45326, 2.49876, 2.54342, 2.59163, 2.64147, 2.68959, 2.73863, 2.78335, 2.82988, 2.87846, 2.92637, 2.97681, 3.01945, 3.06881, 3.1146, 3.16784, 3.21363, 3.25744, 3.30548, 3.35315, 3.39612, 3.43846, 3.48327, 3.52704, 3.57517, 3.62359, 3.67226, 3.72327, 3.76975, 3.8184, 3.86204, 3.90746, 3.95008, 3.99852, 4.04205, 4.08524, 4.12636, 4.16814, 4.21451, 4.26032, 4.31207, 4.36059, 4.40842, 4.458, 4.5057, 4.54959, 4.59115, 4.64117, 4.68453, 4.73049, 4.77558, 4.82214, 4.86686, 4.9149, 4.95865, 5.00145, 5.04613, 5.09456, 5.13874, 5.18522, 5.22893, 5.27518, 5.32104, 5.3701, 5.42169, 5.46435, 5.51029, 5.55681, 5.6028, 5.65067, 5.69683, 5.74686, 5.79652, 5.84273, 5.8917, 5.93467, 5.98494, 6.03456, 6.08206, 6.13943, 6.18812, 6.23137, 6.27573, 6.32427, 6.37013, 6.41434, 6.45915, 6.50179, 6.54992, 6.59426, 6.64068, 6.68508, 6.73058, 6.77626, 6.8216, 6.86845, 6.91088, 6.96221, 7.00767, 7.0492, 7.08882, 7.13463, 7.18238, 7.22799, 7.2776, 7.32476, 7.37309, 7.41677, 7.46648, 7.51152, 7.56708, 7.62011, 7.66858, 7.71338, 7.76603, 7.81262, 7.86351, 7.90888, 7.95245, 7.99592, 8.0403, 8.08917, 8.13622, 8.18185, 8.22829, 8.27418, 8.3184, 8.36346, 8.413, 8.46502, 8.51095, 8.56261, 8.60645, 8.65524, 8.70016, 8.74738, 8.78988, 8.83683, 8.88409, 8.9305, 8.98222, 9.02838, 9.06858, 9.11771, 9.16025, 9.20358, 9.24688, 9.29315, 9.34225, 9.38795, 9.43462, 9.48446, 9.53212, 9.57678, 9.62095, 9.66756, 9.71389, 9.76231, 9.81191, 9.8558, 9.90327, 9.94919, 9.9959, 10.039, 10.088, 10.1358, 10.1816, 10.2283, 10.2742, 10.3152, 10.3615, 10.4039, 10.4471, 10.4956, 10.5408, 10.5871, 10.631, 10.6769, 10.7214, 10.7654, 10.813, 10.8549, 10.9017, 10.9505, 11.0018, 11.0515, 11.0942, 22.2536], "UpperBound": 1025.84, "rootBTTime": 0, "LowerBounds": {"1": 902.306, "2": 921.314, "3": 929.737, "4": 932.212, "5": 943.056, "6": 947.403, "7": 948.637, "8": 952.991, "9": 954.444, "10": 954.483, "11": 957.571, "12": 972.005, "13": 972.147, "14": 972.236, "15": 973.28, "16": 976.056, "17": 978.79, "18": 981.612, "19": 982.456, "20": 982.507, "21": 982.686, "22": 983.621, "23": 984.757, "24": 984.908, "25": 986.125, "26": 986.311, "27": 989.384, "28": 989.486, "29": 994.938, "30": 995.254, "31": 995.327, "32": 996.365, "33": 997.399, "34": 998.535, "35": 999.015, "36": 999.087, "37": 999.791, "38": 999.825, "39": 999.853, "40": 1001.1, "41": 1001.41, "42": 1001.72, "43": 1001.97, "44": 1002.08, "45": 1002.44, "46": 1002.49, "47": 1002.75, "48": 1003.34, "49": 1003.67, "50": 1004.14, "51": 1005.14, "52": 1005.31, "53": 1006.78, "54": 1007, "55": 1007.25, "56": 1007.83, "57": 1008.24, "58": 1009.35, "59": 1010.24, "60": 1010.54, "61": 1010.89, "62": 1011.01, "63": 1011.59, "64": 1012.02, "65": 1012.37, "66": 1012.57, "67": 1012.58, "68": 1012.58, "69": 1012.88, "70": 1013.32, "71": 1013.71, "72": 1013.75, "73": 1013.91, "74": 1014.07, "75": 1014.15, "76": 1014.42, "77": 1014.46, "78": 1014.92, "79": 1014.95, "80": 1015.16, "81": 1015.17, "82": 1015.18, "83": 1015.26, "84": 1015.37, "85": 1015.84, "86": 1016.79, "87": 1016.88, "88": 1016.9, "89": 1017, "90": 1017.1, "91": 1017.14, "92": 1017.17, "93": 1017.21, "94": 1017.24, "95": 1017.41, "96": 1017.43, "97": 1017.89, "98": 1018, "99": 1018.15, "100": 1018.16, "101": 1018.2, "102": 1018.3, "103": 1018.36, "104": 1018.43, "105": 1018.61, "106": 1018.64, "107": 1018.85, "108": 1019.03, "109": 1019.08, "110": 1019.13, "111": 1019.33, "112": 1019.36, "113": 1019.39, "114": 1019.46, "115": 1019.47, "116": 1019.56, "117": 1019.58, "118": 1019.59, "119": 1019.6, "120": 1019.61, "121": 1019.69, "122": 1019.91, "123": 1020, "124": 1020.09, "125": 1020.33, "126": 1020.38, "127": 1020.43, "128": 1020.62, "129": 1020.64, "130": 1020.73, "131": 1020.76, "132": 1020.77, "133": 1020.87, "134": 1020.99, "135": 1021.03, "136": 1021.11, "137": 1021.31, "138": 1021.38, "139": 1021.51, "140": 1021.56, "141": 1021.58, "142": 1021.59, "143": 1021.59, "144": 1021.61, "145": 1021.68, "146": 1021.78, "147": 1021.89, "148": 1021.98, "149": 1022.06, "150": 1022.07, "151": 1022.1, "152": 1022.12, "153": 1022.23, "154": 1022.25, "155": 1022.26, "156": 1022.3, "157": 1022.35, "158": 1022.36, "159": 1022.47, "160": 1022.47, "161": 1022.6, "162": 1022.62, "163": 1022.75, "164": 1022.76, "165": 1022.8, "166": 1022.96, "167": 1022.98, "168": 1022.99, "169": 1023, "170": 1023.03, "171": 1023.06, "172": 1023.08, "173": 1023.09, "174": 1023.1, "175": 1023.16, "176": 1023.17, "177": 1023.17, "178": 1023.24, "179": 1023.26, "180": 1023.26, "181": 1023.28, "182": 1023.29, "183": 1023.3, "184": 1023.36, "185": 1023.41, "186": 1023.41, "187": 1023.49, "188": 1023.57, "189": 1023.58, "190": 1023.6, "191": 1023.67, "192": 1023.69, "193": 1023.77, "194": 1023.78, "195": 1023.82, "196": 1023.85, "197": 1023.9, "198": 1023.9, "199": 1023.91, "200": 1023.91, "201": 1023.91, "202": 1023.93, "203": 1023.95, "204": 1023.96, "205": 1024.06, "206": 1024.06, "207": 1024.2, "208": 1024.23, "209": 1024.27, "210": 1024.27, "211": 1024.28, "212": 1024.29, "213": 1024.34, "214": 1024.35, "215": 1024.35, "216": 1024.38, "217": 1024.46, "218": 1024.5, "219": 1024.5, "220": 1024.52, "221": 1024.56, "222": 1024.57, "223": 1024.58, "224": 1024.64, "225": 1024.65, "226": 1024.67, "227": 1024.68, "228": 1024.7, "229": 1024.73, "230": 1024.73, "231": 1024.73, "232": 1024.73, "233": 1024.74, "234": 1024.77, "235": 1024.77, "236": 1024.82}, "SolveResult": 0, "UpperBounds": {"1": 1025.84}, "MaxQueueSize": 67, "VisitedNodes": 473, "BranchingVars": [7, 11, 1, 2, 2, 12, 12, 8, 8, 8, 12, 10, 1, 14, 11, 8, 8, 12, 10, 3, 10, 10, 8, 14, 8, 3, 2, 8, 12, 12, 8, 10, 10, 3, 8, 10, 3, 12, 1, 3, 1, 8, 12, 12, 12, 8, 12, 1, 8, 10, 3, 10, 2, 2, 8, 3, 3, 7, 12, 7, 3, 4, 2, 3, 2, 4, 4, 1, 2, 3, 2, 10, 12, 1, 4, 2, 4, 3, 3, 10, 7, 8, 4, 7, 12, 8, 7, 8, 1, 4, 8, 2, 8, 3, 4, 2, 2, 10, 8, 3, 11, 3, 2, 10, 3, 8, 8, 8, 4, 8, 4, 12, 12, 8, 2, 1, 0, 14, 14, 8, 0, 2, 4, 4, 4, 10, 4, 4, 7, 8, 4, 7, 1, 8, 12, 1, 8, 10, 4, 8, 10, 12, 4, 11, 8, 14, 12, 10, 1, 4, 11, 4, 4, 8, 7, 8, 10, 7, 12, 14, 12, 1, 1, 2, 14, 8, 12, 8, 2, 7, 12, 2, 12, 7, 7, 2, 4, 8, 14, 14, 7, 12, 7, 12, 7, 7, 3, 12, 7, 12, 10, 7, 8, 1, 10, 7, 14, 12, 4, 8, 12, 1, 8, 4, 7, 14, 11, 12, 7, 1, 7, 1, 4, 1, 14, 2, 7, 8, 2, 7, 10, 1, 2, 1, 1, 14, 14, 2, 12, 14, 1, 2, 14, 14, 10, 14], "NonLinearTime": 0.154456, "OptimalityGap": 1.01641,