{"Itbt": 0, "Pace": 0.0240372, "Depth": 14, "Degree": 3, "RPSTime": 0.281028, "FBBTTime": 0, "OBBTTime": 0, "TotalTime": 3.30695, "Iterations": 188, "LinearTime": 2.86508, "LowerBound": 233.762, "TimeVector": [0.0557355, 0.0878746, 0.118426, 0.154816, 0.186861, 0.204491, 0.221482, 0.252524, 0.269911, 0.286227, 0.304112, 0.321204, 0.33913, 0.356459, 0.375507, 0.407648, 0.425585, 0.441809, 0.459927, 0.476172, 0.492768, 0.509023, 0.52634, 0.542854, 0.559783, 0.57693, 0.593345, 0.610579, 0.627488, 0.64452, 0.662274, 0.692358, 0.709261, 0.726454, 0.743292, 0.760731, 0.777262, 0.794529, 0.810512, 0.827562, 0.843602, 0.860751, 0.877767, 0.894555, 0.91224, 0.929287, 0.947899, 0.964139, 0.981042, 0.996424, 1.01278, 1.0289, 1.0457, 1.06295, 1.07913, 1.09629, 1.11322, 1.13017, 1.1476, 1.16649, 1.18227, 1.19834, 1.21477, 1.24434, 1.26262, 1.27989, 1.29564, 1.31305, 1.32959, 1.34567, 1.3618, 1.37786, 1.39448, 1.41102, 1.42818, 1.44503, 1.46221, 1.47879, 1.49634, 1.51382, 1.53008, 1.54813, 1.56546, 1.58286, 1.59922, 1.61513, 1.63191, 1.64758, 1.66371, 1.6812, 1.69881, 1.7149, 1.73083, 1.74786, 1.76374, 1.78023, 1.79576, 1.81266, 1.82885, 1.84642, 1.86265, 1.87995, 1.89559, 1.91351, 1.93033, 1.94597, 1.96231, 1.97763, 1.99343, 2.00967, 2.02538, 2.04288, 2.06003, 2.07736, 2.09323, 2.10925, 2.12539, 2.14218, 2.15941, 2.17526, 2.19031, 2.20757, 2.22366, 2.24, 2.25593, 2.27216, 2.28857, 2.32056, 2.3362, 2.35162, 2.36818, 2.38386, 2.39923, 2.4164, 2.43409, 2.45032, 2.46679, 2.48436, 2.50113, 2.51835, 2.53512, 2.55144, 2.56814, 2.58461, 2.60172, 2.61714, 2.63339, 2.64878, 2.66596, 2.68077, 2.69761, 2.7125, 2.72895, 2.74565, 2.7597, 2.77622, 2.79328, 2.81183, 2.82585, 2.84147, 2.85628, 2.87148, 2.88771, 2.90376, 2.92151, 2.93827, 2.95644, 2.97265, 2.988, 3.00426, 3.02096, 3.03842, 3.05603, 3.07219, 3.08822, 3.10134, 3.11738, 3.13202, 3.14775, 3.16335, 3.18058, 3.19746, 3.21215, 3.22908, 3.24516, 3.26101, 3.27742, 6.58437], "UpperBound": 233.986, "rootBTTime": 0, "LowerBounds": {"1": 96.1866, "2": 129.968, "3": 153.838, "4": 158.085, "5": 176.129, "6": 184.472, "7": 186.856, "8": 189.099, "9": 190.548, "10": 196.458, "11": 196.862, "12": 198.103, "13": 200.09, "14": 200.119, "15": 200.422, "16": 202.758, "17": 202.835, "18": 203.902, "19": 205.919, "20": 206.19, "21": 207.545, "22": 207.863, "23": 209.584, "24": 210.21, "25": 211.591, "26": 211.904, "27": 212.298, "28": 212.343, "29": 212.489, "30": 213.054, "31": 213.125, "32": 213.424, "33": 213.762, "34": 213.77, "35": 213.951, "36": 214.507, "37": 214.551, "38": 214.647, "39": 215.345, "40": 215.587, "41": 216.085, "42": 216.134, "43": 216.735, "44": 217.035, "45": 217.163, "46": 217.194, "47": 217.837, "48": 218.133, "49": 218.449, "50": 218.977, "51": 219.773, "52": 219.849, "53": 220.367, "54": 220.52, "55": 220.788, "56": 220.936, "57": 221.334, "58": 221.636, "59": 221.657, "60": 221.982, "61": 222.076, "62": 222.116, "63": 222.245, "64": 222.257, "65": 222.304, "66": 222.639, "67": 222.752, "68": 222.82, "69": 223.815, "70": 223.819, "71": 224.047, "72": 224.111, "73": 224.186, "74": 224.237, "75": 224.508, "76": 224.974, "77": 225.191, "78": 225.248, "79": 225.408, "80": 225.598, "81": 225.716, "82": 225.923, "83": 225.963, "84": 226.044, "85": 226.149, "86": 226.231, "87": 226.295, "88": 226.408, "89": 226.487, "90": 226.681, "91": 226.821, "92": 226.871, "93": 226.878, "94": 226.897, "95": 227.225, "96": 227.446, "97": 227.771, "98": 227.789, "99": 227.88, "100": 228.076, "101": 228.222, "102": 228.279, "103": 228.402, "104": 228.516, "105": 228.617, "106": 228.666, "107": 228.806, "108": 228.926, "109": 229.05, "110": 229.2, "111": 229.211, "112": 229.351, "113": 229.81, "114": 229.88, "115": 229.989, "116": 230.147, "117": 230.165, "118": 230.414, "119": 230.43, "120": 230.452, "121": 230.463, "122": 230.478, "123": 230.673, "124": 230.738, "125": 230.845, "126": 230.978, "127": 231.034, "128": 231.343, "129": 231.359, "130": 231.368, "131": 231.501, "132": 231.523, "133": 231.544, "134": 231.596, "135": 231.797, "136": 231.823, "137": 232.001, "138": 232.033, "139": 232.046, "140": 232.047, "141": 232.153, "142": 232.201, "143": 232.212, "144": 232.248, "145": 232.395, "146": 232.481, "147": 232.49, "148": 232.507, "149": 232.608, "150": 232.63, "151": 232.631, "152": 232.724, "153": 232.758, "154": 232.783, "155": 232.785, "156": 232.852, "157": 232.86, "158": 232.88, "159": 232.954, "160": 232.993, "161": 233.016, "162": 233.025, "163": 233.105, "164": 233.143, "165": 233.146, "166": 233.15, "167": 233.18, "168": 233.212, "169": 233.235, "170": 233.307, "171": 233.334, "172": 233.345, "173": 233.355, "174": 233.401, "175": 233.408, "176": 233.485, "177": 233.492, "178": 233.524, "179": 233.532, "180": 233.595, "181": 233.607, "182": 233.624, "183": 233.649, "184": 233.656, "185": 233.708, "186": 233.709, "187": 233.711, "188": 233.762}, "SolveResult": 0, "UpperBounds": {"1": 233.986}, "MaxQueueSize": 50, "VisitedNodes": 377, "BranchingVars": [11, 8, 6, 8, 4, 14, 9, 2, 6, 4, 2, 12, 14, 4, 4, 7, 9, 0, 4, 14, 10, 2, 6, 14, 12, 7, 7, 6, 9, 9, 0, 6, 11, 7, 11, 12, 2, 13, 0, 0, 7, 6, 4, 0, 2, 6, 6, 2, 12, 4, 7, 7, 6, 4, 7, 6, 6, 2, 12, 6, 6, 7, 7, 11, 12, 12, 4, 13, 7, 7, 2, 1, 2, 6, 8, 7, 13, 4, 0, 13, 4, 0, 8, 13, 2, 13, 11, 13, 10, 12, 8, 13, 8, 6, 8, 10, 4, 13, 6, 8, 0, 1, 13, 7, 11, 8, 8, 6, 8, 2, 7, 8, 8, 14, 13, 0, 4, 1, 13, 2, 2, 2, 8, 14, 13, 13, 8, 13, 6, 8, 13, 6, 13, 2, 12, 2, 10, 12, 8, 6, 10, 4, 7, 6, 8, 6, 10, 1, 8, 0, 6, 7, 6, 12, 4, 13, 4, 1, 13, 8, 0, 13, 0, 10, 6, 6, 6, 1, 4, 4, 4, 12, 8, 0, 4, 14, 13, 14, 8, 7, 4, 6, 6, 4, 6, 6, 6, 8], "NonLinearTime": 0.160791, "OptimalityGap": 0.224742,