{"Itbt": 0, "Pace": 0.0209071, "Depth": 12, "Degree": 3, "RPSTime": 0.0249553, "FBBTTime": 0, "OBBTTime": 0, "TotalTime": 0.242313, "Iterations": 67, "LinearTime": 0.124063, "LowerBound": 128.353, "TimeVector": [0.0203761, 0.0310896, 0.0425374, 0.053515, 0.0643568, 0.0664474, 0.0685123, 0.0791073, 0.0812235, 0.0832988, 0.0853197, 0.0873983, 0.0894917, 0.0914428, 0.0936415, 0.104271, 0.106217, 0.108272, 0.110406, 0.112501, 0.114569, 0.116462, 0.118569, 0.120838, 0.123121, 0.125221, 0.127316, 0.129446, 0.131859, 0.133916, 0.136099, 0.147279, 0.149585, 0.15177, 0.153961, 0.156282, 0.158366, 0.160514, 0.162659, 0.164898, 0.167022, 0.169204, 0.171401, 0.173483, 0.175684, 0.177951, 0.180143, 0.18231, 0.184511, 0.186935, 0.189047, 0.191168, 0.193323, 0.195511, 0.197756, 0.199912, 0.202266, 0.204468, 0.206649, 0.209042, 0.211159, 0.213347, 0.215475, 0.226561, 0.229011, 0.231262, 0.473575], "UpperBound": 128.479, "rootBTTime": 0, "LowerBounds": {"1": 116.764, "2": 122.275, "3": 122.692, "4": 124.417, "5": 124.874, "6": 124.978, "7": 125.008, "8": 125.372, "9": 125.385, "10": 125.573, "11": 125.717, "12": 125.777, "13": 125.814, "14": 125.925, "15": 126.184, "16": 126.369, "17": 126.479, "18": 126.532, "19": 126.712, "20": 126.808, "21": 126.854, "22": 127.074, "23": 127.123, "24": 127.268, "25": 127.271, "26": 127.397, "27": 127.441, "28": 127.475, "29": 127.482, "30": 127.502, "31": 127.53, "32": 127.761, "33": 127.806, "34": 127.815, "35": 127.82, "36": 127.837, "37": 127.838, "38": 127.846, "39": 127.969, "40": 128.06, "41": 128.083, "42": 128.105, "43": 128.106, "44": 128.135, "45": 128.137, "46": 128.138, "47": 128.143, "48": 128.149, "49": 128.152, "50": 128.177, "51": 128.188, "52": 128.188, "53": 128.201, "54": 128.211, "55": 128.227, "56": 128.253, "57": 128.255, "58": 128.26, "59": 128.27, "60": 128.279, "61": 128.28, "62": 128.305, "63": 128.315, "64": 128.323, "65": 128.338, "66": 128.34, "67": 128.353}, "SolveResult": 0, "UpperBounds": {"1": 128.479}, "MaxQueueSize": 21, "VisitedNodes": 135, "BranchingVars": [1, 7, 7, 3, 3, 3, 2, 3, 2, 9, 2, 0, 2, 0, 9, 9, 0, 0, 0, 9, 10, 9, 10, 0, 0, 0, 9, 0, 0, 4, 0, 4, 4, 4, 4, 4, 4, 4, 10, 5, 5, 4, 4, 10, 1, 4, 5, 1, 4, 1, 10, 1, 4, 1, 1, 1, 1, 4, 4, 1, 9, 10, 10, 7, 6, 8, 10], "NonLinearTime": 0.0932759, "OptimalityGap": 0.126687, "BranchingRules": ["sum_rescaled_var_range_weighted_rel", "sum_rescaled_var_range_weighted_rel", "sum_rescaled_var_range_weighted_rel", "sum_rescaled_var_range_weighted_rel", "sum_rescaled_var_range_weighted_rel", "sum_rescaled_var_range_weighted_rel", "sum_rescaled_var_range_weighted_rel", "sum_rescaled_var_range_weighted_rel", "sum_rescaled_var_range_weighted_rel", "sum_rescaled_var_range_weighted_rel", "sum_rescaled_var_range_weighted_rel", "sum_rescaled_var_range_weighted_rel", "sum_rescaled_var_range_weighted_rel", "sum_rescaled_var_range_weighted_rel", "sum_rescaled_var_range_weighted_rel", "sum_rescaled_var_range_weighted_rel", "sum_rescaled_var_range_weighted_rel", "sum_rescaled_var_range_weighted_rel", "sum_rescaled_var_range_weighted_rel", "sum_rescaled_var_range_weighted_rel", "sum_rescaled_var_range_weighted_rel", "sum_rescaled_var_range_weighted_rel", "sum_rescaled_var_range_weighted_rel", "sum_rescaled_var_range_weighted_rel", "sum_rescaled_var_range_weighted_rel", "sum_rescaled_var_range_weighted_rel", "sum_rescaled_var_range_weighted_rel", "sum_rescaled_var_range_weighted_rel", "sum_rescaled_var_range_weighted_rel", "sum_rescaled_var_range_weighted_rel", "sum_rescaled_var_range_weighted_rel", "sum_rescaled_var_range_weighted_rel", "sum_rescaled_var_range_weighted_rel", "sum_rescaled_var_range_weighted_rel", "sum_rescaled_var_range_weighted_rel", "sum_rescaled_var_range_weighted_rel", "sum_rescaled_var_range_weighted_rel", "sum_rescaled_var_range_weighted_rel", "sum_rescaled_var_range_weighted_rel", "sum_rescaled_var_range_weighted_rel", "sum_rescaled_var_range_weighted_rel", "sum_rescaled_var_range_weighted_rel", "sum_rescaled_var_range_weighted_rel", "sum_rescaled_var_range_weighted_rel", "sum_rescaled_var_range_weighted_rel", "sum_rescaled_var_range_weighted_rel", "sum_rescaled_var_range_weighted_rel", "sum_rescaled_var_range_weighted_rel", "sum_rescaled_var_range_weighted_rel", "sum_rescaled_var_range_weighted_rel", "sum_rescaled_var_range_weighted_rel", "sum_rescaled_var_range_weighted_rel", "sum_rescaled_var_range_weighted_rel", "sum_rescaled_var_range_weighted_rel", "sum_rescaled_var_range_weighted_rel", "sum_rescaled_var_range_weighted_rel", "sum_rescaled_var_range_weighted_rel", "sum_rescaled_var_range_weighted_rel", "sum_rescaled_var_range_weighted_rel", "sum_rescaled_var_range_weighted_rel", "sum_rescaled_var_range_weighted_rel", "sum_rescaled_var_range_weighted_rel", "sum_rescaled_var_range_weighted_rel", "sum_rescaled_var_range_weighted_rel", "sum_rescaled_var_range_weighted_rel", "sum_rescaled_var_range_weighted_rel", "sum_rescaled_var_range_weighted_rel"], "LBImprovements": [5.51095, 2.14203, 2.18196, 0.59115, 3.26166, 2.9919, 0.769317, 0.344809, 0.18763, 1.2812, 0.652396, 1.03067, 0.717956, 1.51537, 1.21292, 0.898475, 1.94896, 2.55529, 2.77116, 0.953512, 0.983801, 0.731998, 0.352638, 0.920051, 1.03393, 0.803422, 0.664201, 0.344599, 0.354514, 0.778115, 0.576124, 0.591358, 0.629888, 0.635788, 0.240149, 0.305894, 0.299515, 0.596817, 1.28415, 0.150428, 0.105389, 0.785738, 0.667825, 0.997342, 0.377243, 0.859196, 0.112436, 0.305641, 0.487436, 0.210754, 0.889363, 0.180255, 0.551256, 0.129634, 0.159153, 0.150686, 0.0682985, 0.669105, 0.592006, 0.134567, 0.435957, 0.785384, 0.709436, 0.0140074, 0.147737, 0.0778019, 0.59354], "InfeasibleNodes": 0, "ElapsedTimeCoeffs": 0, "LinearizationTime": 0.000088672, "NumberOfVariables": 16, "CallsToLinearSolver": 135, "LinearGenerationTime": 0.0226464, "SDPCutsGenerationTime": 0, "CallsToNonLinearSolver": 10, "StrongBranchingExtraTime": 0, "ElapsedTimeWeightedCoeffs": 0, "NodesDiscardedByFathoming": 0, "NodesDiscardedByTolerance": 68, "BoundFactorConstraintsTime": 0.00381104, "ElapsedTimeVarsInConstraints": 0, "meanBTRelativeChangeRootNode": 0, "NumberOfBoundFactorConstraints": 36, "NumberOfLAPACKConvergenceFailures": 0, "NumberOfRLTVariablesAfterLinearization": 16}