{"Itbt": 0, "Pace": 0.011174, "Depth": 15, "Degree": 3, "RPSTime": 0.0417045, "FBBTTime": 0, "OBBTTime": 0, "TotalTime": 0.33719, "Iterations": 110, "LinearTime": 0.202687, "LowerBound": 35.3848, "TimeVector": [0.0199953, 0.0311885, 0.0420721, 0.0526325, 0.0640304, 0.0665132, 0.0687431, 0.0793665, 0.0816172, 0.0838286, 0.0860828, 0.088353, 0.0905713, 0.0926735, 0.0947801, 0.106068, 0.108104, 0.110219, 0.112315, 0.114617, 0.116778, 0.118752, 0.120893, 0.123138, 0.125323, 0.127427, 0.129685, 0.131725, 0.133729, 0.135723, 0.137992, 0.148405, 0.150634, 0.15278, 0.155046, 0.157322, 0.159559, 0.161707, 0.163883, 0.16618, 0.168447, 0.170623, 0.172801, 0.174962, 0.177278, 0.179545, 0.181826, 0.183929, 0.186145, 0.188318, 0.190288, 0.192484, 0.194621, 0.196574, 0.198653, 0.200713, 0.202937, 0.205162, 0.207322, 0.209596, 0.211971, 0.214313, 0.216491, 0.227825, 0.229973, 0.232213, 0.234474, 0.236605, 0.238693, 0.240715, 0.242998, 0.245447, 0.247692, 0.249983, 0.252012, 0.254072, 0.25616, 0.258279, 0.260487, 0.262724, 0.264997, 0.267153, 0.269251, 0.271374, 0.273599, 0.275779, 0.278115, 0.280106, 0.282125, 0.284405, 0.286614, 0.288851, 0.291005, 0.293125, 0.295182, 0.297433, 0.299716, 0.301834, 0.304092, 0.306354, 0.308803, 0.310933, 0.313138, 0.315226, 0.3173, 0.319432, 0.321687, 0.323886, 0.326246, 0.663436], "UpperBound": 35.4199, "rootBTTime": 0, "LowerBounds": {"1": 5.20959, "2": 11.1197, "3": 12.0496, "4": 22.9096, "5": 23.18, "6": 25.2156, "7": 25.5382, "8": 26.227, "9": 26.6056, "10": 27.7911, "11": 28.9753, "12": 29.2933, "13": 29.5786, "14": 29.6224, "15": 30.0394, "16": 30.1872, "17": 30.6454, "18": 30.9659, "19": 31.0919, "20": 31.4978, "21": 31.8106, "22": 32.3651, "23": 32.4057, "24": 32.4645, "25": 32.5404, "26": 32.6154, "27": 32.6777, "28": 32.7378, "29": 32.7405, "30": 32.7893, "31": 32.8266, "32": 32.8856, "33": 32.9231, "34": 33.0577, "35": 33.0808, "36": 33.1057, "37": 33.1518, "38": 33.1949, "39": 33.1984, "40": 33.2474, "41": 33.4603, "42": 33.5619, "43": 33.8446, "44": 34.159, "45": 34.4025, "46": 34.4078, "47": 34.4324, "48": 34.495, "49": 34.5786, "50": 34.9091, "51": 34.9205, "52": 34.9458, "53": 34.9492, "54": 34.952, "55": 34.9917, "56": 35.0114, "57": 35.0182, "58": 35.0201, "59": 35.0434, "60": 35.0633, "61": 35.0648, "62": 35.0684, "63": 35.0697, "64": 35.0732, "65": 35.0878, "66": 35.1277, "67": 35.1314, "68": 35.1549, "69": 35.1563, "70": 35.1586, "71": 35.1608, "72": 35.1715, "73": 35.1736, "74": 35.1821, "75": 35.1957, "76": 35.2134, "77": 35.2271, "78": 35.2367, "79": 35.2371, "80": 35.2374, "81": 35.2427, "82": 35.2513, "83": 35.2524, "84": 35.2536, "85": 35.2619, "86": 35.2619, "87": 35.2664, "88": 35.2684, "89": 35.2907, "90": 35.2946, "91": 35.2969, "92": 35.3045, "93": 35.3052, "94": 35.306, "95": 35.3099, "96": 35.3214, "97": 35.324, "98": 35.3253, "99": 35.3283, "100": 35.3301, "101": 35.3419, "102": 35.3579, "103": 35.3623, "104": 35.3716, "105": 35.3719, "106": 35.3762, "107": 35.3777, "108": 35.378, "109": 35.3796, "110": 35.3848}, "SolveResult": 0, "UpperBounds": {"1": 35.4199}, "MaxQueueSize": 24, "VisitedNodes": 221, "BranchingVars": [9, 1, 1, 5, 4, 5, 8, 4, 4, 8, 0, 0, 0, 4, 4, 3, 8, 8, 8, 0, 0, 3, 3, 3, 3, 8, 0, 8, 8, 8, 0, 0, 0, 0, 0, 4, 0, 0, 0, 0, 0, 0, 0, 0, 0, 0, 0, 8, 9, 9, 3, 5, 5, 1, 1, 5, 3, 9, 1, 0, 1, 3, 1, 8, 3, 9, 1, 9, 9, 1, 7, 4, 4, 5, 7, 8, 0, 7, 0, 7, 1, 4, 4, 9, 4, 4, 1, 7, 9, 5, 0, 9, 0, 0, 7, 9, 4, 9, 9, 5, 1, 7, 9, 9, 7, 9, 7, 7, 9, 1], "NonLinearTime": 0.0927666, "OptimalityGap": 0.0350873, "BranchingRules": ["sum_rescaled_var_range_weighted_rel", "sum_rescaled_var_range_weighted_rel", "sum_rescaled_var_range_weighted_rel", "sum_rescaled_var_range_weighted_rel", "sum_rescaled_var_range_weighted_rel", "sum_rescaled_var_range_weighted_rel", "sum_rescaled_var_range_weighted_rel", "sum_rescaled_var_range_weighted_rel", "sum_rescaled_var_range_weighted_rel", "sum_rescaled_var_range_weighted_rel", "sum_rescaled_var_range_weighted_rel", "sum_rescaled_var_range_weighted_rel", "sum_rescaled_var_range_weighted_rel", "sum_rescaled_var_range_weighted_rel", "sum_rescaled_var_range_weighted_rel", "sum_rescaled_var_range_weighted_rel", "sum_rescaled_var_range_weighted_rel", "sum_rescaled_var_range_weighted_rel", "sum_rescaled_var_range_weighted_rel", "sum_rescaled_var_range_weighted_rel", "sum_rescaled_var_range_weighted_rel", "sum_rescaled_var_range_weighted_rel", "sum_rescaled_var_range_weighted_rel", "sum_rescaled_var_range_weighted_rel", "sum_rescaled_var_range_weighted_rel", "sum_rescaled_var_range_weighted_rel", "sum_rescaled_var_range_weighted_rel", "sum_rescaled_var_range_weighted_rel", "sum_rescaled_var_range_weighted_rel", "sum_rescaled_var_range_weighted_rel", "sum_rescaled_var_range_weighted_rel", "sum_rescaled_var_range_weighted_rel", "sum_rescaled_var_range_weighted_rel", "sum_rescaled_var_range_weighted_rel", "sum_rescaled_var_range_weighted_rel", "sum_rescaled_var_range_weighted_rel", "sum_rescaled_var_range_weighted_rel", "sum_rescaled_var_range_weighted_rel", "sum_rescaled_var_range_weighted_rel", "sum_rescaled_var_range_weighted_rel", "sum_rescaled_var_range_weighted_rel", "sum_rescaled_var_range_weighted_rel", "sum_rescaled_var_range_weighted_rel", "sum_rescaled_var_range_weighted_rel", "sum_rescaled_var_range_weighted_rel", "sum_rescaled_var_range_weighted_rel", "sum_rescaled_var_range_weighted_rel", "sum_rescaled_var_range_weighted_rel", "sum_rescaled_var_range_weighted_rel", "sum_rescaled_var_range_weighted_rel", "sum_rescaled_var_range_weighted_rel", "sum_rescaled_var_range_weighted_rel", "sum_rescaled_var_range_weighted_rel", "sum_rescaled_var_range_weighted_rel", "sum_rescaled_var_range_weighted_rel", "sum_rescaled_var_range_weighted_rel", "sum_rescaled_var_range_weighted_rel", "sum_rescaled_var_range_weighted_rel", "sum_rescaled_var_range_weighted_rel", "sum_rescaled_var_range_weighted_rel", "sum_rescaled_var_range_weighted_rel", "sum_rescaled_var_range_weighted_rel", "sum_rescaled_var_range_weighted_rel", "sum_rescaled_var_range_weighted_rel", "sum_rescaled_var_range_weighted_rel", "sum_rescaled_var_range_weighted_rel", "sum_rescaled_var_range_weighted_rel", "sum_rescaled_var_range_weighted_rel", "sum_rescaled_var_range_weighted_rel", "sum_rescaled_var_range_weighted_rel", "sum_rescaled_var_range_weighted_rel", "sum_rescaled_var_range_weighted_rel", "sum_rescaled_var_range_weighted_rel", "sum_rescaled_var_range_weighted_rel", "sum_rescaled_var_range_weighted_rel", "sum_rescaled_var_range_weighted_rel", "sum_rescaled_var_range_weighted_rel", "sum_rescaled_var_range_weighted_rel", "sum_rescaled_var_range_weighted_rel", "sum_rescaled_var_range_weighted_rel", "sum_rescaled_var_range_weighted_rel", "sum_rescaled_var_range_weighted_rel", "sum_rescaled_var_range_weighted_rel", "sum_rescaled_var_range_weighted_rel", "sum_rescaled_var_range_weighted_rel", "sum_rescaled_var_range_weighted_rel", "sum_rescaled_var_range_weighted_rel", "sum_rescaled_var_range_weighted_rel", "sum_rescaled_var_range_weighted_rel", "sum_rescaled_var_range_weighted_rel", "sum_rescaled_var_range_weighted_rel", "sum_rescaled_var_range_weighted_rel", "sum_rescaled_var_range_weighted_rel", "sum_rescaled_var_range_weighted_rel", "sum_rescaled_var_range_weighted_rel", "sum_rescaled_var_range_weighted_rel", "sum_rescaled_var_range_weighted_rel", "sum_rescaled_var_range_weighted_rel", "sum_rescaled_var_range_weighted_rel", "sum_rescaled_var_range_weighted_rel", "sum_rescaled_var_range_weighted_rel", "sum_rescaled_var_range_weighted_rel", "sum_rescaled_var_range_weighted_rel", "sum_rescaled_var_range_weighted_rel", "sum_rescaled_var_range_weighted_rel", "sum_rescaled_var_range_weighted_rel", "sum_rescaled_var_range_weighted_rel", "sum_rescaled_var_range_weighted_rel", "sum_rescaled_var_range_weighted_rel", "sum_rescaled_var_range_weighted_rel"],