{"Itbt": 0, "Pace": 0.0645109, "Depth": 10, "Degree": 5, "RPSTime": 1.01035, "FBBTTime": 0, "OBBTTime": 0, "TotalTime": 8.18299, "Iterations": 58, "LinearTime": 0.925557, "LowerBound": 90.9569, "TimeVector": [1.83173, 1.96119, 2.09429, 2.21539, 2.3398, 2.44844, 2.5558, 2.67466, 2.78375, 2.8872, 2.99799, 3.10759, 3.22362, 3.33696, 3.44324, 3.55578, 3.67196, 3.78272, 3.88702, 4.00471, 4.10509, 4.20869, 4.32274, 4.43406, 4.53918, 4.65869, 4.76844, 4.87114, 4.98563, 5.09453, 5.19529, 5.31462, 5.42145, 5.54266, 5.66101, 5.77653, 5.88679, 5.99282, 6.09525, 6.19882, 6.29939, 6.42466, 6.53901, 6.63964, 6.75485, 6.86487, 6.97055, 7.0843, 7.1935, 7.30997, 7.41517, 7.51931, 7.63044, 7.73167, 7.83405, 7.94829, 8.06385, 16.2468], "UpperBound": 91.0453, "rootBTTime": 0, "LowerBounds": {"1": 51.5465, "2": 61.2962, "3": 66.8634, "4": 72.2037, "5": 76.5498, "6": 77.5558, "7": 78.0026, "8": 80.2514, "9": 80.387, "10": 80.8975, "11": 81.6974, "12": 82.3211, "13": 83.6646, "14": 84.7626, "15": 85.3232, "16": 85.6708, "17": 86.0574, "18": 87.3624, "19": 87.7505, "20": 88.0118, "21": 88.0523, "22": 88.1794, "23": 88.3394, "24": 88.6768, "25": 89.2733, "26": 89.3434, "27": 89.7175, "28": 89.7558, "29": 89.772, "30": 89.8277, "31": 89.9823, "32": 90.0222, "33": 90.0361, "34": 90.0632, "35": 90.097, "36": 90.1172, "37": 90.2463, "38": 90.2845, "39": 90.3135, "40": 90.3213, "41": 90.5531, "42": 90.5572, "43": 90.6419, "44": 90.6595, "45": 90.6874, "46": 90.7336, "47": 90.7577, "48": 90.8464, "49": 90.8556, "50": 90.8597, "51": 90.8648, "52": 90.8717, "53": 90.8844, "54": 90.9012, "55": 90.9118, "56": 90.921, "57": 90.9324, "58": 90.9569}, "SolveResult": 0, "UpperBounds": {"1": 99.5708, "2": 91.0453}, "MaxQueueSize": 17, "VisitedNodes": 117, "BranchingVars": [7, 2, 2, 2, 6, 6, 7, 6, 1, 7, 2, 6, 6, 2, 4, 2, 6, 7, 6, 4, 6, 6, 7, 4, 7, 4, 2, 7, 1, 2, 6, 7, 7, 0, 7, 4, 7, 6, 2, 7, 7, 1, 2, 0, 2, 4, 2, 6, 4, 1, 2, 7, 2, 6, 6, 1, 1, 7], "NonLinearTime": 1.50193, "OptimalityGap": 0.0884076, "BranchingRules": ["eigen_cen_alternative_rel", "eigen_cen_alternative_rel", "eigen_cen_alternative_rel", "eigen_cen_alternative_rel", "eigen_cen_alternative_rel", "eigen_cen_alternative_rel", "eigen_cen_alternative_rel", "eigen_cen_alternative_rel", "eigen_cen_alternative_rel", "eigen_cen_alternative_rel", "eigen_cen_alternative_rel", "eigen_cen_alternative_rel", "eigen_cen_alternative_rel", "eigen_cen_alternative_rel", "eigen_cen_alternative_rel", "eigen_cen_alternative_rel", "eigen_cen_alternative_rel", "eigen_cen_alternative_rel", "eigen_cen_alternative_rel", "eigen_cen_alternative_rel", "eigen_cen_alternative_rel", "eigen_cen_alternative_rel", "eigen_cen_alternative_rel", "eigen_cen_alternative_rel", "eigen_cen_alternative_rel", "eigen_cen_alternative_rel", "eigen_cen_alternative_rel", "eigen_cen_alternative_rel", "eigen_cen_alternative_rel", "eigen_cen_alternative_rel", "eigen_cen_alternative_rel", "eigen_cen_alternative_rel", "eigen_cen_alternative_rel", "eigen_cen_alternative_rel", "eigen_cen_alternative_rel", "eigen_cen_alternative_rel", "eigen_cen_alternative_rel", "eigen_cen_alternative_rel", "eigen_cen_alternative_rel", "eigen_cen_alternative_rel", "eigen_cen_alternative_rel", "eigen_cen_alternative_rel", "eigen_cen_alternative_rel", "eigen_cen_alternative_rel", "eigen_cen_alternative_rel", "eigen_cen_alternative_rel", "eigen_cen_alternative_rel", "eigen_cen_alternative_rel", "eigen_cen_alternative_rel", "eigen_cen_alternative_rel", "eigen_cen_alternative_rel", "eigen_cen_alternative_rel", "eigen_cen_alternative_rel", "eigen_cen_alternative_rel", "eigen_cen_alternative_rel", "eigen_cen_alternative_rel", "eigen_cen_alternative_rel", "eigen_cen_alternative_rel"], "LBImprovements": [9.74971, 10.9075, 9.68632, 5.35214, 3.83723, 3.34169, 2.2489, 7.49903, 4.37562, 7.15474, 3.62574, 6.35579, 4.67477, 2.59976, 2.85625, 4.085, 1.9544, 2.35517, 2.2318, 2.93481, 1.96994, 3.22534, 1.77776, 2.37075, 1.01119, 1.21376, 1.12888, 2.92768, 0.869919, 0.859759, 0.570838, 0.291312, 0.936899, 7.62926, 1.6792, 3.40175, 2.57463, 0.571158, 0.598315, 0.550433, 0.204533, 0.705192, 2.13314, 0.205321, 0.196997, 1.10412, 0.213388, 0.112128, 0.396577, 0.124151, 0.114627, 0.199223, 0.0365688, 0.127531, 0.212282, 0.0358817, 0.0720683, 0.451365], "InfeasibleNodes": 0, "ElapsedTimeCoeffs": 0, "LinearizationTime": 0.00106542, "NumberOfVariables": 8, "CallsToLinearSolver": 117, "LinearGenerationTime": 0.16941, "SDPCutsGenerationTime": 0, "CallsToNonLinearSolver": 9, "StrongBranchingExtraTime": 5.64053, "ElapsedTimeWeightedCoeffs": 0, "NodesDiscardedByFathoming": 0, "NodesDiscardedByTolerance": 59, "BoundFactorConstraintsTime": 0.0687097, "ElapsedTimeVarsInConstraints": 0.000022236, "meanBTRelativeChangeRootNode": 0, "NumberOfBoundFactorConstraints": 114, "NumberOfLAPACKConvergenceFailures": 0, "NumberOfRLTVariablesAfterLinearization": 79}