{"Itbt": 0, "Pace": 0.0315908, "Depth": 8, "Degree": 5, "RPSTime": 3.25372, "FBBTTime": 0, "OBBTTime": 0, "TotalTime": 46.5385, "Iterations": 21, "LinearTime": 5.0169, "LowerBound": 197.176, "TimeVector": [2.7235, 5.38375, 7.68866, 10.2854, 12.3619, 14.5774, 16.9328, 19.4316, 21.8312, 24.1513, 26.209, 28.4155, 30.6835, 32.509, 34.7231, 37.0488, 39.2119, 40.8254, 42.7495, 44.7076, 60.5626], "UpperBound": 197.292, "rootBTTime": 0, "LowerBounds": {"1": 18.7408, "2": 79.5657, "3": 88.5427, "4": 116.892, "5": 155.849, "6": 161.175, "7": 170.578, "8": 175.273, "9": 178.878, "10": 180.851, "11": 182.957, "12": 185.282, "13": 186.169, "14": 188.252, "15": 189.179, "16": 191.758, "17": 192.323, "18": 194.417, "19": 196.346, "20": 196.936, "21": 197.176}, "SolveResult": 0, "UpperBounds": {"1": 197.292}, "MaxQueueSize": 7, "VisitedNodes": 43, "BranchingVars": [6, 4, 0, 0, 4, 3, 6, 4, 3, 0, 1, 3, 1, 3, 3, 0, 3, 0, 4, 3, 3], "NonLinearTime": 0.242578, "OptimalityGap": 0.115982, "BranchingRules": ["sum_dual_weighted_plus1_rel", "sum_dual_weighted_plus1_rel", "sum_dual_weighted_plus1_rel", "sum_dual_weighted_plus1_rel", "sum_dual_weighted_plus1_rel", "sum_dual_weighted_plus1_rel", "sum_dual_weighted_plus1_rel", "sum_dual_weighted_plus1_rel", "sum_dual_weighted_plus1_rel", "sum_dual_weighted_plus1_rel", "sum_dual_weighted_plus1_rel", "sum_dual_weighted_plus1_rel", "sum_dual_weighted_plus1_rel", "sum_dual_weighted_plus1_rel", "sum_dual_weighted_plus1_rel", "sum_dual_weighted_plus1_rel", "sum_dual_weighted_plus1_rel", "sum_dual_weighted_plus1_rel", "sum_dual_weighted_plus1_rel", "sum_dual_weighted_plus1_rel", "sum_dual_weighted_plus1_rel"], "LBImprovements": [60.8248, 37.3267, 67.3061, 44.2826, 57.6119, 33.2425, 4.69477, 3.60527, 4.07817, 7.40087, 18.5649, 30.7411, 6.15482, 21.0774, 30.0336, 4.58802, 11.059, 4.97593, 0.589838, 0.444275, 0.10878], "InfeasibleNodes": 0, "ElapsedTimeCoeffs": 0, "LinearizationTime": 0.0229919, "NumberOfVariables": 8, "CallsToLinearSolver": 43, "LinearGenerationTime": 0.186534, "SDPCutsGenerationTime": 0, "CallsToNonLinearSolver": 8, "StrongBranchingExtraTime": 40.9016, "ElapsedTimeWeightedCoeffs": 0, "NodesDiscardedByFathoming": 0, "NodesDiscardedByTolerance": 22, "BoundFactorConstraintsTime": 0.294544, "ElapsedTimeVarsInConstraints": 0.000068927, "meanBTRelativeChangeRootNode": 0, "NumberOfBoundFactorConstraints": 868, "NumberOfLAPACKConvergenceFailures": 0, "NumberOfRLTVariablesAfterLinearization": 304}