{"Itbt": 0, "Pace": 0.0821997, "Depth": 9, "Degree": 5, "RPSTime": 575.895, "FBBTTime": 0, "OBBTTime": 0, "TotalTime": 2670.45, "Iterations": 57, "LinearTime": 221.791, "LowerBound": 36730.4, "TimeVector": [25.1621, 50.4645, 73.6676, 117.963, 142.449, 169.709, 195.588, 221.2, 261.303, 289.946, 347.938, 376.289, 417.448, 463.418, 493.393, 521.104, 547.209, 574.97, 601.052, 636.71, 679.796, 723.063, 793.096, 840.662, 885.23, 935.06, 982.756, 1025.93, 1059.38, 1108.58, 1190.67, 1243.08, 1282.53, 1317.36, 1382.36, 1434.91, 1472.44, 1517.93, 1608.18, 1651.92, 1720.95, 1768.69, 1797.11, 1838.93, 1867.15, 1921.28, 2000.27, 2033.44, 2140.99, 2178.01, 2224.7, 2286.74, 2398.86, 2470.23, 2579.8, 2615.41, 2670.45], "UpperBound": 36765.9, "rootBTTime": 0, "LowerBounds": {"1": 33230.4, "2": 34122.6, "3": 34339.8, "4": 34985.8, "5": 34996.7, "6": 35163, "7": 35500.6, "8": 35516.4, "9": 35536.1, "10": 35601.8, "11": 35729.7, "12": 35883.9, "13": 35954.1, "14": 36005.5, "15": 36007.4, "16": 36038.4, "17": 36043.9, "18": 36095.7, "19": 36100.3, "20": 36139.2, "21": 36253.4, "22": 36261.8, "23": 36306.7, "24": 36309.1, "25": 36354.2, "26": 36356.8, "27": 36368.9, "28": 36394.9, "29": 36403.6, "30": 36497.7, "31": 36510.9, "32": 36522.8, "33": 36550.2, "34": 36552.3, "35": 36553.3, "36": 36554.4, "37": 36587.3, "38": 36625.7, "39": 36628.6, "40": 36629.2, "41": 36630.9, "42": 36643.3, "43": 36651.5, "44": 36666.7, "45": 36667.6, "46": 36671.4, "47": 36673.1, "48": 36683.3, "49": 36685.8, "50": 36692.6, "51": 36703.2, "52": 36707, "53": 36707.2, "54": 36716.8, "55": 36719.1, "56": 36723.2, "57": 36730.4}, "SolveResult": 0, "UpperBounds": {"1": 36765.9}, "MaxQueueSize": 19, "VisitedNodes": 115, "BranchingVars": [2, 3, 7, 5, 3, 7, 5, 5, 3, 0, 3, 0, 0, 1, 4, 0, 7, 7, 0, 4, 4, 4, 1, 1, 2, 4, 0, 4, 0, 4, 1, 0, 5, 5, 1, 0, 4, 7, 1, 0, 7, 0, 5, 1, 0, 1, 3, 5, 5, 7, 2, 2, 3, 3, 3, 3, 3], "NonLinearTime": 0.441297, "OptimalityGap": 35.5776, "BranchingRules": ["eigen_cen_alternative_rel", "eigen_cen_alternative_rel", "eigen_cen_alternative_rel", "eigen_cen_alternative_rel", "eigen_cen_alternative_rel", "eigen_cen_alternative_rel", "eigen_cen_alternative_rel", "eigen_cen_alternative_rel", "eigen_cen_alternative_rel", "eigen_cen_alternative_rel", "eigen_cen_alternative_rel", "eigen_cen_alternative_rel", "eigen_cen_alternative_rel", "eigen_cen_alternative_rel", "eigen_cen_alternative_rel", "eigen_cen_alternative_rel", "eigen_cen_alternative_rel", "eigen_cen_alternative_rel", "eigen_cen_alternative_rel", "eigen_cen_alternative_rel", "eigen_cen_alternative_rel", "eigen_cen_alternative_rel", "eigen_cen_alternative_rel", "eigen_cen_alternative_rel", "eigen_cen_alternative_rel", "eigen_cen_alternative_rel", "eigen_cen_alternative_rel", "eigen_cen_alternative_rel", "eigen_cen_alternative_rel", "eigen_cen_alternative_rel", "eigen_cen_alternative_rel", "eigen_cen_alternative_rel", "eigen_cen_alternative_rel", "eigen_cen_alternative_rel", "eigen_cen_alternative_rel", "eigen_cen_alternative_rel", "eigen_cen_alternative_rel", "eigen_cen_alternative_rel", "eigen_cen_alternative_rel", "eigen_cen_alternative_rel", "eigen_cen_alternative_rel", "eigen_cen_alternative_rel", "eigen_cen_alternative_rel", "eigen_cen_alternative_rel", "eigen_cen_alternative_rel", "eigen_cen_alternative_rel", "eigen_cen_alternative_rel", "eigen_cen_alternative_rel", "eigen_cen_alternative_rel", "eigen_cen_alternative_rel", "eigen_cen_alternative_rel", "eigen_cen_alternative_rel", "eigen_cen_alternative_rel", "eigen_cen_alternative_rel", "eigen_cen_alternative_rel", "eigen_cen_alternative_rel", "eigen_cen_alternative_rel"], "LBImprovements": [892.112, 1040.46, 646.036, 550.323, 519.692, 720.911, 543.36, 490.952, 417.972, 537.386, 577.004, 668.376, 307.645, 363.385, 396.163, 315.814, 717.273, 571.919, 551.198, 358.482, 296.822, 249.181, 247.699, 213.667, 289.13, 196.542, 256.772, 235.909, 319.692, 185.588, 240.727, 105.833, 192.443, 566.125, 235.719, 176.61, 84.1741, 102.949, 57.1732, 229.091, 191.4, 184.474, 445.336, 50.1419, 480.122, 107.796, 444.539, 169.36, 33.346, 109.526, 91.022, 95.6765, 34.0726, 38.4052, 38.1946, 279.803, 64.8026], "InfeasibleNodes": 0, "ElapsedTimeCoeffs": 0, "LinearizationTime": 1.67674, "NumberOfVariables": 8, "CallsToLinearSolver": 115, "LinearGenerationTime": 12.3569, "SDPCutsGenerationTime": 0, "CallsToNonLinearSolver": 9, "StrongBranchingExtraTime": 2382.75, "ElapsedTimeWeightedCoeffs": 0, "NodesDiscardedByFathoming": 0, "NodesDiscardedByTolerance": 58, "BoundFactorConstraintsTime": 59.4455, "ElapsedTimeVarsInConstraints": 0.000734558, "meanBTRelativeChangeRootNode": 0, "NumberOfBoundFactorConstraints": 15504, "NumberOfLAPACKConvergenceFailures": 0, "NumberOfRLTVariablesAfterLinearization": 1278}