{"Itbt": 0, "Pace": 0.00451139, "Depth": 8, "Degree": 6, "RPSTime": 0.0624397, "FBBTTime": 0, "OBBTTime": 0, "TotalTime": 0.347167, "Iterations": 35, "LinearTime": 0.209278, "LowerBound": 220.716, "TimeVector": [0.0244557, 0.0400577, 0.0546134, 0.0697528, 0.086137, 0.0937965, 0.101154, 0.116881, 0.124567, 0.131485, 0.138848, 0.146714, 0.154541, 0.161233, 0.169418, 0.18489, 0.19211, 0.200035, 0.207531, 0.215088, 0.222933, 0.230406, 0.238725, 0.246347, 0.253503, 0.261205, 0.268968, 0.277192, 0.284861, 0.292718, 0.299572, 0.31598, 0.323136, 0.330565, 0.677731], "UpperBound": 220.819, "rootBTTime": 0, "LowerBounds": {"1": 143.764, "2": 162.759, "3": 171.674, "4": 173.378, "5": 187.418, "6": 189.939, "7": 191.95, "8": 199.155, "9": 201.137, "10": 201.525, "11": 203.59, "12": 208.143, "13": 209.143, "14": 213.457, "15": 214.318, "16": 214.836, "17": 215.21, "18": 215.703, "19": 215.948, "20": 216.219, "21": 216.389, "22": 217.3, "23": 217.388, "24": 217.879, "25": 218.355, "26": 218.371, "27": 218.701, "28": 219.35, "29": 219.552, "30": 219.561, "31": 219.67, "32": 219.919, "33": 220.265, "34": 220.281, "35": 220.716}, "SolveResult": 0, "UpperBounds": {"1": 223.218, "8": 220.819}, "MaxQueueSize": 13, "VisitedNodes": 71, "BranchingVars": [3, 4, 3, 3, 0, 0, 4, 0, 0, 1, 1, 0, 0, 3, 4, 1, 1, 1, 1, 4, 4, 1, 0, 4, 1, 0, 3, 1, 1, 1, 1, 0, 1, 3, 4], "NonLinearTime": 0.0754354, "OptimalityGap": 0.102474, "BranchingRules": ["sum_dual_weighted_plus1_rel", "sum_dual_weighted_plus1_rel", "sum_dual_weighted_plus1_rel", "sum_dual_weighted_plus1_rel", "sum_dual_weighted_plus1_rel", "sum_dual_weighted_plus1_rel", "sum_dual_weighted_plus1_rel", "sum_dual_weighted_plus1_rel", "sum_dual_weighted_plus1_rel", "sum_dual_weighted_plus1_rel", "sum_dual_weighted_plus1_rel", "sum_dual_weighted_plus1_rel", "sum_dual_weighted_plus1_rel", "sum_dual_weighted_plus1_rel", "sum_dual_weighted_plus1_rel", "sum_dual_weighted_plus1_rel", "sum_dual_weighted_plus1_rel", "sum_dual_weighted_plus1_rel", "sum_dual_weighted_plus1_rel", "sum_dual_weighted_plus1_rel", "sum_dual_weighted_plus1_rel", "sum_dual_weighted_plus1_rel", "sum_dual_weighted_plus1_rel", "sum_dual_weighted_plus1_rel", "sum_dual_weighted_plus1_rel", "sum_dual_weighted_plus1_rel", "sum_dual_weighted_plus1_rel", "sum_dual_weighted_plus1_rel", "sum_dual_weighted_plus1_rel", "sum_dual_weighted_plus1_rel", "sum_dual_weighted_plus1_rel", "sum_dual_weighted_plus1_rel", "sum_dual_weighted_plus1_rel", "sum_dual_weighted_plus1_rel", "sum_dual_weighted_plus1_rel"], "LBImprovements": [18.9952, 8.91445, 18.2655, 14.0398, 29.882, 26.0088, 7.20548, 9.98749, 13.1811, 6.61826, 14.7816, 5.31438, 6.06689, 6.21217, 2.07083, 9.38046, 6.17919, 5.32335, 9.01291, 2.13607, 0.998501, 8.75057, 2.16437, 0.82276, 2.91854, 10.9158, 2.04421, 5.02036, 2.63342, 3.33559, 1.34256, 9.40081, 0.451562, 2.57373, 0.815188], "InfeasibleNodes": 1, "ElapsedTimeCoeffs": 0, "LinearizationTime": 0.000550716, "NumberOfVariables": 6, "CallsToLinearSolver": 71, "LinearGenerationTime": 0.0353584, "SDPCutsGenerationTime": 0, "CallsToNonLinearSolver": 9, "StrongBranchingExtraTime": 0, "ElapsedTimeWeightedCoeffs": 0, "NodesDiscardedByFathoming": 1, "NodesDiscardedByTolerance": 34, "BoundFactorConstraintsTime": 0.0372328, "ElapsedTimeVarsInConstraints": 0.000015225, "meanBTRelativeChangeRootNode": 0, "NumberOfBoundFactorConstraints": 71, "NumberOfLAPACKConvergenceFailures": 0, "NumberOfRLTVariablesAfterLinearization": 43}