{"Itbt": 0, "Pace": 0.0722571, "Depth": 20, "Degree": 6, "RPSTime": 9.76149, "FBBTTime": 0, "OBBTTime": 0, "TotalTime": 133.194, "Iterations": 147, "LinearTime": 123.293, "LowerBound": 3122.94, "TimeVector": [1.35872, 2.29233, 3.30467, 4.26899, 5.08026, 6.00557, 6.98406, 7.93473, 8.83389, 9.63231, 10.4237, 11.272, 11.9197, 12.8228, 13.6929, 14.6133, 15.5064, 16.3321, 17.2321, 18.0845, 19.0225, 19.8738, 20.7538, 21.5743, 22.3629, 23.2684, 24.1734, 25.1051, 25.9763, 26.7508, 27.6266, 28.5115, 29.3187, 30.1999, 31.0265, 31.9255, 32.6499, 33.4099, 34.2816, 35.2268, 36.169, 36.9707, 37.7619, 38.62, 39.4635, 40.4236, 41.322, 42.1621, 43.0401, 43.7926, 44.7111, 45.5627, 46.4798, 47.3348, 48.1331, 49.0195, 50.0552, 50.861, 51.7818, 52.6024, 53.3846, 54.1424, 54.953, 55.6519, 56.4952, 57.283, 58.2781, 59.2788, 60.2559, 61.1367, 62.0034, 62.928, 63.7155, 64.6368, 65.5862, 66.4571, 67.4115, 68.3932, 69.3596, 70.2416, 71.1541, 72.1217, 72.9364, 73.7643, 74.7191, 75.6291, 76.6336, 77.4551, 78.4298, 79.2708, 80.2992, 82.3372, 83.0195, 84.1004, 86.091, 87.0905, 87.9425, 88.6952, 89.5368, 90.323, 91.1534, 91.9378, 92.9023, 93.7643, 94.4742, 95.4454, 96.313, 97.2483, 98.027, 98.7743, 99.7952, 100.577, 101.545, 102.51, 103.48, 104.368, 105.097, 106.056, 106.964, 107.789, 108.716, 109.598, 110.448, 111.33, 112.209, 113.043, 113.768, 114.817, 115.758, 116.494, 117.4, 118.301, 119.329, 120.807, 121.6, 122.437, 123.331, 124.291, 125.222, 126.055, 126.951, 127.893, 129.24, 130.002, 131.271, 132.301, 144.688], "UpperBound": 3125.75, "rootBTTime": 0, "LowerBounds": {"1": 1279.6, "2": 1762.61, "3": 1924.99, "4": 1974.4, "5": 1996.72, "6": 2106.39, "7": 2176.84, "8": 2289.29, "9": 2296.89, "10": 2340.66, "11": 2373.06, "12": 2378.62, "13": 2390.06, "14": 2430.01, "15": 2446.03, "16": 2465.07, "17": 2506.98, "18": 2509.72, "19": 2533.41, "20": 2559.72, "21": 2560.16, "22": 2589.35, "23": 2606.09, "24": 2639.41, "25": 2645.88, "26": 2668.77, "27": 2693.6, "28": 2701.25, "29": 2736.12, "30": 2737.82, "31": 2756.4, "32": 2760.87, "33": 2763.89, "34": 2777.26, "35": 2778.37, "36": 2780.3, "37": 2800.93, "38": 2806.88, "39": 2806.9, "40": 2813.71, "41": 2819.6, "42": 2820.38, "43": 2827.28, "44": 2846.78, "45": 2855.88, "46": 2859.96, "47": 2861.55, "48": 2865.88, "49": 2868.62, "50": 2880.58, "51": 2889.09, "52": 2900.83, "53": 2907.9, "54": 2922.61, "55": 2929.39, "56": 2932.73, "57": 2933.45, "58": 2934.4, "59": 2935.47, "60": 2939.83, "61": 2949.27, "62": 2951.03, "63": 2955.58, "64": 2962.02, "65": 2964.04, "66": 2971.88, "67": 2972.02, "68": 2974.62, "69": 2977.69, "70": 2978.1, "71": 2978.27, "72": 2978.79, "73": 2979.16, "74": 2980.25, "75": 2983.7, "76": 2984.36, "77": 2990.1, "78": 3001.42, "79": 3001.58, "80": 3005.25, "81": 3008.16, "82": 3010.25, "83": 3027.14, "84": 3028.78, "85": 3034.95, "86": 3040.03, "87": 3047.4, "88": 3052.05, "89": 3052.42, "90": 3052.71, "91": 3058.98, "92": 3059, "93": 3061.09, "94": 3076.05, "95": 3083.13, "96": 3083.76, "97": 3085.49, "98": 3085.78, "99": 3086.37, "100": 3086.99, "101": 3088.15, "102": 3091.11, "103": 3091.9, "104": 3092.35, "105": 3093.99, "106": 3095.26, "107": 3097.34, "108": 3098.99, "109": 3101.03, "110": 3102.71, "111": 3103.05, "112": 3103.09, "113": 3104.2, "114": 3106.65, "115": 3108.63, "116": 3108.85, "117": 3109.43, "118": 3109.63, "119": 3109.77, "120": 3110.85, "121": 3111.31, "122": 3111.97, "123": 3114.52, "124": 3114.95, "125": 3115.14, "126": 3115.96, "127": 3116.28, "128": 3117.49, "129": 3117.75, "130": 3117.84, "131": 3118.3, "132": 3119.23, "133": 3119.52, "134": 3119.6, "135": 3119.87, "136": 3120.64, "137": 3120.67, "138": 3120.77, "139": 3120.8, "140": 3120.98, "141": 3121.4, "142": 3121.46, "143": 3121.57, "144": 3121.8, "145": 3122.07, "146": 3122.3, "147": 3122.94}, "SolveResult": 0, "UpperBounds": {"1": 3264.49, "2": 3125.75}, "MaxQueueSize": 35, "VisitedNodes": 295, "BranchingVars": [1, 5, 2, 2, 1, 0, 3, 1, 0, 2, 5, 3, 2, 0, 0, 3, 0, 0, 1, 0, 1, 1, 1, 3, 0, 3, 3, 5, 3, 1, 5, 5, 3, 3, 1, 5, 0, 0, 3, 1, 3, 5, 5, 4, 4, 1, 1, 4, 4, 4, 3, 4, 4, 0, 5, 3, 4, 3, 5, 3, 3, 0, 1, 3, 4, 0, 1, 1, 4, 0, 1, 1, 3, 4, 4, 1, 4, 1, 1, 4, 4, 5, 4, 0, 4, 4, 1, 1, 1, 1, 3, 1, 4, 1, 0, 5, 5, 4, 0, 0, 5, 4, 3, 4, 4, 4, 3, 1, 1, 4, 4, 4, 5, 1, 2, 5, 4, 5, 4, 1, 3, 4, 2, 4, 1, 5, 4, 1, 4, 4, 4, 1, 1, 1, 1, 4, 0, 4, 4, 2, 1, 5, 0, 1, 1, 1, 2], "NonLinearTime": 0.140154, "OptimalityGap": 2.80602,