{"Itbt": 0, "Pace": 0.0105625, "Depth": 9, "Degree": 6, "RPSTime": 0.0564117, "FBBTTime": 0, "OBBTTime": 0, "TotalTime": 0.308371, "Iterations": 20, "LinearTime": 0.174058, "LowerBound": 23.7481, "TimeVector": [0.0327292, 0.0573213, 0.0786152, 0.0968877, 0.114455, 0.124589, 0.134595, 0.154056, 0.165769, 0.177777, 0.188373, 0.199678, 0.20944, 0.221923, 0.233879, 0.252981, 0.264806, 0.275469, 0.287862, 0.596233], "UpperBound": 23.77, "rootBTTime": 0, "LowerBounds": {"1": -5.44587, "2": 5.99396, "3": 6.0242, "4": 10.5231, "5": 12.4328, "6": 13.4317, "7": 13.6801, "8": 18.8444, "9": 19.4951, "10": 19.9992, "11": 20.5215, "12": 22.2973, "13": 23.0358, "14": 23.2325, "15": 23.2953, "16": 23.2966, "17": 23.4734, "18": 23.6019, "19": 23.6125, "20": 23.7481}, "SolveResult": 0, "UpperBounds": {"1": 24.9462, "3": 23.77}, "MaxQueueSize": 6, "VisitedNodes": 41, "BranchingVars": [4, 3, 5, 2, 4, 0, 4, 1, 5, 3, 3, 3, 0, 5, 3, 3, 3, 0, 3, 3], "NonLinearTime": 0.0778878, "OptimalityGap": 0.0218707, "BranchingRules": ["sum_dual_weighted_plus1_rel", "sum_dual_weighted_plus1_rel", "sum_dual_weighted_plus1_rel", "sum_dual_weighted_plus1_rel", "sum_dual_weighted_plus1_rel", "sum_dual_weighted_plus1_rel", "sum_dual_weighted_plus1_rel", "sum_dual_weighted_plus1_rel", "sum_dual_weighted_plus1_rel", "sum_dual_weighted_plus1_rel", "sum_dual_weighted_plus1_rel", "sum_dual_weighted_plus1_rel", "sum_dual_weighted_plus1_rel", "sum_dual_weighted_plus1_rel", "sum_dual_weighted_plus1_rel", "sum_dual_weighted_plus1_rel", "sum_dual_weighted_plus1_rel", "sum_dual_weighted_plus1_rel", "sum_dual_weighted_plus1_rel", "sum_dual_weighted_plus1_rel"], "LBImprovements": [11.4398, 7.43778, 4.49892, 1.90971, 8.08868, 5.4127, 9.93237, 4.38807, 0.504037, 2.29813, 5.48206, 0.73852, 0.259466, 3.88227, 0.429221, 0.451525, 1.22324, 0.45474, 6.67063, 0.0393213], "InfeasibleNodes": 0, "ElapsedTimeCoeffs": 0, "LinearizationTime": 0.001026, "NumberOfVariables": 6, "CallsToLinearSolver": 41, "LinearGenerationTime": 0.0321833, "SDPCutsGenerationTime": 0, "CallsToNonLinearSolver": 8, "StrongBranchingExtraTime": 0, "ElapsedTimeWeightedCoeffs": 0, "NodesDiscardedByFathoming": 0, "NodesDiscardedByTolerance": 21, "BoundFactorConstraintsTime": 0.0366809, "ElapsedTimeVarsInConstraints": 0.000016273, "meanBTRelativeChangeRootNode": 0, "NumberOfBoundFactorConstraints": 92, "NumberOfLAPACKConvergenceFailures": 0, "NumberOfRLTVariablesAfterLinearization": 67}