{"Itbt": 0, "Pace": 0.0551521, "Depth": 13, "Degree": 6, "RPSTime": 64.1003, "FBBTTime": 0, "OBBTTime": 0, "TotalTime": 280.421, "Iterations": 133, "LinearTime": 216.099, "LowerBound": 15942.7, "TimeVector": [2.1688, 3.41109, 4.66742, 5.97081, 7.33048, 8.65429, 9.89059, 11.2471, 12.5927, 13.9824, 15.3669, 16.7536, 18.0151, 19.3707, 20.6425, 22.0816, 23.502, 24.9198, 26.4161, 27.7168, 29.1516, 30.7487, 32.1438, 33.8716, 35.4592, 37.2998, 38.6697, 40.1089, 41.6409, 43.2478, 44.6703, 46.2041, 48.0997, 49.5923, 51.2236, 52.6882, 54.3834, 55.8715, 57.2295, 59.564, 61.0601, 62.479, 63.9287, 65.563, 66.9419, 68.4331, 69.8647, 71.4386, 72.9192, 74.7183, 76.1808, 78.5069, 80.0841, 82.2785, 83.8975, 85.2911, 86.8156, 88.7785, 90.4467, 92.7933, 94.623, 96.7042, 99.1254, 100.883, 102.587, 104.305, 105.866, 107.77, 109.92, 111.42, 113.87, 116.046, 117.934, 119.745, 121.462, 123.023, 124.917, 129.001, 131.179, 133.147, 135.382, 137.891, 139.486, 141.232, 143.496, 145.342, 147.212, 148.779, 150.263, 152.093, 154.532, 156.071, 159.503, 161.179, 163.34, 167.083, 170.252, 172.588, 175.328, 177.217, 179.239, 181.607, 184.356, 187.189, 189.074, 190.715, 193.019, 195.192, 197.15, 199.672, 203.29, 205.197, 208.258, 210.84, 215.986, 219.54, 222.141, 225.033, 226.754, 230.619, 232.517, 235.876, 239.676, 241.517, 245.537, 251.817, 254.854, 259.534, 264.85, 266.965, 271.31, 276.287, 304.891], "UpperBound": 15958.5, "rootBTTime": 0, "LowerBounds": {"1": 10858.2, "2": 12424.2, "3": 12478.8, "4": 13071.3, "5": 13474.1, "6": 13678, "7": 13840.7, "8": 13885.8, "9": 13936.7, "10": 14162.3, "11": 14399.3, "12": 14548, "13": 14554.9, "14": 14564.6, "15": 14571.7, "16": 14977.3, "17": 14980.9, "18": 15009.2, "19": 15046.4, "20": 15164, "21": 15170.3, "22": 15206.4, "23": 15218.5, "24": 15294.9, "25": 15338.9, "26": 15352.9, "27": 15356.5, "28": 15358.6, "29": 15378.2, "30": 15416, "31": 15448.9, "32": 15449.8, "33": 15455.3, "34": 15469.9, "35": 15493.6, "36": 15508.3, "37": 15548.3, "38": 15556.5, "39": 15576.1, "40": 15619.7, "41": 15687.6, "42": 15713.5, "43": 15725.9, "44": 15746.5, "45": 15764.2, "46": 15768.2, "47": 15771.9, "48": 15773.6, "49": 15779.1, "50": 15779.4, "51": 15780.1, "52": 15786.8, "53": 15789, "54": 15813.6, "55": 15813.8, "56": 15822.4, "57": 15824.6, "58": 15829.7, "59": 15829.7, "60": 15835.4, "61": 15839.2, "62": 15840.2, "63": 15840.7, "64": 15845.9, "65": 15847.3, "66": 15851.1, "67": 15855.9, "68": 15856.6, "69": 15857, "70": 15864.1, "71": 15864.8, "72": 15867.4, "73": 15870.4, "74": 15871.9, "75": 15872.4, "76": 15874.1, "77": 15877.2, "78": 15877.7, "79": 15880.4, "80": 15882.9, "81": 15883.8, "82": 15887.8, "83": 15890.1, "84": 15891.2, "85": 15891.5, "86": 15895.2, "87": 15895.7, "88": 15896.8, "89": 15897, "90": 15897.4, "91": 15901.7, "92": 15904.7, "93": 15906.3, "94": 15908.2, "95": 15908.6, "96": 15910, "97": 15910.1, "98": 15910.7, "99": 15913.5, "100": 15913.7, "101": 15914.4, "102": 15915, "103": 15915.3, "104": 15918, "105": 15918.3, "106": 15919.2, "107": 15919.5, "108": 15919.5, "109": 15920.1, "110": 15920.5, "111": 15922, "112": 15922.7, "113": 15928.3, "114": 15928.5, "115": 15930, "116": 15930.6, "117": 15932.4, "118": 15932.6, "119": 15932.8, "120": 15933.4, "121": 15935.2, "122": 15936.5, "123": 15936.8, "124": 15938.1, "125": 15938.4, "126": 15938.6, "127": 15939.6, "128": 15939.9, "129": 15940.2, "130": 15940.8, "131": 15941.4, "132": 15941.9, "133": 15942.7}, "SolveResult": 0, "UpperBounds": {"1": 16136, "2": 16102.6, "4": 15958.5}, "MaxQueueSize": 30, "VisitedNodes": 267, "BranchingVars": [1, 0, 2, 4, 3, 5, 2, 4, 5, 4, 5, 5, 3, 5, 3, 3, 2, 0, 5, 1, 0, 5, 4, 4, 3, 5, 0, 0, 5, 4, 3, 3, 5, 0, 5, 4, 2, 3, 1, 5, 4, 1, 3, 2, 3, 4, 1, 1, 1, 2, 4, 4, 2, 4, 4, 1, 1, 0, 5, 5, 5, 0, 5, 4, 0, 0, 3, 3, 0, 1, 0, 4, 4, 5, 1, 5, 4, 1, 4, 5, 4, 4, 0, 5, 5, 5, 0, 3, 1, 5, 4, 3, 3, 5, 0, 4, 0, 4, 5, 3, 5, 3, 0, 0, 3, 3, 3, 2, 3, 0, 4, 0, 3, 5, 2, 2, 3, 3, 1, 2, 3, 2, 2, 5, 5, 2, 3, 2, 2, 5, 3, 2, 3], "NonLinearTime": 0.221736, "OptimalityGap": 15.8636,