{"Itbt": 0, "Pace": 0.0632415, "Depth": 14, "Degree": 6, "RPSTime": 2.29379, "FBBTTime": 0, "OBBTTime": 0, "TotalTime": 24.7304, "Iterations": 90, "LinearTime": 22.3246, "LowerBound": 1093.54, "TimeVector": [0.428834, 0.739161, 1.0339, 1.35188, 1.66321, 1.9342, 2.21733, 2.4913, 2.73428, 3.02684, 3.27602, 3.56357, 3.84827, 4.14661, 4.41333, 4.71135, 5.00103, 5.28112, 5.55307, 5.8439, 6.08558, 6.34158, 6.6304, 6.87653, 7.13825, 7.43398, 7.75098, 8.04374, 8.31855, 8.59221, 8.8609, 9.12389, 9.39563, 9.6576, 9.93775, 10.2169, 10.4982, 10.7523, 11.0329, 11.2954, 11.5632, 11.8448, 12.1222, 12.3811, 12.6424, 12.9006, 13.1506, 13.4372, 13.7198, 13.9859, 14.2433, 14.5531, 14.8363, 15.0937, 15.3232, 15.5918, 15.8473, 16.1124, 16.3937, 16.6559, 16.9336, 17.2039, 17.5061, 17.8014, 18.0534, 18.3339, 18.5979, 18.8808, 19.1435, 19.4091, 19.6834, 19.9166, 20.1547, 20.426, 20.6911, 20.9624, 21.2521, 21.5162, 21.7647, 22.0467, 22.3243, 22.584, 22.8379, 23.094, 23.3676, 23.6412, 23.8984, 24.1749, 24.4218, 49.1522], "UpperBound": 1094.63, "rootBTTime": 0, "LowerBounds": {"1": 702.491, "2": 786.5, "3": 868.244, "4": 897.625, "5": 903.488, "6": 919.803, "7": 947.239, "8": 963.517, "9": 965.879, "10": 985.721, "11": 987.209, "12": 1020.23, "13": 1029, "14": 1029.73, "15": 1030.93, "16": 1035.14, "17": 1038.14, "18": 1039.39, "19": 1047.73, "20": 1051.09, "21": 1054.96, "22": 1059.92, "23": 1065.73, "24": 1067.24, "25": 1067.79, "26": 1068.1, "27": 1069.15, "28": 1069.86, "29": 1072.7, "30": 1073.71, "31": 1074.44, "32": 1075.47, "33": 1076.73, "34": 1077.58, "35": 1078.18, "36": 1078.47, "37": 1078.58, "38": 1079.14, "39": 1080.94, "40": 1081.39, "41": 1081.6, "42": 1082.23, "43": 1082.88, "44": 1083.21, "45": 1084.15, "46": 1085.43, "47": 1085.69, "48": 1088.02, "49": 1088.35, "50": 1088.89, "51": 1088.91, "52": 1089.03, "53": 1089.29, "54": 1089.94, "55": 1090.13, "56": 1090.35, "57": 1090.45, "58": 1090.64, "59": 1090.7, "60": 1090.91, "61": 1091.02, "62": 1091.19, "63": 1091.45, "64": 1091.5, "65": 1091.54, "66": 1091.7, "67": 1091.98, "68": 1092.15, "69": 1092.42, "70": 1092.6, "71": 1092.72, "72": 1092.81, "73": 1092.82, "74": 1092.85, "75": 1092.89, "76": 1092.9, "77": 1092.96, "78": 1093.02, "79": 1093.04, "80": 1093.12, "81": 1093.16, "82": 1093.19, "83": 1093.2, "84": 1093.21, "85": 1093.24, "86": 1093.25, "87": 1093.34, "88": 1093.39, "89": 1093.43, "90": 1093.54}, "SolveResult": 0, "UpperBounds": {"1": 1094.63}, "MaxQueueSize": 19, "VisitedNodes": 181, "BranchingVars": [1, 2, 5, 1, 0, 0, 2, 5, 1, 4, 4, 5, 2, 0, 0, 0, 0, 5, 1, 0, 5, 0, 5, 5, 4, 5, 2, 5, 5, 2, 4, 1, 0, 4, 2, 1, 5, 0, 2, 1, 3, 2, 2, 1, 4, 2, 1, 4, 2, 1, 5, 4, 2, 4, 4, 1, 2, 4, 1, 5, 2, 4, 0, 0, 0, 0, 0, 0, 1, 0, 2, 4, 4, 1, 4, 1, 4, 0, 1, 1, 1, 1, 2, 1, 1, 0, 2, 4, 2, 0], "NonLinearTime": 0.111944, "OptimalityGap": 1.09147, "BranchingRules": ["sum_dual_weighted_plus1_rel", "sum_dual_weighted_plus1_rel", "sum_dual_weighted_plus1_rel", "sum_dual_weighted_plus1_rel", "sum_dual_weighted_plus1_rel", "sum_dual_weighted_plus1_rel", "sum_dual_weighted_plus1_rel", "sum_dual_weighted_plus1_rel", "sum_dual_weighted_plus1_rel", "sum_dual_weighted_plus1_rel", "sum_dual_weighted_plus1_rel", "sum_dual_weighted_plus1_rel", "sum_dual_weighted_plus1_rel", "sum_dual_weighted_plus1_rel", "sum_dual_weighted_plus1_rel", "sum_dual_weighted_plus1_rel", "sum_dual_weighted_plus1_rel", "sum_dual_weighted_plus1_rel", "sum_dual_weighted_plus1_rel", "sum_dual_weighted_plus1_rel", "sum_dual_weighted_plus1_rel", "sum_dual_weighted_plus1_rel", "sum_dual_weighted_plus1_rel", "sum_dual_weighted_plus1_rel", "sum_dual_weighted_plus1_rel", "sum_dual_weighted_plus1_rel", "sum_dual_weighted_plus1_rel", "sum_dual_weighted_plus1_rel", "sum_dual_weighted_plus1_rel", "sum_dual_weighted_plus1_rel", "sum_dual_weighted_plus1_rel", "sum_dual_weighted_plus1_rel", "sum_dual_weighted_plus1_rel", "sum_dual_weighted_plus1_rel", "sum_dual_weighted_plus1_rel", "sum_dual_weighted_plus1_rel", "sum_dual_weighted_plus1_rel", "sum_dual_weighted_plus1_rel", "sum_dual_weighted_plus1_rel", "sum_dual_weighted_plus1_rel", "sum_dual_weighted_plus1_rel", "sum_dual_weighted_plus1_rel", "sum_dual_weighted_plus1_rel", "sum_dual_weighted_plus1_rel", "sum_dual_weighted_plus1_rel", "sum_dual_weighted_plus1_rel", "sum_dual_weighted_plus1_rel", "sum_dual_weighted_plus1_rel", "sum_dual_weighted_plus1_rel", "sum_dual_weighted_plus1_rel", "sum_dual_weighted_plus1_rel", "sum_dual_weighted_plus1_rel", "sum_dual_weighted_plus1_rel", "sum_dual_weighted_plus1_rel", "sum_dual_weighted_plus1_rel", "sum_dual_weighted_plus1_rel", "sum_dual_weighted_plus1_rel", "sum_dual_weighted_plus1_rel", "sum_dual_weighted_plus1_rel", "sum_dual_weighted_plus1_rel", "sum_dual_weighted_plus1_rel", "sum_dual_weighted_plus1_rel", "sum_dual_weighted_plus1_rel", "sum_dual_weighted_plus1_rel", "sum_dual_weighted_plus1_rel", "sum_dual_weighted_plus1_rel", "sum_dual_weighted_plus1_rel", "sum_dual_weighted_plus1_rel", "sum_dual_weighted_plus1_rel", "sum_dual_weighted_plus1_rel", "sum_dual_weighted_plus1_rel", "sum_dual_weighted_plus1_rel", "sum_dual_weighted_plus1_rel", "sum_dual_weighted_plus1_rel", "sum_dual_weighted_plus1_rel", "sum_dual_weighted_plus1_rel", "sum_dual_weighted_plus1_rel", "sum_dual_weighted_plus1_rel", "sum_dual_weighted_plus1_rel", "sum_dual_weighted_plus1_rel", "sum_dual_weighted_plus1_rel", "sum_dual_weighted_plus1_rel", "sum_dual_weighted_plus1_rel", "sum_dual_weighted_plus1_rel", "sum_dual_weighted_plus1_rel", "sum_dual_weighted_plus1_rel", "sum_dual_weighted_plus1_rel", "sum_dual_weighted_plus1_rel", "sum_dual_weighted_plus1_rel", "sum_dual_weighted_plus1_rel"], "LBImprovements": [84.0086, 81.7436, 51.5595, 65.8922, 43.7518, 46.076, 92.1458, 23.6914, 63.1235, 34.5122, 47.9305, 17.9064, 36.7244, 48.8449, 50.6688, 42.443, 9.58517, 55.6431, 19.5149, 47.9032, 24.1744, 72.8196, 10.9999, 7.19885, 43.3994, 5.6124, 88.9427, 30.4891, 5.77779, 9.50536, 3.74563, 7.40454, 8.95818, 11.3319, 12.8347, 11.9741, 36.2153, 14.9421, 12.2485, 14.3056, 56.24, 14.692, 10.0105, 6.72477, 4.19768, 3.59926, 4.95003, 10.6167, 2.00342, 6.04322, 6.68976, 2.42663, 1.40932, 1.76162, 1.41485, 1.79849, 11.1098, 3.75602, 2.31229, 15.2956, 3.40988, 3.69182, 0.965494, 1.39895, 1.26278, 1.34419, 0.861855, 1.40988, 1.18211, 1.85266, 10.0023, 0.392188, 1.94391, 0.691322, 1.23138, 0.806889, 0.155201, 1.30108, 0.386633, 0.927862, 0.693333, 1.44071, 0.595104, 0.392877, 0.473127, 1.85149, 0.456637, 2.06135, 0.629795, 0.821073], "InfeasibleNodes": 0, "ElapsedTimeCoeffs": 0, "LinearizationTime": 0.0185203, "NumberOfVariables": 6, "CallsToLinearSolver": 181, "LinearGenerationTime": 1.12212, "SDPCutsGenerationTime": 0, "CallsToNonLinearSolver": 10, "StrongBranchingExtraTime": 0, "ElapsedTimeWeightedCoeffs": 0, "NodesDiscardedByFathoming": 0, "NodesDiscardedByTolerance": 91, "BoundFactorConstraintsTime": 1.83705, "ElapsedTimeVarsInConstraints": 0.000046507, "meanBTRelativeChangeRootNode": 0, "NumberOfBoundFactorConstraints": 692, "NumberOfLAPACKConvergenceFailures": 0, "NumberOfRLTVariablesAfterLinearization": 261}