{"Itbt": 0, "Pace": 0.0301385, "Depth": 16, "Degree": 6, "RPSTime": 0.10547, "FBBTTime": 0, "OBBTTime": 0, "TotalTime": 0.558298, "Iterations": 85, "LinearTime": 0.366516, "LowerBound": 51.1175, "TimeVector": [0.0220677, 0.0350395, 0.0484706, 0.0618608, 0.074337, 0.0784119, 0.0838755, 0.0984723, 0.1045, 0.109908, 0.115483, 0.121172, 0.126909, 0.132557, 0.137869, 0.152048, 0.156803, 0.16225, 0.167848, 0.172637, 0.178013, 0.182496, 0.186941, 0.192603, 0.198179, 0.204204, 0.209854, 0.215558, 0.221277, 0.227118, 0.232107, 0.245832, 0.251299, 0.261422, 0.26718, 0.272691, 0.277591, 0.283934, 0.289873, 0.294919, 0.299503, 0.304564, 0.309842, 0.315711, 0.32181, 0.328217, 0.333511, 0.33892, 0.344867, 0.349847, 0.354907, 0.359938, 0.367517, 0.37309, 0.378165, 0.384047, 0.389202, 0.393917, 0.398811, 0.403781, 0.409941, 0.415036, 0.420034, 0.436586, 0.44235, 0.446694, 0.45229, 0.45774, 0.463871, 0.470697, 0.476117, 0.482248, 0.487206, 0.491658, 0.496848, 0.501702, 0.506705, 0.511405, 0.516585, 0.521458, 0.526704, 0.533285, 0.538195, 0.543212, 1.10151], "UpperBound": 51.1608, "rootBTTime": 0, "LowerBounds": {"1": 32.594, "2": 36.1002, "3": 36.782, "4": 38.2842, "5": 38.6854, "6": 40.3911, "7": 40.8298, "8": 41.3109, "9": 44.337, "10": 45.3704, "11": 45.5494, "12": 45.8502, "13": 45.962, "14": 46.1977, "15": 47.0734, "16": 47.222, "17": 47.4688, "18": 47.9481, "19": 48.0094, "20": 48.3179, "21": 48.8204, "22": 49.1851, "23": 49.1941, "24": 49.2956, "25": 49.3068, "26": 49.3998, "27": 49.5459, "28": 49.7259, "29": 49.7385, "30": 49.899, "31": 49.9099, "32": 50.063, "33": 50.1682, "34": 50.218, "35": 50.2917, "36": 50.3559, "37": 50.3594, "38": 50.4313, "39": 50.5147, "40": 50.5502, "41": 50.5584, "42": 50.5695, "43": 50.6184, "44": 50.6486, "45": 50.65, "46": 50.6552, "47": 50.6713, "48": 50.6735, "49": 50.7077, "50": 50.7183, "51": 50.7504, "52": 50.7616, "53": 50.7714, "54": 50.7804, "55": 50.7866, "56": 50.8032, "57": 50.8453, "58": 50.8513, "59": 50.8791, "60": 50.902, "61": 50.9357, "62": 50.9384, "63": 50.9433, "64": 50.9489, "65": 50.9568, "66": 50.9587, "67": 50.9764, "68": 51.0094, "69": 51.0117, "70": 51.0199, "71": 51.039, "72": 51.0406, "73": 51.0548, "74": 51.0596, "75": 51.0596, "76": 51.0737, "77": 51.0784, "78": 51.0792, "79": 51.089, "80": 51.0938, "81": 51.0986, "82": 51.1, "83": 51.1036, "84": 51.1045, "85": 51.1175}, "SolveResult": 0, "UpperBounds": {"1": 59.7492, "16": 51.1608}, "MaxQueueSize": 15, "VisitedNodes": 171, "BranchingVars": [2, 3, 1, 1, 3, 3, 4, 4, 2, 2, 2, 4, 2, 4, 4, 4, 3, 3, 4, 1, 4, 3, 3, 4, 2, 2, 2, 2, 2, 2, 1, 4, 1, 2, 4, 2, 3, 4, 2, 3, 3, 3, 3, 4, 2, 4, 1, 1, 4, 3, 3, 3, 4, 1, 3, 4, 3, 3, 1, 3, 4, 3, 3, 4, 2, 3, 3, 1, 4, 4, 3, 4, 3, 1, 3, 1, 3, 3, 1, 3, 3, 4, 3, 3, 4], "NonLinearTime": 0.0862894, "OptimalityGap": 0.0433354, "BranchingRules": ["sum_dual_weighted_plus1_rel", "sum_dual_weighted_plus1_rel", "sum_dual_weighted_plus1_rel", "sum_dual_weighted_plus1_rel", "sum_dual_weighted_plus1_rel", "sum_dual_weighted_plus1_rel", "sum_dual_weighted_plus1_rel", "sum_dual_weighted_plus1_rel", "sum_dual_weighted_plus1_rel", "sum_dual_weighted_plus1_rel", "sum_dual_weighted_plus1_rel", "sum_dual_weighted_plus1_rel", "sum_dual_weighted_plus1_rel", "sum_dual_weighted_plus1_rel", "sum_dual_weighted_plus1_rel", "sum_dual_weighted_plus1_rel", "sum_dual_weighted_plus1_rel", "sum_dual_weighted_plus1_rel", "sum_dual_weighted_plus1_rel", "sum_dual_weighted_plus1_rel", "sum_dual_weighted_plus1_rel", "sum_dual_weighted_plus1_rel", "sum_dual_weighted_plus1_rel", "sum_dual_weighted_plus1_rel", "sum_dual_weighted_plus1_rel", "sum_dual_weighted_plus1_rel", "sum_dual_weighted_plus1_rel", "sum_dual_weighted_plus1_rel", "sum_dual_weighted_plus1_rel", "sum_dual_weighted_plus1_rel", "sum_dual_weighted_plus1_rel", "sum_dual_weighted_plus1_rel", "sum_dual_weighted_plus1_rel", "sum_dual_weighted_plus1_rel", "sum_dual_weighted_plus1_rel", "sum_dual_weighted_plus1_rel", "sum_dual_weighted_plus1_rel", "sum_dual_weighted_plus1_rel", "sum_dual_weighted_plus1_rel", "sum_dual_weighted_plus1_rel", "sum_dual_weighted_plus1_rel", "sum_dual_weighted_plus1_rel", "sum_dual_weighted_plus1_rel", "sum_dual_weighted_plus1_rel", "sum_dual_weighted_plus1_rel", "sum_dual_weighted_plus1_rel", "sum_dual_weighted_plus1_rel", "sum_dual_weighted_plus1_rel", "sum_dual_weighted_plus1_rel", "sum_dual_weighted_plus1_rel", "sum_dual_weighted_plus1_rel", "sum_dual_weighted_plus1_rel", "sum_dual_weighted_plus1_rel", "sum_dual_weighted_plus1_rel", "sum_dual_weighted_plus1_rel", "sum_dual_weighted_plus1_rel", "sum_dual_weighted_plus1_rel", "sum_dual_weighted_plus1_rel", "sum_dual_weighted_plus1_rel", "sum_dual_weighted_plus1_rel", "sum_dual_weighted_plus1_rel", "sum_dual_weighted_plus1_rel", "sum_dual_weighted_plus1_rel", "sum_dual_weighted_plus1_rel", "sum_dual_weighted_plus1_rel", "sum_dual_weighted_plus1_rel", "sum_dual_weighted_plus1_rel", "sum_dual_weighted_plus1_rel", "sum_dual_weighted_plus1_rel", "sum_dual_weighted_plus1_rel", "sum_dual_weighted_plus1_rel", "sum_dual_weighted_plus1_rel", "sum_dual_weighted_plus1_rel", "sum_dual_weighted_plus1_rel", "sum_dual_weighted_plus1_rel", "sum_dual_weighted_plus1_rel", "sum_dual_weighted_plus1_rel", "sum_dual_weighted_plus1_rel", "sum_dual_weighted_plus1_rel", "sum_dual_weighted_plus1_rel", "sum_dual_weighted_plus1_rel", "sum_dual_weighted_plus1_rel", "sum_dual_weighted_plus1_rel", "sum_dual_weighted_plus1_rel", "sum_dual_weighted_plus1_rel"], "LBImprovements": [3.50612, 2.18408, 1.90338, 2.54553, 29.0483, 6.68229, 4.54066, 3.02618, 1.86068, 3.93638, 0.412597, 7.31981, 1.26, 1.27112, 5.02054, 1.09586, 1.35154, 1.3475, 1.90048, 0.867218, 0.905553, 0.877854, 1.46114, 1.41217, 0, 0, 1.33316, 0.565754, 0.160542, 0.881382, 0.449585, 0.292884, 0.39017, 39.4626, 0.258501, 0.158822, 16.1252, 0.242161, 0.133899, 0.253034, 7.62529, 2.57236, 1.57449, 0.202724, 2.10174, 0.561294, 0.0790979, 0.113122, 0.137555, 0.217448, 0.198497, 0.258364, 0.130569, 0.258557, 0.411947, 0.140024, 0.77135, 0.158081, 0.0796651, 0.20597, 0.15329, 1.52666, 0.130481, 0.149753, 0.0549239, 0, 0.418452, 0.0690465, 0.0430935, 0.098057, 0.584217, 0.0531818, 0.0452128, 0.0000000196338, 0.258432, 0.0298243, 0.070405, 0.125781, 0.0284229, 0.0429149, 0.0371875, 0.0265084, 0.075891, 0.0656436, 0.0902134], "InfeasibleNodes": 27, "ElapsedTimeCoeffs": 0, "LinearizationTime": 0.000462599, "NumberOfVariables": 6, "CallsToLinearSolver": 171, "LinearGenerationTime": 0.0747957, "SDPCutsGenerationTime": 0, "CallsToNonLinearSolver": 10, "StrongBranchingExtraTime": 0, "ElapsedTimeWeightedCoeffs": 0, "NodesDiscardedByFathoming": 4, "NodesDiscardedByTolerance": 55, "BoundFactorConstraintsTime": 0.0560651, "ElapsedTimeVarsInConstraints": 0.000017658, "meanBTRelativeChangeRootNode": 0, "NumberOfBoundFactorConstraints": 57, "NumberOfLAPACKConvergenceFailures": 0, "NumberOfRLTVariablesAfterLinearization": 39}