{"Itbt": 0, "Pace": 0.13977, "Depth": 11, "Degree": 6, "RPSTime": 97.79, "FBBTTime": 0, "OBBTTime": 0, "TotalTime": 600.847, "Iterations": 203, "LinearTime": 502.879, "LowerBound": 15610.3, "TimeVector": [2.37573, 3.69151, 5.04087, 6.35069, 7.74384, 9.12052, 11.049, 12.5655, 14.0594, 15.4733, 17.6066, 21.4604, 23.0452, 24.7518, 26.4108, 27.8491, 29.3746, 30.9807, 32.8404, 34.4454, 36.0902, 38.1119, 39.6849, 41.1438, 42.686, 45.3388, 47.4602, 49.8472, 51.3478, 54.9597, 57.2156, 59.4209, 61.5212, 63.0562, 64.7084, 66.7395, 68.3025, 70.0532, 71.6336, 74.3259, 75.9256, 77.41, 79.824, 83.0955, 85.7165, 87.2152, 90.1448, 93.394, 95.8203, 97.7504, 101.285, 104.055, 105.57, 108.191, 111.349, 113.821, 115.387, 116.925, 118.976, 121.712, 124.258, 126.786, 129.337, 131.507, 133.975, 136.611, 138.685, 140.344, 142.564, 145.984, 147.875, 151.231, 153.974, 157.64, 161.341, 164.296, 167.512, 169.585, 172.57, 174.335, 177.556, 181.146, 185.651, 188.174, 191.42, 195.651, 198.48, 199.997, 203.168, 205.448, 208.985, 211.056, 215.28, 217.923, 221.676, 225.269, 228.544, 231.472, 233.821, 236.553, 239.766, 243.793, 246.863, 250.261, 253.564, 258.581, 261.758, 267.13, 271.205, 273.702, 276.473, 280.017, 283.477, 286.721, 288.713, 291.963, 293.849, 295.856, 298.582, 302.793, 306.713, 309.955, 314.522, 316.702, 319.753, 324.978, 327.447, 329.007, 332.543, 336.563, 340.05, 343.612, 346.386, 348.797, 352.154, 354.776, 358.855, 362.85, 365.495, 370.711, 373.948, 376.104, 378.942, 382.673, 385.463, 388.613, 394.211, 397.948, 401.51, 405.947, 410.618, 413.448, 418.087, 421.491, 424.395, 427.316, 432.037, 434.146, 438.586, 441.678, 444.912, 447.71, 452.165, 454.752, 458.107, 463.453, 468.104, 472.097, 474.917, 478.837, 481.919, 484.733, 488.273, 492.554, 497.907, 501.879, 507.032, 511.208, 513.551, 517.066, 520.635, 523.144, 527.696, 532.508, 536.767, 539.605, 543.983, 545.896, 548.053, 552.325, 556.819, 559.569, 562.678, 566.232, 571.396, 575.94, 579.743, 585.346, 589.597, 593.727, 597.468, 599.874, 629.325], "UpperBound": 15640.6, "rootBTTime": 0, "LowerBounds": {"1": 11317.5, "2": 11996.2, "3": 12712.6, "4": 12939, "5": 13394.3, "6": 13728.6, "7": 13735.1, "8": 13740.5, "9": 14171.9, "10": 14187.9, "11": 14257.1, "12": 14418.4, "13": 14432.6, "14": 14446.4, "15": 14458.6, "16": 14471.9, "17": 14491, "18": 14500.3, "19": 14625.7, "20": 14657.1, "21": 14728.4, "22": 14733.7, "23": 14798.6, "24": 14907.7, "25": 14907.8, "26": 14929.7, "27": 14965, "28": 14974.5, "29": 14979.1, "30": 14980, "31": 14989.1, "32": 14990.6, "33": 15016, "34": 15035.9, "35": 15063.8, "36": 15071.5, "37": 15094.3, "38": 15152.7, "39": 15167.6, "40": 15171.9, "41": 15211.2, "42": 15218.9, "43": 15226.9, "44": 15237.7, "45": 15250.4, "46": 15260.9, "47": 15261.1, "48": 15262.3, "49": 15275.3, "50": 15280.7, "51": 15292.5, "52": 15299.8, "53": 15304.8, "54": 15333.6, "55": 15341.1, "56": 15350.3, "57": 15352.1, "58": 15355.3, "59": 15363.8, "60": 15364.3, "61": 15364.6, "62": 15367.7, "63": 15380.2, "64": 15383.4, "65": 15387, "66": 15387.3, "67": 15398.1, "68": 15401.8, "69": 15414, "70": 15417.6, "71": 15430.5, "72": 15435.1, "73": 15438.3, "74": 15439.3, "75": 15439.7, "76": 15447.8, "77": 15452.7, "78": 15455.3, "79": 15467.2, "80": 15471.9, "81": 15472, "82": 15472.9, "83": 15475.3, "84": 15477.9, "85": 15485.2, "86": 15486, "87": 15493.3, "88": 15494.3, "89": 15500.7, "90": 15505.2, "91": 15506.5, "92": 15510.4, "93": 15513.4, "94": 15516.1, "95": 15516.7, "96": 15517.2, "97": 15517.2, "98": 15518.1, "99": 15524.3, "100": 15525.4, "101": 15526.6, "102": 15526.9, "103": 15528.7, "104": 15531.3, "105": 15531.8, "106": 15532.1, "107": 15532.5, "108": 15533.2, "109": 15537.8, "110": 15539.6, "111": 15541, "112": 15541.6, "113": 15542.4, "114": 15543, "115": 15545.1, "116": 15548.2, "117": 15548.6, "118": 15550.4, "119": 15552, "120": 15553.9, "121": 15555.6, "122": 15556, "123": 15557.7, "124": 15558, "125": 15558.3, "126": 15561.3, "127": 15566.2, "128": 15569.1, "129": 15569.2, "130": 15569.5, "131": 15569.9, "132": 15570.1, "133": 15570.1, "134": 15570.3, "135": 15571.8, "136": 15572.1, "137": 15573.2, "138": 15575, "139": 15576.8, "140": 15576.9, "141": 15578.2, "142": 15578.5, "143": 15578.9, "144": 15579.4, "145": 15579.8, "146": 15580.1, "147": 15580.5, "148": 15580.6, "149": 15580.8, "150": 15581, "151": 15581, "152": 15581.4, "153": 15582.1, "154": 15582.7, "155": 15582.8, "156": 15584.5, "157": 15585.5, "158": 15586.5, "159": 15588.9, "160": 15590, "161": 15591.1, "162": 15591.3, "163": 15591.4, "164": 15592.3, "165": 15592.4, "166": 15592.7, "167": 15592.8, "168": 15593.7, "169": 15593.9, "170": 15594, "171": 15594.4, "172": 15594.5, "173": 15595, "174": 15595.1, "175": 15597.2, "176": 15597.2, "177": 15597.3, "178": 15597.6, "179": 15599.1, "180": 15599.6, "181": 15600.5, "182": 15600.6, "183": 15600.9, "184": 15601, "185": 15601.1, "186": 15601.1, "187": 15601.3, "188": 15601.4, "189": 15601.9, "190": 15602, "191": 15604, "192": 15604.9, "193": 15605.4, "194": 15605.9, "195": 15606.5, "196": 15607.1, "197": 15607.6, "198": 15608.5, "199": 15608.6, "200": 15608.8, "201": 15609.2, "202": 15610, "203": 15610.3}, "SolveResult": 402, "UpperBounds": {"1": 15640.6}, "MaxQueueSize": 81, "VisitedNodes": 407, "BranchingVars": [5, 2, 2, 0, 1, 3, 5, 0, 1, 1, 2, 2, 1, 5, 3, 2, 1, 4, 0, 0, 2, 4, 4, 0, 2, 3, 1, 3, 1, 3, 0, 2, 2, 1, 5, 3, 0, 3, 0, 4, 4, 5, 4, 2, 4, 3, 2, 4, 2, 5, 4, 4, 4, 4, 3, 4, 3, 1, 1, 4, 2, 2, 4, 3, 5, 3, 1, 5, 3, 4, 0, 1, 4, 3, 2, 2, 1, 0, 4, 2, 4, 5, 0, 0, 0, 3, 5, 1, 0, 5, 5, 0, 5, 0, 1, 2, 2, 5, 4, 5, 0, 5, 1, 5, 5, 5, 3, 5, 0, 3, 3, 1, 4, 3, 3, 2, 1, 1, 2, 1, 5, 1, 3, 1, 5, 2, 4, 3, 0, 3, 1, 5, 2, 5, 2, 1, 1, 1, 5, 1, 0, 5, 1, 2, 2, 1, 1, 1, 5, 0, 5, 4, 2, 1, 1, 2, 0, 3, 3, 5, 3, 1, 1, 3, 0, 1, 1, 1, 3, 4, 0, 2, 1, 0, 2, 1, 1, 4, 3, 1, 1, 5, 3, 1, 1, 1, 0, 4, 4, 3, 3, 2, 0, 0, 0, 2, 5, 3, 2, 2, 4, 0, 3], "NonLinearTime": 0.177394, "OptimalityGap": 30.2851,