{"Itbt": 0, "Pace": 0.0170244, "Depth": 12, "Degree": 6, "RPSTime": 0.0909459, "FBBTTime": 0, "OBBTTime": 0, "TotalTime": 0.541238, "Iterations": 56, "LinearTime": 0.375969, "LowerBound": 116.087, "TimeVector": [0.0252185, 0.0420455, 0.0576049, 0.0736559, 0.0899663, 0.0979128, 0.105292, 0.121457, 0.129538, 0.138644, 0.147691, 0.15614, 0.163691, 0.170969, 0.177952, 0.193183, 0.200464, 0.207801, 0.215763, 0.223229, 0.230175, 0.238252, 0.246278, 0.254145, 0.262872, 0.270241, 0.278726, 0.287096, 0.29543, 0.304115, 0.311989, 0.328076, 0.33634, 0.344495, 0.352524, 0.361537, 0.369881, 0.378728, 0.387336, 0.396404, 0.405694, 0.41459, 0.421919, 0.430042, 0.439199, 0.44723, 0.456256, 0.464078, 0.472677, 0.481365, 0.490217, 0.498288, 0.506237, 0.514788, 0.524188, 1.06543], "UpperBound": 116.201, "rootBTTime": 0, "LowerBounds": {"1": 84.2963, "2": 89.4573, "3": 92.3146, "4": 93.0621, "5": 95.3602, "6": 97.5033, "7": 99.5995, "8": 99.8599, "9": 101.121, "10": 103.071, "11": 103.132, "12": 103.462, "13": 104.619, "14": 106.317, "15": 106.976, "16": 107.381, "17": 108.266, "18": 108.744, "19": 109.872, "20": 110.488, "21": 110.895, "22": 111.966, "23": 112.289, "24": 112.791, "25": 113.117, "26": 113.256, "27": 113.469, "28": 113.731, "29": 114.07, "30": 114.174, "31": 114.407, "32": 114.484, "33": 114.691, "34": 114.881, "35": 114.948, "36": 115.123, "37": 115.205, "38": 115.28, "39": 115.445, "40": 115.542, "41": 115.581, "42": 115.73, "43": 115.755, "44": 115.764, "45": 115.784, "46": 115.831, "47": 115.842, "48": 115.884, "49": 115.91, "50": 115.941, "51": 115.958, "52": 115.96, "53": 116.033, "54": 116.06, "55": 116.065, "56": 116.087}, "SolveResult": 0, "UpperBounds": {"1": 116.201}, "MaxQueueSize": 9, "VisitedNodes": 113, "BranchingVars": [2, 1, 0, 0, 5, 3, 0, 5, 0, 1, 1, 0, 0, 0, 4, 3, 5, 0, 0, 0, 0, 2, 0, 4, 2, 0, 2, 0, 1, 4, 0, 4, 4, 4, 0, 1, 4, 1, 1, 1, 1, 0, 4, 0, 1, 4, 4, 0, 1, 4, 4, 0, 4, 4, 2, 2], "NonLinearTime": 0.0743077, "OptimalityGap": 0.114141, "BranchingRules": ["sum_dual_weighted_plus1_rel", "sum_dual_weighted_plus1_rel", "sum_dual_weighted_plus1_rel", "sum_dual_weighted_plus1_rel", "sum_dual_weighted_plus1_rel", "sum_dual_weighted_plus1_rel", "sum_dual_weighted_plus1_rel", "sum_dual_weighted_plus1_rel", "sum_dual_weighted_plus1_rel", "sum_dual_weighted_plus1_rel", "sum_dual_weighted_plus1_rel", "sum_dual_weighted_plus1_rel", "sum_dual_weighted_plus1_rel", "sum_dual_weighted_plus1_rel", "sum_dual_weighted_plus1_rel", "sum_dual_weighted_plus1_rel", "sum_dual_weighted_plus1_rel", "sum_dual_weighted_plus1_rel", "sum_dual_weighted_plus1_rel", "sum_dual_weighted_plus1_rel", "sum_dual_weighted_plus1_rel", "sum_dual_weighted_plus1_rel", "sum_dual_weighted_plus1_rel", "sum_dual_weighted_plus1_rel", "sum_dual_weighted_plus1_rel", "sum_dual_weighted_plus1_rel", "sum_dual_weighted_plus1_rel", "sum_dual_weighted_plus1_rel", "sum_dual_weighted_plus1_rel", "sum_dual_weighted_plus1_rel", "sum_dual_weighted_plus1_rel", "sum_dual_weighted_plus1_rel", "sum_dual_weighted_plus1_rel", "sum_dual_weighted_plus1_rel", "sum_dual_weighted_plus1_rel", "sum_dual_weighted_plus1_rel", "sum_dual_weighted_plus1_rel", "sum_dual_weighted_plus1_rel", "sum_dual_weighted_plus1_rel", "sum_dual_weighted_plus1_rel", "sum_dual_weighted_plus1_rel", "sum_dual_weighted_plus1_rel", "sum_dual_weighted_plus1_rel", "sum_dual_weighted_plus1_rel", "sum_dual_weighted_plus1_rel", "sum_dual_weighted_plus1_rel", "sum_dual_weighted_plus1_rel", "sum_dual_weighted_plus1_rel", "sum_dual_weighted_plus1_rel", "sum_dual_weighted_plus1_rel", "sum_dual_weighted_plus1_rel", "sum_dual_weighted_plus1_rel", "sum_dual_weighted_plus1_rel", "sum_dual_weighted_plus1_rel", "sum_dual_weighted_plus1_rel", "sum_dual_weighted_plus1_rel"], "LBImprovements": [5.161, 2.8573, 7.2849, 2.29814, 7.71044, 2.35669, 7.78102, 3.60192, 5.19558, 10.1858, 9.98493, 5.28215, 7.66953, 5.64921, 9.11378, 0.885868, 1.60551, 5.66313, 6.95764, 6.05722, 17.3138, 8.99788, 8.91691, 3.83918, 1.36621, 0.212354, 0.262381, 0.338464, 1.37486, 1.03149, 7.27928, 6.87373, 0.432505, 2.68493, 0.807186, 0.964003, 0.337162, 0.856841, 0.319226, 0.683258, 0.624073, 0.0538218, 6.24236, 0.0675309, 0.638318, 0.259171, 0.248037, 0.0267362, 0.0472575, 0.124762, 0.153264, 0.0733584, 0.543704, 0.215484, 0.0724562, 0.0807569], "InfeasibleNodes": 3, "ElapsedTimeCoeffs": 0, "LinearizationTime": 0.000671443, "NumberOfVariables": 6, "CallsToLinearSolver": 113, "LinearGenerationTime": 0.061787, "SDPCutsGenerationTime": 0, "CallsToNonLinearSolver": 9, "StrongBranchingExtraTime": 0, "ElapsedTimeWeightedCoeffs": 0, "NodesDiscardedByFathoming": 0, "NodesDiscardedByTolerance": 54, "BoundFactorConstraintsTime": 0.0532358, "ElapsedTimeVarsInConstraints": 0.00001509, "meanBTRelativeChangeRootNode": 0, "NumberOfBoundFactorConstraints": 82, "NumberOfLAPACKConvergenceFailures": 0, "NumberOfRLTVariablesAfterLinearization": 53}