{"Itbt": 0, "Pace": 0.0534471, "Depth": 8, "Degree": 6, "RPSTime": 71.6711, "FBBTTime": 0, "OBBTTime": 0, "TotalTime": 322.846, "Iterations": 65, "LinearTime": 250.996, "LowerBound": 25604.2, "TimeVector": [4.74225, 7.51565, 10.3336, 13.3997, 16.2995, 19.2915, 22.6917, 25.8598, 28.7288, 31.9562, 35.3523, 39.5896, 42.9196, 46.0348, 48.7869, 53.7992, 56.6423, 60.5304, 64.6324, 68.2106, 72.2223, 77.7692, 86.5877, 89.6097, 93.3307, 97.9218, 103.64, 110.725, 115.901, 121.26, 124.176, 131.669, 139.133, 144.046, 149.428, 154.37, 158.788, 164.517, 169.054, 172.468, 176.114, 180.485, 183.806, 190.637, 199.76, 209.804, 215.407, 220.64, 224.63, 228.58, 235.284, 239.941, 244.358, 248.154, 252.013, 262.788, 269.909, 276.45, 285.288, 292.469, 296.199, 301.27, 305.688, 314.362, 335.938], "UpperBound": 25629, "rootBTTime": 0, "LowerBounds": {"1": 19563.8, "2": 20991.9, "3": 21478.8, "4": 21632.7, "5": 22170.9, "6": 23023.2, "7": 23070.5, "8": 23171.5, "9": 23180.5, "10": 23545.7, "11": 23657.5, "12": 24317.8, "13": 24324.9, "14": 24392.1, "15": 24432.8, "16": 24465, "17": 24602.6, "18": 24637.1, "19": 24668.6, "20": 24750.7, "21": 24893.6, "22": 24918.7, "23": 25001.6, "24": 25009.3, "25": 25063.1, "26": 25124.8, "27": 25155.3, "28": 25168.2, "29": 25186.6, "30": 25193.3, "31": 25223.4, "32": 25258, "33": 25275.7, "34": 25290.2, "35": 25290.9, "36": 25299.8, "37": 25324.1, "38": 25331.5, "39": 25424.9, "40": 25435.9, "41": 25441.3, "42": 25490.8, "43": 25498.9, "44": 25510.9, "45": 25515.5, "46": 25516, "47": 25522.8, "48": 25531.2, "49": 25533.7, "50": 25536.2, "51": 25536.6, "52": 25548.2, "53": 25551.2, "54": 25561.3, "55": 25561.3, "56": 25562.6, "57": 25571.7, "58": 25576.2, "59": 25577.2, "60": 25579.5, "61": 25589.3, "62": 25590.9, "63": 25596.1, "64": 25596.7, "65": 25604.2}, "SolveResult": 0, "UpperBounds": {"1": 25629}, "MaxQueueSize": 22, "VisitedNodes": 131, "BranchingVars": [3, 4, 2, 5, 4, 5, 5, 0, 0, 0, 5, 0, 0, 5, 2, 0, 2, 5, 0, 0, 0, 0, 0, 1, 4, 1, 1, 1, 1, 1, 1, 1, 1, 1, 1, 1, 2, 1, 1, 4, 4, 1, 1, 0, 0, 4, 0, 4, 2, 4, 4, 0, 0, 0, 0, 4, 1, 4, 4, 4, 0, 4, 1, 4, 4], "NonLinearTime": 0.178705, "OptimalityGap": 24.7504, "BranchingRules": ["sum_dual_weighted_plus1_rel", "sum_dual_weighted_plus1_rel", "sum_dual_weighted_plus1_rel", "sum_dual_weighted_plus1_rel", "sum_dual_weighted_plus1_rel", "sum_dual_weighted_plus1_rel", "sum_dual_weighted_plus1_rel", "sum_dual_weighted_plus1_rel", "sum_dual_weighted_plus1_rel", "sum_dual_weighted_plus1_rel", "sum_dual_weighted_plus1_rel", "sum_dual_weighted_plus1_rel", "sum_dual_weighted_plus1_rel", "sum_dual_weighted_plus1_rel", "sum_dual_weighted_plus1_rel", "sum_dual_weighted_plus1_rel", "sum_dual_weighted_plus1_rel", "sum_dual_weighted_plus1_rel", "sum_dual_weighted_plus1_rel", "sum_dual_weighted_plus1_rel", "sum_dual_weighted_plus1_rel", "sum_dual_weighted_plus1_rel", "sum_dual_weighted_plus1_rel", "sum_dual_weighted_plus1_rel", "sum_dual_weighted_plus1_rel", "sum_dual_weighted_plus1_rel", "sum_dual_weighted_plus1_rel", "sum_dual_weighted_plus1_rel", "sum_dual_weighted_plus1_rel", "sum_dual_weighted_plus1_rel", "sum_dual_weighted_plus1_rel", "sum_dual_weighted_plus1_rel", "sum_dual_weighted_plus1_rel", "sum_dual_weighted_plus1_rel", "sum_dual_weighted_plus1_rel", "sum_dual_weighted_plus1_rel", "sum_dual_weighted_plus1_rel", "sum_dual_weighted_plus1_rel", "sum_dual_weighted_plus1_rel", "sum_dual_weighted_plus1_rel", "sum_dual_weighted_plus1_rel", "sum_dual_weighted_plus1_rel", "sum_dual_weighted_plus1_rel", "sum_dual_weighted_plus1_rel", "sum_dual_weighted_plus1_rel", "sum_dual_weighted_plus1_rel", "sum_dual_weighted_plus1_rel", "sum_dual_weighted_plus1_rel", "sum_dual_weighted_plus1_rel", "sum_dual_weighted_plus1_rel", "sum_dual_weighted_plus1_rel", "sum_dual_weighted_plus1_rel", "sum_dual_weighted_plus1_rel", "sum_dual_weighted_plus1_rel", "sum_dual_weighted_plus1_rel", "sum_dual_weighted_plus1_rel", "sum_dual_weighted_plus1_rel", "sum_dual_weighted_plus1_rel", "sum_dual_weighted_plus1_rel", "sum_dual_weighted_plus1_rel", "sum_dual_weighted_plus1_rel", "sum_dual_weighted_plus1_rel", "sum_dual_weighted_plus1_rel", "sum_dual_weighted_plus1_rel", "sum_dual_weighted_plus1_rel"], "LBImprovements": [1428.16, 640.773, 692.157, 1547.78, 1000.58, 1294.66, 1394.5, 1220.56, 1252.31, 1056.81, 1093.2, 837.492, 799.825, 776.167, 460.776, 721.554, 399.057, 969.681, 756.27, 540.163, 299.782, 580.149, 256.384, 426.556, 227.07, 711.767, 424.164, 342.666, 347.096, 342.854, 299.465, 278.595, 240.331, 261.017, 298.384, 276.415, 247.547, 1115.56, 294.7, 125.412, 187.844, 277.557, 258.532, 51.7313, 85.4931, 103.661, 54.3565, 86.7692, 478.435, 149.407, 95.5092, 48.4551, 77.4646, 444.244, 444.244, 57.7079, 207.084, 59.8891, 34.3623, 303.701, 27.5302, 372.152, 167.384, 15.0407, 166.078], "InfeasibleNodes": 0, "ElapsedTimeCoeffs": 0, "LinearizationTime": 1.04271, "NumberOfVariables": 6, "CallsToLinearSolver": 131, "LinearGenerationTime": 18.7659, "SDPCutsGenerationTime": 0, "CallsToNonLinearSolver": 10, "StrongBranchingExtraTime": 0, "ElapsedTimeWeightedCoeffs": 0, "NodesDiscardedByFathoming": 0, "NodesDiscardedByTolerance": 66, "BoundFactorConstraintsTime": 61.3147, "ElapsedTimeVarsInConstraints": 0.000330343, "meanBTRelativeChangeRootNode": 0, "NumberOfBoundFactorConstraints": 12369, "NumberOfLAPACKConvergenceFailures": 0, "NumberOfRLTVariablesAfterLinearization": 916}