{"Itbt": 0, "Pace": 0.00225166, "Depth": 18, "Degree": 2, "RPSTime": 0.0542578, "FBBTTime": 0, "OBBTTime": 0, "TotalTime": 0.652869, "Iterations": 145, "LinearTime": 0.259471, "LowerBound": -550.322, "TimeVector": [0.0350908, 0.0726541, 0.0972947, 0.11713, 0.154359, 0.156533, 0.158595, 0.179728, 0.181836, 0.184052, 0.186135, 0.188302, 0.190408, 0.192456, 0.194584, 0.269311, 0.270996, 0.273106, 0.275186, 0.277443, 0.27959, 0.281711, 0.283963, 0.286213, 0.288343, 0.290557, 0.29267, 0.294693, 0.297002, 0.299108, 0.301279, 0.323348, 0.325526, 0.327646, 0.329794, 0.331748, 0.33389, 0.335887, 0.337909, 0.340144, 0.342278, 0.344376, 0.346511, 0.348719, 0.350801, 0.352992, 0.355089, 0.357284, 0.359385, 0.361517, 0.36371, 0.365811, 0.368048, 0.370158, 0.372312, 0.374435, 0.376299, 0.378457, 0.380692, 0.382966, 0.385166, 0.387295, 0.389516, 0.419136, 0.421454, 0.423666, 0.425464, 0.427652, 0.429787, 0.431753, 0.433854, 0.435902, 0.437969, 0.440271, 0.442397, 0.444654, 0.446537, 0.448571, 0.450514, 0.452667, 0.454763, 0.456912, 0.459018, 0.461196, 0.462936, 0.46521, 0.467181, 0.469349, 0.471573, 0.473289, 0.475502, 0.47772, 0.479965, 0.481988, 0.484299, 0.486554, 0.488826, 0.491002, 0.493241, 0.495462, 0.497715, 0.499728, 0.501997, 0.504157, 0.50632, 0.508393, 0.510684, 0.512868, 0.514971, 0.517279, 0.518973, 0.521056, 0.523173, 0.525314, 0.527445, 0.529743, 0.532032, 0.534124, 0.536339, 0.53857, 0.540338, 0.542484, 0.544613, 0.546735, 0.549098, 0.551338, 0.553636, 0.59611, 0.598256, 0.600559, 0.602725, 0.604815, 0.607025, 0.609269, 0.611524, 0.613483, 0.615602, 0.617825, 0.620017, 0.621915, 0.624048, 0.626098, 0.628309, 0.630558, 1.28343], "UpperBound": -549.803, "rootBTTime": 0, "LowerBounds": {"1": -840.271, "2": -700.551, "3": -577.174, "4": -575.427, "5": -571.417, "6": -568.216, "7": -567.426, "8": -563.933, "9": -563.119, "10": -562.531, "11": -562.32, "12": -561.839, "13": -561.364, "14": -561.269, "15": -560.793, "16": -560.679, "17": -560.321, "18": -560.084, "19": -558.678, "20": -558.032, "21": -557.996, "22": -557.979, "23": -557.957, "24": -557.874, "25": -557.313, "26": -557.294, "27": -557.124, "28": -557.038, "29": -556.924, "30": -556.57, "31": -556.181, "32": -556.005, "33": -555.996, "34": -555.709, "35": -555.574, "36": -555.454, "37": -555.379, "38": -555.096, "40": -554.803, "41": -554.647, "42": -554.621, "43": -554.558, "44": -554.546, "45": -554.526, "46": -554.522, "47": -554.514, "48": -554.383, "49": -554.342, "50": -554.142, "51": -553.95, "52": -553.85, "53": -553.842, "54": -553.821, "56": -553.708, "57": -553.702, "58": -553.665, "59": -553.56, "60": -553.539, "61": -553.503, "62": -553.449, "63": -553.361, "64": -553.274, "65": -553.256, "66": -553.22, "67": -553.219, "68": -553.182, "69": -553.174, "70": -553.151, "71": -553.014, "72": -552.945, "73": -552.93, "74": -552.841, "75": -552.808, "76": -552.787, "77": -552.754, "78": -552.663, "79": -552.617, "80": -552.6, "81": -552.578, "82": -552.538, "83": -552.501, "84": -552.372, "85": -552.329, "86": -552.297, "87": -552.223, "88": -552.183, "89": -552.147, "90": -552.083, "91": -552.042, "92": -552.017, "93": -551.996, "94": -551.976, "95": -551.959, "96": -551.929, "97": -551.899, "98": -551.871, "99": -551.836, "100": -551.77, "101": -551.71, "102": -551.69, "103": -551.681, "104": -551.659, "105": -551.646, "106": -551.631, "107": -551.521, "108": -551.513, "109": -551.411, "110": -551.378, "111": -551.369, "112": -551.354, "113": -551.289, "114": -551.247, "115": -551.153, "116": -551.144, "117": -551.075, "118": -551.058, "119": -551.048, "120": -551.031, "121": -551.025, "122": -550.837, "125": -550.822, "126": -550.809, "128": -550.807, "129": -550.801, "130": -550.798, "131": -550.744, "132": -550.714, "133": -550.674, "134": -550.669, "135": -550.627, "136": -550.618, "137": -550.599, "138": -550.547, "139": -550.519, "140": -550.515, "141": -550.496, "142": -550.434, "143": -550.428, "144": -550.416, "145": -550.322}, "SolveResult": 0, "UpperBounds": {"1": -68.7407, "3": -549.803}, "MaxQueueSize": 31, "VisitedNodes": 291, "BranchingVars": [0, 1, 10, 10, 12, 12, 0, 10, 10, 4, 0, 3, 10, 12, 4, 6, 1, 12, 3, 4, 3, 12, 12, 4, 0, 6, 12, 12, 4, 12, 10, 10, 3, 12, 12, 12, 1, 11, 1, 4, 10, 8, 0, 3, 12, 8, 1, 0, 1, 8, 4, 10, 3, 10, 10, 0, 1, 8, 4, 4, 1, 8, 3, 12, 8, 8, 0, 1, 10, 8, 10, 8, 10, 8, 4, 8, 0, 8, 0, 10, 12, 12, 0, 0, 0, 0, 0, 0, 0, 0, 0, 0, 0, 0, 0, 0, 10, 0, 0, 0, 4, 0, 4, 1, 0, 0, 4, 4, 0, 4, 4, 0, 4, 4, 4, 0, 0, 4, 4, 4, 4, 0, 0, 4, 4, 1, 0, 0, 4, 2, 0, 0, 1, 3, 4, 0, 3, 4, 0, 0, 4, 0, 4, 4, 0], "NonLinearTime": 0.339102, "OptimalityGap": 0.518719,