{"Itbt": 0, "Pace": 0.00577258, "Depth": 8, "Degree": 7, "RPSTime": 0.581422, "FBBTTime": 0, "OBBTTime": 0, "TotalTime": 3.60684, "Iterations": 37, "LinearTime": 2.94439, "LowerBound": 753.563, "TimeVector": [0.14948, 0.241941, 0.341806, 0.436198, 0.526535, 0.626442, 0.701257, 0.803686, 0.895008, 0.983889, 1.06797, 1.15468, 1.2553, 1.35766, 1.44531, 1.54437, 1.63991, 1.72768, 1.81053, 1.90037, 2.0068, 2.09048, 2.19797, 2.28864, 2.37966, 2.6068, 2.68588, 2.77764, 2.88795, 2.97154, 3.05575, 3.14858, 3.23713, 3.31825, 3.41685, 3.50734, 7.11418], "UpperBound": 754.303, "rootBTTime": 0, "LowerBounds": {"1": 128.742, "2": 166.12, "3": 175.554, "4": 363.642, "5": 366.139, "6": 370.938, "7": 388.675, "8": 562.948, "9": 593.998, "10": 597.873, "11": 609.745, "12": 617.159, "13": 621.53, "14": 621.987, "15": 622.768, "16": 719.041, "17": 721.467, "18": 722.314, "19": 730.402, "20": 730.402, "21": 744.025, "22": 744.445, "23": 744.698, "24": 748.189, "25": 748.406, "26": 748.63, "27": 748.676, "28": 748.737, "29": 748.749, "30": 748.762, "31": 749.588, "32": 749.635, "33": 751.94, "34": 752.203, "35": 752.413, "36": 752.57, "37": 753.563}, "SolveResult": 0, "UpperBounds": {"1": 754.303}, "MaxQueueSize": 15, "VisitedNodes": 75, "BranchingVars": [3, 0, 0, 1, 1, 1, 1, 4, 4, 4, 4, 4, 4, 4, 4, 2, 2, 2, 2, 2, 4, 2, 3, 2, 3, 1, 1, 2, 1, 1, 2, 2, 2, 2, 2, 4, 3], "NonLinearTime": 0.0810096, "OptimalityGap": 0.739428, "BranchingRules": ["sum_dual_weighted_plus1_rel", "sum_dual_weighted_plus1_rel", "sum_dual_weighted_plus1_rel", "sum_dual_weighted_plus1_rel", "sum_dual_weighted_plus1_rel", "sum_dual_weighted_plus1_rel", "sum_dual_weighted_plus1_rel", "sum_dual_weighted_plus1_rel", "sum_dual_weighted_plus1_rel", "sum_dual_weighted_plus1_rel", "sum_dual_weighted_plus1_rel", "sum_dual_weighted_plus1_rel", "sum_dual_weighted_plus1_rel", "sum_dual_weighted_plus1_rel", "sum_dual_weighted_plus1_rel", "sum_dual_weighted_plus1_rel", "sum_dual_weighted_plus1_rel", "sum_dual_weighted_plus1_rel", "sum_dual_weighted_plus1_rel", "sum_dual_weighted_plus1_rel", "sum_dual_weighted_plus1_rel", "sum_dual_weighted_plus1_rel", "sum_dual_weighted_plus1_rel", "sum_dual_weighted_plus1_rel", "sum_dual_weighted_plus1_rel", "sum_dual_weighted_plus1_rel", "sum_dual_weighted_plus1_rel", "sum_dual_weighted_plus1_rel", "sum_dual_weighted_plus1_rel", "sum_dual_weighted_plus1_rel", "sum_dual_weighted_plus1_rel", "sum_dual_weighted_plus1_rel", "sum_dual_weighted_plus1_rel", "sum_dual_weighted_plus1_rel", "sum_dual_weighted_plus1_rel", "sum_dual_weighted_plus1_rel", "sum_dual_weighted_plus1_rel"], "LBImprovements": [37.3788, 204.817, 188.087, 257.888, 251.019, 223.06, 174.273, 156.093, 127.47, 132.529, 138.444, 132.429, 130.673, 122.037, 132.229, 46.5718, 31.1025, 50.7557, 52.3551, 52.2059, 0.673217, 55.8671, 3.9321, 21.1221, 0.27014, 5.0127, 6.79211, 15.6855, 4.38087, 5.28261, 10.3966, 14.7307, 5.91974, 8.83501, 5.15078, 9.59132, 0.433291], "InfeasibleNodes": 6, "ElapsedTimeCoeffs": 0, "LinearizationTime": 0.00618654, "NumberOfVariables": 5, "CallsToLinearSolver": 75, "LinearGenerationTime": 0.292028, "SDPCutsGenerationTime": 0, "CallsToNonLinearSolver": 9, "StrongBranchingExtraTime": 0, "ElapsedTimeWeightedCoeffs": 0, "NodesDiscardedByFathoming": 0, "NodesDiscardedByTolerance": 32, "BoundFactorConstraintsTime": 0.451214, "ElapsedTimeVarsInConstraints": 0.000021526, "meanBTRelativeChangeRootNode": 0, "NumberOfBoundFactorConstraints": 236, "NumberOfLAPACKConvergenceFailures": 0, "NumberOfRLTVariablesAfterLinearization": 145}