{"Itbt": 0, "Pace": 0.0126044, "Depth": 12, "Degree": 7, "RPSTime": 2.90618, "FBBTTime": 0, "OBBTTime": 0, "TotalTime": 18.6535, "Iterations": 33, "LinearTime": 3.72483, "LowerBound": 446.924, "TimeVector": [0.844814, 1.31085, 1.79519, 2.2649, 2.72778, 3.17911, 3.67378, 4.07462, 4.52346, 4.96304, 5.47157, 5.95827, 6.49649, 6.97327, 7.40218, 7.89533, 8.37285, 8.84441, 9.30474, 9.79084, 10.2468, 10.6768, 13.4626, 14.0844, 14.6527, 15.1068, 15.5886, 16.0491, 16.5035, 16.9998, 17.6102, 18.1602, 36.8136], "UpperBound": 447.336, "rootBTTime": 0, "LowerBounds": {"1": 100.31, "2": 197.047, "3": 240.118, "4": 294.639, "5": 336.824, "6": 356.577, "7": 366.899, "8": 385.921, "9": 398.281, "10": 414.495, "11": 417.586, "12": 420.201, "13": 431.257, "14": 436.006, "15": 436.099, "16": 438.566, "17": 441.485, "18": 444.361, "19": 444.871, "20": 444.974, "21": 444.988, "22": 445.574, "23": 445.837, "24": 446.019, "25": 446.161, "26": 446.502, "27": 446.587, "28": 446.686, "29": 446.731, "30": 446.791, "31": 446.8, "32": 446.803, "33": 446.924}, "SolveResult": 0, "UpperBounds": {"1": 447.336}, "MaxQueueSize": 9, "VisitedNodes": 67, "BranchingVars": [3, 2, 2, 2, 4, 0, 0, 2, 2, 3, 1, 1, 1, 3, 0, 0, 3, 0, 1, 1, 2, 2, 0, 0, 1, 0, 3, 3, 3, 4, 2, 0, 0], "NonLinearTime": 0.125008, "OptimalityGap": 0.41159, "BranchingRules": ["eigen_cen_alternative_rel", "eigen_cen_alternative_rel", "eigen_cen_alternative_rel", "eigen_cen_alternative_rel", "eigen_cen_alternative_rel", "eigen_cen_alternative_rel", "eigen_cen_alternative_rel", "eigen_cen_alternative_rel", "eigen_cen_alternative_rel", "eigen_cen_alternative_rel", "eigen_cen_alternative_rel", "eigen_cen_alternative_rel", "eigen_cen_alternative_rel", "eigen_cen_alternative_rel", "eigen_cen_alternative_rel", "eigen_cen_alternative_rel", "eigen_cen_alternative_rel", "eigen_cen_alternative_rel", "eigen_cen_alternative_rel", "eigen_cen_alternative_rel", "eigen_cen_alternative_rel", "eigen_cen_alternative_rel", "eigen_cen_alternative_rel", "eigen_cen_alternative_rel", "eigen_cen_alternative_rel", "eigen_cen_alternative_rel", "eigen_cen_alternative_rel", "eigen_cen_alternative_rel", "eigen_cen_alternative_rel", "eigen_cen_alternative_rel", "eigen_cen_alternative_rel", "eigen_cen_alternative_rel", "eigen_cen_alternative_rel"], "LBImprovements": [96.7372, 97.592, 96.7055, 61.9374, 49.0971, 57.9179, 50.6867, 127.468, 72.1716, 21.6039, 18.4209, 21.2848, 34.7718, 8.35481, 8.7728, 9.59707, 5.94293, 1.21236, 4.78402, 12.4416, 0.848643, 2.28272, 0.182241, 0.142229, 0.524333, 23.139, 7.72912, 0.114726, 0.0716855, 7.93861, 0.754805, 0.320461, 10000000000.0], "InfeasibleNodes": 7, "ElapsedTimeCoeffs": 0, "LinearizationTime": 0.00611974, "NumberOfVariables": 5, "CallsToLinearSolver": 67, "LinearGenerationTime": 0.331205, "SDPCutsGenerationTime": 0, "CallsToNonLinearSolver": 9, "StrongBranchingExtraTime": 14.2846, "ElapsedTimeWeightedCoeffs": 0, "NodesDiscardedByFathoming": 0, "NodesDiscardedByTolerance": 27, "BoundFactorConstraintsTime": 0.404939, "ElapsedTimeVarsInConstraints": 0.000022848, "meanBTRelativeChangeRootNode": 0, "NumberOfBoundFactorConstraints": 224, "NumberOfLAPACKConvergenceFailures": 0, "NumberOfRLTVariablesAfterLinearization": 130}