{"Itbt": 0, "Pace": 0.0661633, "Depth": 15, "Degree": 7, "RPSTime": 105.75, "FBBTTime": 0, "OBBTTime": 0, "TotalTime": 1173.61, "Iterations": 135, "LinearTime": 176.385, "LowerBound": 4631.4, "TimeVector": [9.64349, 18.5082, 26.8988, 35.7868, 44.0793, 52.8007, 61.2202, 69.4125, 77.5607, 85.6419, 92.7121, 101.089, 110.681, 120.578, 127.089, 135.474, 144.743, 153.146, 162.084, 169.11, 177.535, 185.833, 192.814, 200.996, 207.909, 216.288, 224.998, 234.83, 242.541, 250.385, 257.541, 266.322, 274.179, 281.602, 289.425, 298.413, 306.002, 314.36, 320.179, 328.023, 338.559, 349.092, 358.239, 365.675, 374.779, 383.278, 391.537, 398.707, 406.421, 415.06, 423.032, 430.954, 441.309, 450.589, 459.185, 466.175, 474.035, 482.569, 490.959, 498.658, 506.11, 515.156, 523.749, 531.734, 540.485, 548.984, 559.022, 564.695, 572.747, 580.464, 590.19, 598.472, 606.143, 616.039, 624.394, 639.122, 648.218, 657.246, 665.756, 674.199, 682.48, 690.757, 698.4, 708.897, 718.807, 729.116, 740.283, 749.216, 755.929, 763.582, 772.761, 779.758, 787.572, 803.868, 814.553, 822.65, 831.292, 838.288, 846.076, 854.906, 862.754, 869.972, 878.665, 887.511, 895.726, 906.294, 912.939, 922.741, 931.683, 938, 946.198, 956.046, 966.364, 978.229, 984.313, 994.944, 1003.19, 1011.5, 1019.11, 1028.19, 1036.94, 1047.91, 1056.6, 1064.4, 1073.23, 1083.03, 1089.39, 1101.45, 1110.57, 1121.94, 1132.9, 1141.77, 1151.5, 1163.56, 1173.61], "UpperBound": 4635.79, "rootBTTime": 0, "LowerBounds": {"1": 1692.95, "2": 2179.88, "3": 2750.61, "4": 3039.48, "5": 3139.3, "6": 3452.5, "7": 3532.83, "8": 3656.79, "9": 3726.2, "10": 3779.06, "11": 3816.79, "12": 3910.94, "13": 3914.11, "14": 3959.81, "15": 4146.67, "16": 4166.92, "17": 4173.85, "18": 4181.24, "19": 4198.03, "20": 4217.68, "21": 4241.51, "22": 4259.07, "23": 4272.66, "24": 4282.5, "25": 4285.86, "26": 4306.9, "27": 4311.96, "28": 4329.61, "29": 4333.73, "30": 4405.15, "31": 4417.36, "32": 4417.85, "33": 4431.14, "34": 4437.49, "35": 4442.01, "36": 4445.37, "37": 4446.11, "38": 4448.25, "39": 4460.94, "40": 4501.38, "41": 4512.01, "42": 4514.09, "43": 4518, "44": 4519.13, "45": 4519.83, "46": 4520.3, "47": 4523.93, "48": 4531.77, "49": 4532.7, "50": 4532.78, "51": 4533.42, "52": 4536.27, "53": 4536.44, "54": 4541.01, "55": 4543.21, "56": 4544.97, "57": 4552.36, "58": 4554.65, "59": 4557.5, "60": 4563.59, "61": 4564.2, "62": 4570.15, "63": 4570.66, "64": 4575.31, "65": 4580.21, "66": 4581.59, "67": 4582.03, "68": 4583.99, "69": 4586.78, "70": 4588, "71": 4589.49, "72": 4592.12, "73": 4593.24, "74": 4593.87, "75": 4593.91, "76": 4594.11, "77": 4594.77, "78": 4597.04, "79": 4599.38, "80": 4599.93, "81": 4600.49, "82": 4600.76, "83": 4601.12, "84": 4601.76, "85": 4602.22, "86": 4602.34, "87": 4604.41, "88": 4604.47, "89": 4605.27, "90": 4605.88, "91": 4607.94, "92": 4609.26, "93": 4610.12, "94": 4610.41, "95": 4610.55, "96": 4610.87, "97": 4611.41, "98": 4611.96, "99": 4612.05, "100": 4614.14, "101": 4614.82, "102": 4615.31, "103": 4615.36, "104": 4615.5, "105": 4617.39, "106": 4618, "107": 4618.39, "108": 4619.12, "109": 4619.6, "110": 4619.91, "111": 4620, "112": 4620.75, "113": 4621.58, "114": 4621.85, "115": 4622.27, "116": 4622.43, "117": 4622.44, "118": 4622.98, "119": 4623.57, "120": 4623.73, "121": 4624.28, "122": 4624.45, "123": 4625.1, "124": 4625.77, "125": 4626, "126": 4626.79, "127": 4626.89, "128": 4627.63, "129": 4628.62, "130": 4629.7, "131": 4630.34, "132": 4630.46, "133": 4630.56, "134": 4630.71, "135": 4631.4}, "SolveResult": 0, "UpperBounds": {"1": 4635.79}, "MaxQueueSize": 41, "VisitedNodes": 271, "BranchingVars": [1, 3, 2, 2, 3, 4, 4, 2, 4, 4, 0, 1, 1, 1, 1, 1, 0, 2, 0, 0, 4, 0, 1, 0, 1, 0, 4, 0, 2, 2, 2, 2, 2, 0, 2, 2, 4, 4, 2, 2, 4, 4, 3, 0, 2, 1, 3, 0, 2, 2, 0, 0, 2, 3, 1, 4, 3, 0, 3, 4, 2, 0, 3, 4, 2, 3, 0, 4, 4, 2, 4, 0, 2, 3, 2, 3, 0, 4, 3, 2, 3, 3, 3, 1, 1, 1, 1, 2, 1, 0, 2, 3, 0, 3, 0, 3, 3, 3, 3, 4, 2, 2, 0, 1, 2, 0, 1, 0, 2, 4, 3, 0, 0, 1, 0, 2, 1, 3, 3, 1, 2, 2, 0, 0, 0, 2, 4, 2, 2, 1, 0, 4, 0, 2, 2], "NonLinearTime": 0.205748, "OptimalityGap": 4.3891,