{"Itbt": 0, "Pace": 0.049752, "Depth": 13, "Degree": 7, "RPSTime": 624.908, "FBBTTime": 0, "OBBTTime": 0, "TotalTime": 3518.48, "Iterations": 68, "LinearTime": 469.184, "LowerBound": 19749.3, "TimeVector": [24.5336, 54.7293, 79.2298, 108.843, 144.87, 187.973, 225.503, 257.745, 293.011, 354.281, 380.569, 415.595, 449.708, 512.291, 564.568, 597.42, 654.512, 720.212, 769.289, 790.654, 832.71, 875.645, 912.047, 976.831, 1007.23, 1074.52, 1130.28, 1188.38, 1241.45, 1301.6, 1361.43, 1391.7, 1474.22, 1537.62, 1574.7, 1659.05, 1685.34, 1730.44, 1804.1, 1853.53, 1905.1, 1958.27, 2021.86, 2044.36, 2132.48, 2205.77, 2259.45, 2348.63, 2392.72, 2468.78, 2544.7, 2615.54, 2651.99, 2700.82, 2760.44, 2809.6, 2867.12, 2948.35, 3017.98, 3054.2, 3112.56, 3181.36, 3244.23, 3301.17, 3365.42, 3419.9, 3474.54, 3518.48], "UpperBound": 19768.5, "rootBTTime": 0, "LowerBounds": {"1": 8203.09, "2": 10690.7, "3": 11790.4, "4": 12012.1, "5": 13359.9, "6": 14498.5, "7": 15435.5, "8": 15906.3, "9": 16431.6, "10": 17053.2, "11": 17092.6, "12": 17589.6, "13": 17608.2, "14": 17756.2, "15": 18184.4, "16": 18257.5, "17": 18405.1, "18": 18545.6, "19": 18636.8, "20": 18656.1, "21": 18747.9, "22": 18758.5, "23": 18902.9, "24": 18933.2, "25": 18984.8, "26": 19119.3, "27": 19159.7, "28": 19179.8, "29": 19212.1, "30": 19238.9, "31": 19265, "32": 19303.5, "33": 19342.8, "34": 19478.8, "35": 19500.4, "36": 19501.4, "37": 19505.2, "38": 19543.1, "39": 19545.6, "40": 19548.1, "41": 19567.6, "42": 19579.9, "43": 19607.5, "44": 19629.1, "45": 19632.9, "46": 19648.4, "47": 19665.5, "48": 19665.6, "49": 19669.8, "50": 19680.9, "51": 19682.7, "52": 19685.2, "53": 19705.7, "54": 19709, "55": 19713.7, "56": 19715, "57": 19715.6, "58": 19715.7, "59": 19728.7, "60": 19731.7, "61": 19731.8, "62": 19732, "63": 19735.1, "64": 19741.4, "65": 19742.6, "66": 19744.7, "67": 19744.9, "68": 19749.3}, "SolveResult": 0, "UpperBounds": {"1": 19768.5}, "MaxQueueSize": 15, "VisitedNodes": 137, "BranchingVars": [0, 3, 1, 4, 1, 3, 4, 1, 3, 2, 4, 3, 2, 1, 1, 1, 2, 4, 2, 3, 2, 1, 2, 2, 1, 4, 1, 0, 2, 4, 0, 4, 0, 2, 1, 0, 3, 2, 0, 3, 1, 4, 4, 1, 2, 4, 4, 3, 4, 3, 3, 4, 2, 3, 4, 3, 4, 3, 2, 2, 3, 4, 4, 4, 2, 2, 4, 3], "NonLinearTime": 0.41612, "OptimalityGap": 19.208, "BranchingRules": ["sum_rescaled_var_range_weighted_rel", "sum_rescaled_var_range_weighted_rel", "sum_rescaled_var_range_weighted_rel", "sum_rescaled_var_range_weighted_rel", "sum_rescaled_var_range_weighted_rel", "sum_rescaled_var_range_weighted_rel", "sum_rescaled_var_range_weighted_rel", "sum_rescaled_var_range_weighted_rel", "sum_rescaled_var_range_weighted_rel", "sum_rescaled_var_range_weighted_rel", "sum_rescaled_var_range_weighted_rel", "sum_rescaled_var_range_weighted_rel", "sum_rescaled_var_range_weighted_rel", "sum_rescaled_var_range_weighted_rel", "sum_rescaled_var_range_weighted_rel", "sum_rescaled_var_range_weighted_rel", "sum_rescaled_var_range_weighted_rel", "sum_rescaled_var_range_weighted_rel", "sum_rescaled_var_range_weighted_rel", "sum_rescaled_var_range_weighted_rel", "sum_rescaled_var_range_weighted_rel", "sum_rescaled_var_range_weighted_rel", "sum_rescaled_var_range_weighted_rel", "sum_rescaled_var_range_weighted_rel", "sum_rescaled_var_range_weighted_rel", "sum_rescaled_var_range_weighted_rel", "sum_rescaled_var_range_weighted_rel", "sum_rescaled_var_range_weighted_rel", "sum_rescaled_var_range_weighted_rel", "sum_rescaled_var_range_weighted_rel", "sum_rescaled_var_range_weighted_rel", "sum_rescaled_var_range_weighted_rel", "sum_rescaled_var_range_weighted_rel", "sum_rescaled_var_range_weighted_rel", "sum_rescaled_var_range_weighted_rel", "sum_rescaled_var_range_weighted_rel", "sum_rescaled_var_range_weighted_rel", "sum_rescaled_var_range_weighted_rel", "sum_rescaled_var_range_weighted_rel", "sum_rescaled_var_range_weighted_rel", "sum_rescaled_var_range_weighted_rel", "sum_rescaled_var_range_weighted_rel", "sum_rescaled_var_range_weighted_rel", "sum_rescaled_var_range_weighted_rel", "sum_rescaled_var_range_weighted_rel", "sum_rescaled_var_range_weighted_rel", "sum_rescaled_var_range_weighted_rel", "sum_rescaled_var_range_weighted_rel", "sum_rescaled_var_range_weighted_rel", "sum_rescaled_var_range_weighted_rel", "sum_rescaled_var_range_weighted_rel", "sum_rescaled_var_range_weighted_rel", "sum_rescaled_var_range_weighted_rel", "sum_rescaled_var_range_weighted_rel", "sum_rescaled_var_range_weighted_rel", "sum_rescaled_var_range_weighted_rel", "sum_rescaled_var_range_weighted_rel", "sum_rescaled_var_range_weighted_rel", "sum_rescaled_var_range_weighted_rel", "sum_rescaled_var_range_weighted_rel", "sum_rescaled_var_range_weighted_rel", "sum_rescaled_var_range_weighted_rel", "sum_rescaled_var_range_weighted_rel", "sum_rescaled_var_range_weighted_rel", "sum_rescaled_var_range_weighted_rel", "sum_rescaled_var_range_weighted_rel", "sum_rescaled_var_range_weighted_rel", "sum_rescaled_var_range_weighted_rel"], "LBImprovements": [2487.65, 1321.35, 7714.77, 1347.79, 1138.63, 936.944, 996.18, 1683.3, 1176.52, 1131.16, 1164.87, 1158.32, 1294.76, 789.447, 1294.44, 922.247, 579.66, 387.63, 482.5, 2053.27, 1405.42, 1399.51, 853.812, 331.741, 515.658, 382.084, 407.872, 363.364, 693.347, 306.705, 314.915, 402.166, 264.722, 279.944, 373.957, 181.341, 3350, 277.326, 87.3074, 389.339, 184.872, 135.112, 73.4093, 1188.17, 32.7593, 104.891, 66.3567, 48.0765, 173.014, 47.7442, 52.4009, 30.4803, 272.775, 87.7456, 31.1597, 56.5029, 33.6753, 37.0437, 13.9288, 269.253, 37.2518, 56.5228, 15.0041, 24.0157, 10.2016, 49.8397, 13.8097, 18.7181], "InfeasibleNodes": 0, "ElapsedTimeCoeffs": 0, "LinearizationTime": 0.953643, "NumberOfVariables": 5, "CallsToLinearSolver": 137, "LinearGenerationTime": 35.3421, "SDPCutsGenerationTime": 0, "CallsToNonLinearSolver": 10, "StrongBranchingExtraTime": 2944.03, "ElapsedTimeWeightedCoeffs": 0, "NodesDiscardedByFathoming": 0, "NodesDiscardedByTolerance": 69, "BoundFactorConstraintsTime": 85.9152, "ElapsedTimeVarsInConstraints": 0.000228644, "meanBTRelativeChangeRootNode": 0, "NumberOfBoundFactorConstraints": 11432, "NumberOfLAPACKConvergenceFailures": 0, "NumberOfRLTVariablesAfterLinearization": 785}