{"Itbt": 0, "Pace": 0.0399895, "Depth": 12, "Degree": 5, "RPSTime": 16.4096, "FBBTTime": 0, "OBBTTime": 0, "TotalTime": 248.389, "Iterations": 88, "LinearTime": 26.6033, "LowerBound": 1483.94, "TimeVector": [3.41605, 6.39303, 9.17691, 12.2529, 15.2467, 18.3315, 21.0393, 23.9911, 26.9649, 30.0276, 33.2001, 36.0592, 38.8635, 41.7863, 44.4489, 47.4382, 50.0527, 53.124, 55.8408, 58.818, 61.6045, 64.5136, 67.1812, 70.2141, 72.9352, 75.664, 78.1898, 80.9438, 83.9449, 86.5075, 89.5859, 92.5558, 95.5412, 98.1355, 100.798, 103.525, 106.34, 109.081, 111.895, 114.249, 116.805, 119.645, 122.239, 125.146, 127.897, 130.8, 133.701, 136.713, 139.44, 141.884, 144.544, 147.333, 150.251, 152.928, 155.326, 157.892, 161.175, 163.904, 166.641, 169.342, 172.218, 175.107, 177.998, 180.619, 183.573, 186.559, 189.498, 192.189, 194.911, 197.672, 200.212, 203.093, 206.086, 209.277, 212.011, 214.746, 217.462, 220.227, 223.105, 226.231, 228.802, 231.595, 234.306, 237.1, 239.936, 242.673, 245.377, 276.304], "UpperBound": 1485.12, "rootBTTime": 0, "LowerBounds": {"1": 767.094, "2": 957.925, "3": 974.986, "4": 1109.22, "5": 1137.45, "6": 1141.32, "7": 1156.54, "8": 1241.66, "9": 1257.16, "10": 1279, "11": 1299.9, "12": 1305.96, "13": 1306.99, "14": 1317.67, "15": 1319.78, "16": 1324.88, "17": 1330.31, "18": 1337.45, "19": 1337.76, "20": 1378.25, "21": 1380.67, "22": 1388.93, "23": 1392.27, "24": 1404.04, "25": 1404.52, "26": 1411.25, "27": 1415.13, "28": 1417.28, "29": 1417.47, "30": 1417.5, "31": 1428.55, "32": 1430.71, "33": 1434.02, "34": 1434.33, "35": 1435.27, "36": 1443.18, "37": 1447.43, "38": 1448.03, "39": 1448.66, "40": 1450.94, "41": 1452.14, "42": 1452.35, "43": 1453.24, "44": 1454.18, "45": 1454.54, "46": 1455.16, "47": 1455.34, "48": 1456.65, "49": 1457.88, "50": 1458.74, "51": 1459.84, "52": 1462.58, "53": 1464.99, "54": 1465.62, "55": 1467.23, "56": 1467.57, "57": 1469.92, "58": 1470.26, "59": 1471.37, "60": 1471.53, "61": 1472.82, "62": 1473.13, "63": 1474.18, "64": 1476.57, "65": 1476.65, "66": 1477.19, "67": 1477.43, "68": 1477.82, "69": 1478.97, "70": 1479.29, "71": 1479.72, "72": 1479.87, "73": 1481.34, "74": 1481.44, "75": 1481.65, "76": 1481.65, "77": 1481.73, "78": 1481.84, "79": 1481.94, "80": 1482.02, "81": 1482.07, "82": 1482.3, "83": 1482.67, "84": 1483.02, "85": 1483.03, "86": 1483.22, "87": 1483.27, "88": 1483.94}, "SolveResult": 0, "UpperBounds": {"1": 1485.12}, "MaxQueueSize": 23, "VisitedNodes": 177, "BranchingVars": [5, 0, 7, 7, 7, 0, 0, 3, 3, 3, 1, 1, 1, 2, 1, 1, 1, 1, 1, 1, 1, 4, 2, 1, 4, 2, 2, 2, 1, 2, 2, 2, 2, 2, 2, 4, 4, 6, 2, 5, 4, 2, 2, 0, 6, 0, 6, 1, 0, 4, 4, 0, 2, 0, 2, 6, 1, 0, 0, 1, 0, 1, 1, 0, 4, 2, 5, 5, 5, 5, 4, 5, 5, 6, 7, 6, 7, 7, 7, 0, 0, 7, 4, 0, 7, 4, 1, 7], "NonLinearTime": 0.220797, "OptimalityGap": 1.17975, "BranchingRules": ["sum_rescaled_var_range_weighted_rel", "sum_rescaled_var_range_weighted_rel", "sum_rescaled_var_range_weighted_rel", "sum_rescaled_var_range_weighted_rel", "sum_rescaled_var_range_weighted_rel", "sum_rescaled_var_range_weighted_rel", "sum_rescaled_var_range_weighted_rel", "sum_rescaled_var_range_weighted_rel", "sum_rescaled_var_range_weighted_rel", "sum_rescaled_var_range_weighted_rel", "sum_rescaled_var_range_weighted_rel", "sum_rescaled_var_range_weighted_rel", "sum_rescaled_var_range_weighted_rel", "sum_rescaled_var_range_weighted_rel", "sum_rescaled_var_range_weighted_rel", "sum_rescaled_var_range_weighted_rel", "sum_rescaled_var_range_weighted_rel", "sum_rescaled_var_range_weighted_rel", "sum_rescaled_var_range_weighted_rel", "sum_rescaled_var_range_weighted_rel", "sum_rescaled_var_range_weighted_rel", "sum_rescaled_var_range_weighted_rel", "sum_rescaled_var_range_weighted_rel", "sum_rescaled_var_range_weighted_rel", "sum_rescaled_var_range_weighted_rel", "sum_rescaled_var_range_weighted_rel", "sum_rescaled_var_range_weighted_rel", "sum_rescaled_var_range_weighted_rel", "sum_rescaled_var_range_weighted_rel", "sum_rescaled_var_range_weighted_rel", "sum_rescaled_var_range_weighted_rel", "sum_rescaled_var_range_weighted_rel", "sum_rescaled_var_range_weighted_rel", "sum_rescaled_var_range_weighted_rel", "sum_rescaled_var_range_weighted_rel", "sum_rescaled_var_range_weighted_rel", "sum_rescaled_var_range_weighted_rel", "sum_rescaled_var_range_weighted_rel", "sum_rescaled_var_range_weighted_rel", "sum_rescaled_var_range_weighted_rel", "sum_rescaled_var_range_weighted_rel", "sum_rescaled_var_range_weighted_rel", "sum_rescaled_var_range_weighted_rel", "sum_rescaled_var_range_weighted_rel", "sum_rescaled_var_range_weighted_rel", "sum_rescaled_var_range_weighted_rel", "sum_rescaled_var_range_weighted_rel", "sum_rescaled_var_range_weighted_rel", "sum_rescaled_var_range_weighted_rel", "sum_rescaled_var_range_weighted_rel", "sum_rescaled_var_range_weighted_rel", "sum_rescaled_var_range_weighted_rel", "sum_rescaled_var_range_weighted_rel", "sum_rescaled_var_range_weighted_rel", "sum_rescaled_var_range_weighted_rel", "sum_rescaled_var_range_weighted_rel", "sum_rescaled_var_range_weighted_rel", "sum_rescaled_var_range_weighted_rel", "sum_rescaled_var_range_weighted_rel", "sum_rescaled_var_range_weighted_rel", "sum_rescaled_var_range_weighted_rel", "sum_rescaled_var_range_weighted_rel", "sum_rescaled_var_range_weighted_rel", "sum_rescaled_var_range_weighted_rel", "sum_rescaled_var_range_weighted_rel", "sum_rescaled_var_range_weighted_rel", "sum_rescaled_var_range_weighted_rel", "sum_rescaled_var_range_weighted_rel", "sum_rescaled_var_range_weighted_rel", "sum_rescaled_var_range_weighted_rel", "sum_rescaled_var_range_weighted_rel", "sum_rescaled_var_range_weighted_rel", "sum_rescaled_var_range_weighted_rel", "sum_rescaled_var_range_weighted_rel", "sum_rescaled_var_range_weighted_rel", "sum_rescaled_var_range_weighted_rel", "sum_rescaled_var_range_weighted_rel", "sum_rescaled_var_range_weighted_rel", "sum_rescaled_var_range_weighted_rel", "sum_rescaled_var_range_weighted_rel", "sum_rescaled_var_range_weighted_rel", "sum_rescaled_var_range_weighted_rel", "sum_rescaled_var_range_weighted_rel", "sum_rescaled_var_range_weighted_rel", "sum_rescaled_var_range_weighted_rel", "sum_rescaled_var_range_weighted_rel", "sum_rescaled_var_range_weighted_rel", "sum_rescaled_var_range_weighted_rel"], "LBImprovements": [190.83, 151.3, 166.332, 132.438, 141.554, 164.641, 150.458, 95.7916, 67.721, 99.2482, 165.088, 171.228, 85.2711, 86.3603, 95.3581, 64.0439, 104.02, 67.0688, 73.488, 69.7737, 71.6799, 39.6229, 67.5695, 269.738, 29.5007, 31.9226, 85.5775, 30.1566, 10000000000.0, 33.4444, 25.6283, 25.9398, 23.8523, 83.7644, 44.4575, 22.4463, 34.587, 68.6269, 22.7038, 33.5822, 29.9251, 76.4621, 113.241, 18.9512, 35.0074, 14.7654, 73.2012, 5.93373, 18.7788, 30.2319, 67.0954, 21.3601, 10000000000.0, 18.7861, 67.7144, 183.523, 11.4134, 19.6938, 21.5658, 5.90486, 19.0773, 6.15577, 4.79018, 22.4092, 9.70778, 10000000000.0, 4.30166, 5.19372, 2.67732, 4.07582, 23.2013, 2.43378, 7.42815, 6.60564, 1.56928, 30.8586, 6.84151, 2.10896, 5.62743, 28.066, 18.6249, 7.26873, 1.93283, 10000000000.0, 4.14647, 0.993711, 6.96243, 1.90568], "InfeasibleNodes": 14, "ElapsedTimeCoeffs": 0, "LinearizationTime": 0.0257751, "NumberOfVariables": 8, "CallsToLinearSolver": 177, "LinearGenerationTime": 0.971046, "SDPCutsGenerationTime": 0, "CallsToNonLinearSolver": 10, "StrongBranchingExtraTime": 219.723, "ElapsedTimeWeightedCoeffs": 0, "NodesDiscardedByFathoming": 0, "NodesDiscardedByTolerance": 75, "BoundFactorConstraintsTime": 1.53096, "ElapsedTimeVarsInConstraints": 0.000069665, "meanBTRelativeChangeRootNode": 0, "NumberOfBoundFactorConstraints": 947, "NumberOfLAPACKConvergenceFailures": 0, "NumberOfRLTVariablesAfterLinearization": 309}