{"Itbt": 0, "Pace": 0.103638, "Depth": 10, "Degree": 5, "RPSTime": 614.395, "FBBTTime": 0, "OBBTTime": 0, "TotalTime": 3078.43, "Iterations": 62, "LinearTime": 292.653, "LowerBound": 36730.6, "TimeVector": [25.266, 50.5134, 73.8831, 115.317, 139.817, 167.262, 210.22, 235.741, 261.898, 315.042, 360.099, 388.663, 452.521, 480.856, 508.15, 536.493, 586.785, 649.608, 675.308, 721.394, 753.353, 788.172, 829.444, 881.468, 952.577, 993.944, 1079.88, 1108.39, 1197.94, 1244.93, 1305.43, 1359.98, 1395.48, 1422.82, 1461.76, 1495.43, 1559.14, 1606.22, 1652.54, 1701.45, 1772.35, 1836.32, 1867.84, 1910.31, 1937.42, 1966.1, 2001.87, 2028.51, 2084.03, 2127.8, 2235.46, 2361.97, 2423.17, 2459.97, 2499.08, 2533.51, 2615.06, 2750.98, 2802.69, 2859.46, 2955.84, 3078.43], "UpperBound": 36765.9, "rootBTTime": 0, "LowerBounds": {"1": 33230.4, "2": 34122.6, "3": 34339.8, "4": 34985.8, "5": 34996.7, "6": 35163, "7": 35326.9, "8": 35333.5, "9": 35500.6, "10": 35565.4, "11": 35775.7, "12": 35883.9, "13": 35891.2, "14": 35906.6, "15": 35910.1, "16": 35933.2, "17": 35968.8, "18": 36073.5, "19": 36100.3, "20": 36106.6, "21": 36160.6, "22": 36224.3, "23": 36299.1, "24": 36301.7, "25": 36321.6, "26": 36383.1, "27": 36397.3, "28": 36420.4, "29": 36442.2, "30": 36461, "31": 36465.9, "32": 36473.4, "33": 36493.9, "34": 36548.8, "35": 36551.9, "36": 36552.3, "37": 36554, "38": 36559.2, "39": 36578.1, "40": 36587.3, "41": 36595.3, "42": 36616.3, "43": 36623.2, "44": 36648.2, "45": 36651.5, "46": 36652.6, "47": 36657.1, "48": 36664.7, "49": 36680.3, "50": 36681.3, "51": 36681.3, "52": 36681.5, "53": 36684.5, "54": 36689, "55": 36692.4, "56": 36692.8, "57": 36697.7, "58": 36706.9, "59": 36712.4, "60": 36722.7, "61": 36727.9, "62": 36730.6}, "SolveResult": 0, "UpperBounds": {"1": 36765.9}, "MaxQueueSize": 19, "VisitedNodes": 125, "BranchingVars": [2, 3, 7, 1, 0, 7, 5, 3, 0, 3, 3, 0, 0, 4, 7, 3, 0, 3, 0, 4, 3, 0, 4, 4, 3, 0, 5, 1, 4, 1, 1, 4, 5, 7, 2, 4, 2, 1, 1, 1, 4, 5, 5, 1, 5, 4, 2, 4, 3, 5, 2, 0, 7, 4, 7, 0, 5, 3, 3, 7, 4, 5], "NonLinearTime": 0.470295, "OptimalityGap": 35.2944, "BranchingRules": ["sum_dual_weighted_plus1_rel", "sum_dual_weighted_plus1_rel", "sum_dual_weighted_plus1_rel", "sum_dual_weighted_plus1_rel", "sum_dual_weighted_plus1_rel", "sum_dual_weighted_plus1_rel", "sum_dual_weighted_plus1_rel", "sum_dual_weighted_plus1_rel", "sum_dual_weighted_plus1_rel", "sum_dual_weighted_plus1_rel", "sum_dual_weighted_plus1_rel", "sum_dual_weighted_plus1_rel", "sum_dual_weighted_plus1_rel", "sum_dual_weighted_plus1_rel", "sum_dual_weighted_plus1_rel", "sum_dual_weighted_plus1_rel", "sum_dual_weighted_plus1_rel", "sum_dual_weighted_plus1_rel", "sum_dual_weighted_plus1_rel", "sum_dual_weighted_plus1_rel", "sum_dual_weighted_plus1_rel", "sum_dual_weighted_plus1_rel", "sum_dual_weighted_plus1_rel", "sum_dual_weighted_plus1_rel", "sum_dual_weighted_plus1_rel", "sum_dual_weighted_plus1_rel", "sum_dual_weighted_plus1_rel", "sum_dual_weighted_plus1_rel", "sum_dual_weighted_plus1_rel", "sum_dual_weighted_plus1_rel", "sum_dual_weighted_plus1_rel", "sum_dual_weighted_plus1_rel", "sum_dual_weighted_plus1_rel", "sum_dual_weighted_plus1_rel", "sum_dual_weighted_plus1_rel", "sum_dual_weighted_plus1_rel", "sum_dual_weighted_plus1_rel", "sum_dual_weighted_plus1_rel", "sum_dual_weighted_plus1_rel", "sum_dual_weighted_plus1_rel", "sum_dual_weighted_plus1_rel", "sum_dual_weighted_plus1_rel", "sum_dual_weighted_plus1_rel", "sum_dual_weighted_plus1_rel", "sum_dual_weighted_plus1_rel", "sum_dual_weighted_plus1_rel", "sum_dual_weighted_plus1_rel", "sum_dual_weighted_plus1_rel", "sum_dual_weighted_plus1_rel", "sum_dual_weighted_plus1_rel", "sum_dual_weighted_plus1_rel", "sum_dual_weighted_plus1_rel", "sum_dual_weighted_plus1_rel", "sum_dual_weighted_plus1_rel", "sum_dual_weighted_plus1_rel", "sum_dual_weighted_plus1_rel", "sum_dual_weighted_plus1_rel", "sum_dual_weighted_plus1_rel", "sum_dual_weighted_plus1_rel", "sum_dual_weighted_plus1_rel", "sum_dual_weighted_plus1_rel", "sum_dual_weighted_plus1_rel"], "LBImprovements": [892.112, 1040.46, 646.036, 341.103, 336.733, 720.911, 448.812, 573.097, 409.493, 325.758, 448.601, 668.376, 182.315, 254.053, 742.543, 365.866, 332.925, 368.67, 551.198, 354.408, 462.564, 241.576, 279.09, 252.305, 576.803, 204.18, 355.465, 268.549, 255.568, 90.8962, 129.367, 207.939, 163.137, 514.798, 140.852, 298.776, 174.249, 125.339, 158.129, 190.105, 86.0416, 63.9797, 399.801, 231.129, 445.336, 498.783, 73.5539, 366.689, 42.3994, 324.695, 60.6463, 25.456, 96.9905, 351.985, 77.9728, 76.0362, 258.337, 38.0475, 37.0376, 18.673, 33.9158, 131.335], "InfeasibleNodes": 0, "ElapsedTimeCoeffs": 0, "LinearizationTime": 1.66562, "NumberOfVariables": 8, "CallsToLinearSolver": 125, "LinearGenerationTime": 13.2884, "SDPCutsGenerationTime": 0, "CallsToNonLinearSolver": 9, "StrongBranchingExtraTime": 2715.67, "ElapsedTimeWeightedCoeffs": 0, "NodesDiscardedByFathoming": 0, "NodesDiscardedByTolerance": 63, "BoundFactorConstraintsTime": 63.1412, "ElapsedTimeVarsInConstraints": 0.000768607, "meanBTRelativeChangeRootNode": 0, "NumberOfBoundFactorConstraints": 15504, "NumberOfLAPACKConvergenceFailures": 0, "NumberOfRLTVariablesAfterLinearization": 1278}