{"Itbt": 0, "Pace": 0.00340285, "Depth": 19, "Degree": 2, "RPSTime": 0.303497, "FBBTTime": 0, "OBBTTime": 0, "TotalTime": 2.6236, "Iterations": 126, "LinearTime": 0.425481, "LowerBound": -550.328, "TimeVector": [0.347006, 0.396539, 0.432959, 0.46456, 0.514046, 0.529071, 0.54364, 0.606881, 0.621998, 0.636806, 0.652663, 0.667753, 0.682845, 0.697678, 0.712058, 0.760865, 0.775452, 0.790633, 0.805365, 0.820492, 0.836122, 0.851247, 0.866175, 0.881086, 0.896383, 0.911487, 0.927667, 0.943312, 0.958337, 0.974568, 0.989846, 1.02172, 1.03563, 1.05061, 1.06758, 1.08209, 1.09634, 1.11204, 1.12696, 1.14238, 1.15825, 1.17334, 1.18849, 1.20381, 1.21856, 1.23363, 1.25034, 1.26677, 1.2844, 1.29948, 1.31488, 1.32989, 1.34514, 1.36059, 1.37531, 1.39219, 1.40781, 1.42305, 1.43788, 1.45325, 1.46813, 1.48339, 1.49831, 1.58981, 1.60492, 1.62038, 1.63508, 1.65135, 1.66569, 1.67956, 1.69555, 1.71093, 1.72746, 1.74153, 1.75688, 1.77096, 1.78616, 1.8019, 1.81799, 1.83387, 1.84937, 1.86524, 1.881, 1.89567, 1.91059, 1.92616, 1.94297, 1.95751, 1.97367, 1.9888, 2.00209, 2.01791, 2.03279, 2.04782, 2.06335, 2.0782, 2.09396, 2.10919, 2.12484, 2.13961, 2.15507, 2.16949, 2.18505, 2.20058, 2.21662, 2.23066, 2.24637, 2.26145, 2.27593, 2.29063, 2.30501, 2.32037, 2.33509, 2.34981, 2.36498, 2.38005, 2.39495, 2.41026, 2.42623, 2.44054, 2.45653, 2.47222, 2.48701, 2.50196, 2.51719, 5.14079], "UpperBound": -549.803, "rootBTTime": 0, "LowerBounds": {"1": -840.271, "2": -700.551, "3": -577.174, "4": -575.427, "5": -571.417, "6": -568.216, "7": -567.426, "8": -563.119, "9": -562.68, "10": -562.32, "11": -562.089, "12": -561.839, "13": -561.364, "14": -561.274, "15": -561.269, "16": -560.674, "17": -560.079, "18": -559.235, "19": -559.114, "20": -558.877, "21": -558.441, "22": -558.032, "23": -557.996, "24": -557.974, "25": -557.294, "26": -557.124, "27": -556.924, "28": -556.443, "29": -556.181, "30": -556.005, "31": -555.709, "32": -555.629, "33": -555.454, "34": -555.379, "35": -555.14, "36": -555.096, "37": -554.761, "38": -554.67, "39": -554.647, "40": -554.621, "41": -554.546, "42": -554.535, "43": -554.514, "44": -554.475, "45": -554.459, "46": -554.342, "47": -553.979, "48": -553.959, "49": -553.898, "50": -553.85, "51": -553.821, "52": -553.771, "53": -553.522, "54": -553.503, "55": -553.449, "56": -553.213, "57": -553.174, "58": -553.086, "59": -553.014, "60": -553.013, "61": -552.945, "62": -552.91, "63": -552.808, "64": -552.781, "65": -552.646, "66": -552.541, "67": -552.494, "68": -552.216, "69": -552.202, "70": -552.202, "71": -552.182, "72": -552.18, "73": -552.116, "74": -551.955, "75": -551.899, "76": -551.879, "77": -551.871, "78": -551.79, "79": -551.77, "80": -551.73, "81": -551.71, "82": -551.703, "83": -551.609, "84": -551.601, "85": -551.6, "86": -551.444, "87": -551.395, "88": -551.354, "89": -551.326, "90": -551.247, "91": -551.186, "92": -551.173, "93": -551.126, "94": -551.123, "95": -551.089, "96": -551.077, "97": -551.033, "98": -551.031, "99": -550.978, "100": -550.973, "101": -550.937, "102": -550.933, "103": -550.903, "104": -550.809, "106": -550.809, "107": -550.791, "108": -550.791, "109": -550.769, "110": -550.714, "111": -550.683, "112": -550.627, "113": -550.614, "114": -550.599, "115": -550.572, "116": -550.547, "117": -550.495, "118": -550.488, "119": -550.423, "120": -550.401, "121": -550.389, "122": -550.373, "123": -550.371, "124": -550.365, "125": -550.361, "126": -550.328}, "SolveResult": 0, "UpperBounds": {"1": -68.7407, "3": -549.803}, "MaxQueueSize": 31, "VisitedNodes": 253, "BranchingVars": [0, 1, 10, 10, 12, 12, 6, 10, 3, 0, 3, 3, 3, 0, 12, 12, 6, 2, 4, 4, 4, 4, 3, 4, 6, 12, 4, 0, 10, 2, 12, 3, 12, 1, 0, 3, 1, 8, 3, 1, 3, 0, 1, 0, 1, 1, 4, 4, 1, 10, 4, 4, 10, 1, 8, 4, 3, 4, 0, 3, 8, 3, 4, 4, 8, 8, 1, 1, 6, 6, 0, 0, 4, 8, 4, 0, 8, 2, 0, 0, 4, 0, 4, 0, 10, 2, 8, 0, 3, 4, 6, 3, 12, 4, 0, 4, 8, 2, 10, 8, 0, 12, 3, 6, 10, 1, 1, 3, 0, 6, 6, 4, 4, 3, 3, 4, 0, 6, 3, 4, 8, 6, 6, 6, 10, 6], "NonLinearTime": 0.514808, "OptimalityGap": 0.524798,