{"Itbt": 0, "Pace": 0.0410244, "Depth": 17, "Degree": 2, "RPSTime": 4.28621, "FBBTTime": 0, "OBBTTime": 0, "TotalTime": 24.5105, "Iterations": 216, "LinearTime": 2.72181, "LowerBound": -2413.08, "TimeVector": [0.255814, 0.425227, 0.587711, 0.760011, 0.935659, 1.0745, 1.21204, 1.40818, 1.53166, 1.63255, 1.73992, 1.84208, 1.96521, 2.09045, 2.21623, 2.38474, 2.50014, 2.61351, 2.72391, 2.83783, 2.95226, 3.04714, 3.14394, 3.24081, 3.33452, 3.42042, 3.5085, 3.61844, 3.72786, 3.8329, 3.92314, 4.06443, 4.17096, 4.27075, 4.36814, 4.46341, 4.5607, 4.65499, 4.7549, 4.85329, 4.95645, 5.047, 5.14115, 5.23505, 5.32849, 5.4218, 5.51153, 5.5987, 5.70181, 5.799, 5.8969, 5.99797, 6.10221, 6.19777, 6.30156, 6.39648, 6.49094, 6.58166, 6.67929, 6.78285, 6.88116, 6.97555, 7.0649, 7.20088, 7.2959, 7.39644, 7.49236, 7.58621, 7.68347, 7.7724, 7.85553, 7.93798, 8.03117, 8.1194, 8.20961, 8.2974, 8.38028, 8.46462, 8.55606, 8.64334, 8.72654, 8.82976, 8.93124, 9.02877, 9.12487, 9.21827, 9.3203, 9.42525, 9.52615, 9.62364, 9.72261, 9.80747, 9.88998, 9.9799, 10.071, 10.1568, 10.257, 10.3608, 10.4641, 10.5645, 10.6674, 10.7693, 10.8659, 10.9646, 11.0628, 11.1621, 11.2582, 11.361, 11.4576, 11.5567, 11.6562, 11.7598, 11.8617, 11.9655, 12.0659, 12.1648, 12.2644, 12.3628, 12.4451, 12.5272, 12.6066, 12.6879, 12.7701, 12.8656, 12.9538, 13.0426, 13.13, 13.2788, 13.3622, 13.4521, 13.5423, 13.6263, 13.7109, 13.7945, 13.8775, 13.9573, 14.0384, 14.1356, 14.3176, 14.502, 14.5914, 14.697, 14.7991, 14.902, 15.0041, 15.0993, 15.196, 15.2995, 15.3995, 15.4943, 15.5929, 15.6947, 15.7965, 15.8904, 15.9902, 16.0861, 16.1778, 16.2721, 16.361, 16.5295, 16.7017, 16.8605, 17.0298, 17.193, 17.3488, 17.4496, 17.6249, 17.8026, 17.9779, 18.1491, 18.242, 18.3344, 18.4225, 18.5114, 18.6136, 18.7152, 18.8206, 18.9199, 19.0219, 19.1186, 19.2189, 19.3159, 19.417, 19.5156, 19.6204, 19.7236, 19.8263, 19.9263, 20.0772, 20.2439, 20.406, 20.5574, 20.7168, 20.8738, 21.0313, 21.1952, 21.356, 21.5123, 21.683, 21.7766, 21.8678, 22.0567, 22.2257, 22.4085, 22.5071, 22.6942, 22.8705, 23.0333, 23.2133, 23.3952, 23.5556, 23.736, 23.8894, 24.046, 24.2271, 48.7376], "UpperBound": -2410.69, "rootBTTime": 0, "LowerBounds": {"1": -2513.72, "2": -2512.31, "4": -2510.36, "5": -2510.36, "6": -2510.33, "7": -2510.18, "8": -2493.68, "9": -2492.93, "10": -2481.79, "11": -2479.1, "12": -2479.1, "13": -2478.86, "14": -2476.63, "15": -2476.2, "16": -2460.99, "17": -2460.99, "18": -2459.71, "20": -2458.24, "21": -2458.22, "22": -2454.06, "23": -2453.67, "25": -2451.07, "26": -2451.01, "28": -2449.15, "29": -2449.06, "30": -2449.06, "31": -2448.35, "33": -2447.96, "34": -2447.66, "36": -2447.54, "37": -2447.54, "38": -2447.42, "39": -2447.42, "40": -2446.16, "41": -2446.08, "43": -2445.61, "44": -2445.61, "45": -2445.52, "46": -2445.52, "49": -2445.5, "50": -2444.8, "52": -2442.98, "53": -2442, "54": -2441.67, "55": -2441.64, "56": -2441.28, "58": -2440.7, "59": -2440.69, "60": -2440.5, "61": -2440.16, "62": -2440.02, "63": -2439.96, "65": -2439.27, "66": -2439.17, "67": -2438.88, "68": -2438.88, "69": -2438.46, "70": -2425.34, "71": -2424.27, "73": -2423.13, "74": -2421.25, "75": -2420.62, "76": -2420.21, "77": -2419.92, "78": -2419.92, "79": -2419.17, "80": -2416.4, "82": -2415.62, "85": -2415.62, "91": -2415.6, "92": -2415.31, "94": -2415.1, "96": -2414.91, "97": -2414.9, "110": -2414.9, "118": -2414.87, "119": -2414.74, "124": -2414.72, "125": -2414.54, "134": -2414.54, "138": -2414.45, "139": -2414.26, "140": -2414.26, "141": -2414.19, "142": -2414.07, "158": -2414, "159": -2414, "160": -2413.97, "162": -2413.97, "163": -2413.97, "164": -2413.97, "166": -2413.97, "167": -2413.96, "168": -2413.94, "170": -2413.85, "171": -2413.71, "172": -2413.71, "173": -2413.69, "175": -2413.58, "182": -2413.58, "189": -2413.58, "190": -2413.52, "191": -2413.49, "192": -2413.48, "193": -2413.48, "194": -2413.47, "195": -2413.42, "196": -2413.42, "197": -2413.42, "198": -2413.41, "199": -2413.39, "200": -2413.38, "202": -2413.37, "203": -2413.37, "204": -2413.37, "205": -2413.32, "206": -2413.29, "207": -2413.29, "208": -2413.29, "209": -2413.29, "210": -2413.27, "211": -2413.26, "212": -2413.22, "213": -2413.21, "214": -2413.18, "215": -2413.16, "216": -2413.08}, "SolveResult": 0, "UpperBounds": {"1": -2410.69}, "MaxQueueSize": 36, "VisitedNodes": 433, "BranchingVars": [53, 50, 50, 51, 51, 51, 51, 50, 50, 52, 52, 52, 52, 52, 52, 53, 53, 53, 53, 53, 53, 51, 51, 51, 49, 51, 51, 49, 49, 49, 51, 51, 49, 51, 51, 51, 51, 51, 51, 49, 49, 49, 51, 51, 51, 51, 51, 51, 49, 51, 51, 49, 49, 51, 49, 49, 49, 51, 51, 49, 51, 51, 51, 51, 51, 51, 51, 51, 51, 19, 19, 19, 19, 19, 19, 19, 19, 19, 19, 19, 19, 69, 34, 51, 34, 51, 71, 53, 51, 51, 51, 19, 19, 51, 51, 19, 46, 69, 69, 34, 62, 34, 51, 51, 34, 62, 34, 51, 51, 34, 71, 51, 71, 53, 51, 51, 51, 51, 19, 51, 51, 51, 51, 51, 51, 51, 51, 51, 51, 51, 51, 51, 51, 51, 51, 51, 51, 51, 68, 70, 51, 46, 69, 69, 34, 34, 71, 34, 34, 51, 51, 51, 51, 34, 51, 51, 51, 51, 51, 44, 10, 43, 60, 56, 50, 51, 52, 50, 11, 11, 51, 51, 51, 51, 46, 69, 69, 34, 34, 51, 51, 34, 71, 51, 34, 51, 15, 15, 50, 24, 52, 51, 10, 46, 32, 56, 11, 46, 56, 51, 51, 52, 24, 69, 51, 53, 31, 43, 52, 43, 43, 52, 52, 56, 56, 12], "NonLinearTime": 0.755292, "OptimalityGap": 2.39474,