{"Itbt": 0, "Pace": 0.00468084, "Depth": 9, "Degree": 7, "RPSTime": 0.524113, "FBBTTime": 0, "OBBTTime": 0, "TotalTime": 2.26919, "Iterations": 33, "LinearTime": 0.277844, "LowerBound": 231.406, "TimeVector": [0.222705, 0.294706, 0.363267, 0.43631, 0.505563, 0.564166, 0.631017, 0.702106, 0.76343, 0.826964, 0.888479, 0.950494, 1.0128, 1.0756, 1.13541, 1.2071, 1.26672, 1.32744, 1.38832, 1.44976, 1.51042, 1.56749, 1.62805, 1.69083, 1.75499, 1.8171, 1.88102, 1.93948, 1.99579, 2.06197, 2.12554, 2.1991, 4.4683], "UpperBound": 231.604, "rootBTTime": 0, "LowerBounds": {"1": 108.178, "2": 154.975, "3": 155.657, "4": 193.987, "5": 198.578, "6": 202.206, "7": 210.832, "8": 213.765, "9": 215.383, "10": 218.319, "11": 220.057, "12": 221.716, "13": 223.113, "14": 223.466, "15": 226.458, "16": 228.236, "17": 228.304, "18": 228.9, "19": 229.321, "20": 229.465, "21": 230.005, "22": 230.005, "23": 230.273, "24": 230.475, "25": 230.64, "26": 230.684, "27": 230.803, "28": 230.974, "29": 230.974, "30": 231.017, "31": 231.113, "32": 231.15, "33": 231.406}, "SolveResult": 0, "UpperBounds": {"1": 231.604}, "MaxQueueSize": 9, "VisitedNodes": 67, "BranchingVars": [1, 2, 2, 0, 0, 1, 0, 0, 4, 2, 4, 2, 3, 4, 3, 0, 1, 3, 3, 4, 2, 0, 1, 0, 1, 0, 1, 2, 2, 2, 0, 4, 4], "NonLinearTime": 0.204474, "OptimalityGap": 0.198868, "BranchingRules": ["sum_dual_weighted_plus1_rel", "sum_dual_weighted_plus1_rel", "sum_dual_weighted_plus1_rel", "sum_dual_weighted_plus1_rel", "sum_dual_weighted_plus1_rel", "sum_dual_weighted_plus1_rel", "sum_dual_weighted_plus1_rel", "sum_dual_weighted_plus1_rel", "sum_dual_weighted_plus1_rel", "sum_dual_weighted_plus1_rel", "sum_dual_weighted_plus1_rel", "sum_dual_weighted_plus1_rel", "sum_dual_weighted_plus1_rel", "sum_dual_weighted_plus1_rel", "sum_dual_weighted_plus1_rel", "sum_dual_weighted_plus1_rel", "sum_dual_weighted_plus1_rel", "sum_dual_weighted_plus1_rel", "sum_dual_weighted_plus1_rel", "sum_dual_weighted_plus1_rel", "sum_dual_weighted_plus1_rel", "sum_dual_weighted_plus1_rel", "sum_dual_weighted_plus1_rel", "sum_dual_weighted_plus1_rel", "sum_dual_weighted_plus1_rel", "sum_dual_weighted_plus1_rel", "sum_dual_weighted_plus1_rel", "sum_dual_weighted_plus1_rel", "sum_dual_weighted_plus1_rel", "sum_dual_weighted_plus1_rel", "sum_dual_weighted_plus1_rel", "sum_dual_weighted_plus1_rel", "sum_dual_weighted_plus1_rel"], "LBImprovements": [46.7967, 39.0126, 42.9216, 24.3314, 16.8051, 11.5597, 34.2954, 9.70101, 7.73015, 23.3666, 13.3306, 10.9181, 5.12286, 5.43328, 4.01643, 1.22915, 1.70161, 2.42858, 2.91732, 1.17504, 0.679031, 0.968459, 0.877215, 1.70469, 0.921263, 0.332995, 0.6687, 0.679037, 0.679037, 0.943156, 1.63336, 0.309298, 0.30759], "InfeasibleNodes": 6, "ElapsedTimeCoeffs": 0, "LinearizationTime": 0.00103636, "NumberOfVariables": 5, "CallsToLinearSolver": 67, "LinearGenerationTime": 0.0610488, "SDPCutsGenerationTime": 0, "CallsToNonLinearSolver": 9, "StrongBranchingExtraTime": 1.69238, "ElapsedTimeWeightedCoeffs": 0, "NodesDiscardedByFathoming": 0, "NodesDiscardedByTolerance": 28, "BoundFactorConstraintsTime": 0.0654568, "ElapsedTimeVarsInConstraints": 0.000015207, "meanBTRelativeChangeRootNode": 0, "NumberOfBoundFactorConstraints": 76, "NumberOfLAPACKConvergenceFailures": 0, "NumberOfRLTVariablesAfterLinearization": 53}