{"Itbt": 0, "Pace": 0.0186459, "Depth": 7, "Degree": 7, "RPSTime": 16.7514, "FBBTTime": 0, "OBBTTime": 0, "TotalTime": 172.768, "Iterations": 25, "LinearTime": 26.4006, "LowerBound": 2231.07, "TimeVector": [8.13598, 14.9906, 24.3909, 30.8484, 36.8903, 42.9449, 50.1619, 56.4913, 62.196, 68.7077, 75.0402, 81.2189, 86.9418, 93.2945, 100.591, 106.503, 113.321, 119.082, 125.339, 131.779, 141.38, 149.921, 157.212, 164.745, 180.301], "UpperBound": 2232.42, "rootBTTime": 0, "LowerBounds": {"1": 635.748, "2": 1382.75, "3": 1485.12, "4": 1701.21, "5": 1760.35, "6": 1956.01, "7": 1958.21, "8": 2010.67, "9": 2018.27, "10": 2047.66, "11": 2084.04, "12": 2147.08, "13": 2151.5, "14": 2159.03, "15": 2164.55, "16": 2177.89, "17": 2187.72, "18": 2188.3, "19": 2209.27, "20": 2223.08, "21": 2225.97, "22": 2226.25, "23": 2226.62, "24": 2229.55, "25": 2231.07}, "SolveResult": 0, "UpperBounds": {"1": 2232.42}, "MaxQueueSize": 9, "VisitedNodes": 51, "BranchingVars": [1, 0, 4, 4, 4, 0, 0, 3, 3, 2, 2, 2, 2, 2, 3, 3, 3, 3, 2, 3, 4, 1, 3, 1, 1], "NonLinearTime": 0.387871, "OptimalityGap": 1.34977, "BranchingRules": ["eigen_cen_alternative_rel", "eigen_cen_alternative_rel", "eigen_cen_alternative_rel", "eigen_cen_alternative_rel", "eigen_cen_alternative_rel", "eigen_cen_alternative_rel", "eigen_cen_alternative_rel", "eigen_cen_alternative_rel", "eigen_cen_alternative_rel", "eigen_cen_alternative_rel", "eigen_cen_alternative_rel", "eigen_cen_alternative_rel", "eigen_cen_alternative_rel", "eigen_cen_alternative_rel", "eigen_cen_alternative_rel", "eigen_cen_alternative_rel", "eigen_cen_alternative_rel", "eigen_cen_alternative_rel", "eigen_cen_alternative_rel", "eigen_cen_alternative_rel", "eigen_cen_alternative_rel", "eigen_cen_alternative_rel", "eigen_cen_alternative_rel", "eigen_cen_alternative_rel", "eigen_cen_alternative_rel"], "LBImprovements": [747.005, 318.453, 470.892, 317.062, 250.324, 291.236, 287.935, 148.357, 128.81, 116.891, 103.679, 78.896, 81.5213, 64.0565, 71.4373, 90.3062, 80.835, 59.9441, 138.217, 6.92898, 3.57987, 10000000000.0, 4.86815, 2.88212, 1.08901], "InfeasibleNodes": 3, "ElapsedTimeCoeffs": 0, "LinearizationTime": 0.0677622, "NumberOfVariables": 5, "CallsToLinearSolver": 51, "LinearGenerationTime": 1.30661, "SDPCutsGenerationTime": 0, "CallsToNonLinearSolver": 8, "StrongBranchingExtraTime": 143.022, "ElapsedTimeWeightedCoeffs": 0, "NodesDiscardedByFathoming": 0, "NodesDiscardedByTolerance": 23, "BoundFactorConstraintsTime": 2.41704, "ElapsedTimeVarsInConstraints": 0.000054188, "meanBTRelativeChangeRootNode": 0, "NumberOfBoundFactorConstraints": 1479, "NumberOfLAPACKConvergenceFailures": 0, "NumberOfRLTVariablesAfterLinearization": 370}