{"Itbt": 0, "Pace": 0.0120153, "Depth": 12, "Degree": 7, "RPSTime": 7.00864, "FBBTTime": 0, "OBBTTime": 0, "TotalTime": 37.1462, "Iterations": 128, "LinearTime": 5.11682, "LowerBound": 565.242, "TimeVector": [0.459683, 0.764415, 1.04289, 1.317, 1.5934, 1.85328, 2.11937, 2.40225, 2.67321, 2.92719, 3.19441, 3.48364, 3.75752, 4.02558, 4.31234, 4.56226, 4.83165, 5.12745, 5.38061, 5.64928, 5.90593, 6.16882, 6.45591, 6.72742, 7.00093, 7.28839, 7.55121, 7.81124, 8.0744, 8.34644, 8.61658, 8.90953, 9.15737, 9.43571, 9.71005, 10.0133, 10.3369, 10.6137, 10.8733, 11.1029, 11.4038, 11.6614, 11.8871, 12.1861, 12.463, 12.7367, 13.0174, 13.2913, 13.5729, 13.8404, 14.109, 14.389, 14.6537, 14.9259, 15.1886, 15.4454, 15.7417, 16.0185, 16.2839, 16.5686, 16.8435, 17.1213, 17.3867, 17.6793, 17.9825, 18.2608, 18.5431, 18.8854, 19.1629, 19.425, 19.7149, 20.0067, 20.2452, 20.5294, 20.8038, 21.1024, 21.3639, 21.6332, 21.9078, 22.212, 22.496, 22.7858, 23.0689, 23.3316, 23.6231, 23.8819, 24.1773, 24.6179, 24.8877, 25.1602, 25.4391, 25.7152, 26.0303, 26.2931, 26.5828, 26.8693, 27.1744, 27.4794, 27.744, 28.0592, 28.409, 28.7034, 28.9998, 29.3474, 29.6504, 29.9067, 30.1986, 30.7355, 31.0278, 31.3552, 31.6505, 31.9118, 32.4243, 32.7264, 33.1593, 33.4518, 33.7519, 34.0572, 34.3622, 34.733, 35.062, 35.4065, 35.7032, 35.9982, 36.283, 36.5623, 36.8489, 43.7965], "UpperBound": 565.762, "rootBTTime": 0, "LowerBounds": {"1": 24.9011, "2": 212.336, "3": 284.42, "4": 316.949, "5": 350.833, "6": 410.149, "7": 411.735, "8": 448.946, "9": 452.496, "10": 454.139, "11": 477.517, "12": 490.94, "13": 492.783, "14": 494.312, "15": 496.068, "16": 496.697, "17": 501.465, "18": 504.53, "19": 507.808, "20": 509.61, "21": 514.513, "22": 516.278, "23": 520.556, "24": 522.459, "25": 522.479, "26": 528.913, "27": 529.095, "28": 530.267, "29": 530.738, "30": 531.787, "31": 532.257, "32": 533.726, "33": 535.289, "34": 535.439, "35": 536.301, "36": 536.409, "37": 539.982, "38": 540.538, "39": 540.632, "40": 540.92, "41": 541.911, "42": 542.817, "43": 543.621, "44": 544.062, "45": 544.401, "46": 546.669, "47": 547.209, "48": 547.298, "49": 548.561, "50": 549.753, "51": 550.099, "52": 551.7, "53": 553.472, "54": 553.666, "55": 554.426, "56": 554.588, "57": 554.663, "58": 555.111, "59": 555.597, "60": 556.093, "61": 556.693, "62": 557.991, "63": 558.129, "64": 558.305, "65": 558.68, "66": 559.74, "67": 559.813, "68": 559.938, "69": 559.953, "70": 559.978, "71": 559.997, "72": 560.317, "73": 560.362, "74": 560.781, "75": 561.381, "76": 561.407, "77": 561.937, "78": 562.04, "79": 562.046, "80": 562.102, "81": 562.277, "82": 562.285, "83": 562.367, "84": 562.527, "85": 562.587, "86": 562.628, "87": 563.002, "88": 563.029, "89": 563.05, "90": 563.246, "91": 563.275, "92": 563.284, "93": 563.36, "94": 563.4, "95": 563.533, "96": 563.604, "97": 563.638, "98": 563.668, "99": 563.668, "100": 563.69, "101": 563.788, "102": 563.812, "103": 563.885, "104": 563.963, "105": 563.963, "106": 564.114, "107": 564.131, "108": 564.234, "109": 564.358, "110": 564.387, "111": 564.513, "112": 564.519, "113": 564.6, "114": 564.681, "115": 564.692, "116": 564.763, "117": 564.805, "118": 564.882, "119": 564.97, "120": 564.99, "121": 565.023, "122": 565.033, "123": 565.05, "124": 565.059, "125": 565.112, "126": 565.124, "127": 565.152, "128": 565.242}, "SolveResult": 0, "UpperBounds": {"1": 565.762}, "MaxQueueSize": 34, "VisitedNodes": 257, "BranchingVars": [3, 0, 0, 2, 2, 2, 2, 3, 4, 2, 0, 4, 0, 3, 4, 4, 4, 4, 1, 1, 0, 1, 1, 4, 4, 4, 0, 0, 0, 3, 0, 2, 0, 3, 0, 0, 2, 0, 4, 2, 0, 3, 0, 0, 1, 3, 0, 0, 3, 4, 0, 2, 1, 1, 1, 2, 1, 1, 1, 2, 3, 0, 1, 3, 0, 2, 1, 1, 0, 2, 3, 1, 2, 0, 0, 0, 1, 4, 0, 2, 3, 0, 1, 2, 0, 0, 0, 0, 0, 0, 0, 0, 1, 0, 3, 4, 0, 3, 1, 3, 3, 0, 0, 0, 4, 0, 0, 0, 1, 0, 3, 3, 2, 0, 0, 3, 2, 0, 3, 1, 2, 4, 0, 1, 3, 0, 3, 4], "NonLinearTime": 0.223241, "OptimalityGap": 0.519474, "BranchingRules": ["sum_dual_weighted_plus1_rel", "sum_dual_weighted_plus1_rel", "sum_dual_weighted_plus1_rel", "sum_dual_weighted_plus1_rel", "sum_dual_weighted_plus1_rel", "sum_dual_weighted_plus1_rel", "sum_dual_weighted_plus1_rel", "sum_dual_weighted_plus1_rel", "sum_dual_weighted_plus1_rel", "sum_dual_weighted_plus1_rel", "sum_dual_weighted_plus1_rel", "sum_dual_weighted_plus1_rel", "sum_dual_weighted_plus1_rel", "sum_dual_weighted_plus1_rel", "sum_dual_weighted_plus1_rel", "sum_dual_weighted_plus1_rel", "sum_dual_weighted_plus1_rel", "sum_dual_weighted_plus1_rel", "sum_dual_weighted_plus1_rel", "sum_dual_weighted_plus1_rel", "sum_dual_weighted_plus1_rel", "sum_dual_weighted_plus1_rel", "sum_dual_weighted_plus1_rel", "sum_dual_weighted_plus1_rel", "sum_dual_weighted_plus1_rel", "sum_dual_weighted_plus1_rel", "sum_dual_weighted_plus1_rel", "sum_dual_weighted_plus1_rel", "sum_dual_weighted_plus1_rel", "sum_dual_weighted_plus1_rel", "sum_dual_weighted_plus1_rel", "sum_dual_weighted_plus1_rel", "sum_dual_weighted_plus1_rel", "sum_dual_weighted_plus1_rel", "sum_dual_weighted_plus1_rel", "sum_dual_weighted_plus1_rel", "sum_dual_weighted_plus1_rel", "sum_dual_weighted_plus1_rel", "sum_dual_weighted_plus1_rel", "sum_dual_weighted_plus1_rel", "sum_dual_weighted_plus1_rel", "sum_dual_weighted_plus1_rel", "sum_dual_weighted_plus1_rel", "sum_dual_weighted_plus1_rel", "sum_dual_weighted_plus1_rel", "sum_dual_weighted_plus1_rel", "sum_dual_weighted_plus1_rel", "sum_dual_weighted_plus1_rel", "sum_dual_weighted_plus1_rel", "sum_dual_weighted_plus1_rel", "sum_dual_weighted_plus1_rel", "sum_dual_weighted_plus1_rel", "sum_dual_weighted_plus1_rel", "sum_dual_weighted_plus1_rel", "sum_dual_weighted_plus1_rel", "sum_dual_weighted_plus1_rel", "sum_dual_weighted_plus1_rel", "sum_dual_weighted_plus1_rel", "sum_dual_weighted_plus1_rel", "sum_dual_weighted_plus1_rel", "sum_dual_weighted_plus1_rel", "sum_dual_weighted_plus1_rel", "sum_dual_weighted_plus1_rel", "sum_dual_weighted_plus1_rel", "sum_dual_weighted_plus1_rel", "sum_dual_weighted_plus1_rel", "sum_dual_weighted_plus1_rel", "sum_dual_weighted_plus1_rel", "sum_dual_weighted_plus1_rel", "sum_dual_weighted_plus1_rel", "sum_dual_weighted_plus1_rel", "sum_dual_weighted_plus1_rel", "sum_dual_weighted_plus1_rel", "sum_dual_weighted_plus1_rel", "sum_dual_weighted_plus1_rel", "sum_dual_weighted_plus1_rel", "sum_dual_weighted_plus1_rel", "sum_dual_weighted_plus1_rel", "sum_dual_weighted_plus1_rel", "sum_dual_weighted_plus1_rel", "sum_dual_weighted_plus1_rel", "sum_dual_weighted_plus1_rel", "sum_dual_weighted_plus1_rel", "sum_dual_weighted_plus1_rel", "sum_dual_weighted_plus1_rel", "sum_dual_weighted_plus1_rel", "sum_dual_weighted_plus1_rel", "sum_dual_weighted_plus1_rel", "sum_dual_weighted_plus1_rel", "sum_dual_weighted_plus1_rel", "sum_dual_weighted_plus1_rel", "sum_dual_weighted_plus1_rel", "sum_dual_weighted_plus1_rel", "sum_dual_weighted_plus1_rel", "sum_dual_weighted_plus1_rel", "sum_dual_weighted_plus1_rel", "sum_dual_weighted_plus1_rel", "sum_dual_weighted_plus1_rel", "sum_dual_weighted_plus1_rel", "sum_dual_weighted_plus1_rel", "sum_dual_weighted_plus1_rel", "sum_dual_weighted_plus1_rel", "sum_dual_weighted_plus1_rel", "sum_dual_weighted_plus1_rel", "sum_dual_weighted_plus1_rel", "sum_dual_weighted_plus1_rel", "sum_dual_weighted_plus1_rel", "sum_dual_weighted_plus1_rel", "sum_dual_weighted_plus1_rel", "sum_dual_weighted_plus1_rel", "sum_dual_weighted_plus1_rel", "sum_dual_weighted_plus1_rel", "sum_dual_weighted_plus1_rel", "sum_dual_weighted_plus1_rel", "sum_dual_weighted_plus1_rel", "sum_dual_weighted_plus1_rel", "sum_dual_weighted_plus1_rel", "sum_dual_weighted_plus1_rel", "sum_dual_weighted_plus1_rel", "sum_dual_weighted_plus1_rel", "sum_dual_weighted_plus1_rel", "sum_dual_weighted_plus1_rel", "sum_dual_weighted_plus1_rel", "sum_dual_weighted_plus1_rel", "sum_dual_weighted_plus1_rel", "sum_dual_weighted_plus1_rel", "sum_dual_weighted_plus1_rel", "sum_dual_weighted_plus1_rel"],