{"Itbt": 0, "Pace": 0.0147117, "Depth": 9, "Degree": 7, "RPSTime": 17.9864, "FBBTTime": 0, "OBBTTime": 0, "TotalTime": 168.455, "Iterations": 52, "LinearTime": 24.5324, "LowerBound": 3800.38, "TimeVector": [4.10516, 7.59658, 11.1829, 14.4387, 17.679, 21.0563, 25.3618, 28.5971, 31.7912, 35.1172, 38.368, 41.9871, 45.5286, 48.8656, 51.856, 54.7402, 57.8904, 61.1525, 63.9052, 67.2482, 70.0696, 73.3792, 76.38, 79.6006, 83.0413, 86.3742, 89.422, 92.4753, 95.4335, 98.9708, 102.193, 105.161, 108.251, 111.337, 114.336, 117.416, 121.153, 124.132, 127.908, 131.815, 135.717, 138.982, 141.986, 144.977, 148.053, 150.854, 153.398, 155.869, 159.609, 162.55, 165.392, 174.238], "UpperBound": 3803.82, "rootBTTime": 0, "LowerBounds": {"1": 1884.47, "2": 2631.26, "3": 2701.62, "4": 3290.58, "5": 3305.34, "6": 3361.34, "7": 3367.89, "8": 3581.95, "9": 3587.64, "10": 3624.02, "11": 3630.49, "12": 3631.52, "13": 3640.97, "14": 3657.88, "15": 3671.18, "16": 3684.51, "17": 3721.85, "18": 3726.56, "19": 3728.08, "20": 3738.67, "21": 3745.64, "22": 3748.67, "23": 3752.25, "24": 3763.87, "25": 3774.95, "26": 3775.58, "27": 3777.1, "28": 3777.18, "29": 3778.21, "30": 3781.81, "31": 3790.03, "32": 3792.04, "33": 3793.39, "34": 3794.63, "35": 3795.08, "36": 3795.33, "37": 3795.42, "38": 3797.08, "39": 3797.2, "40": 3797.25, "41": 3798.24, "42": 3798.65, "43": 3798.81, "44": 3798.87, "45": 3799.03, "46": 3799.13, "47": 3799.26, "48": 3799.26, "49": 3799.37, "50": 3799.41, "51": 3799.94, "52": 3800.38}, "SolveResult": 0, "UpperBounds": {"1": 3803.82}, "MaxQueueSize": 18, "VisitedNodes": 105, "BranchingVars": [4, 3, 3, 1, 1, 1, 1, 0, 0, 2, 2, 2, 2, 2, 2, 2, 0, 0, 0, 1, 0, 0, 2, 1, 0, 1, 0, 1, 1, 1, 0, 2, 3, 2, 0, 2, 4, 1, 3, 3, 3, 2, 2, 1, 2, 2, 1, 1, 2, 1, 2, 2], "NonLinearTime": 0.452036, "OptimalityGap": 3.43318, "BranchingRules": ["sum_rescaled_var_range_weighted_rel", "sum_rescaled_var_range_weighted_rel", "sum_rescaled_var_range_weighted_rel", "sum_rescaled_var_range_weighted_rel", "sum_rescaled_var_range_weighted_rel", "sum_rescaled_var_range_weighted_rel", "sum_rescaled_var_range_weighted_rel", "sum_rescaled_var_range_weighted_rel", "sum_rescaled_var_range_weighted_rel", "sum_rescaled_var_range_weighted_rel", "sum_rescaled_var_range_weighted_rel", "sum_rescaled_var_range_weighted_rel", "sum_rescaled_var_range_weighted_rel", "sum_rescaled_var_range_weighted_rel", "sum_rescaled_var_range_weighted_rel", "sum_rescaled_var_range_weighted_rel", "sum_rescaled_var_range_weighted_rel", "sum_rescaled_var_range_weighted_rel", "sum_rescaled_var_range_weighted_rel", "sum_rescaled_var_range_weighted_rel", "sum_rescaled_var_range_weighted_rel", "sum_rescaled_var_range_weighted_rel", "sum_rescaled_var_range_weighted_rel", "sum_rescaled_var_range_weighted_rel", "sum_rescaled_var_range_weighted_rel", "sum_rescaled_var_range_weighted_rel", "sum_rescaled_var_range_weighted_rel", "sum_rescaled_var_range_weighted_rel", "sum_rescaled_var_range_weighted_rel", "sum_rescaled_var_range_weighted_rel", "sum_rescaled_var_range_weighted_rel", "sum_rescaled_var_range_weighted_rel", "sum_rescaled_var_range_weighted_rel", "sum_rescaled_var_range_weighted_rel", "sum_rescaled_var_range_weighted_rel", "sum_rescaled_var_range_weighted_rel", "sum_rescaled_var_range_weighted_rel", "sum_rescaled_var_range_weighted_rel", "sum_rescaled_var_range_weighted_rel", "sum_rescaled_var_range_weighted_rel", "sum_rescaled_var_range_weighted_rel", "sum_rescaled_var_range_weighted_rel", "sum_rescaled_var_range_weighted_rel", "sum_rescaled_var_range_weighted_rel", "sum_rescaled_var_range_weighted_rel", "sum_rescaled_var_range_weighted_rel", "sum_rescaled_var_range_weighted_rel", "sum_rescaled_var_range_weighted_rel", "sum_rescaled_var_range_weighted_rel", "sum_rescaled_var_range_weighted_rel", "sum_rescaled_var_range_weighted_rel", "sum_rescaled_var_range_weighted_rel"], "LBImprovements": [746.782, 659.321, 659.719, 297.063, 276.608, 262.683, 262.591, 89.2381, 140.437, 97.833, 96.076, 180.51, 205.816, 175.244, 67.49, 261.532, 53.7246, 50.6151, 71.1827, 36.2769, 51.4423, 50.7405, 48.3747, 26.1546, 17.0924, 19.7525, 17.5349, 21.4739, 20.916, 19.7929, 18.2794, 5.15247, 5.63329, 3.60464, 14.092, 5.09089, 5.0717, 16.3206, 3.55166, 3.13292, 2.38364, 3.64715, 4.42883, 14.1542, 3.19651, 3.56328, 43.4769, 43.477, 3.37518, 15.0255, 3.10688, 3.43052], "InfeasibleNodes": 2, "ElapsedTimeCoeffs": 0, "LinearizationTime": 0.0325615, "NumberOfVariables": 5, "CallsToLinearSolver": 105, "LinearGenerationTime": 1.45341, "SDPCutsGenerationTime": 0, "CallsToNonLinearSolver": 9, "StrongBranchingExtraTime": 140.269, "ElapsedTimeWeightedCoeffs": 0, "NodesDiscardedByFathoming": 0, "NodesDiscardedByTolerance": 51, "BoundFactorConstraintsTime": 2.64539, "ElapsedTimeVarsInConstraints": 0.000035995, "meanBTRelativeChangeRootNode": 0, "NumberOfBoundFactorConstraints": 867, "NumberOfLAPACKConvergenceFailures": 0, "NumberOfRLTVariablesAfterLinearization": 288}