{"Itbt": 0, "Pace": 0.0306494, "Depth": 11, "Degree": 7, "RPSTime": 326.61, "FBBTTime": 0, "OBBTTime": 0, "TotalTime": 1803.49, "Iterations": 36, "LinearTime": 257.383, "LowerBound": 33367.9, "TimeVector": [25.2932, 51.2828, 97.5953, 130.435, 194.074, 228.771, 266.196, 331.917, 417.984, 456.077, 490.148, 526.73, 574.469, 661.723, 721.745, 750.971, 793.36, 824.86, 869.136, 969.447, 1018.26, 1052.55, 1145.28, 1179.69, 1217.22, 1299.05, 1363.17, 1401.22, 1434.29, 1475.13, 1518.75, 1566.29, 1649.23, 1704.6, 1749, 1803.49], "UpperBound": 33393.4, "rootBTTime": 0, "LowerBounds": {"1": 23138.7, "2": 26127.6, "3": 27898.8, "4": 29305.5, "5": 30193.4, "6": 30349.3, "7": 30509.5, "8": 31182.4, "9": 31219.2, "10": 31311.4, "11": 31953.6, "12": 32110.7, "13": 32135.1, "14": 32241.7, "15": 32438.4, "16": 32452.2, "17": 32629.4, "18": 32785.8, "19": 32788.1, "20": 32939.7, "21": 32975.4, "22": 32981.9, "23": 33038.1, "24": 33051.5, "25": 33178.2, "26": 33203.6, "27": 33208.1, "28": 33226.6, "29": 33242.2, "30": 33246.7, "31": 33263.1, "32": 33287.3, "33": 33313.6, "34": 33331.6, "35": 33341.5, "36": 33367.9}, "SolveResult": 0, "UpperBounds": {"1": 33393.4}, "MaxQueueSize": 13, "VisitedNodes": 73, "BranchingVars": [2, 4, 2, 4, 1, 0, 0, 3, 0, 1, 3, 3, 3, 3, 3, 2, 1, 2, 1, 4, 3, 3, 4, 3, 1, 0, 0, 1, 4, 0, 4, 4, 3, 4, 4, 4], "NonLinearTime": 0.449447, "OptimalityGap": 25.5289, "BranchingRules": ["eigen_cen_alternative_rel", "eigen_cen_alternative_rel", "eigen_cen_alternative_rel", "eigen_cen_alternative_rel", "eigen_cen_alternative_rel", "eigen_cen_alternative_rel", "eigen_cen_alternative_rel", "eigen_cen_alternative_rel", "eigen_cen_alternative_rel", "eigen_cen_alternative_rel", "eigen_cen_alternative_rel", "eigen_cen_alternative_rel", "eigen_cen_alternative_rel", "eigen_cen_alternative_rel", "eigen_cen_alternative_rel", "eigen_cen_alternative_rel", "eigen_cen_alternative_rel", "eigen_cen_alternative_rel", "eigen_cen_alternative_rel", "eigen_cen_alternative_rel", "eigen_cen_alternative_rel", "eigen_cen_alternative_rel", "eigen_cen_alternative_rel", "eigen_cen_alternative_rel", "eigen_cen_alternative_rel", "eigen_cen_alternative_rel", "eigen_cen_alternative_rel", "eigen_cen_alternative_rel", "eigen_cen_alternative_rel", "eigen_cen_alternative_rel", "eigen_cen_alternative_rel", "eigen_cen_alternative_rel", "eigen_cen_alternative_rel", "eigen_cen_alternative_rel", "eigen_cen_alternative_rel", "eigen_cen_alternative_rel"], "LBImprovements": [2988.94, 1771.17, 1406.68, 1043.81, 988.972, 962.081, 1444.08, 2021.2, 1022.48, 799.277, 1273.03, 518.684, 652.972, 697.961, 599.677, 3605.64, 346.043, 1045.06, 674.288, 373.94, 232.72, 305.487, 329.761, 698.94, 683.479, 1644.24, 123.445, 895.616, 2311.74, 135.048, 552.945, 107.57, 73.7333, 42.6887, 447.538, 45.4386], "InfeasibleNodes": 0, "ElapsedTimeCoeffs": 0, "LinearizationTime": 0.941662, "NumberOfVariables": 5, "CallsToLinearSolver": 73, "LinearGenerationTime": 18.5105, "SDPCutsGenerationTime": 0, "CallsToNonLinearSolver": 9, "StrongBranchingExtraTime": 1489.97, "ElapsedTimeWeightedCoeffs": 0, "NodesDiscardedByFathoming": 0, "NodesDiscardedByTolerance": 37, "BoundFactorConstraintsTime": 45.8828, "ElapsedTimeVarsInConstraints": 0.000225259, "meanBTRelativeChangeRootNode": 0, "NumberOfBoundFactorConstraints": 11432, "NumberOfLAPACKConvergenceFailures": 0, "NumberOfRLTVariablesAfterLinearization": 785}