{"Itbt": 0, "Pace": 0.0567319, "Depth": 10, "Degree": 7, "RPSTime": 629.692, "FBBTTime": 0, "OBBTTime": 0, "TotalTime": 3505.66, "Iterations": 72, "LinearTime": 498.54, "LowerBound": 35055.5, "TimeVector": [24.6707, 46.3992, 69.3799, 95.6065, 125.511, 161.643, 193.266, 237.152, 285.231, 336.587, 368.233, 413.007, 444.366, 479.041, 510.414, 555.878, 610.175, 658.455, 727.546, 789.03, 837.556, 867.968, 919.256, 972.527, 1015.18, 1048.65, 1086.55, 1126.63, 1169.02, 1218.29, 1268.85, 1316.6, 1341.95, 1416.43, 1468.5, 1537.02, 1566.88, 1613.25, 1649.77, 1694.1, 1741, 1813.03, 1860.7, 1894.47, 1948.68, 2012.96, 2055.82, 2093.5, 2147.34, 2192.07, 2248.47, 2300.14, 2332.26, 2396.78, 2460.35, 2534.22, 2620.26, 2672.9, 2730.27, 2790.07, 2910.68, 2978.2, 3015.36, 3111.07, 3177.08, 3223.82, 3299.08, 3353.51, 3405.75, 3444.19, 3487.23, 3505.66], "UpperBound": 35318.4, "rootBTTime": 0, "LowerBounds": {"1": 24479.5, "2": 26184.5, "3": 26265.5, "4": 27953.8, "5": 29148.3, "6": 29530.1, "7": 30294.8, "8": 30763.3, "9": 31599.9, "10": 31711.3, "11": 31869.5, "12": 31906, "13": 32035, "14": 32163.1, "15": 32657.4, "16": 32945.9, "17": 33040.4, "18": 33292.1, "19": 33308.4, "20": 33369.3, "21": 33408.4, "22": 33444.4, "23": 33597.5, "24": 33647.8, "25": 33752.5, "26": 33755.4, "27": 33779.1, "28": 33836.2, "29": 33842.4, "30": 33895, "31": 34016, "32": 34142.4, "33": 34270.7, "34": 34333.3, "35": 34346.8, "36": 34402.9, "37": 34462.6, "38": 34463.1, "39": 34506.1, "40": 34535, "41": 34541.4, "42": 34560.9, "43": 34569.8, "44": 34608.1, "45": 34629.5, "46": 34629.5, "47": 34668.9, "48": 34779.2, "49": 34780.9, "50": 34789.6, "51": 34813.9, "52": 34844.6, "53": 34855.4, "54": 34858.3, "55": 34887.8, "56": 34907.3, "57": 34932.6, "58": 34933.1, "59": 34936, "60": 34937.7, "61": 34949.7, "62": 34957.4, "63": 34964.9, "64": 34992.9, "65": 34993.1, "66": 35002.9, "67": 35005.6, "68": 35013, "69": 35014.8, "70": 35030.5, "71": 35055, "72": 35055.5}, "SolveResult": 402, "UpperBounds": {"1": 35318.4}, "MaxQueueSize": 32, "VisitedNodes": 145, "BranchingVars": [4, 0, 0, 1, 1, 2, 2, 1, 2, 3, 1, 3, 3, 1, 2, 4, 2, 1, 3, 2, 3, 1, 1, 3, 3, 4, 3, 4, 0, 0, 0, 4, 1, 0, 2, 0, 2, 0, 1, 2, 4, 0, 0, 3, 4, 0, 2, 2, 2, 2, 0, 4, 3, 0, 2, 2, 2, 2, 0, 0, 2, 4, 4, 2, 2, 1, 4, 2, 3, 3, 1, 0], "NonLinearTime": 0.500982, "OptimalityGap": 262.879, "BranchingRules": ["sum_dual_weighted_plus1_rel", "sum_dual_weighted_plus1_rel", "sum_dual_weighted_plus1_rel", "sum_dual_weighted_plus1_rel", "sum_dual_weighted_plus1_rel", "sum_dual_weighted_plus1_rel", "sum_dual_weighted_plus1_rel", "sum_dual_weighted_plus1_rel", "sum_dual_weighted_plus1_rel", "sum_dual_weighted_plus1_rel", "sum_dual_weighted_plus1_rel", "sum_dual_weighted_plus1_rel", "sum_dual_weighted_plus1_rel", "sum_dual_weighted_plus1_rel", "sum_dual_weighted_plus1_rel", "sum_dual_weighted_plus1_rel", "sum_dual_weighted_plus1_rel", "sum_dual_weighted_plus1_rel", "sum_dual_weighted_plus1_rel", "sum_dual_weighted_plus1_rel", "sum_dual_weighted_plus1_rel", "sum_dual_weighted_plus1_rel", "sum_dual_weighted_plus1_rel", "sum_dual_weighted_plus1_rel", "sum_dual_weighted_plus1_rel", "sum_dual_weighted_plus1_rel", "sum_dual_weighted_plus1_rel", "sum_dual_weighted_plus1_rel", "sum_dual_weighted_plus1_rel", "sum_dual_weighted_plus1_rel", "sum_dual_weighted_plus1_rel", "sum_dual_weighted_plus1_rel", "sum_dual_weighted_plus1_rel", "sum_dual_weighted_plus1_rel", "sum_dual_weighted_plus1_rel", "sum_dual_weighted_plus1_rel", "sum_dual_weighted_plus1_rel", "sum_dual_weighted_plus1_rel", "sum_dual_weighted_plus1_rel", "sum_dual_weighted_plus1_rel", "sum_dual_weighted_plus1_rel", "sum_dual_weighted_plus1_rel", "sum_dual_weighted_plus1_rel", "sum_dual_weighted_plus1_rel", "sum_dual_weighted_plus1_rel", "sum_dual_weighted_plus1_rel", "sum_dual_weighted_plus1_rel", "sum_dual_weighted_plus1_rel", "sum_dual_weighted_plus1_rel", "sum_dual_weighted_plus1_rel", "sum_dual_weighted_plus1_rel", "sum_dual_weighted_plus1_rel", "sum_dual_weighted_plus1_rel", "sum_dual_weighted_plus1_rel", "sum_dual_weighted_plus1_rel", "sum_dual_weighted_plus1_rel", "sum_dual_weighted_plus1_rel", "sum_dual_weighted_plus1_rel", "sum_dual_weighted_plus1_rel", "sum_dual_weighted_plus1_rel", "sum_dual_weighted_plus1_rel", "sum_dual_weighted_plus1_rel", "sum_dual_weighted_plus1_rel", "sum_dual_weighted_plus1_rel", "sum_dual_weighted_plus1_rel", "sum_dual_weighted_plus1_rel", "sum_dual_weighted_plus1_rel", "sum_dual_weighted_plus1_rel", "sum_dual_weighted_plus1_rel", "sum_dual_weighted_plus1_rel", "sum_dual_weighted_plus1_rel", "sum_dual_weighted_plus1_rel"], "LBImprovements": [1705.02, 1769.28, 2882.73, 2340.99, 2451.62, 1233.18, 1740.19, 1142.66, 1708.5, 1329.08, 1883.02, 1039.89, 1409.49, 1673.1, 1950.76, 651.671, 975.601, 602.94, 1252.54, 964.074, 1132.99, 1018.14, 805.342, 1210.48, 916.372, 1590.37, 1001.82, 1194.32, 663.735, 451.781, 447.097, 487.179, 1327.77, 616.339, 497.735, 529.722, 723.403, 444.233, 579.515, 662.075, 1055.69, 452.12, 831.873, 992.225, 363.649, 376.061, 693.566, 801.685, 938.894, 748.718, 543.44, 148.302, 1129.21, 414.408, 332.061, 330.179, 426.014, 286.393, 646.545, 373.087, 163.771, 265.063, 1059.59, 167.959, 427.036, 611.583, 60.1396, 174.016, 40.2393, 978.67, 141.409, 10000000000.0], "InfeasibleNodes": 2, "ElapsedTimeCoeffs": 0, "LinearizationTime": 0.948209, "NumberOfVariables": 5, "CallsToLinearSolver": 145, "LinearGenerationTime": 35.989, "SDPCutsGenerationTime": 0, "CallsToNonLinearSolver": 10, "StrongBranchingExtraTime": 2904.36, "ElapsedTimeWeightedCoeffs": 0, "NodesDiscardedByFathoming": 0, "NodesDiscardedByTolerance": 46, "BoundFactorConstraintsTime": 90.3086, "ElapsedTimeVarsInConstraints": 0.000238932, "meanBTRelativeChangeRootNode": 0, "NumberOfBoundFactorConstraints": 11432, "NumberOfLAPACKConvergenceFailures": 0, "NumberOfRLTVariablesAfterLinearization": 785}