{"Itbt": 0, "Pace": 0.00430166, "Depth": 8, "Degree": 7, "RPSTime": 2.31957, "FBBTTime": 0, "OBBTTime": 0, "TotalTime": 13.756, "Iterations": 26, "LinearTime": 2.04534, "LowerBound": 753.905, "TimeVector": [0.913013, 1.43513, 1.89963, 2.38038, 2.89905, 3.33948, 3.88237, 4.39947, 4.92604, 5.50782, 6.08547, 6.54571, 6.95578, 7.3893, 7.91461, 8.44225, 8.97251, 9.51907, 10.0591, 10.6488, 11.0921, 11.689, 12.1543, 12.6631, 13.1713, 26.9273], "UpperBound": 754.303, "rootBTTime": 0, "LowerBounds": {"1": 128.742, "2": 291.585, "3": 297.274, "4": 521.401, "5": 559.286, "6": 560.057, "7": 562.019, "8": 677.877, "9": 691.644, "10": 713.395, "11": 715.419, "12": 715.563, "13": 716.507, "14": 716.507, "15": 719.392, "16": 721.328, "17": 724.202, "18": 740.276, "19": 744.931, "20": 744.986, "21": 749.035, "22": 752.222, "23": 752.395, "24": 752.869, "25": 752.893, "26": 753.905}, "SolveResult": 0, "UpperBounds": {"1": 754.303}, "MaxQueueSize": 9, "VisitedNodes": 53, "BranchingVars": [0, 1, 1, 4, 4, 4, 4, 3, 2, 4, 2, 2, 2, 2, 2, 2, 2, 3, 1, 1, 2, 3, 3, 2, 3, 1], "NonLinearTime": 0.246673, "OptimalityGap": 0.397635, "BranchingRules": ["sum_dual_weighted_plus1_rel", "sum_dual_weighted_plus1_rel", "sum_dual_weighted_plus1_rel", "sum_dual_weighted_plus1_rel", "sum_dual_weighted_plus1_rel", "sum_dual_weighted_plus1_rel", "sum_dual_weighted_plus1_rel", "sum_dual_weighted_plus1_rel", "sum_dual_weighted_plus1_rel", "sum_dual_weighted_plus1_rel", "sum_dual_weighted_plus1_rel", "sum_dual_weighted_plus1_rel", "sum_dual_weighted_plus1_rel", "sum_dual_weighted_plus1_rel", "sum_dual_weighted_plus1_rel", "sum_dual_weighted_plus1_rel", "sum_dual_weighted_plus1_rel", "sum_dual_weighted_plus1_rel", "sum_dual_weighted_plus1_rel", "sum_dual_weighted_plus1_rel", "sum_dual_weighted_plus1_rel", "sum_dual_weighted_plus1_rel", "sum_dual_weighted_plus1_rel", "sum_dual_weighted_plus1_rel", "sum_dual_weighted_plus1_rel", "sum_dual_weighted_plus1_rel"], "LBImprovements": [162.843, 267.701, 224.126, 156.476, 156.133, 156.45, 151.376, 43.4511, 60.7511, 26.8819, 37.4734, 51.3699, 52.163, 43.2759, 46.1235, 27.7072, 43.2508, 4.65452, 11.2353, 7.23623, 10.7542, 0.647192, 24.9913, 10000000000.0, 11.1689, 0.880732], "InfeasibleNodes": 6, "ElapsedTimeCoeffs": 0, "LinearizationTime": 0.00633983, "NumberOfVariables": 5, "CallsToLinearSolver": 53, "LinearGenerationTime": 0.261039, "SDPCutsGenerationTime": 0, "CallsToNonLinearSolver": 8, "StrongBranchingExtraTime": 11.0667, "ElapsedTimeWeightedCoeffs": 0, "NodesDiscardedByFathoming": 0, "NodesDiscardedByTolerance": 21, "BoundFactorConstraintsTime": 0.299923, "ElapsedTimeVarsInConstraints": 0.000022749, "meanBTRelativeChangeRootNode": 0, "NumberOfBoundFactorConstraints": 236, "NumberOfLAPACKConvergenceFailures": 0, "NumberOfRLTVariablesAfterLinearization": 145}