{"Itbt": 0, "Pace": 0.0190286, "Depth": 7, "Degree": 7, "RPSTime": 16.8926, "FBBTTime": 0, "OBBTTime": 0, "TotalTime": 173.662, "Iterations": 25, "LinearTime": 27.1802, "LowerBound": 2230.94, "TimeVector": [8.06008, 14.9149, 24.3195, 30.7851, 36.8374, 42.8888, 50.1102, 56.4468, 62.1571, 68.6718, 75.015, 81.2004, 86.9261, 93.2895, 100.593, 106.507, 113.328, 119.093, 125.356, 131.796, 141.398, 149.941, 157.304, 164.945, 181.304], "UpperBound": 2232.42, "rootBTTime": 0, "LowerBounds": {"1": 635.748, "2": 1382.75, "3": 1485.12, "4": 1701.21, "5": 1760.35, "6": 1956.01, "7": 1958.21, "8": 2010.67, "9": 2018.27, "10": 2047.66, "11": 2084.04, "12": 2147.08, "13": 2151.5, "14": 2159.03, "15": 2164.55, "16": 2177.89, "17": 2187.72, "18": 2188.3, "19": 2209.27, "20": 2223.08, "21": 2225.97, "22": 2226.25, "23": 2226.62, "24": 2229.55, "25": 2230.94}, "SolveResult": 0, "UpperBounds": {"1": 2232.42}, "MaxQueueSize": 9, "VisitedNodes": 51, "BranchingVars": [1, 0, 4, 4, 4, 0, 0, 3, 3, 2, 2, 2, 2, 2, 3, 3, 3, 3, 2, 3, 4, 1, 3, 1, 4], "NonLinearTime": 0.193916, "OptimalityGap": 1.48374, "BranchingRules": ["eigen_cen_alternative_rel", "eigen_cen_alternative_rel", "eigen_cen_alternative_rel", "eigen_cen_alternative_rel", "eigen_cen_alternative_rel", "eigen_cen_alternative_rel", "eigen_cen_alternative_rel", "eigen_cen_alternative_rel", "eigen_cen_alternative_rel", "eigen_cen_alternative_rel", "eigen_cen_alternative_rel", "eigen_cen_alternative_rel", "eigen_cen_alternative_rel", "eigen_cen_alternative_rel", "eigen_cen_alternative_rel", "eigen_cen_alternative_rel", "eigen_cen_alternative_rel", "eigen_cen_alternative_rel", "eigen_cen_alternative_rel", "eigen_cen_alternative_rel", "eigen_cen_alternative_rel", "eigen_cen_alternative_rel", "eigen_cen_alternative_rel", "eigen_cen_alternative_rel", "eigen_cen_alternative_rel"], "LBImprovements": [747.005, 318.453, 470.892, 317.062, 250.324, 291.236, 287.935, 148.357, 128.81, 116.891, 103.679, 78.896, 81.5213, 64.0565, 71.4373, 90.3062, 80.835, 59.9441, 138.217, 6.92898, 3.57987, 10000000000.0, 4.86815, 2.88212, 0.921781], "InfeasibleNodes": 3, "ElapsedTimeCoeffs": 0, "LinearizationTime": 0.0664184, "NumberOfVariables": 5, "CallsToLinearSolver": 51, "LinearGenerationTime": 1.37534, "SDPCutsGenerationTime": 0, "CallsToNonLinearSolver": 8, "StrongBranchingExtraTime": 143.307, "ElapsedTimeWeightedCoeffs": 0, "NodesDiscardedByFathoming": 0, "NodesDiscardedByTolerance": 23, "BoundFactorConstraintsTime": 2.42847, "ElapsedTimeVarsInConstraints": 0.000053126, "meanBTRelativeChangeRootNode": 0, "NumberOfBoundFactorConstraints": 1479, "NumberOfLAPACKConvergenceFailures": 0, "NumberOfRLTVariablesAfterLinearization": 370}