{"Itbt": 0, "Pace": 0.0155438, "Depth": 9, "Degree": 7, "RPSTime": 19.1861, "FBBTTime": 0, "OBBTTime": 0, "TotalTime": 236.974, "Iterations": 49, "LinearTime": 33.8284, "LowerBound": 4523.44, "TimeVector": [5.33256, 10.2391, 14.9078, 19.3258, 23.7828, 27.9526, 32.3743, 36.5521, 40.603, 45.4376, 49.3584, 53.6586, 58.5962, 62.8892, 66.8884, 70.9501, 74.5732, 79.0191, 83.483, 87.5085, 91.2362, 95.6682, 100.687, 105.634, 110.627, 114.837, 119.188, 124.435, 128.511, 132.314, 135.957, 140.066, 144.584, 149.362, 154.348, 159.053, 162.937, 167.175, 171.809, 176.547, 181.082, 195.797, 200.181, 205.435, 211.579, 221.407, 226.074, 231.337, 242.237], "UpperBound": 4527.95, "rootBTTime": 0, "LowerBounds": {"1": 2121.99, "2": 2753.58, "3": 3174.26, "4": 3374.94, "5": 3392.35, "6": 3791.51, "7": 3792.04, "8": 3842.9, "9": 3862.92, "10": 3893.33, "11": 3895.85, "12": 4125.73, "13": 4171.54, "14": 4186.49, "15": 4193.11, "16": 4198.96, "17": 4200.83, "18": 4242.9, "19": 4256.52, "20": 4266.23, "21": 4315.29, "22": 4340.81, "23": 4344.49, "24": 4374.79, "25": 4384.91, "26": 4399.56, "27": 4424.82, "28": 4433.63, "29": 4439.96, "30": 4451.45, "31": 4455.97, "32": 4463.77, "33": 4463.88, "34": 4481.71, "35": 4483.71, "36": 4500.04, "37": 4505.65, "38": 4509.22, "39": 4513.67, "40": 4513.76, "41": 4517.53, "42": 4517.91, "43": 4518.36, "44": 4519.04, "45": 4519.31, "46": 4521.61, "47": 4522.37, "48": 4522.41, "49": 4523.44}, "SolveResult": 0, "UpperBounds": {"1": 4527.95}, "MaxQueueSize": 16, "VisitedNodes": 99, "BranchingVars": [3, 1, 4, 4, 4, 1, 2, 2, 2, 2, 0, 0, 0, 2, 1, 1, 0, 0, 0, 2, 2, 2, 0, 0, 0, 2, 2, 0, 0, 2, 0, 0, 0, 2, 2, 0, 3, 0, 1, 1, 3, 3, 4, 3, 0, 4, 1, 4, 0], "NonLinearTime": 0.229644, "OptimalityGap": 4.50563, "BranchingRules": ["sum_rescaled_var_range_weighted_rel", "sum_rescaled_var_range_weighted_rel", "sum_rescaled_var_range_weighted_rel", "sum_rescaled_var_range_weighted_rel", "sum_rescaled_var_range_weighted_rel", "sum_rescaled_var_range_weighted_rel", "sum_rescaled_var_range_weighted_rel", "sum_rescaled_var_range_weighted_rel", "sum_rescaled_var_range_weighted_rel", "sum_rescaled_var_range_weighted_rel", "sum_rescaled_var_range_weighted_rel", "sum_rescaled_var_range_weighted_rel", "sum_rescaled_var_range_weighted_rel", "sum_rescaled_var_range_weighted_rel", "sum_rescaled_var_range_weighted_rel", "sum_rescaled_var_range_weighted_rel", "sum_rescaled_var_range_weighted_rel", "sum_rescaled_var_range_weighted_rel", "sum_rescaled_var_range_weighted_rel", "sum_rescaled_var_range_weighted_rel", "sum_rescaled_var_range_weighted_rel", "sum_rescaled_var_range_weighted_rel", "sum_rescaled_var_range_weighted_rel", "sum_rescaled_var_range_weighted_rel", "sum_rescaled_var_range_weighted_rel", "sum_rescaled_var_range_weighted_rel", "sum_rescaled_var_range_weighted_rel", "sum_rescaled_var_range_weighted_rel", "sum_rescaled_var_range_weighted_rel", "sum_rescaled_var_range_weighted_rel", "sum_rescaled_var_range_weighted_rel", "sum_rescaled_var_range_weighted_rel", "sum_rescaled_var_range_weighted_rel", "sum_rescaled_var_range_weighted_rel", "sum_rescaled_var_range_weighted_rel", "sum_rescaled_var_range_weighted_rel", "sum_rescaled_var_range_weighted_rel", "sum_rescaled_var_range_weighted_rel", "sum_rescaled_var_range_weighted_rel", "sum_rescaled_var_range_weighted_rel", "sum_rescaled_var_range_weighted_rel", "sum_rescaled_var_range_weighted_rel", "sum_rescaled_var_range_weighted_rel", "sum_rescaled_var_range_weighted_rel", "sum_rescaled_var_range_weighted_rel", "sum_rescaled_var_range_weighted_rel", "sum_rescaled_var_range_weighted_rel", "sum_rescaled_var_range_weighted_rel", "sum_rescaled_var_range_weighted_rel"], "LBImprovements": [631.59, 621.361, 617.254, 467.961, 500.977, 394.974, 401.079, 282.829, 337.909, 278.206, 419.437, 325.716, 228.026, 188.298, 246.843, 257.005, 304.823, 383.061, 293.248, 118.682, 371.627, 357.853, 286.42, 149.933, 96.7983, 128.623, 93.5379, 120.68, 128.022, 48.5935, 76.4129, 58.6021, 65.8667, 31.9575, 41.0959, 54.4155, 101.968, 136.637, 3.86492, 5.28546, 5.91256, 4.50127, 6.52399, 2.56803, 5.32636, 3.66056, 17.7053, 4.69879, 3.47367], "InfeasibleNodes": 0, "ElapsedTimeCoeffs": 0, "LinearizationTime": 0.0351156, "NumberOfVariables": 5, "CallsToLinearSolver": 99, "LinearGenerationTime": 1.48356, "SDPCutsGenerationTime": 0, "CallsToNonLinearSolver": 9, "StrongBranchingExtraTime": 199.646, "ElapsedTimeWeightedCoeffs": 0, "NodesDiscardedByFathoming": 0, "NodesDiscardedByTolerance": 50, "BoundFactorConstraintsTime": 2.66962, "ElapsedTimeVarsInConstraints": 0.000038956, "meanBTRelativeChangeRootNode": 0, "NumberOfBoundFactorConstraints": 906, "NumberOfLAPACKConvergenceFailures": 0, "NumberOfRLTVariablesAfterLinearization": 299}