{"Itbt": 0, "Pace": 0.0209213, "Depth": 14, "Degree": 7, "RPSTime": 5.05597, "FBBTTime": 0, "OBBTTime": 0, "TotalTime": 23.0745, "Iterations": 129, "LinearTime": 3.01891, "LowerBound": 349.582, "TimeVector": [0.395853, 0.575414, 0.749219, 0.93002, 1.10909, 1.2928, 1.47201, 1.63566, 1.80185, 1.96847, 2.13817, 2.30658, 2.45987, 2.63685, 2.79589, 2.97858, 3.14321, 3.30835, 3.48696, 3.65443, 3.83576, 4.00057, 4.16719, 4.33724, 4.4982, 4.68631, 4.84474, 5.02125, 5.1815, 5.34495, 5.48971, 5.67329, 5.84471, 6.00406, 6.16581, 6.34357, 6.50639, 6.67277, 6.83311, 7.00384, 7.15978, 7.32406, 7.46754, 7.62412, 7.80657, 7.98294, 8.14966, 8.31265, 8.49795, 8.65938, 8.82646, 9.00019, 9.16787, 9.34581, 9.5179, 9.68268, 9.84739, 10.0053, 10.1707, 10.3448, 10.5143, 10.6981, 10.8673, 11.0337, 11.1995, 11.3729, 11.5451, 11.7222, 11.8708, 12.0348, 12.2127, 12.37, 12.5635, 12.7162, 12.89, 13.0648, 13.22, 13.3862, 13.6653, 13.8415, 14.0107, 14.1922, 14.3575, 14.5264, 14.695, 14.8907, 15.0544, 15.2158, 15.3888, 15.5602, 15.7471, 15.8926, 16.1181, 16.3046, 16.4754, 16.784, 16.9604, 17.1203, 17.2918, 17.4543, 17.6428, 17.8111, 17.9798, 18.1885, 18.6275, 18.8077, 18.9941, 19.1787, 19.3636, 19.5392, 19.7244, 19.8937, 20.0799, 20.2589, 20.4458, 20.628, 20.8046, 20.9937, 21.1837, 21.3628, 21.551, 21.7385, 21.9184, 22.0977, 22.2991, 22.5092, 22.6981, 22.9009, 45.9754], "UpperBound": 349.925, "rootBTTime": 0, "LowerBounds": {"1": 152.374, "2": 191.977, "3": 210.473, "4": 248.448, "5": 249.789, "6": 251.377, "7": 275.911, "8": 276.949, "9": 279.567, "10": 283.857, "11": 285.584, "12": 288.538, "13": 298.406, "14": 302.512, "15": 311.082, "16": 311.588, "17": 313.774, "18": 316.173, "19": 317.551, "20": 322.588, "21": 322.598, "22": 323.453, "23": 323.587, "24": 324.919, "25": 326.163, "26": 326.525, "27": 327.067, "28": 327.158, "29": 328.888, "30": 329.323, "31": 331.215, "32": 333.022, "33": 333.241, "34": 333.579, "35": 334.123, "36": 335.619, "37": 335.887, "38": 336.45, "39": 336.467, "40": 337.034, "41": 337.721, "42": 337.754, "43": 337.771, "44": 337.96, "45": 338.113, "46": 340.372, "47": 341.543, "48": 341.806, "49": 341.823, "50": 342.09, "51": 342.24, "52": 343.386, "53": 343.522, "54": 343.829, "55": 343.869, "56": 343.901, "57": 344.058, "58": 344.409, "59": 344.461, "60": 344.676, "61": 344.772, "62": 345.001, "63": 345.048, "64": 345.412, "65": 345.664, "66": 345.682, "67": 345.763, "68": 345.921, "69": 346.073, "70": 346.137, "71": 346.141, "72": 346.507, "73": 346.582, "74": 346.781, "75": 347.028, "76": 347.147, "77": 347.183, "78": 347.249, "79": 347.269, "80": 347.333, "81": 347.451, "82": 347.589, "83": 347.619, "84": 347.79, "85": 347.817, "86": 347.886, "87": 347.892, "88": 347.914, "89": 348.057, "90": 348.062, "91": 348.124, "92": 348.231, "93": 348.253, "94": 348.31, "95": 348.368, "96": 348.404, "97": 348.552, "98": 348.588, "99": 348.609, "100": 348.683, "101": 348.7, "102": 348.811, "103": 348.982, "104": 349.026, "105": 349.036, "106": 349.11, "107": 349.131, "109": 349.138, "110": 349.161, "111": 349.194, "112": 349.219, "113": 349.221, "114": 349.232, "115": 349.262, "116": 349.369, "117": 349.37, "118": 349.388, "119": 349.407, "120": 349.408, "121": 349.422, "122": 349.427, "123": 349.434, "124": 349.443, "125": 349.512, "126": 349.532, "127": 349.538, "128": 349.565, "129": 349.582}, "SolveResult": 0, "UpperBounds": {"1": 349.925}, "MaxQueueSize": 26, "VisitedNodes": 259, "BranchingVars": [2, 0, 0, 1, 1, 1, 2, 1, 4, 4, 4, 3, 4, 3, 0, 2, 1, 1, 3, 4, 3, 0, 3, 4, 1, 0, 0, 2, 3, 0, 4, 1, 0, 3, 4, 2, 2, 2, 1, 0, 4, 1, 0, 0, 3, 3, 1, 0, 2, 1, 2, 2, 2, 4, 2, 2, 1, 1, 1, 4, 3, 1, 1, 4, 2, 4, 0, 2, 4, 3, 3, 3, 4, 0, 3, 1, 4, 1, 4, 2, 2, 4, 4, 2, 3, 3, 3, 3, 0, 3, 3, 2, 0, 4, 2, 1, 3, 1, 2, 0, 1, 0, 3, 0, 0, 3, 3, 2, 3, 0, 2, 1, 0, 4, 3, 2, 1, 2, 2, 4, 2, 2, 4, 0, 0, 3, 2, 4, 4], "NonLinearTime": 0.257165, "OptimalityGap": 0.342658, "BranchingRules": ["sum_dual_weighted_plus1_rel", "sum_dual_weighted_plus1_rel", "sum_dual_weighted_plus1_rel", "sum_dual_weighted_plus1_rel", "sum_dual_weighted_plus1_rel", "sum_dual_weighted_plus1_rel", "sum_dual_weighted_plus1_rel", "sum_dual_weighted_plus1_rel", "sum_dual_weighted_plus1_rel", "sum_dual_weighted_plus1_rel", "sum_dual_weighted_plus1_rel", "sum_dual_weighted_plus1_rel", "sum_dual_weighted_plus1_rel", "sum_dual_weighted_plus1_rel", "sum_dual_weighted_plus1_rel", "sum_dual_weighted_plus1_rel", "sum_dual_weighted_plus1_rel", "sum_dual_weighted_plus1_rel", "sum_dual_weighted_plus1_rel", "sum_dual_weighted_plus1_rel", "sum_dual_weighted_plus1_rel", "sum_dual_weighted_plus1_rel", "sum_dual_weighted_plus1_rel", "sum_dual_weighted_plus1_rel", "sum_dual_weighted_plus1_rel", "sum_dual_weighted_plus1_rel", "sum_dual_weighted_plus1_rel", "sum_dual_weighted_plus1_rel", "sum_dual_weighted_plus1_rel", "sum_dual_weighted_plus1_rel", "sum_dual_weighted_plus1_rel", "sum_dual_weighted_plus1_rel", "sum_dual_weighted_plus1_rel", "sum_dual_weighted_plus1_rel", "sum_dual_weighted_plus1_rel", "sum_dual_weighted_plus1_rel", "sum_dual_weighted_plus1_rel", "sum_dual_weighted_plus1_rel", "sum_dual_weighted_plus1_rel", "sum_dual_weighted_plus1_rel", "sum_dual_weighted_plus1_rel", "sum_dual_weighted_plus1_rel", "sum_dual_weighted_plus1_rel", "sum_dual_weighted_plus1_rel", "sum_dual_weighted_plus1_rel", "sum_dual_weighted_plus1_rel", "sum_dual_weighted_plus1_rel", "sum_dual_weighted_plus1_rel", "sum_dual_weighted_plus1_rel", "sum_dual_weighted_plus1_rel", "sum_dual_weighted_plus1_rel", "sum_dual_weighted_plus1_rel", "sum_dual_weighted_plus1_rel", "sum_dual_weighted_plus1_rel", "sum_dual_weighted_plus1_rel", "sum_dual_weighted_plus1_rel", "sum_dual_weighted_plus1_rel", "sum_dual_weighted_plus1_rel", "sum_dual_weighted_plus1_rel", "sum_dual_weighted_plus1_rel", "sum_dual_weighted_plus1_rel", "sum_dual_weighted_plus1_rel", "sum_dual_weighted_plus1_rel", "sum_dual_weighted_plus1_rel", "sum_dual_weighted_plus1_rel", "sum_dual_weighted_plus1_rel", "sum_dual_weighted_plus1_rel", "sum_dual_weighted_plus1_rel", "sum_dual_weighted_plus1_rel", "sum_dual_weighted_plus1_rel", "sum_dual_weighted_plus1_rel", "sum_dual_weighted_plus1_rel", "sum_dual_weighted_plus1_rel", "sum_dual_weighted_plus1_rel", "sum_dual_weighted_plus1_rel", "sum_dual_weighted_plus1_rel", "sum_dual_weighted_plus1_rel", "sum_dual_weighted_plus1_rel", "sum_dual_weighted_plus1_rel", "sum_dual_weighted_plus1_rel", "sum_dual_weighted_plus1_rel", "sum_dual_weighted_plus1_rel", "sum_dual_weighted_plus1_rel", "sum_dual_weighted_plus1_rel", "sum_dual_weighted_plus1_rel", "sum_dual_weighted_plus1_rel", "sum_dual_weighted_plus1_rel", "sum_dual_weighted_plus1_rel", "sum_dual_weighted_plus1_rel", "sum_dual_weighted_plus1_rel", "sum_dual_weighted_plus1_rel", "sum_dual_weighted_plus1_rel", "sum_dual_weighted_plus1_rel", "sum_dual_weighted_plus1_rel", "sum_dual_weighted_plus1_rel", "sum_dual_weighted_plus1_rel", "sum_dual_weighted_plus1_rel", "sum_dual_weighted_plus1_rel", "sum_dual_weighted_plus1_rel", "sum_dual_weighted_plus1_rel", "sum_dual_weighted_plus1_rel", "sum_dual_weighted_plus1_rel", "sum_dual_weighted_plus1_rel", "sum_dual_weighted_plus1_rel", "sum_dual_weighted_plus1_rel", "sum_dual_weighted_plus1_rel", "sum_dual_weighted_plus1_rel", "sum_dual_weighted_plus1_rel", "sum_dual_weighted_plus1_rel", "sum_dual_weighted_plus1_rel", "sum_dual_weighted_plus1_rel", "sum_dual_weighted_plus1_rel", "sum_dual_weighted_plus1_rel", "sum_dual_weighted_plus1_rel", "sum_dual_weighted_plus1_rel", "sum_dual_weighted_plus1_rel", "sum_dual_weighted_plus1_rel", "sum_dual_weighted_plus1_rel", "sum_dual_weighted_plus1_rel", "sum_dual_weighted_plus1_rel", "sum_dual_weighted_plus1_rel", "sum_dual_weighted_plus1_rel", "sum_dual_weighted_plus1_rel", "sum_dual_weighted_plus1_rel", "sum_dual_weighted_plus1_rel", "sum_dual_weighted_plus1_rel", "sum_dual_weighted_plus1_rel", "sum_dual_weighted_plus1_rel", "sum_dual_weighted_plus1_rel"],