{"Itbt": 0, "Pace": 5.28483, "Depth": 14, "Degree": 2, "RPSTime": 0.924182, "FBBTTime": 0, "OBBTTime": 0, "TotalTime": 4.83988, "Iterations": 291, "LinearTime": 0.538042, "LowerBound": 0.199602, "TimeVector": [0.0679643, 0.148387, 0.197501, 0.230987, 0.275212, 0.290421, 0.302953, 0.374845, 0.387916, 0.404383, 0.420334, 0.43535, 0.451208, 0.463745, 0.47649, 0.515352, 0.531505, 0.544736, 0.557968, 0.574516, 0.589939, 0.605912, 0.621624, 0.635979, 0.648539, 0.661464, 0.67418, 0.687169, 0.703516, 0.716586, 0.729683, 0.77712, 0.790406, 0.803845, 0.821005, 0.832396, 0.847914, 0.86202, 0.87807, 0.893942, 0.908431, 0.922504, 0.934951, 0.947855, 0.96078, 0.973984, 0.986748, 0.999832, 1.01309, 1.02608, 1.04429, 1.06085, 1.07435, 1.08787, 1.10092, 1.11421, 1.12722, 1.1404, 1.15389, 1.16752, 1.18096, 1.19823, 1.21004, 1.25464, 1.27039, 1.28468, 1.29981, 1.31445, 1.32904, 1.34673, 1.36316, 1.37561, 1.3886, 1.40174, 1.41701, 1.43041, 1.4438, 1.45717, 1.47051, 1.48195, 1.49514, 1.50832, 1.52145, 1.53463, 1.5479, 1.56102, 1.57425, 1.59297, 1.61019, 1.62656, 1.64092, 1.65515, 1.66979, 1.68368, 1.69662, 1.71041, 1.72367, 1.7377, 1.75108, 1.76461, 1.77811, 1.79197, 1.8054, 1.81837, 1.83136, 1.84481, 1.8625, 1.87454, 1.88979, 1.90518, 1.92052, 1.93647, 1.95191, 1.96759, 1.98145, 1.99508, 2.00787, 2.02183, 2.04082, 2.05953, 2.0781, 2.09088, 2.10434, 2.11812, 2.12986, 2.14234, 2.15418, 2.19764, 2.21347, 2.22904, 2.24086, 2.25346, 2.26747, 2.2808, 2.29589, 2.30923, 2.32449, 2.33916, 2.35306, 2.36703, 2.38094, 2.3958, 2.40964, 2.42383, 2.43786, 2.4528, 2.4686, 2.48243, 2.49627, 2.51024, 2.52409, 2.54361, 2.56155, 2.5796, 2.59752, 2.61408, 2.62888, 2.64363, 2.6582, 2.6731, 2.68886, 2.70417, 2.71945, 2.73403, 2.74765, 2.76116, 2.77617, 2.79157, 2.80614, 2.82101, 2.83458, 2.84824, 2.86194, 2.87563, 2.88936, 2.90297, 2.91656, 2.92997, 2.94361, 2.95751, 2.97153, 2.98527, 2.99915, 3.01417, 3.03167, 3.04799, 3.06421, 3.07755, 3.09452, 3.10754, 3.12389, 3.1397, 3.15748, 3.17538, 3.19306, 3.21057, 3.2301, 3.24959, 3.26877, 3.2883, 3.30767, 3.32716, 3.34273, 3.35832, 3.37399, 3.38608, 3.39941, 3.41523, 3.43055, 3.44281, 3.45792, 3.47301, 3.48681, 3.5063, 3.52363, 3.54321, 3.56009, 3.57577, 3.59139, 3.60693, 3.6219, 3.63695, 3.65232, 3.6665, 3.6812, 3.6953, 3.704, 3.72272, 3.74069, 3.75954, 3.77818, 3.79829, 3.81729, 3.83541, 3.85703, 3.87615, 3.89599, 3.91633, 3.93644, 3.95582, 3.97276, 3.98957, 4.00623, 4.02256, 4.03875, 4.05466, 4.07091, 4.08702, 4.10335, 4.12199, 4.14085, 4.15981, 4.17695, 4.19703, 4.2156, 4.2488, 4.26941, 4.28813, 4.30569, 4.32519, 4.34583, 4.36573, 4.38599, 4.40084, 4.41756, 4.43454, 4.45, 4.46317, 4.47745, 4.49118, 4.5054, 4.52631, 4.54317, 4.56069, 4.57343, 4.58812, 4.60169, 4.61659, 4.63483, 4.65046, 4.67044, 4.68784, 4.7039, 4.72269, 4.74041, 4.75122, 4.77167, 4.78738, 4.79998, 4.81212, 9.652], "UpperBound": 0.199602, "rootBTTime": 0, "LowerBounds": {"1": 0, "286": 0.0341464, "287": 0.044758, "288": 0.173186, "291": 0.199602}, "SolveResult": 0, "UpperBounds": {"1": 0.199602}, "MaxQueueSize": 82, "VisitedNodes": 583, "BranchingVars": [12, 11, 9, 10, 10, 8, 4, 8, 8, 17, 11, 18, 9, 5, 5, 9, 9, 4, 4, 8, 10, 10, 4, 18, 6, 6, 6, 8, 5, 8, 5, 18, 5, 5, 4, 9, 18, 17, 18, 11, 6, 5, 7, 7, 7, 8, 7, 8, 6, 6, 18, 4, 4, 4, 6, 18, 9, 6, 6, 6, 6, 5, 9, 4, 17, 18, 10, 5, 12, 10, 6, 8, 8, 8, 8, 8, 8, 18, 7, 10, 8, 7, 7, 7, 18, 7, 7, 17, 6, 6, 5, 5, 5, 5, 7, 18, 9, 5, 7, 7, 7, 7, 7, 9, 9, 9, 9, 9, 9, 10, 10, 8, 18, 18, 10, 10, 10, 10, 9, 1, 10, 10, 17, 17, 10, 18, 10, 18, 10, 10, 10, 18, 18, 18, 10, 18, 18, 18, 18, 18, 18, 17, 18, 18, 18, 17, 17, 18, 18, 18, 18, 18, 9, 9, 10, 18, 6, 6, 18, 18, 18, 18, 18, 18, 18, 18, 17, 17, 18, 18, 18, 18, 18, 18, 18, 18, 18, 18, 18, 18, 18, 18, 18, 18, 17, 18, 18, 18, 18, 18, 18, 17, 10, 10, 18, 18, 11, 1, 18, 11, 11, 11, 10, 18, 18, 10, 18, 18, 17, 10, 17, 17, 17, 18, 18, 18, 18, 18, 9, 18, 18, 18, 18, 17, 17, 17, 9, 11, 11, 18, 11, 10, 10, 17, 18, 17, 2, 17, 18, 18, 11, 10, 11, 11, 18, 18, 18, 18, 18, 18, 18, 18, 18, 18, 18, 18, 18, 18, 17, 18, 17, 17, 17, 18, 18, 11, 18, 17, 17, 17, 17, 17, 4, 4, 4, 18, 4, 18, 18, 17, 18, 5, 18, 18, 18, 17, 10, 12, 9, 9, 17], "NonLinearTime": 0.395988, "OptimalityGap": 0.00000000363636,