{"Itbt": 0, "Pace": 0.434602, "Depth": 22, "Degree": 2, "RPSTime": 0.213081, "FBBTTime": 0, "OBBTTime": 0, "TotalTime": 1.40567, "Iterations": 124, "LinearTime": 0.288704, "LowerBound": 1.37449, "TimeVector": [0.338236, 0.366819, 0.397722, 0.415748, 0.444318, 0.451755, 0.458931, 0.476474, 0.484233, 0.490797, 0.498292, 0.506467, 0.514061, 0.520121, 0.528104, 0.548119, 0.556345, 0.564942, 0.572599, 0.57859, 0.586444, 0.594677, 0.602474, 0.610668, 0.618732, 0.624657, 0.633123, 0.640305, 0.648283, 0.655494, 0.663916, 0.682238, 0.690873, 0.698942, 0.706582, 0.715091, 0.723659, 0.732312, 0.739929, 0.748278, 0.755875, 0.763445, 0.770088, 0.777907, 0.785156, 0.793116, 0.80112, 0.808152, 0.815153, 0.823165, 0.831311, 0.839307, 0.847867, 0.855636, 0.86332, 0.87166, 0.879595, 0.88732, 0.895366, 0.903145, 0.910545, 0.918819, 0.926094, 0.942772, 0.950497, 0.958838, 0.966619, 0.974146, 0.982157, 0.989842, 0.997348, 1.00521, 1.01315, 1.02095, 1.02889, 1.03675, 1.04468, 1.05155, 1.05903, 1.06668, 1.07384, 1.08151, 1.08935, 1.09677, 1.10474, 1.11252, 1.12041, 1.12799, 1.13594, 1.14271, 1.14995, 1.15748, 1.16447, 1.17241, 1.18018, 1.18816, 1.19599, 1.2034, 1.21123, 1.21866, 1.22715, 1.23481, 1.24193, 1.24917, 1.25667, 1.26401, 1.27211, 1.27955, 1.287, 1.29457, 1.30199, 1.3086, 1.31609, 1.3236, 1.33088, 1.33845, 1.34567, 1.3525, 1.35913, 1.36656, 1.374, 1.38145, 1.38953, 2.7952], "UpperBound": 1.37586, "rootBTTime": 0, "LowerBounds": {"1": 0, "28": 0.12013, "29": 0.13493, "30": 0.139003, "31": 0.191639, "32": 0.192577, "33": 0.198918, "34": 0.207909, "35": 0.397056, "36": 0.411457, "37": 0.425028, "38": 0.479073, "39": 0.49353, "40": 0.575688, "41": 0.592056, "42": 0.631452, "43": 0.631452, "44": 0.70583, "45": 0.763442, "46": 0.786278, "47": 0.796432, "48": 0.798232, "49": 0.804028, "50": 0.808043, "51": 0.89824, "52": 0.943466, "53": 0.952505, "54": 0.959761, "55": 0.963397, "56": 0.991036, "57": 1.0013, "58": 1.02792, "59": 1.06112, "60": 1.07899, "61": 1.0888, "62": 1.09557, "63": 1.11114, "64": 1.11346, "65": 1.1531, "66": 1.19016, "67": 1.19274, "68": 1.19274, "69": 1.20564, "70": 1.2109, "71": 1.24013, "72": 1.25996, "73": 1.27339, "74": 1.28179, "76": 1.29313, "77": 1.29478, "78": 1.30191, "79": 1.30643, "80": 1.31195, "81": 1.3173, "82": 1.31863, "83": 1.32038, "84": 1.32078, "85": 1.32419, "86": 1.3349, "87": 1.33519, "88": 1.33658, "89": 1.3405, "90": 1.34221, "92": 1.34615, "93": 1.34621, "94": 1.34632, "95": 1.34963, "96": 1.35508, "97": 1.35698, "98": 1.3621, "99": 1.3631, "102": 1.36364, "103": 1.36377, "104": 1.36413, "105": 1.36416, "107": 1.36501, "108": 1.36627, "109": 1.36672, "110": 1.36672, "111": 1.36678, "112": 1.36701, "113": 1.36742, "114": 1.36957, "115": 1.37014, "116": 1.37134, "117": 1.37156, "118": 1.37168, "120": 1.37184, "121": 1.37323, "122": 1.37402, "123": 1.37417, "124": 1.37449}, "SolveResult": 0, "UpperBounds": {"1": 1.37586}, "MaxQueueSize": 21, "VisitedNodes": 249, "BranchingVars": [7, 0, 6, 2, 2, 0, 0, 4, 1, 1, 2, 2, 5, 3, 4, 4, 3, 4, 4, 5, 5, 3, 5, 3, 2, 2, 5, 3, 3, 3, 4, 7, 3, 3, 7, 5, 5, 5, 5, 1, 4, 4, 3, 3, 3, 4, 4, 1, 1, 4, 4, 3, 4, 2, 2, 4, 4, 2, 3, 1, 7, 2, 2, 1, 4, 1, 3, 3, 0, 6, 5, 4, 2, 4, 4, 2, 1, 2, 1, 4, 2, 2, 4, 6, 5, 6, 7, 3, 3, 3, 3, 3, 2, 4, 2, 2, 5, 4, 2, 2, 2, 3, 4, 3, 4, 4, 1, 4, 4, 4, 2, 4, 4, 1, 4, 4, 4, 4, 4, 2, 4, 6, 5, 5], "NonLinearTime": 0.276378, "OptimalityGap": 0.00136192, "BranchingRules": ["sum_rescaled_var_range_weighted_rel", "sum_rescaled_var_range_weighted_rel", "sum_rescaled_var_range_weighted_rel", "sum_rescaled_var_range_weighted_rel", "sum_rescaled_var_range_weighted_rel", "sum_rescaled_var_range_weighted_rel", "sum_rescaled_var_range_weighted_rel", "sum_rescaled_var_range_weighted_rel", "sum_rescaled_var_range_weighted_rel", "sum_rescaled_var_range_weighted_rel", "sum_rescaled_var_range_weighted_rel", "sum_rescaled_var_range_weighted_rel", "sum_rescaled_var_range_weighted_rel", "sum_rescaled_var_range_weighted_rel", "sum_rescaled_var_range_weighted_rel", "sum_rescaled_var_range_weighted_rel", "sum_rescaled_var_range_weighted_rel", "sum_rescaled_var_range_weighted_rel", "eigen_cen_alternative", "sum_rescaled_var_range_weighted_rel", "sum_rescaled_var_range_weighted_rel", "sum_rescaled_var_range_weighted_rel", "sum_rescaled_var_range_weighted_rel", "sum_rescaled_var_range_weighted_rel", "sum_rescaled_var_range_weighted_rel", "sum_rescaled_var_range_weighted_rel", "sum_rescaled_var_range_weighted_rel", "sum_rescaled_var_range_weighted_rel", "sum_rescaled_var_range_weighted_rel", "sum_rescaled_var_range_weighted_rel", "sum_rescaled_var_range_weighted_rel", "eigen_cen_alternative", "sum_dual_weighted_plus1", "sum_rescaled_var_range_weighted_rel", "eigen_cen_alternative", "sum_rescaled_var_range_weighted_rel", "sum_rescaled_var_range_weighted_rel", "sum_rescaled_var_range_weighted_rel", "sum_rescaled_var_range_weighted_rel", "sum_dual_weighted_plus1", "sum_dual_weighted_plus1", "eigen_cen_alternative", "sum_rescaled_var_range_weighted_rel", "sum_rescaled_var_range_weighted_rel", "sum_rescaled_var_range_weighted_rel", "sum_dual_weighted_plus1", "eigen_cen_alternative", "sum_rescaled_var_range_weighted_rel", "sum_rescaled_var_range_weighted_rel", "eigen_cen_alternative", "sum_dual_weighted_plus1", "sum_rescaled_var_range_weighted_rel", "sum_rescaled_var_range_weighted_rel", "eigen_cen_alternative", "eigen_cen_alternative", "sum_rescaled_var_range_weighted_rel", "sum_rescaled_var_range_weighted_rel", "eigen_cen_alternative", "sum_rescaled_var_range_weighted_rel", "sum_rescaled_var_range_weighted_rel", "eigen_cen_alternative", "sum_rescaled_var_range_weighted_rel", "sum_rescaled_var_range_weighted_rel", "sum_rescaled_var_range_weighted_rel", "eigen_cen_alternative", "sum_rescaled_var_range_weighted_rel", "sum_rescaled_var_range_weighted_rel", "sum_rescaled_var_range_weighted_rel", "sum_rescaled_var_range_weighted_rel", "sum_rescaled_var_range_weighted_rel", "sum_rescaled_var_range_weighted_rel", "sum_dual_weighted_plus1", "sum_dual_weighted_plus1", "sum_dual_weighted_plus1", "sum_dual_weighted_plus1", "sum_dual_weighted_plus1", "sum_rescaled_var_range_weighted_rel", "sum_rescaled_var_range_weighted_rel", "sum_rescaled_var_range_weighted_rel", "sum_rescaled_var_range_weighted_rel", "sum_dual_weighted_plus1", "sum_dual_weighted_plus1", "eigen_cen_alternative", "sum_rescaled_var_range_weighted_rel", "sum_rescaled_var_range_weighted_rel", "sum_rescaled_var_range_weighted_rel", "sum_rescaled_var_range_weighted_rel", "sum_dual_weighted_plus1", "sum_rescaled_var_range_weighted_rel", "sum_rescaled_var_range_weighted_rel", "sum_rescaled_var_range_weighted_rel", "sum_rescaled_var_range_weighted_rel", "sum_dual_weighted_plus1", "sum_dual_weighted_plus1", "eigen_cen_alternative", "sum_dual_weighted_plus1", "sum_rescaled_var_range_weighted_rel", "sum_rescaled_var_range_weighted_rel", "sum_dual_weighted_plus1", "sum_dual_weighted_plus1", "sum_dual_weighted_plus1", "sum_rescaled_var_range_weighted_rel", "sum_dual_weighted_plus1", "sum_rescaled_var_range_weighted_rel", "sum_dual_weighted_plus1", "sum_dual_weighted_plus1", "sum_rescaled_var_range_weighted_rel", "sum_dual_weighted_plus1", "sum_rescaled_var_range_weighted_rel", "sum_rescaled_var_range_weighted_rel", "sum_dual_weighted_plus1", "sum_rescaled_var_range_weighted_rel", "sum_dual_weighted_plus1", "sum_rescaled_var_range_weighted_rel", "sum_rescaled_var_range_weighted_rel", "sum_rescaled_var_range_weighted", "sum_rescaled_var_range_weighted_rel", "sum_rescaled_var_range_weighted_rel", "sum_rescaled_var_range_weighted_rel", "sum_dual_weighted_plus1", "sum_dual_weighted_plus1_rel", "sum_rescaled_var_range_weighted_rel", "sum_rescaled_var_range_weighted_rel", "sum_rescaled_var_range_weighted_rel"],