{"Itbt": 0, "Pace": 0.0187867, "Depth": 12, "Degree": 3, "RPSTime": 0.397275, "FBBTTime": 0, "OBBTTime": 0, "TotalTime": 2.89981, "Iterations": 66, "LinearTime": 0.327298, "LowerBound": 35.3847, "TimeVector": [0.372907, 0.419338, 0.466522, 0.511744, 0.557967, 0.593914, 0.630791, 0.676697, 0.71414, 0.750765, 0.78554, 0.824008, 0.859215, 0.897105, 0.934438, 0.982411, 1.0198, 1.05489, 1.09457, 1.13353, 1.17306, 1.21, 1.24633, 1.283, 1.31924, 1.35808, 1.39285, 1.43131, 1.46788, 1.50525, 1.54346, 1.59012, 1.62709, 1.66481, 1.70463, 1.74454, 1.78222, 1.82074, 1.85816, 1.8963, 1.93181, 1.9712, 2.00819, 2.04631, 2.08478, 2.1222, 2.15882, 2.19713, 2.23782, 2.27556, 2.31384, 2.34936, 2.38678, 2.42314, 2.45957, 2.49847, 2.53715, 2.57586, 2.6132, 2.65276, 2.6886, 2.72763, 2.76572, 2.81436, 2.8538, 5.75362], "UpperBound": 35.4199, "rootBTTime": 0, "LowerBounds": {"1": 5.20959, "2": 18.4683, "3": 21.8087, "4": 24.3066, "5": 24.3563, "6": 28.8424, "7": 29.4984, "8": 29.5888, "9": 29.659, "10": 29.6743, "11": 29.7704, "12": 32.8654, "13": 32.9833, "14": 34.1735, "15": 34.181, "16": 34.2036, "17": 34.2686, "18": 34.3299, "19": 34.4802, "20": 34.5323, "21": 34.564, "22": 34.5837, "23": 34.7081, "24": 34.7208, "25": 34.8131, "26": 34.8972, "27": 34.9166, "28": 34.9345, "29": 34.9466, "30": 34.9549, "31": 34.9601, "32": 34.9807, "33": 34.9837, "34": 35.0202, "35": 35.0345, "36": 35.0374, "37": 35.1463, "38": 35.1514, "39": 35.1832, "40": 35.1866, "41": 35.1907, "42": 35.2072, "43": 35.2074, "44": 35.2199, "45": 35.2256, "46": 35.2385, "47": 35.2435, "48": 35.2447, "49": 35.2472, "50": 35.2476, "51": 35.2504, "52": 35.2557, "53": 35.2723, "54": 35.2901, "55": 35.2928, "56": 35.2939, "57": 35.3068, "58": 35.3343, "59": 35.3347, "60": 35.3639, "61": 35.3641, "62": 35.3649, "63": 35.3661, "64": 35.3678, "65": 35.3786, "66": 35.3847}, "SolveResult": 0, "UpperBounds": {"1": 35.4199}, "MaxQueueSize": 19, "VisitedNodes": 133, "BranchingVars": [1, 9, 9, 4, 4, 0, 0, 0, 0, 0, 0, 1, 0, 8, 5, 0, 5, 1, 3, 1, 1, 5, 9, 3, 0, 9, 9, 5, 8, 8, 5, 4, 8, 0, 8, 4, 5, 4, 9, 0, 0, 8, 8, 4, 8, 4, 0, 0, 5, 8, 4, 5, 5, 9, 0, 9, 8, 5, 5, 0, 4, 8, 1, 0, 1, 0], "NonLinearTime": 0.211809, "OptimalityGap": 0.0351546, "BranchingRules": ["sum_dual_weighted_plus1_rel", "sum_dual_weighted_plus1_rel", "sum_dual_weighted_plus1_rel", "sum_dual_weighted_plus1_rel", "sum_dual_weighted_plus1_rel", "sum_dual_weighted_plus1_rel", "sum_dual_weighted_plus1_rel", "sum_dual_weighted_plus1_rel", "sum_dual_weighted_plus1_rel", "sum_dual_weighted_plus1_rel", "sum_dual_weighted_plus1_rel", "sum_dual_weighted_plus1_rel", "sum_dual_weighted_plus1_rel", "sum_dual_weighted_plus1_rel", "sum_dual_weighted_plus1_rel", "sum_dual_weighted_plus1_rel", "sum_dual_weighted_plus1_rel", "sum_dual_weighted_plus1_rel", "sum_dual_weighted_plus1_rel", "sum_dual_weighted_plus1_rel", "sum_dual_weighted_plus1_rel", "sum_dual_weighted_plus1_rel", "sum_dual_weighted_plus1_rel", "sum_dual_weighted_plus1_rel", "sum_dual_weighted_plus1_rel", "sum_dual_weighted_plus1_rel", "sum_dual_weighted_plus1_rel", "sum_dual_weighted_plus1_rel", "sum_dual_weighted_plus1_rel", "sum_dual_weighted_plus1_rel", "sum_dual_weighted_plus1_rel", "sum_dual_weighted_plus1_rel", "sum_dual_weighted_plus1_rel", "sum_dual_weighted_plus1_rel", "sum_dual_weighted_plus1_rel", "sum_dual_weighted_plus1_rel", "sum_dual_weighted_plus1_rel", "sum_dual_weighted_plus1_rel", "sum_dual_weighted_plus1_rel", "sum_dual_weighted_plus1_rel", "sum_dual_weighted_plus1_rel", "sum_dual_weighted_plus1_rel", "sum_dual_weighted_plus1_rel", "sum_dual_weighted_plus1_rel", "sum_dual_weighted_plus1_rel", "sum_dual_weighted_plus1_rel", "sum_dual_weighted_plus1_rel", "sum_dual_weighted_plus1_rel", "sum_dual_weighted_plus1_rel", "sum_dual_weighted_plus1_rel", "sum_dual_weighted_plus1_rel", "sum_dual_weighted_plus1_rel", "sum_dual_weighted_plus1_rel", "sum_dual_weighted_plus1_rel", "sum_dual_weighted_plus1_rel", "sum_dual_weighted_plus1_rel", "sum_dual_weighted_plus1_rel", "sum_dual_weighted_plus1_rel", "sum_dual_weighted_plus1_rel", "sum_dual_weighted_plus1_rel", "sum_dual_weighted_plus1_rel", "sum_dual_weighted_plus1_rel", "sum_dual_weighted_plus1_rel", "sum_dual_weighted_plus1_rel", "sum_dual_weighted_plus1_rel", "sum_dual_weighted_plus1_rel"], "LBImprovements": [13.2587, 5.83833, 7.03367, 5.28218, 5.14211, 8.46136, 3.36697, 4.59215, 6.64631, 4.49921, 3.21288, 1.6148, 1.2204, 0.639628, 0.765623, 0.32865, 1.1155, 0.378226, 3.0641, 0.364882, 0.370546, 1.79593, 0.272541, 1.20686, 1.11412, 0.13734, 0.269972, 0.272647, 0.789082, 0.191452, 0.26548, 0.262862, 0.199507, 0.493587, 0.116831, 0.209795, 0.143799, 0.233355, 0.0552933, 0.253674, 0.202073, 0.171404, 0.156716, 0.114406, 0.177254, 0.0553668, 0.150921, 0.151093, 0.168814, 0.150066, 0.159864, 0.169237, 0.175905, 0.169348, 0.241827, 0.0699862, 0.184822, 0.161177, 0.0746777, 0.0447209, 0.297632, 0.0939111, 0.0406768, 0.0363819, 0.100809, 0.291968], "InfeasibleNodes": 0, "ElapsedTimeCoeffs": 0, "LinearizationTime": 0.000101576, "NumberOfVariables": 16, "CallsToLinearSolver": 133, "LinearGenerationTime": 0.0906808, "SDPCutsGenerationTime": 0, "CallsToNonLinearSolver": 10, "StrongBranchingExtraTime": 2.3329, "ElapsedTimeWeightedCoeffs": 0, "NodesDiscardedByFathoming": 0, "NodesDiscardedByTolerance": 67, "BoundFactorConstraintsTime": 0.00458519, "ElapsedTimeVarsInConstraints": 0.000047488, "meanBTRelativeChangeRootNode": 0, "NumberOfBoundFactorConstraints": 38, "NumberOfLAPACKConvergenceFailures": 0, "NumberOfRLTVariablesAfterLinearization": 19}