{"Itbt": 0, "Pace": 0.122661, "Depth": 13, "Degree": 5, "RPSTime": 43.4911, "FBBTTime": 0, "OBBTTime": 0, "TotalTime": 605.853, "Iterations": 217, "LinearTime": 64.1461, "LowerBound": 1266.71, "TimeVector": [3.4539, 6.38836, 9.3019, 12.1127, 14.9877, 18.1154, 21.1528, 24.2512, 27.1063, 29.746, 32.7252, 35.6844, 38.5629, 41.4139, 44.4683, 47.2062, 50.1485, 53.1508, 55.6535, 58.3968, 61.272, 63.9847, 66.873, 69.4457, 72.3234, 75.2713, 78.2068, 81.2247, 84.179, 86.7487, 89.3407, 92.3499, 95.0414, 97.9638, 100.504, 103.023, 105.717, 108.65, 111.688, 114.51, 117.498, 120.201, 122.907, 125.507, 128.302, 130.924, 133.622, 136.364, 139.207, 142.363, 145.12, 148.268, 150.882, 153.72, 156.569, 159.277, 162.349, 165.051, 168.039, 170.869, 173.626, 176.504, 179.33, 182.081, 184.991, 187.735, 190.635, 193.415, 196.339, 199.269, 202.072, 204.86, 207.387, 210.346, 213.05, 215.74, 218.912, 221.691, 224.332, 227.176, 230.075, 232.912, 235.806, 238.31, 240.727, 243.441, 246.398, 248.9, 251.497, 254.224, 257.034, 259.804, 262.477, 265.338, 268.345, 271.054, 273.741, 276.39, 279.053, 281.895, 284.684, 287.549, 290.42, 293.256, 295.972, 299.024, 301.802, 304.629, 307.64, 310.303, 313.049, 315.561, 318.196, 321.136, 323.737, 326.505, 329.382, 332.169, 335.049, 337.601, 340.32, 342.691, 345.646, 348.545, 351.202, 353.897, 356.688, 359.342, 362.259, 365.129, 367.825, 370.344, 373.141, 375.921, 378.813, 382.031, 384.789, 387.714, 390.389, 393.077, 395.914, 398.318, 401.143, 403.952, 406.96, 409.67, 412.375, 415.364, 418.043, 420.87, 423.683, 426.514, 429.11, 432.144, 434.796, 437.534, 440.163, 442.63, 445.279, 447.994, 451.058, 453.772, 456.385, 459.427, 462.37, 465.04, 468.097, 470.858, 473.717, 476.294, 479.407, 482.132, 485.046, 487.526, 489.939, 492.911, 495.572, 498.162, 500.747, 503.38, 506.131, 508.972, 511.969, 514.906, 517.806, 520.851, 523.794, 526.353, 529.576, 532.264, 535.332, 538.359, 540.927, 543.728, 546.365, 549.3, 552.23, 554.908, 557.546, 560.302, 563.09, 565.893, 568.472, 571.171, 573.72, 576.545, 579.135, 581.597, 584.426, 587.413, 590.148, 592.565, 595.085, 597.786, 600.49, 603.218, 616.506], "UpperBound": 1267.97, "rootBTTime": 0, "LowerBounds": {"1": 701.742, "2": 827.834, "3": 835.796, "4": 924.654, "5": 930.592, "6": 935.981, "7": 948.427, "8": 1005.12, "9": 1012.68, "10": 1021.82, "11": 1034.64, "12": 1034.91, "13": 1036.77, "14": 1049.73, "15": 1052.78, "16": 1101.56, "17": 1103.55, "18": 1103.65, "19": 1106.08, "20": 1113.2, "21": 1114.39, "22": 1117.92, "23": 1119.75, "24": 1124.25, "25": 1125.6, "26": 1126.33, "27": 1132.64, "28": 1135.62, "29": 1138.15, "30": 1151.47, "31": 1154.7, "32": 1159.95, "33": 1164.07, "34": 1168.85, "35": 1172.31, "36": 1172.86, "37": 1173.14, "38": 1173.53, "39": 1175.17, "40": 1176.52, "41": 1179.88, "42": 1180.88, "43": 1181.78, "44": 1189.3, "45": 1191.45, "46": 1192.46, "47": 1192.96, "48": 1195.27, "49": 1196, "50": 1198.59, "51": 1200.35, "52": 1201.65, "53": 1202.76, "54": 1203.34, "55": 1203.79, "56": 1204.08, "57": 1204.11, "58": 1206.46, "59": 1206.58, "60": 1207.46, "61": 1211.51, "62": 1212.05, "63": 1214.06, "64": 1215.45, "65": 1215.78, "66": 1218.6, "67": 1222.05, "68": 1222.24, "69": 1223.39, "70": 1223.45, "71": 1224.7, "72": 1225.64, "73": 1225.78, "74": 1226.05, "75": 1226.42, "76": 1228.01, "77": 1228.84, "78": 1228.95, "79": 1229.17, "80": 1229.68, "81": 1230.55, "82": 1232.23, "83": 1232.46, "84": 1232.63, "85": 1232.63, "86": 1235.62, "87": 1235.71, "88": 1235.75, "89": 1236.89, "90": 1237.3, "91": 1239.1, "92": 1239.28, "93": 1239.38, "94": 1239.54, "95": 1240.32, "96": 1240.62, "97": 1241.38, "98": 1241.55, "99": 1241.57, "100": 1241.91, "101": 1241.95, "102": 1242.23, "103": 1242.59, "104": 1242.94, "105": 1242.95, "106": 1243.96, "107": 1244.38, "108": 1245.25, "109": 1246.74, "110": 1246.98, "111": 1248.12, "112": 1248.2, "113": 1248.44, "114": 1249.3, "115": 1249.4, "116": 1249.43, "117": 1249.56, "118": 1249.79, "119": 1251.03, "120": 1251.64, "121": 1251.75, "122": 1251.9, "123": 1252.01, "124": 1252.38, "125": 1252.48, "126": 1252.51, "127": 1252.63, "128": 1252.79, "129": 1252.88, "130": 1253, "131": 1253.01, "132": 1253.69, "133": 1254.15, "134": 1254.28, "135": 1254.78, "136": 1254.85, "137": 1255, "138": 1255.13, "139": 1255.41, "140": 1255.42, "141": 1255.51, "142": 1255.59, "143": 1255.6, "144": 1255.61, "145": 1255.94, "146": 1256, "147": 1256.09, "148": 1256.36, "149": 1256.39, "150": 1257.8, "151": 1257.97, "152": 1258.04, "153": 1258.06, "154": 1258.7, "155": 1258.72, "156": 1259.24, "157": 1259.51, "158": 1259.85, "159": 1260.41, "160": 1260.48, "161": 1260.87, "162": 1262.08, "163": 1262.09, "164": 1262.17, "165": 1262.25, "166": 1262.53, "167": 1262.59, "168": 1262.66, "169": 1262.84, "170": 1262.98, "171": 1263.02, "172": 1263.29, "173": 1263.35, "174": 1263.46, "175": 1263.59, "176": 1263.87, "177": 1263.88, "178": 1263.93, "179": 1264, "180": 1264.15, "181": 1264.32, "182": 1264.41, "183": 1264.47, "184": 1264.59, "185": 1264.66, "186": 1264.68, "187": 1264.75, "188": 1264.9, "189": 1265.05, "190": 1265.1, "191": 1265.12, "192": 1265.23, "193": 1265.23, "194": 1265.28, "195": 1265.34, "196": 1265.39, "197": 1265.4, "198": 1265.45, "199": 1265.61, "200": 1265.66, "201": 1265.95, "202": 1265.96, "203": 1265.99, "204": 1266.2, "205": 1266.21, "206": 1266.21, "207": 1266.22, "208": 1266.22, "209": 1266.25, "210": 1266.39, "211": 1266.47, "212": 1266.49, "213": 1266.51, "214": 1266.55, "215": 1266.6, "216": 1266.63, "217": 1266.71}, "SolveResult": 0, "UpperBounds": {"1": 1267.97}, "MaxQueueSize": 61, "VisitedNodes": 435, "BranchingVars": [3, 7, 7, 6, 6, 0, 6, 6, 5, 0, 0, 5, 0, 6, 5, 1, 1, 0, 4, 4, 0, 5, 4, 4, 0, 4, 1, 2, 5, 5, 4, 5, 4, 1, 5, 2, 2, 5, 4, 5, 4, 3, 5, 5, 1, 5, 5, 1, 5, 0, 1, 1, 0, 3, 3, 5, 1, 4, 1, 7, 2, 1, 2, 2, 4, 4, 1, 6, 7, 3, 7, 3, 4, 7, 2, 1, 4, 0, 7, 3, 2, 4, 1, 7, 7, 1, 2, 1, 1, 1, 4, 0, 2, 0, 5, 0, 0, 1, 1, 0, 0, 0, 0, 5, 0, 2, 6, 0, 1, 0, 0, 1, 2, 0, 0, 5, 5, 0, 0, 1, 1, 0, 1, 4, 1, 0, 2, 5, 5, 2, 1, 2, 1, 1, 1, 4, 2, 2, 5, 1, 1, 1, 4, 0, 6, 1, 1, 6, 0, 6, 4, 6, 5, 3, 1, 1, 2, 6, 2, 7, 7, 4, 0, 2, 6, 7, 1, 6, 5, 6, 4, 6, 2, 6, 7, 7, 7, 2, 7, 5, 6, 1, 1, 6, 2, 5, 1, 6, 4, 7, 2, 1, 6, 5, 4, 1, 3, 4, 7, 7, 4, 7, 4, 4, 4, 4, 4, 4, 6, 2, 2, 1, 4, 7, 2, 5, 2], "NonLinearTime": 0.278694, "OptimalityGap": 1.26573,