{"Itbt": 0, "Pace": 0.0829674, "Depth": 9, "Degree": 5, "RPSTime": 583.916, "FBBTTime": 0, "OBBTTime": 0, "TotalTime": 2677.71, "Iterations": 57, "LinearTime": 222.717, "LowerBound": 36730.4, "TimeVector": [26.4478, 51.7876, 75.1023, 119.01, 143.579, 170.961, 196.865, 222.299, 262.412, 291.196, 349.367, 377.876, 419.23, 465.56, 495.469, 523.075, 549.179, 576.947, 603.167, 639.062, 682.415, 725.487, 795.159, 842.582, 886.769, 936.408, 983.531, 1026.62, 1059.73, 1108.98, 1190.32, 1242.35, 1281.49, 1316.25, 1381.5, 1433.92, 1471.22, 1516.01, 1605.96, 1649.58, 1718.71, 1766.22, 1794.71, 1836.48, 1864.82, 1919.49, 1999.25, 2033.62, 2142.1, 2180.45, 2228.74, 2292.06, 2405.25, 2476.9, 2586.93, 2622.42, 2677.71], "UpperBound": 36765.9, "rootBTTime": 0, "LowerBounds": {"1": 33230.4, "2": 34122.6, "3": 34339.8, "4": 34985.8, "5": 34996.7, "6": 35163, "7": 35500.6, "8": 35516.4, "9": 35536.1, "10": 35601.8, "11": 35729.7, "12": 35883.9, "13": 35954.1, "14": 36005.5, "15": 36007.4, "16": 36038.4, "17": 36043.9, "18": 36095.7, "19": 36100.3, "20": 36139.2, "21": 36253.4, "22": 36261.8, "23": 36306.7, "24": 36309.1, "25": 36354.2, "26": 36356.8, "27": 36368.9, "28": 36394.9, "29": 36403.6, "30": 36497.7, "31": 36510.9, "32": 36522.8, "33": 36550.2, "34": 36552.3, "35": 36553.3, "36": 36554.4, "37": 36587.3, "38": 36625.7, "39": 36628.6, "40": 36629.2, "41": 36630.9, "42": 36643.3, "43": 36651.5, "44": 36666.7, "45": 36667.6, "46": 36671.4, "47": 36673.1, "48": 36683.3, "49": 36685.8, "50": 36692.6, "51": 36703.2, "52": 36707, "53": 36707.2, "54": 36716.8, "55": 36719.1, "56": 36723.2, "57": 36730.4}, "SolveResult": 0, "UpperBounds": {"1": 36765.9}, "MaxQueueSize": 19, "VisitedNodes": 115, "BranchingVars": [2, 3, 7, 5, 3, 7, 5, 5, 3, 0, 3, 0, 0, 1, 4, 0, 7, 7, 0, 4, 4, 4, 1, 1, 2, 4, 0, 4, 0, 4, 1, 0, 5, 5, 1, 0, 4, 7, 1, 0, 7, 0, 5, 1, 0, 1, 3, 5, 5, 7, 2, 2, 3, 3, 3, 3, 3], "NonLinearTime": 1.25646, "OptimalityGap": 35.5776, "BranchingRules": ["sum_dual_weighted_plus1_rel", "sum_dual_weighted_plus1_rel", "sum_dual_weighted_plus1_rel", "sum_dual_weighted_plus1_rel", "sum_dual_weighted_plus1_rel", "sum_dual_weighted_plus1_rel", "sum_dual_weighted_plus1_rel", "sum_dual_weighted_plus1_rel", "sum_dual_weighted_plus1_rel", "sum_dual_weighted_plus1_rel", "sum_dual_weighted_plus1_rel", "sum_dual_weighted_plus1_rel", "sum_dual_weighted_plus1_rel", "sum_dual_weighted_plus1_rel", "sum_dual_weighted_plus1_rel", "sum_dual_weighted_plus1_rel", "sum_dual_weighted_plus1_rel", "sum_dual_weighted_plus1_rel", "sum_dual_weighted_plus1_rel", "sum_dual_weighted_plus1_rel", "sum_dual_weighted_plus1_rel", "sum_dual_weighted_plus1_rel", "sum_dual_weighted_plus1_rel", "sum_dual_weighted_plus1_rel", "sum_dual_weighted_plus1_rel", "sum_dual_weighted_plus1_rel", "sum_dual_weighted_plus1_rel", "sum_dual_weighted_plus1_rel", "sum_dual_weighted_plus1_rel", "sum_dual_weighted_plus1_rel", "sum_dual_weighted_plus1_rel", "sum_dual_weighted_plus1_rel", "sum_dual_weighted_plus1_rel", "sum_dual_weighted_plus1_rel", "sum_dual_weighted_plus1_rel", "sum_dual_weighted_plus1_rel", "sum_dual_weighted_plus1_rel", "sum_dual_weighted_plus1_rel", "sum_dual_weighted_plus1_rel", "sum_dual_weighted_plus1_rel", "sum_dual_weighted_plus1_rel", "sum_dual_weighted_plus1_rel", "sum_dual_weighted_plus1_rel", "sum_dual_weighted_plus1_rel", "sum_dual_weighted_plus1_rel", "sum_dual_weighted_plus1_rel", "sum_dual_weighted_plus1_rel", "sum_dual_weighted_plus1_rel", "sum_dual_weighted_plus1_rel", "sum_dual_weighted_plus1_rel", "sum_dual_weighted_plus1_rel", "sum_dual_weighted_plus1_rel", "sum_dual_weighted_plus1_rel", "sum_dual_weighted_plus1_rel", "sum_dual_weighted_plus1_rel", "sum_dual_weighted_plus1_rel", "sum_dual_weighted_plus1_rel"], "LBImprovements": [892.112, 1040.46, 646.036, 550.323, 519.692, 720.911, 543.36, 490.952, 417.972, 537.386, 577.004, 668.376, 307.645, 363.385, 396.163, 315.814, 717.273, 571.919, 551.198, 358.482, 296.822, 249.181, 247.699, 213.667, 289.13, 196.542, 256.772, 235.909, 319.692, 185.588, 240.727, 105.833, 192.443, 566.125, 235.719, 176.61, 84.1741, 102.949, 57.1732, 229.091, 191.4, 184.474, 445.336, 50.1419, 480.122, 107.796, 444.539, 169.36, 33.346, 109.526, 91.022, 95.6765, 34.0726, 38.4052, 38.1946, 279.803, 64.8026], "InfeasibleNodes": 0, "ElapsedTimeCoeffs": 0, "LinearizationTime": 1.65823, "NumberOfVariables": 8, "CallsToLinearSolver": 115, "LinearGenerationTime": 12.5041, "SDPCutsGenerationTime": 0, "CallsToNonLinearSolver": 9, "StrongBranchingExtraTime": 2387.33, "ElapsedTimeWeightedCoeffs": 0, "NodesDiscardedByFathoming": 0, "NodesDiscardedByTolerance": 58, "BoundFactorConstraintsTime": 60.2691, "ElapsedTimeVarsInConstraints": 0.0007296, "meanBTRelativeChangeRootNode": 0, "NumberOfBoundFactorConstraints": 15504, "NumberOfLAPACKConvergenceFailures": 0, "NumberOfRLTVariablesAfterLinearization": 1278}