{"Itbt": 0, "Pace": 0.024459, "Depth": 11, "Degree": 5, "RPSTime": 0.98606, "FBBTTime": 0, "OBBTTime": 0, "TotalTime": 9.48139, "Iterations": 60, "LinearTime": 1.99165, "LowerBound": 141.153, "TimeVector": [1.50076, 1.63917, 1.77736, 1.91337, 2.04729, 2.17274, 2.30241, 2.43593, 2.57343, 2.69722, 2.81519, 2.9376, 3.06306, 3.18864, 3.30597, 3.78627, 3.91627, 4.04139, 4.15649, 4.2848, 4.39604, 4.51627, 4.63693, 4.773, 4.90372, 5.01396, 5.13736, 5.25695, 5.40341, 5.54395, 5.67017, 5.81589, 5.94364, 6.05924, 6.18541, 6.31165, 6.43712, 6.56462, 6.68901, 6.81497, 6.94998, 7.07748, 7.21433, 7.33861, 7.46641, 7.59375, 7.71207, 7.83891, 7.97991, 8.1168, 8.25286, 8.38166, 8.50889, 8.65044, 8.79181, 8.9386, 9.05684, 9.18642, 9.3344, 18.8158], "UpperBound": 141.287, "rootBTTime": 0, "LowerBounds": {"1": 44.0507, "2": 97.1618, "3": 113.487, "4": 114.557, "5": 117.111, "6": 122.266, "7": 126.054, "8": 128.938, "9": 131.382, "10": 132.46, "11": 133.366, "12": 133.382, "13": 134.858, "14": 135.088, "15": 135.212, "16": 135.636, "17": 135.801, "18": 136.872, "19": 137.658, "20": 137.918, "21": 138.053, "22": 138.256, "23": 138.427, "24": 138.504, "25": 138.905, "26": 138.963, "27": 138.986, "28": 139.378, "29": 139.533, "30": 139.66, "31": 139.883, "32": 139.983, "33": 140.102, "34": 140.119, "35": 140.201, "36": 140.33, "37": 140.338, "38": 140.383, "39": 140.412, "40": 140.448, "41": 140.451, "42": 140.463, "43": 140.568, "44": 140.593, "45": 140.595, "46": 140.697, "47": 140.7, "48": 140.743, "49": 140.761, "50": 140.841, "51": 140.85, "52": 140.935, "53": 141.042, "54": 141.084, "55": 141.097, "56": 141.107, "57": 141.116, "58": 141.139, "59": 141.14, "60": 141.153}, "SolveResult": 0, "UpperBounds": {"1": 141.287}, "MaxQueueSize": 17, "VisitedNodes": 121, "BranchingVars": [1, 5, 0, 3, 5, 1, 1, 0, 6, 6, 6, 6, 5, 6, 4, 5, 3, 4, 5, 5, 5, 4, 3, 0, 1, 4, 5, 6, 4, 5, 4, 4, 4, 4, 5, 1, 5, 5, 1, 0, 4, 5, 4, 4, 4, 4, 0, 3, 4, 0, 4, 1, 5, 5, 4, 5, 6, 1, 0, 3], "NonLinearTime": 0.255929, "OptimalityGap": 0.134033, "BranchingRules": ["sum_rescaled_var_range_weighted_rel", "sum_rescaled_var_range_weighted_rel", "sum_rescaled_var_range_weighted_rel", "sum_rescaled_var_range_weighted_rel", "sum_rescaled_var_range_weighted_rel", "sum_rescaled_var_range_weighted_rel", "sum_rescaled_var_range_weighted_rel", "sum_rescaled_var_range_weighted_rel", "sum_rescaled_var_range_weighted_rel", "sum_rescaled_var_range_weighted_rel", "sum_rescaled_var_range_weighted_rel", "sum_rescaled_var_range_weighted_rel", "sum_rescaled_var_range_weighted_rel", "sum_rescaled_var_range_weighted_rel", "sum_rescaled_var_range_weighted_rel", "sum_rescaled_var_range_weighted_rel", "sum_rescaled_var_range_weighted_rel", "sum_rescaled_var_range_weighted_rel", "sum_rescaled_var_range_weighted_rel", "sum_rescaled_var_range_weighted_rel", "sum_rescaled_var_range_weighted_rel", "sum_rescaled_var_range_weighted_rel", "sum_rescaled_var_range_weighted_rel", "sum_rescaled_var_range_weighted_rel", "sum_rescaled_var_range_weighted_rel", "sum_rescaled_var_range_weighted_rel", "sum_rescaled_var_range_weighted_rel", "sum_rescaled_var_range_weighted_rel", "sum_rescaled_var_range_weighted_rel", "sum_rescaled_var_range_weighted_rel", "sum_rescaled_var_range_weighted_rel", "sum_rescaled_var_range_weighted_rel", "sum_rescaled_var_range_weighted_rel", "sum_rescaled_var_range_weighted_rel", "sum_rescaled_var_range_weighted_rel", "sum_rescaled_var_range_weighted_rel", "sum_rescaled_var_range_weighted_rel", "sum_rescaled_var_range_weighted_rel", "sum_rescaled_var_range_weighted_rel", "sum_rescaled_var_range_weighted_rel", "sum_rescaled_var_range_weighted_rel", "sum_rescaled_var_range_weighted_rel", "sum_rescaled_var_range_weighted_rel", "sum_rescaled_var_range_weighted_rel", "sum_rescaled_var_range_weighted_rel", "sum_rescaled_var_range_weighted_rel", "sum_rescaled_var_range_weighted_rel", "sum_rescaled_var_range_weighted_rel", "sum_rescaled_var_range_weighted_rel", "sum_rescaled_var_range_weighted_rel", "sum_rescaled_var_range_weighted_rel", "sum_rescaled_var_range_weighted_rel", "sum_rescaled_var_range_weighted_rel", "sum_rescaled_var_range_weighted_rel", "sum_rescaled_var_range_weighted_rel", "sum_rescaled_var_range_weighted_rel", "sum_rescaled_var_range_weighted_rel", "sum_rescaled_var_range_weighted_rel", "sum_rescaled_var_range_weighted_rel", "sum_rescaled_var_range_weighted_rel"], "LBImprovements": [53.1111, 16.3254, 8.77902, 28.3155, 11.8266, 12.8217, 5.328, 3.5225, 3.4757, 2.75205, 4.68737, 4.27614, 3.39759, 3.898, 3.21446, 2.86871, 10.1677, 2.03291, 3.0395, 3.89292, 2.06603, 2.19282, 1.45675, 1.47862, 0.755063, 2.07988, 3.95661, 5.09652, 1.70358, 0.907535, 0.44634, 1.2378, 1.4969, 0.996301, 0.733954, 0.265123, 0.0735315, 0.466457, 0.741532, 1.25938, 2.64819, 3.13682, 0.27372, 0.702069, 0.147786, 2.48693, 0.94508, 0.402638, 0.471438, 0.243068, 0.247736, 0.634556, 0.997478, 0.069094, 0.0421993, 0.0673589, 0.100958, 0.137085, 0.165047, 0.305342], "InfeasibleNodes": 3, "ElapsedTimeCoeffs": 0, "LinearizationTime": 0.00130048, "NumberOfVariables": 8, "CallsToLinearSolver": 121, "LinearGenerationTime": 0.867571, "SDPCutsGenerationTime": 0, "CallsToNonLinearSolver": 9, "StrongBranchingExtraTime": 7.10634, "ElapsedTimeWeightedCoeffs": 0, "NodesDiscardedByFathoming": 0, "NodesDiscardedByTolerance": 58, "BoundFactorConstraintsTime": 0.0803367, "ElapsedTimeVarsInConstraints": 0.00002726, "meanBTRelativeChangeRootNode": 0, "NumberOfBoundFactorConstraints": 148, "NumberOfLAPACKConvergenceFailures": 0, "NumberOfRLTVariablesAfterLinearization": 79}