{"Itbt": 0, "Pace": 0.0210506, "Depth": 9, "Degree": 3, "RPSTime": 81.3402, "FBBTTime": 0, "OBBTTime": 0, "TotalTime": 251.143, "Iterations": 97, "LinearTime": 24.7275, "LowerBound": 9242.77, "TimeVector": [3.27983, 5.51795, 7.77736, 10.0592, 12.4141, 14.7072, 16.9924, 19.3904, 21.7102, 24.0174, 26.3964, 28.7648, 31.1321, 33.5477, 36.0239, 38.4538, 40.7907, 43.1098, 45.6105, 48.0701, 50.3828, 52.8032, 55.2423, 57.5636, 59.9329, 62.3786, 64.7738, 67.3536, 69.831, 72.3249, 74.7339, 77.1827, 79.8295, 82.2972, 84.7104, 87.1653, 89.583, 92.15, 94.6717, 97.1233, 99.5523, 102.049, 104.397, 106.865, 109.389, 111.896, 114.331, 116.744, 119.375, 121.893, 124.447, 127.056, 129.572, 132.223, 134.865, 137.484, 140.05, 142.692, 145.174, 147.806, 150.207, 152.751, 155.436, 158.031, 161.051, 163.616, 166.391, 169.091, 171.754, 174.512, 178.007, 180.708, 183.334, 186.09, 188.874, 191.479, 194.183, 197.268, 199.957, 202.753, 206.075, 209.318, 211.945, 214.81, 217.465, 220.691, 223.696, 226.226, 228.901, 231.56, 234.418, 237.204, 240.192, 242.865, 245.355, 248.082, 278.534], "UpperBound": 9251.53, "rootBTTime": 0, "LowerBounds": {"1": 7474.89, "2": 7969.41, "3": 8240.2, "4": 8306.34, "5": 8431.12, "6": 8484.09, "7": 8527.78, "8": 8609.64, "9": 8662.34, "10": 8670.31, "11": 8687.69, "12": 8691.33, "13": 8726.07, "14": 8800.24, "15": 8836.76, "16": 8841.7, "17": 8849.54, "18": 8856.15, "19": 8856.81, "20": 8866.44, "21": 8876.52, "22": 8877.06, "23": 8877.64, "24": 8881.08, "25": 8916.81, "26": 8930.79, "27": 8942.84, "28": 8961.48, "29": 8984.87, "30": 8996.35, "31": 8998.88, "32": 9000.85, "33": 9004.67, "34": 9014.4, "35": 9037.28, "36": 9037.55, "37": 9039.89, "38": 9045.62, "39": 9059.65, "40": 9065.86, "41": 9066.11, "42": 9066.87, "43": 9066.91, "44": 9079.89, "45": 9079.91, "46": 9084, "47": 9085.31, "48": 9091.65, "49": 9091.84, "50": 9100.8, "51": 9103.32, "52": 9104.05, "53": 9110.48, "54": 9123.1, "55": 9123.76, "56": 9133.46, "57": 9134.68, "58": 9138.93, "59": 9144.71, "60": 9144.91, "61": 9153.53, "62": 9164.41, "63": 9167.63, "64": 9181.17, "65": 9181.53, "66": 9182.75, "67": 9183.42, "68": 9184.45, "69": 9194.65, "70": 9194.72, "71": 9202.25, "72": 9202.58, "73": 9202.73, "74": 9208.08, "75": 9208.86, "76": 9209.05, "77": 9212.65, "78": 9213.2, "79": 9213.94, "80": 9214.44, "81": 9216.39, "82": 9216.8, "83": 9217.58, "84": 9218.02, "85": 9220.58, "86": 9221.61, "87": 9227.55, "88": 9228.81, "89": 9229.07, "90": 9231.9, "91": 9231.96, "92": 9233.83, "93": 9234.8, "94": 9236.05, "95": 9237.07, "96": 9237.85, "97": 9242.77}, "SolveResult": 0, "UpperBounds": {"1": 9462.9, "5": 9251.53}, "MaxQueueSize": 41, "VisitedNodes": 195, "BranchingVars": [0, 14, 3, 14, 13, 6, 3, 6, 12, 12, 15, 10, 13, 10, 9, 9, 3, 9, 9, 12, 3, 9, 9, 13, 4, 9, 15, 4, 3, 10, 4, 12, 6, 12, 9, 12, 12, 10, 4, 10, 9, 11, 9, 12, 12, 4, 12, 5, 4, 12, 10, 4, 12, 4, 2, 13, 10, 3, 2, 3, 12, 9, 12, 4, 2, 15, 4, 11, 10, 4, 10, 4, 4, 13, 8, 13, 5, 4, 10, 12, 11, 11, 6, 9, 4, 10, 7, 11, 4, 6, 2, 4, 15, 12, 12, 10, 12], "NonLinearTime": 0.359449, "OptimalityGap": 8.75987, "BranchingRules": ["sum_rescaled_var_range_weighted_rel", "sum_rescaled_var_range_weighted_rel", "sum_rescaled_var_range_weighted_rel", "sum_rescaled_var_range_weighted_rel", "sum_dual_weighted_plus1", "sum_rescaled_var_range_weighted_rel", "sum_rescaled_var_range_weighted_rel", "sum_rescaled_var_range_weighted_rel", "sum_rescaled_var_range_weighted_rel", "sum_rescaled_var_range_weighted_rel", "sum_rescaled_var_range_weighted_rel", "sum_rescaled_var_range_weighted_rel", "sum_dual_weighted_plus1", "sum_rescaled_var_range_weighted_rel", "sum_rescaled_var_range_weighted_rel", "sum_rescaled_var_range_weighted_rel", "sum_rescaled_var_range_weighted_rel", "sum_rescaled_var_range_weighted_rel", "sum_rescaled_var_range_weighted_rel", "sum_dual_weighted_plus1", "sum_rescaled_var_range_weighted_rel", "sum_rescaled_var_range_weighted_rel", "sum_rescaled_var_range_weighted_rel", "sum_dual_weighted_plus1", "sum_rescaled_var_range_weighted_rel", "sum_rescaled_var_range_weighted_rel", "sum_rescaled_var_range_weighted_rel", "sum_rescaled_var_range_weighted_rel", "sum_dual_weighted_plus1", "sum_rescaled_var_range_weighted_rel", "sum_rescaled_var_range_weighted_rel", "sum_rescaled_var_range_weighted_rel", "sum_rescaled_var_range_weighted_rel", "sum_rescaled_var_range_weighted_rel", "sum_rescaled_var_range_weighted_rel", "sum_dual_weighted_plus1", "sum_rescaled_var_range_weighted_rel", "sum_rescaled_var_range_weighted_rel", "sum_rescaled_var_range_weighted_rel", "sum_rescaled_var_range_weighted_rel", "sum_dual_weighted_plus1", "sum_rescaled_var_range_weighted_rel", "sum_dual_weighted_plus1", "sum_dual_weighted_plus1", "sum_dual_weighted_plus1", "sum_rescaled_var_range_weighted_rel", "sum_rescaled_var_range_weighted_rel", "sum_rescaled_var_range_weighted_rel", "sum_rescaled_var_range_weighted_rel", "sum_rescaled_var_range_weighted_rel", "sum_rescaled_var_range_weighted_rel", "sum_rescaled_var_range_weighted_rel", "sum_dual_weighted_plus1", "sum_dual_weighted_plus1", "sum_dual_weighted_plus1", "sum_dual_weighted_plus1", "sum_rescaled_var_range_weighted_rel", "sum_rescaled_var_range_weighted_rel", "sum_dual_weighted_plus1", "sum_dual_weighted_plus1", "sum_rescaled_var_range_weighted_rel", "sum_rescaled_var_range_weighted_rel", "sum_rescaled_var_range_weighted_rel", "sum_rescaled_var_range_weighted_rel", "sum_dual_weighted_plus1", "sum_rescaled_var_range_weighted_rel", "sum_rescaled_var_range_weighted_rel", "sum_rescaled_var_range_weighted_rel", "sum_rescaled_var_range_weighted_rel", "sum_rescaled_var_range_weighted_rel", "sum_rescaled_var_range_weighted_rel", "sum_rescaled_var_range_weighted_rel", "sum_rescaled_var_range_weighted_rel", "sum_dual_weighted_plus1", "sum_rescaled_var_range_weighted_rel", "sum_dual_weighted_plus1", "sum_rescaled_var_range_weighted_rel", "sum_rescaled_var_range_weighted_rel", "sum_rescaled_var_range_weighted_rel", "sum_rescaled_var_range_weighted_rel", "sum_rescaled_var_range_weighted_rel", "sum_rescaled_var_range_weighted_rel", "sum_rescaled_var_range_weighted_rel", "sum_dual_weighted_plus1", "sum_rescaled_var_range_weighted_rel", "sum_rescaled_var_range_weighted_rel", "sum_rescaled_var_range_weighted_rel", "sum_rescaled_var_range_weighted_rel", "sum_rescaled_var_range_weighted_rel", "sum_rescaled_var_range_weighted_rel", "sum_dual_weighted_plus1", "sum_rescaled_var_range_weighted_rel", "sum_rescaled_var_range_weighted_rel", "sum_rescaled_var_range_weighted_rel", "sum_rescaled_var_range_weighted_rel", "sum_rescaled_var_range_weighted_rel", "sum_rescaled_var_range_weighted_rel"], "LBImprovements": [494.528, 270.786, 243.895, 221.438, 239.188, 203.599, 163.543, 190.596, 179.354, 179.234, 178.742, 145.434, 216.77, 130.549, 167.908, 143.173, 149.342, 140.203, 104.671, 199.424, 215.131, 160.488, 136.763, 204.225, 120.471, 149.125, 137.056, 84.1355, 118.453, 107.702, 135.801, 163.554, 87.168, 108.697, 107.635, 157.173, 143.534, 93.3179, 73.815, 136.866, 190.579, 141.212, 147.024, 182.606, 162.861, 110.655, 160.963, 140.245, 122.607, 133.028, 109.873, 132, 163.768, 108.857, 121.37, 68.7857, 83.3362, 77.4528, 124.915, 92.9341, 182.475, 134.038, 105.221, 111.741, 78.2967, 147.596, 113.608, 104.307, 85.4221, 136.597, 14.5542, 87.6069, 146.332, 113.731, 122.542, 148.308, 118.612, 104.584, 93.6898, 76.0203, 31.5698, 21.1946, 117.736, 122.483, 105.109, 45.6995, 54.0356, 170.901, 100.517, 123.755, 93.124, 88.9433, 33.7638, 113.209, 162.833, 43.6324, 8.08799], "InfeasibleNodes": 0, "ElapsedTimeCoeffs": 0, "LinearizationTime": 0.464633, "NumberOfVariables": 16, "CallsToLinearSolver": 195, "LinearGenerationTime": 2.82144, "SDPCutsGenerationTime": 0, "CallsToNonLinearSolver": 10, "StrongBranchingExtraTime": 213.928, "ElapsedTimeWeightedCoeffs": 0, "NodesDiscardedByFathoming": 0, "NodesDiscardedByTolerance": 98, "BoundFactorConstraintsTime": 10.9568, "ElapsedTimeVarsInConstraints": 0.00067044, "meanBTRelativeChangeRootNode": 0,