{"Itbt": 0, "Pace": 0.0135734, "Depth": 13, "Degree": 3, "RPSTime": 0.962677, "FBBTTime": 0, "OBBTTime": 0, "TotalTime": 11.1262, "Iterations": 99, "LinearTime": 1.59816, "LowerBound": 338.842, "TimeVector": [0.387566, 0.516306, 0.636641, 0.7522, 0.87137, 0.987209, 1.09833, 1.22034, 1.32901, 1.44339, 1.53981, 1.65124, 1.76519, 1.87299, 1.97874, 2.08433, 2.19509, 2.30554, 2.41099, 2.51813, 2.62732, 2.7334, 2.83786, 2.94054, 3.05806, 3.1542, 3.2646, 3.36407, 3.47172, 3.59082, 3.70127, 3.8169, 3.9156, 4.01764, 4.11488, 4.22342, 4.33201, 4.43309, 4.54729, 4.65328, 4.75026, 4.85944, 4.97251, 5.09039, 5.20227, 5.30331, 5.40425, 5.50252, 5.60924, 5.70093, 5.81277, 5.92866, 6.03553, 6.13867, 6.2451, 6.34919, 6.44616, 6.57427, 6.68954, 6.8033, 6.91158, 7.03194, 7.14064, 7.25251, 7.3521, 7.45094, 7.55725, 7.64985, 7.75533, 7.85571, 7.98335, 8.09612, 8.21992, 8.33255, 8.44811, 8.55565, 8.66807, 8.77916, 8.87967, 8.99703, 9.11385, 9.21765, 9.32858, 9.44101, 9.55842, 9.66449, 9.76686, 9.8802, 9.99112, 10.1043, 10.2142, 10.3236, 10.431, 10.5523, 10.6685, 10.7861, 10.889, 11.0097, 22.1358], "UpperBound": 339.175, "rootBTTime": 0, "LowerBounds": {"1": 198.421, "2": 268.191, "3": 288.297, "4": 292.722, "5": 303.215, "6": 307.82, "7": 308.268, "8": 309.351, "9": 316.345, "10": 317.811, "11": 317.992, "12": 318.582, "13": 321.52, "14": 321.705, "15": 323.251, "16": 324.999, "17": 325.289, "18": 325.616, "19": 326.12, "20": 326.512, "21": 327.004, "22": 327.31, "23": 327.961, "24": 328.164, "25": 329.078, "26": 329.146, "27": 329.273, "28": 330.571, "29": 331.094, "30": 331.423, "31": 331.593, "32": 331.907, "33": 332.204, "34": 332.244, "35": 332.29, "36": 332.352, "37": 332.601, "38": 332.688, "39": 333.016, "40": 333.557, "41": 333.695, "42": 333.91, "43": 334.888, "44": 335.16, "45": 335.527, "46": 335.688, "47": 335.705, "48": 335.946, "49": 336.072, "50": 336.083, "51": 336.306, "52": 336.346, "53": 336.484, "54": 336.671, "55": 336.69, "56": 336.819, "57": 337.06, "58": 337.202, "59": 337.213, "60": 337.356, "61": 337.397, "62": 337.492, "63": 337.5, "64": 337.516, "65": 337.573, "66": 337.746, "67": 337.77, "68": 337.808, "69": 337.808, "70": 337.83, "71": 337.99, "72": 337.999, "73": 338.018, "74": 338.048, "75": 338.071, "76": 338.095, "77": 338.125, "78": 338.225, "79": 338.246, "80": 338.25, "81": 338.447, "82": 338.448, "83": 338.468, "84": 338.531, "85": 338.571, "86": 338.597, "87": 338.608, "88": 338.611, "89": 338.612, "90": 338.624, "91": 338.634, "92": 338.71, "93": 338.722, "94": 338.741, "95": 338.779, "96": 338.787, "97": 338.796, "98": 338.816, "99": 338.842}, "SolveResult": 0, "UpperBounds": {"1": 339.175}, "MaxQueueSize": 30, "VisitedNodes": 199, "BranchingVars": [11, 5, 2, 13, 2, 11, 13, 11, 10, 5, 3, 0, 10, 13, 0, 11, 5, 0, 11, 12, 13, 10, 8, 8, 6, 6, 10, 12, 13, 5, 6, 6, 5, 6, 3, 12, 13, 8, 6, 10, 2, 0, 13, 8, 8, 8, 10, 6, 13, 6, 5, 5, 8, 13, 3, 6, 6, 12, 8, 3, 12, 6, 8, 8, 6, 8, 2, 6, 3, 5, 12, 5, 3, 0, 8, 12, 6, 3, 12, 10, 6, 13, 12, 8, 8, 3, 13, 5, 6, 6, 6, 6, 6, 0, 5, 6, 3, 6, 12], "NonLinearTime": 0.168871, "OptimalityGap": 0.332866, "BranchingRules": ["sum_rescaled_var_range_weighted_rel", "sum_rescaled_var_range_weighted_rel", "sum_rescaled_var_range_weighted_rel", "sum_rescaled_var_range_weighted_rel", "sum_rescaled_var_range_weighted_rel", "sum_dual_weighted_plus1", "sum_rescaled_var_range_weighted_rel", "sum_dual_weighted_plus1", "eigen_cen_alternative", "sum_rescaled_var_range_weighted_rel", "sum_rescaled_var_range_weighted_rel", "sum_rescaled_var_range_weighted_rel", "sum_rescaled_var_range_weighted_rel", "sum_rescaled_var_range_weighted_rel", "sum_rescaled_var_range_weighted_rel", "sum_dual_weighted_plus1", "sum_dual_weighted_plus1", "sum_rescaled_var_range_weighted_rel", "sum_dual_weighted_plus1", "sum_dual_weighted_plus1", "sum_rescaled_var_range_weighted_rel", "sum_dual_weighted_plus1", "sum_rescaled_var_range_weighted_rel", "sum_rescaled_var_range_weighted_rel", "sum_rescaled_var_range_weighted_rel", "sum_rescaled_var_range_weighted_rel", "sum_dual_weighted_plus1", "sum_dual_weighted_plus1", "sum_dual_weighted_plus1", "sum_dual_weighted_plus1", "sum_rescaled_var_range_weighted_rel", "sum_rescaled_var_range_weighted_rel", "sum_dual_weighted_plus1", "sum_rescaled_var_range_weighted_rel", "sum_rescaled_var_range_weighted_rel", "sum_dual_weighted_plus1", "sum_dual_weighted_plus1", "sum_rescaled_var_range_weighted_rel", "sum_rescaled_var_range_weighted_rel", "sum_dual_weighted_plus1", "sum_dual_weighted_plus1", "sum_rescaled_var_range_weighted_rel", "sum_dual_weighted_plus1", "sum_rescaled_var_range_weighted_rel", "sum_rescaled_var_range_weighted_rel", "sum_rescaled_var_range_weighted_rel", "sum_rescaled_var_range_weighted_rel", "sum_rescaled_var_range_weighted_rel", "sum_rescaled_var_range_weighted_rel", "sum_rescaled_var_range_weighted_rel", "sum_rescaled_var_range_weighted_rel", "sum_rescaled_var_range_weighted_rel", "sum_rescaled_var_range_weighted_rel", "sum_dual_weighted_plus1", "sum_dual_weighted_plus1", "sum_rescaled_var_range_weighted_rel", "sum_rescaled_var_range_weighted_rel", "sum_rescaled_var_range_weighted_rel", "sum_rescaled_var_range_weighted_rel", "sum_rescaled_var_range_weighted_rel", "sum_dual_weighted_plus1", "sum_rescaled_var_range_weighted_rel", "sum_rescaled_var_range_weighted_rel", "sum_rescaled_var_range_weighted_rel", "sum_rescaled_var_range_weighted_rel", "sum_rescaled_var_range_weighted_rel", "sum_rescaled_var_range_weighted_rel", "sum_rescaled_var_range_weighted_rel", "sum_dual_weighted_plus1", "sum_rescaled_var_range_weighted_rel", "sum_rescaled_var_range_weighted_rel", "sum_dual_weighted_plus1", "sum_rescaled_var_range_weighted_rel", "sum_rescaled_var_range_weighted_rel", "sum_rescaled_var_range_weighted_rel", "sum_rescaled_var_range_weighted_rel", "sum_rescaled_var_range_weighted_rel", "sum_rescaled_var_range_weighted_rel", "sum_rescaled_var_range_weighted_rel", "sum_dual_weighted_plus1", "sum_rescaled_var_range_weighted_rel", "sum_rescaled_var_range_weighted_rel", "sum_rescaled_var_range_weighted_rel", "sum_rescaled_var_range_weighted_rel", "sum_rescaled_var_range_weighted_rel", "sum_rescaled_var_range_weighted_rel", "sum_dual_weighted_plus1", "sum_dual_weighted_plus1", "sum_rescaled_var_range_weighted_rel", "sum_rescaled_var_range_weighted_rel", "sum_rescaled_var_range_weighted_rel", "sum_rescaled_var_range_weighted_rel", "sum_rescaled_var_range_weighted_rel", "sum_dual_weighted_plus1", "sum_dual_weighted_plus1", "sum_rescaled_var_range_weighted_rel", "sum_rescaled_var_range_weighted_rel", "sum_rescaled_var_range_weighted_rel", "sum_rescaled_var_range_weighted_rel"], "LBImprovements": [69.7705, 20.1052, 4.4252, 15.0979, 6.13623, 8.52492, 13.2523, 9.23012, 6.90667, 21.656, 7.00704, 3.1232, 11.168, 5.60541, 4.70939, 10.9479, 3.98403, 3.46197, 7.4366, 7.39788, 10.3932, 3.26039, 3.94687, 3.42957, 7.59306, 3.20639, 3.32704, 3.12459, 10.4614, 4.10488, 6.85464, 4.16421, 5.9214, 7.90802, 13.8742, 3.35237, 4.08942, 7.95588, 2.14315, 5.05377, 1.99283, 11.3034, 3.89874, 1.14665, 1.96507, 1.13056, 2.82679, 7.48265, 1.28411, 1.43218, 0.895497, 1.64381, 1.28594, 3.55264, 0.80989, 1.17997, 0.76956, 1.68192, 1.4975, 1.26808, 13.0371, 2.88585, 1.11179, 1.34834, 1.0237, 0.975955, 0.475721, 5.49506, 4.39348, 1.16438, 1.06776, 0.843203, 0.450299, 8.17044, 3.02758, 1.82753, 3.31184, 0.592373, 2.17716, 2.50746, 4.09914, 1.688, 0.965382, 1.65358, 3.40087, 0.884499, 0.187868, 4.37729, 1.36091, 1.03454, 0.587756, 1.32893, 1.85663, 0.849951, 1.38311, 2.01011, 0.136289, 1.30712, 0.749894], "InfeasibleNodes": 0, "ElapsedTimeCoeffs": 0, "LinearizationTime": 0.00283967, "NumberOfVariables": 16, "CallsToLinearSolver": 199, "LinearGenerationTime": 0.229184, "SDPCutsGenerationTime": 0, "CallsToNonLinearSolver": 10, "StrongBranchingExtraTime": 9.22019, "ElapsedTimeWeightedCoeffs": 0, "NodesDiscardedByFathoming": 0, "NodesDiscardedByTolerance": 100, "BoundFactorConstraintsTime": 0.0690469,