{"Itbt": 0, "Pace": 0.0199112, "Depth": 14, "Degree": 3, "RPSTime": 2.61319, "FBBTTime": 0, "OBBTTime": 0, "TotalTime": 28.6698, "Iterations": 96, "LinearTime": 2.16689, "LowerBound": 233.802, "TimeVector": [1.24379, 1.55436, 1.88485, 2.20152, 2.50829, 2.79258, 3.08923, 3.3955, 3.67729, 3.97003, 4.27167, 4.55562, 4.84367, 5.12659, 5.42701, 5.72876, 6.01847, 6.31626, 6.6112, 6.906, 7.19504, 7.48453, 7.7586, 8.04463, 8.3206, 8.60915, 8.90972, 9.20299, 9.50806, 9.7883, 10.0766, 10.3799, 10.6685, 10.9724, 11.2562, 11.5368, 11.8279, 12.1151, 12.4028, 12.6767, 12.949, 13.2356, 13.5148, 13.7993, 14.0806, 14.38, 14.6726, 14.9608, 15.2572, 15.5379, 15.8446, 16.1419, 16.4246, 16.7025, 16.9928, 17.2789, 17.5776, 17.8778, 18.1523, 18.4532, 18.7403, 19.0321, 19.3227, 19.6221, 19.907, 20.1896, 20.4753, 20.7716, 21.0469, 21.355, 21.6442, 21.9334, 22.2433, 22.5244, 22.8115, 23.0917, 23.3756, 23.6616, 23.9452, 24.2379, 24.5121, 24.8108, 25.0818, 25.3608, 25.6417, 25.9357, 26.2059, 26.4805, 26.7391, 27.015, 27.2814, 27.5522, 27.8411, 28.1027, 28.3866, 57.0564], "UpperBound": 233.986, "rootBTTime": 0, "LowerBounds": {"1": 96.1866, "2": 140.559, "3": 140.82, "4": 162.266, "5": 179.243, "6": 183.84, "7": 183.894, "8": 193.842, "9": 196.856, "10": 200.164, "11": 204.483, "12": 207.691, "13": 208.039, "14": 210.179, "15": 211.074, "16": 211.63, "17": 214.603, "18": 215.035, "19": 215.464, "20": 217.188, "21": 217.839, "22": 219.424, "23": 219.664, "24": 220.253, "25": 220.566, "26": 220.752, "27": 221.022, "28": 221.165, "29": 221.447, "30": 221.536, "31": 221.547, "32": 221.586, "33": 223.902, "34": 224.033, "35": 224.101, "36": 224.229, "37": 224.993, "38": 225.316, "39": 225.695, "40": 226.712, "41": 227.043, "42": 227.359, "43": 228.068, "44": 228.132, "45": 228.424, "46": 228.603, "47": 228.721, "48": 228.829, "49": 229.342, "50": 229.703, "51": 229.908, "52": 230.014, "53": 230.041, "54": 230.296, "55": 230.491, "56": 230.492, "57": 230.52, "58": 230.926, "59": 231.175, "60": 231.178, "61": 231.317, "62": 231.455, "63": 231.692, "64": 231.867, "65": 232.029, "66": 232.111, "67": 232.201, "68": 232.203, "69": 232.251, "70": 232.258, "71": 232.45, "72": 232.459, "73": 232.472, "74": 232.495, "75": 232.51, "76": 232.954, "77": 232.98, "78": 232.987, "79": 233.046, "80": 233.059, "81": 233.069, "82": 233.089, "83": 233.139, "84": 233.162, "85": 233.23, "86": 233.234, "87": 233.277, "88": 233.33, "89": 233.409, "90": 233.425, "91": 233.453, "92": 233.48, "93": 233.572, "94": 233.586, "95": 233.698, "96": 233.802}, "SolveResult": 0, "UpperBounds": {"1": 233.986}, "MaxQueueSize": 27, "VisitedNodes": 193, "BranchingVars": [8, 11, 6, 11, 4, 6, 6, 0, 2, 8, 8, 4, 11, 8, 6, 4, 8, 4, 0, 4, 6, 7, 1, 4, 4, 11, 6, 8, 8, 0, 13, 4, 0, 7, 2, 7, 7, 2, 2, 1, 8, 8, 4, 4, 0, 0, 6, 2, 13, 2, 8, 0, 7, 4, 2, 7, 7, 6, 2, 8, 12, 7, 7, 7, 7, 7, 2, 2, 12, 14, 2, 4, 6, 0, 7, 6, 0, 7, 0, 2, 0, 0, 6, 7, 12, 13, 6, 13, 13, 2, 2, 13, 4, 13, 7, 2], "NonLinearTime": 0.410919, "OptimalityGap": 0.184068, "BranchingRules": ["sum_dual_weighted_plus1_rel", "sum_dual_weighted_plus1_rel", "sum_dual_weighted_plus1_rel", "sum_dual_weighted_plus1_rel", "sum_dual_weighted_plus1_rel", "sum_dual_weighted_plus1_rel", "sum_dual_weighted_plus1_rel", "sum_dual_weighted_plus1_rel", "sum_dual_weighted_plus1_rel", "sum_dual_weighted_plus1_rel", "sum_dual_weighted_plus1_rel", "sum_dual_weighted_plus1_rel", "sum_dual_weighted_plus1_rel", "sum_dual_weighted_plus1_rel", "sum_dual_weighted_plus1_rel", "sum_dual_weighted_plus1_rel", "sum_dual_weighted_plus1_rel", "sum_dual_weighted_plus1_rel", "sum_dual_weighted_plus1_rel", "sum_dual_weighted_plus1_rel", "sum_dual_weighted_plus1_rel", "sum_dual_weighted_plus1_rel", "sum_dual_weighted_plus1_rel", "sum_dual_weighted_plus1_rel", "sum_dual_weighted_plus1_rel", "sum_dual_weighted_plus1_rel", "sum_dual_weighted_plus1_rel", "sum_dual_weighted_plus1_rel", "sum_dual_weighted_plus1_rel", "sum_dual_weighted_plus1_rel", "sum_dual_weighted_plus1_rel", "sum_dual_weighted_plus1_rel", "sum_dual_weighted_plus1_rel", "sum_dual_weighted_plus1_rel", "sum_dual_weighted_plus1_rel", "sum_dual_weighted_plus1_rel", "sum_dual_weighted_plus1_rel", "sum_dual_weighted_plus1_rel", "sum_dual_weighted_plus1_rel", "sum_dual_weighted_plus1_rel", "sum_dual_weighted_plus1_rel", "sum_dual_weighted_plus1_rel", "sum_dual_weighted_plus1_rel", "sum_dual_weighted_plus1_rel", "sum_dual_weighted_plus1_rel", "sum_dual_weighted_plus1_rel", "sum_dual_weighted_plus1_rel", "sum_dual_weighted_plus1_rel", "sum_dual_weighted_plus1_rel", "sum_dual_weighted_plus1_rel", "sum_dual_weighted_plus1_rel", "sum_dual_weighted_plus1_rel", "sum_dual_weighted_plus1_rel", "sum_dual_weighted_plus1_rel", "sum_dual_weighted_plus1_rel", "sum_dual_weighted_plus1_rel", "sum_dual_weighted_plus1_rel", "sum_dual_weighted_plus1_rel", "sum_dual_weighted_plus1_rel", "sum_dual_weighted_plus1_rel", "sum_dual_weighted_plus1_rel", "sum_dual_weighted_plus1_rel", "sum_dual_weighted_plus1_rel", "sum_dual_weighted_plus1_rel", "sum_dual_weighted_plus1_rel", "sum_dual_weighted_plus1_rel", "sum_dual_weighted_plus1_rel", "sum_dual_weighted_plus1_rel", "sum_dual_weighted_plus1_rel", "sum_dual_weighted_plus1_rel", "sum_dual_weighted_plus1_rel", "sum_dual_weighted_plus1_rel", "sum_dual_weighted_plus1_rel", "sum_dual_weighted_plus1_rel", "sum_dual_weighted_plus1_rel", "sum_dual_weighted_plus1_rel", "sum_dual_weighted_plus1_rel", "sum_dual_weighted_plus1_rel", "sum_dual_weighted_plus1_rel", "sum_dual_weighted_plus1_rel", "sum_dual_weighted_plus1_rel", "sum_dual_weighted_plus1_rel", "sum_dual_weighted_plus1_rel", "sum_dual_weighted_plus1_rel", "sum_dual_weighted_plus1_rel", "sum_dual_weighted_plus1_rel", "sum_dual_weighted_plus1_rel", "sum_dual_weighted_plus1_rel", "sum_dual_weighted_plus1_rel", "sum_dual_weighted_plus1_rel", "sum_dual_weighted_plus1_rel", "sum_dual_weighted_plus1_rel", "sum_dual_weighted_plus1_rel", "sum_dual_weighted_plus1_rel", "sum_dual_weighted_plus1_rel", "sum_dual_weighted_plus1_rel"], "LBImprovements": [44.3727, 38.6835, 21.4458, 21.628, 14.5994, 16.3238, 12.9623, 27.1794, 10.8342, 14.8716, 7.14772, 11.7337, 12.7124, 7.65989, 12.9592, 8.03382, 14.0001, 8.8668, 12.668, 13.3313, 3.70848, 13.8095, 4.43685, 6.45926, 7.85829, 7.96969, 11.4503, 6.19361, 9.47861, 5.5072, 3.76889, 8.11763, 20.397, 8.22425, 7.76625, 6.94586, 10.5916, 6.37651, 2.37297, 3.77839, 9.76776, 5.13592, 1.97309, 4.85512, 5.31047, 11.356, 5.10769, 6.59719, 7.2134, 1.61368, 8.02737, 17.1574, 2.20942, 4.92351, 4.95666, 4.06242, 11.6554, 10.4583, 4.21075, 0.277082, 2.38126, 0.746474, 2.63586, 1.1913, 1.91647, 0.842869, 0.779379, 0.842576, 1.56249, 6.18941, 2.42048, 4.70641, 6.10136, 2.89508, 9.21927, 0.20809, 0.499084, 3.47663, 0.0935643, 2.46697, 0.339221, 0.240975, 0.681871, 0.262986, 0.718756, 6.88772, 0.548072, 0.529272, 0.393708, 0.488354, 0.13381, 0.493659, 0.709925, 0.512565, 1.63799, 3.84309], "InfeasibleNodes": 0, "ElapsedTimeCoeffs": 0, "LinearizationTime": 0.00318716, "NumberOfVariables": 16, "CallsToLinearSolver": 193, "LinearGenerationTime": 0.343696, "SDPCutsGenerationTime": 0, "CallsToNonLinearSolver": 10, "StrongBranchingExtraTime": 25.9297, "ElapsedTimeWeightedCoeffs": 0, "NodesDiscardedByFathoming": 0, "NodesDiscardedByTolerance": 97, "BoundFactorConstraintsTime": 0.0814675, "ElapsedTimeVarsInConstraints": 0.000076168, "meanBTRelativeChangeRootNode": 0, "NumberOfBoundFactorConstraints": 324, "NumberOfLAPACKConvergenceFailures": 0, "NumberOfRLTVariablesAfterLinearization": 126}