{"Itbt": 0, "Pace": 0.0352168, "Depth": 10, "Degree": 3, "RPSTime": 0.26981, "FBBTTime": 0, "OBBTTime": 0, "TotalTime": 1.99593, "Iterations": 46, "LinearTime": 0.184489, "LowerBound": 128.372, "TimeVector": [0.270623, 0.315832, 0.36219, 0.407007, 0.451911, 0.488222, 0.524258, 0.569196, 0.605936, 0.642873, 0.678683, 0.716104, 0.751283, 0.789057, 0.825422, 0.870692, 0.907309, 0.943347, 0.980008, 1.01709, 1.0533, 1.09005, 1.12534, 1.16223, 1.19823, 1.23591, 1.27202, 1.30993, 1.3486, 1.38642, 1.42569, 1.4712, 1.50853, 1.54486, 1.58055, 1.61549, 1.65196, 1.68761, 1.72413, 1.763, 1.79982, 1.83717, 1.87321, 1.91095, 1.95076, 3.94669], "UpperBound": 128.479, "rootBTTime": 0, "LowerBounds": {"1": 116.764, "2": 122.275, "3": 122.692, "4": 124.848, "5": 124.913, "6": 125.246, "7": 125.772, "8": 125.869, "9": 126.124, "10": 126.26, "11": 126.454, "12": 126.86, "13": 127.02, "14": 127.205, "15": 127.256, "16": 127.453, "17": 127.455, "18": 127.463, "19": 127.573, "20": 127.591, "21": 127.61, "22": 127.696, "23": 127.844, "24": 127.879, "25": 127.97, "26": 127.98, "27": 127.99, "28": 128, "29": 128.075, "30": 128.093, "31": 128.183, "32": 128.186, "33": 128.207, "34": 128.218, "35": 128.224, "36": 128.228, "37": 128.235, "38": 128.244, "39": 128.272, "40": 128.275, "41": 128.278, "42": 128.303, "43": 128.312, "44": 128.333, "45": 128.337, "46": 128.372}, "SolveResult": 0, "UpperBounds": {"1": 128.479}, "MaxQueueSize": 14, "VisitedNodes": 93, "BranchingVars": [1, 4, 10, 10, 3, 2, 2, 1, 0, 9, 1, 7, 0, 0, 9, 0, 7, 0, 0, 10, 1, 0, 9, 10, 0, 2, 10, 0, 1, 10, 1, 7, 1, 7, 7, 10, 7, 6, 7, 2, 7, 7, 7, 7, 7, 9], "NonLinearTime": 0.204895, "OptimalityGap": 0.107476, "BranchingRules": ["sum_dual_weighted_plus1_rel", "sum_dual_weighted_plus1_rel", "sum_dual_weighted_plus1_rel", "sum_dual_weighted_plus1_rel", "sum_dual_weighted_plus1_rel", "sum_dual_weighted_plus1_rel", "sum_dual_weighted_plus1_rel", "sum_dual_weighted_plus1_rel", "sum_dual_weighted_plus1_rel", "sum_dual_weighted_plus1_rel", "sum_dual_weighted_plus1_rel", "sum_dual_weighted_plus1_rel", "sum_dual_weighted_plus1_rel", "sum_dual_weighted_plus1_rel", "sum_dual_weighted_plus1_rel", "sum_dual_weighted_plus1_rel", "sum_dual_weighted_plus1_rel", "sum_dual_weighted_plus1_rel", "sum_dual_weighted_plus1_rel", "sum_dual_weighted_plus1_rel", "sum_dual_weighted_plus1_rel", "sum_dual_weighted_plus1_rel", "sum_dual_weighted_plus1_rel", "sum_dual_weighted_plus1_rel", "sum_dual_weighted_plus1_rel", "sum_dual_weighted_plus1_rel", "sum_dual_weighted_plus1_rel", "sum_dual_weighted_plus1_rel", "sum_dual_weighted_plus1_rel", "sum_dual_weighted_plus1_rel", "sum_dual_weighted_plus1_rel", "sum_dual_weighted_plus1_rel", "sum_dual_weighted_plus1_rel", "sum_dual_weighted_plus1_rel", "sum_dual_weighted_plus1_rel", "sum_dual_weighted_plus1_rel", "sum_dual_weighted_plus1_rel", "sum_dual_weighted_plus1_rel", "sum_dual_weighted_plus1_rel", "sum_dual_weighted_plus1_rel", "sum_dual_weighted_plus1_rel", "sum_dual_weighted_plus1_rel", "sum_dual_weighted_plus1_rel", "sum_dual_weighted_plus1_rel", "sum_dual_weighted_plus1_rel", "sum_dual_weighted_plus1_rel"], "LBImprovements": [5.51095, 2.57289, 4.16845, 2.35791, 0.333482, 0.622926, 0.488314, 1.15087, 1.48664, 1.31296, 1.0088, 2.07281, 0.823412, 0.774347, 0.439692, 0.821837, 1.91945, 0.74393, 0.306118, 0.408751, 0.795975, 0.699767, 0.342587, 0.423289, 0.247816, 0.556274, 0.245662, 0.0754043, 0.196784, 0.278911, 0.154229, 0.276567, 0.249493, 0.336409, 0.229078, 0.187775, 0.0421417, 1.41776, 0.123751, 0.41799, 0.0624389, 0.208373, 0.118228, 0.124232, 0.103707, 0.222247], "InfeasibleNodes": 0, "ElapsedTimeCoeffs": 0, "LinearizationTime": 0.000085697, "NumberOfVariables": 16, "CallsToLinearSolver": 93, "LinearGenerationTime": 0.0396962, "SDPCutsGenerationTime": 0, "CallsToNonLinearSolver": 9, "StrongBranchingExtraTime": 1.58709, "ElapsedTimeWeightedCoeffs": 0, "NodesDiscardedByFathoming": 0, "NodesDiscardedByTolerance": 47, "BoundFactorConstraintsTime": 0.00296903, "ElapsedTimeVarsInConstraints": 0.000045856, "meanBTRelativeChangeRootNode": 0, "NumberOfBoundFactorConstraints": 36, "NumberOfLAPACKConvergenceFailures": 0, "NumberOfRLTVariablesAfterLinearization": 16}