{"Itbt": 0, "Pace": 0.0146077, "Depth": 12, "Degree": 3, "RPSTime": 0.560548, "FBBTTime": 0, "OBBTTime": 0, "TotalTime": 5.04443, "Iterations": 73, "LinearTime": 0.442196, "LowerBound": 105.602, "TimeVector": [0.487815, 0.557896, 0.629662, 0.698463, 0.771413, 0.831719, 0.894799, 0.96482, 1.02709, 1.08954, 1.15619, 1.21841, 1.27725, 1.33977, 1.40437, 1.47757, 1.5425, 1.60377, 1.66805, 1.72888, 1.79435, 1.85469, 1.91384, 1.97751, 2.03791, 2.10182, 2.16592, 2.22649, 2.29308, 2.35918, 2.4198, 2.48898, 2.55244, 2.61323, 2.67266, 2.73454, 2.79671, 2.86044, 2.92359, 2.98496, 3.04737, 3.1064, 3.16682, 3.22936, 3.2945, 3.35434, 3.41329, 3.47916, 3.54212, 3.60896, 3.67073, 3.73201, 3.79414, 3.85616, 3.91614, 3.97806, 4.04175, 4.10234, 4.16134, 4.2244, 4.2863, 4.34765, 4.40612, 4.47734, 4.5436, 4.6044, 4.66422, 4.72703, 4.78858, 4.85214, 4.91446, 4.97286, 10.0173], "UpperBound": 105.7, "rootBTTime": 0, "LowerBounds": {"1": 53.2872, "2": 75.0552, "3": 85.0267, "4": 87.3898, "5": 87.4179, "6": 93.9976, "7": 94.2587, "8": 96.3196, "9": 100.001, "10": 100.223, "11": 100.314, "12": 101.09, "13": 101.272, "14": 101.327, "15": 101.528, "16": 101.817, "17": 102.355, "18": 102.853, "19": 102.854, "20": 103.051, "21": 103.061, "22": 103.13, "23": 103.288, "24": 103.593, "25": 104.123, "26": 104.168, "27": 104.174, "28": 104.181, "29": 104.301, "30": 104.314, "31": 104.347, "32": 104.372, "33": 104.424, "34": 104.474, "35": 104.577, "36": 104.586, "37": 104.6, "38": 104.601, "39": 104.636, "40": 104.641, "41": 104.651, "42": 104.725, "43": 104.847, "44": 104.866, "45": 104.907, "46": 104.957, "47": 105.019, "48": 105.03, "49": 105.114, "50": 105.12, "51": 105.127, "52": 105.175, "53": 105.184, "54": 105.197, "55": 105.212, "56": 105.263, "57": 105.282, "58": 105.324, "59": 105.346, "60": 105.438, "61": 105.439, "62": 105.442, "63": 105.465, "64": 105.478, "65": 105.484, "66": 105.506, "67": 105.509, "68": 105.524, "69": 105.555, "70": 105.56, "71": 105.58, "72": 105.581, "73": 105.602}, "SolveResult": 0, "UpperBounds": {"1": 105.7}, "MaxQueueSize": 18, "VisitedNodes": 147, "BranchingVars": [9, 3, 3, 10, 10, 9, 9, 10, 8, 11, 10, 8, 10, 3, 11, 11, 8, 11, 9, 3, 3, 9, 5, 8, 11, 5, 3, 10, 11, 4, 4, 4, 5, 8, 3, 10, 10, 10, 4, 8, 8, 11, 11, 10, 8, 10, 11, 8, 11, 8, 9, 9, 8, 11, 8, 8, 8, 2, 4, 8, 8, 10, 4, 10, 9, 3, 8, 8, 8, 4, 8, 4, 9], "NonLinearTime": 0.281854, "OptimalityGap": 0.0984469, "BranchingRules": ["sum_dual_weighted_plus1_rel", "sum_dual_weighted_plus1_rel", "sum_dual_weighted_plus1_rel", "sum_dual_weighted_plus1_rel", "sum_dual_weighted_plus1_rel", "sum_dual_weighted_plus1_rel", "sum_dual_weighted_plus1_rel", "sum_dual_weighted_plus1_rel", "sum_dual_weighted_plus1_rel", "sum_dual_weighted_plus1_rel", "sum_dual_weighted_plus1_rel", "sum_dual_weighted_plus1_rel", "sum_dual_weighted_plus1_rel", "sum_dual_weighted_plus1_rel", "sum_dual_weighted_plus1_rel", "sum_dual_weighted_plus1_rel", "sum_dual_weighted_plus1_rel", "sum_dual_weighted_plus1_rel", "sum_dual_weighted_plus1_rel", "sum_dual_weighted_plus1_rel", "sum_dual_weighted_plus1_rel", "sum_dual_weighted_plus1_rel", "sum_dual_weighted_plus1_rel", "sum_dual_weighted_plus1_rel", "sum_dual_weighted_plus1_rel", "sum_dual_weighted_plus1_rel", "sum_dual_weighted_plus1_rel", "sum_dual_weighted_plus1_rel", "sum_dual_weighted_plus1_rel", "sum_dual_weighted_plus1_rel", "sum_dual_weighted_plus1_rel", "sum_dual_weighted_plus1_rel", "sum_dual_weighted_plus1_rel", "sum_dual_weighted_plus1_rel", "sum_dual_weighted_plus1_rel", "sum_dual_weighted_plus1_rel", "sum_dual_weighted_plus1_rel", "sum_dual_weighted_plus1_rel", "sum_dual_weighted_plus1_rel", "sum_dual_weighted_plus1_rel", "sum_dual_weighted_plus1_rel", "sum_dual_weighted_plus1_rel", "sum_dual_weighted_plus1_rel", "sum_dual_weighted_plus1_rel", "sum_dual_weighted_plus1_rel", "sum_dual_weighted_plus1_rel", "sum_dual_weighted_plus1_rel", "sum_dual_weighted_plus1_rel", "sum_dual_weighted_plus1_rel", "sum_dual_weighted_plus1_rel", "sum_dual_weighted_plus1_rel", "sum_dual_weighted_plus1_rel", "sum_dual_weighted_plus1_rel", "sum_dual_weighted_plus1_rel", "sum_dual_weighted_plus1_rel", "sum_dual_weighted_plus1_rel", "sum_dual_weighted_plus1_rel", "sum_dual_weighted_plus1_rel", "sum_dual_weighted_plus1_rel", "sum_dual_weighted_plus1_rel", "sum_dual_weighted_plus1_rel", "sum_dual_weighted_plus1_rel", "sum_dual_weighted_plus1_rel", "sum_dual_weighted_plus1_rel", "sum_dual_weighted_plus1_rel", "sum_dual_weighted_plus1_rel", "sum_dual_weighted_plus1_rel", "sum_dual_weighted_plus1_rel", "sum_dual_weighted_plus1_rel", "sum_dual_weighted_plus1_rel", "sum_dual_weighted_plus1_rel", "sum_dual_weighted_plus1_rel", "sum_dual_weighted_plus1_rel"], "LBImprovements": [21.768, 12.3346, 11.2929, 6.60778, 12.8053, 7.53081, 6.05542, 4.76996, 2.85201, 2.63111, 1.50318, 2.19864, 3.15231, 2.84128, 4.77425, 1.24399, 0.695847, 4.8155, 3.04151, 1.42295, 1.57491, 6.50292, 1.29763, 0.588081, 1.20117, 0.483242, 2.45224, 0.776226, 0.818594, 0.0332132, 0.0244827, 0.205096, 2.41231, 0.251014, 1.1561, 1.18784, 0.841958, 0.265524, 1.42359, 0.205515, 0.787695, 0.486848, 0.33781, 0.247322, 0.356322, 0.217308, 0.327356, 0.685597, 0.488417, 0.439636, 0.819167, 0.549788, 0.321471, 4.15271, 0.226484, 0.429667, 0.342324, 2.42826, 0.541147, 0.141876, 0.375889, 0.436142, 0.264786, 0.111037, 7.55345, 0.135463, 0.402882, 0.158427, 0.638466, 0.374962, 0.0760163, 0.0729784, 0.0648734], "InfeasibleNodes": 0, "ElapsedTimeCoeffs": 0, "LinearizationTime": 0.000205885, "NumberOfVariables": 16, "CallsToLinearSolver": 147, "LinearGenerationTime": 0.128958, "SDPCutsGenerationTime": 0, "CallsToNonLinearSolver": 10, "StrongBranchingExtraTime": 4.28021, "ElapsedTimeWeightedCoeffs": 0, "NodesDiscardedByFathoming": 0, "NodesDiscardedByTolerance": 74, "BoundFactorConstraintsTime": 0.0108567, "ElapsedTimeVarsInConstraints": 0.000046707, "meanBTRelativeChangeRootNode": 0, "NumberOfBoundFactorConstraints": 64, "NumberOfLAPACKConvergenceFailures": 0, "NumberOfRLTVariablesAfterLinearization": 30}