{"Itbt": 0, "Pace": 0.0175471, "Depth": 17, "Degree": 7, "RPSTime": 1.75388, "FBBTTime": 0, "OBBTTime": 0, "TotalTime": 9.48103, "Iterations": 190, "LinearTime": 7.63036, "LowerBound": 565.22, "TimeVector": [0.087455, 0.13615, 0.185732, 0.234717, 0.285523, 0.330756, 0.371545, 0.424284, 0.468634, 0.509559, 0.556001, 0.602335, 0.644866, 0.687525, 0.73157, 0.791872, 0.837555, 0.881974, 0.921218, 0.96417, 1.01091, 1.05851, 1.1049, 1.14217, 1.18786, 1.23226, 1.28088, 1.32394, 1.37126, 1.41548, 1.46222, 1.51724, 1.5619, 1.60812, 1.65075, 1.6927, 1.73465, 1.77338, 1.82471, 1.87409, 1.91365, 1.96334, 2.00836, 2.04979, 2.09298, 2.14393, 2.18823, 2.2379, 2.28576, 2.32393, 2.36739, 2.41748, 2.45743, 2.49762, 2.54516, 2.59551, 2.64213, 2.69163, 2.73778, 2.79479, 2.83523, 2.88371, 2.929, 2.98659, 3.03533, 3.07862, 3.11861, 3.1655, 3.21704, 3.26224, 3.3048, 3.3436, 3.39339, 3.44035, 3.48073, 3.52679, 3.57419, 3.61453, 3.66295, 3.71581, 3.75808, 3.80352, 3.84308, 3.88711, 3.93392, 3.98276, 4.03112, 4.08128, 4.13205, 4.17582, 4.22259, 4.27469, 4.3275, 4.3737, 4.42008, 4.46631, 4.52005, 4.57168, 4.61965, 4.66429, 4.71191, 4.76032, 4.80442, 4.84874, 4.90402, 4.94913, 4.99983, 5.05239, 5.1009, 5.14823, 5.19165, 5.23508, 5.28555, 5.33506, 5.38626, 5.43398, 5.47494, 5.52302, 5.57217, 5.62295, 5.67184, 5.72018, 5.77287, 5.82769, 5.88028, 5.931, 5.98194, 6.03764, 6.08404, 6.13222, 6.18446, 6.22751, 6.26958, 6.3204, 6.37681, 6.42691, 6.47947, 6.53677, 6.58593, 6.64311, 6.69481, 6.74171, 6.79392, 6.85276, 6.90025, 6.95061, 7.00126, 7.04768, 7.09654, 7.1482, 7.19964, 7.24413, 7.29513, 7.34706, 7.3936, 7.44095, 7.49275, 7.54389, 7.60001, 7.65658, 7.70796, 7.76732, 7.82926, 7.88305, 7.93367, 7.98198, 8.1057, 8.1629, 8.25543, 8.31147, 8.35806, 8.41433, 8.46958, 8.52563, 8.57668, 8.6329, 8.68932, 8.74386, 8.79284, 8.8403, 8.92776, 8.98137, 9.03431, 9.08749, 9.1604, 9.21923, 9.27618, 9.33556, 9.38449, 18.8655], "UpperBound": 565.762, "rootBTTime": 0, "LowerBounds": {"1": 24.9011, "2": 212.336, "3": 257.922, "4": 259.245, "5": 284.42, "6": 339.306, "7": 391.381, "8": 400.148, "9": 410.149, "10": 420.3, "11": 442.965, "12": 451.667, "13": 452.496, "14": 469.678, "15": 477.092, "16": 478.982, "17": 485.411, "18": 490.39, "19": 493.664, "20": 493.681, "21": 494.934, "22": 501.444, "23": 504.507, "24": 505.52, "25": 505.599, "26": 505.605, "27": 511.453, "28": 511.482, "29": 511.796, "30": 513.044, "31": 516.374, "32": 516.468, "33": 516.949, "34": 525.369, "35": 526.199, "36": 527.946, "37": 528.41, "38": 529.631, "39": 531.944, "40": 533.726, "41": 533.861, "42": 533.987, "43": 534.875, "44": 535.335, "45": 535.873, "46": 538.533, "47": 539.374, "48": 540.207, "49": 540.349, "50": 540.647, "51": 541.48, "52": 542.12, "53": 542.364, "54": 542.521, "55": 542.992, "56": 543.2, "57": 544.048, "58": 545.506, "59": 545.652, "60": 545.781, "61": 546.546, "62": 546.889, "63": 546.986, "64": 547.122, "65": 547.157, "66": 548.08, "67": 548.889, "68": 549.184, "69": 549.266, "70": 549.499, "71": 549.847, "72": 550.206, "73": 550.85, "74": 551.013, "75": 551.042, "76": 551.294, "77": 552.517, "78": 552.683, "79": 553.149, "80": 553.266, "81": 554.426, "82": 554.588, "83": 554.675, "84": 554.713, "85": 555.934, "86": 556.173, "87": 556.381, "88": 556.759, "89": 556.88, "90": 556.88, "91": 557.281, "92": 557.299, "93": 557.399, "94": 557.544, "95": 557.818, "96": 557.845, "97": 558.115, "98": 558.58, "99": 558.888, "100": 559.103, "101": 559.112, "102": 559.153, "103": 559.191, "104": 559.603, "105": 559.754, "106": 559.83, "107": 559.863, "108": 559.876, "109": 559.88, "110": 560.025, "111": 560.253, "112": 560.304, "113": 560.314, "114": 560.356, "115": 560.358, "116": 560.389, "117": 560.59, "118": 560.744, "119": 561.139, "120": 561.308, "121": 561.425, "122": 561.448, "123": 561.513, "124": 561.684, "125": 561.693, "126": 561.911, "127": 562.1, "128": 562.287, "129": 562.333, "130": 562.41, "131": 562.458, "132": 562.713, "133": 562.724, "134": 562.744, "135": 562.811, "136": 562.86, "137": 563.198, "138": 563.228, "139": 563.306, "140": 563.327, "141": 563.439, "142": 563.467, "143": 563.504, "144": 563.596, "145": 563.626, "146": 563.644, "147": 563.663, "148": 563.809, "149": 563.836, "150": 563.932, "151": 563.932, "152": 563.95, "153": 564.011, "154": 564.013, "155": 564.036, "156": 564.087, "157": 564.091, "158": 564.114, "159": 564.178, "160": 564.218, "161": 564.27, "162": 564.518, "163": 564.565, "164": 564.577, "165": 564.584, "166": 564.587, "167": 564.605, "168": 564.608, "169": 564.641, "170": 564.717, "171": 564.756, "172": 564.779, "173": 564.783, "174": 564.784, "175": 564.849, "176": 564.863, "177": 564.883, "178": 564.982, "179": 565.033, "180": 565.041, "181": 565.069, "183": 565.108, "185": 565.135, "186": 565.144, "187": 565.153, "188": 565.167, "189": 565.188, "190": 565.22}, "SolveResult": 0, "UpperBounds": {"1": 565.762}, "MaxQueueSize": 50, "VisitedNodes": 381, "BranchingVars": [3, 4, 0, 0, 0, 2, 2, 2, 4, 2, 2, 2, 4, 2, 1, 1, 1, 1, 0, 4, 2, 2, 1, 4, 2, 2, 2, 0, 2, 0, 0, 4, 0, 0, 2, 2, 0, 2, 1, 2, 0, 1, 0, 2, 4, 1, 0, 2, 3, 4, 2, 3, 1, 0, 4, 2, 1, 2, 2, 3, 0, 2, 3, 2, 1, 4, 0, 0, 3, 2, 0, 4, 2, 0, 0, 1, 1, 2, 2, 3, 2, 2, 4, 2, 2, 4, 0, 3, 3, 1, 2, 3, 1, 0, 0, 0, 0, 3, 1, 2, 1, 2, 0, 0, 3, 4, 0, 2, 2, 2, 2, 4, 2, 3, 2, 0, 0, 0, 2, 3, 0, 4, 3, 3, 3, 0, 0, 0, 4, 0, 2, 0, 0, 2, 3, 0, 3, 3, 0, 3, 0, 1, 3, 3, 4, 0, 0, 0, 0, 0, 2, 0, 4, 3, 1, 3, 3, 1, 0, 1, 4, 3, 3, 0, 2, 0, 3, 4, 4, 3, 4, 3, 3, 3, 4, 3, 3, 1, 4, 4, 3, 1, 4, 1, 1, 3, 4, 1, 4, 0], "NonLinearTime": 0.096738, "OptimalityGap": 0.542348,