{"Itbt": 0, "Pace": 0.00104454, "Depth": 17, "Degree": 7, "RPSTime": 0.395872, "FBBTTime": 0, "OBBTTime": 0, "TotalTime": 2.11796, "Iterations": 72, "LinearTime": 1.61459, "LowerBound": 89.0331, "TimeVector": [0.0593975, 0.0955257, 0.127724, 0.161737, 0.193425, 0.217105, 0.239101, 0.277193, 0.301838, 0.330722, 0.353773, 0.374818, 0.395868, 0.42156, 0.442927, 0.475961, 0.499507, 0.52754, 0.555903, 0.580466, 0.605182, 0.632105, 0.657501, 0.679589, 0.701625, 0.729862, 0.756633, 0.776798, 0.804395, 0.827512, 0.873787, 0.908955, 0.936096, 0.964229, 0.992861, 1.01993, 1.04638, 1.07111, 1.09647, 1.12454, 1.15443, 1.18216, 1.21037, 1.23885, 1.26864, 1.29607, 1.32591, 1.35764, 1.38679, 1.42056, 1.45915, 1.48777, 1.5162, 1.54556, 1.57528, 1.60451, 1.63265, 1.66885, 1.70474, 1.73987, 1.7716, 1.79884, 1.8348, 1.87498, 1.90319, 1.9326, 1.95802, 1.98761, 2.0138, 2.04324, 2.07157, 4.18953], "UpperBound": 89.0765, "rootBTTime": 0, "LowerBounds": {"1": -1938.62, "2": -790.104, "3": -168.948, "4": -136.71, "5": -129.063, "6": -102.664, "7": -96.6056, "8": -76.6211, "9": -39.4467, "10": -35.7226, "11": -27.7432, "12": 1.83264, "13": 3.04311, "14": 3.19351, "15": 3.91304, "16": 5.60305, "17": 7.72307, "18": 28.576, "19": 35.7187, "20": 38.0352, "21": 40.462, "22": 41.2312, "23": 41.6766, "24": 50.5157, "25": 50.5157, "26": 52.8932, "27": 53.4664, "28": 55.5893, "29": 56.0568, "30": 58.6199, "31": 65.1331, "32": 66.1943, "33": 67.5811, "34": 71.058, "35": 74.2852, "36": 74.9416, "37": 78.6062, "38": 79.1625, "39": 80.4431, "40": 81.2082, "41": 81.4968, "42": 81.5311, "43": 82.1853, "44": 82.6609, "45": 82.7966, "46": 82.9426, "47": 83.1384, "48": 83.8706, "49": 83.8796, "50": 84.7283, "51": 85.1074, "52": 85.6232, "53": 85.6558, "54": 87.3508, "55": 87.4358, "56": 87.4439, "57": 87.4637, "58": 87.6752, "59": 87.7371, "60": 88.1489, "61": 88.3254, "62": 88.3668, "63": 88.5736, "64": 88.6375, "65": 88.6999, "66": 88.7737, "67": 88.919, "68": 88.9231, "69": 88.9339, "70": 88.9405, "71": 88.9544, "72": 89.0331}, "SolveResult": 0, "UpperBounds": {"1": 179769000000000000000000000000000000000000000000000000000000000000000000000000000000000000000000000000000000000000000000000000000000000000000000000000000000000000000000000000000000000000000000000000000000000000000000000000000000000000000000000000000000000000000000000000000000000000000000000000000000000000000, "2": 89.0765}, "MaxQueueSize": 10, "VisitedNodes": 145, "BranchingVars": [4, 1, 0, 3, 1, 3, 1, 1, 0, 4, 0, 2, 2, 2, 2, 2, 0, 4, 4, 1, 4, 4, 4, 2, 2, 4, 0, 2, 1, 1, 0, 0, 1, 4, 4, 0, 0, 0, 0, 4, 4, 3, 0, 4, 3, 3, 3, 3, 1, 4, 3, 3, 3, 4, 0, 0, 0, 0, 0, 4, 4, 4, 3, 2, 1, 1, 2, 3, 2, 3, 3, 4], "NonLinearTime": 0.107467, "OptimalityGap": 0.0433163, "BranchingRules": ["sum_rescaled_var_range_weighted_rel", "sum_rescaled_var_range_weighted_rel", "sum_rescaled_var_range_weighted_rel", "sum_rescaled_var_range_weighted_rel", "sum_rescaled_var_range_weighted_rel", "sum_rescaled_var_range_weighted_rel", "sum_rescaled_var_range_weighted_rel", "sum_rescaled_var_range_weighted_rel", "sum_rescaled_var_range_weighted_rel", "sum_rescaled_var_range_weighted_rel", "sum_rescaled_var_range_weighted_rel", "sum_rescaled_var_range_weighted_rel", "sum_rescaled_var_range_weighted_rel", "sum_rescaled_var_range_weighted_rel", "sum_rescaled_var_range_weighted_rel", "sum_rescaled_var_range_weighted_rel", "sum_rescaled_var_range_weighted_rel", "sum_rescaled_var_range_weighted_rel", "sum_rescaled_var_range_weighted_rel", "sum_rescaled_var_range_weighted_rel", "sum_rescaled_var_range_weighted_rel", "sum_rescaled_var_range_weighted_rel", "sum_rescaled_var_range_weighted_rel", "sum_rescaled_var_range_weighted_rel", "sum_rescaled_var_range_weighted_rel", "sum_rescaled_var_range_weighted_rel", "sum_rescaled_var_range_weighted_rel", "sum_rescaled_var_range_weighted_rel", "sum_rescaled_var_range_weighted_rel", "sum_rescaled_var_range_weighted_rel", "sum_rescaled_var_range_weighted_rel", "sum_rescaled_var_range_weighted_rel", "sum_rescaled_var_range_weighted_rel", "sum_rescaled_var_range_weighted_rel", "sum_rescaled_var_range_weighted_rel", "sum_rescaled_var_range_weighted_rel", "sum_rescaled_var_range_weighted_rel", "sum_rescaled_var_range_weighted_rel", "sum_rescaled_var_range_weighted_rel", "sum_rescaled_var_range_weighted_rel", "sum_rescaled_var_range_weighted_rel", "sum_rescaled_var_range_weighted_rel", "sum_rescaled_var_range_weighted_rel", "sum_rescaled_var_range_weighted_rel", "sum_rescaled_var_range_weighted_rel", "sum_rescaled_var_range_weighted_rel", "sum_rescaled_var_range_weighted_rel", "sum_rescaled_var_range_weighted_rel", "sum_rescaled_var_range_weighted_rel", "sum_rescaled_var_range_weighted_rel", "sum_rescaled_var_range_weighted_rel", "sum_rescaled_var_range_weighted_rel", "sum_rescaled_var_range_weighted_rel", "sum_rescaled_var_range_weighted_rel", "sum_rescaled_var_range_weighted_rel", "sum_rescaled_var_range_weighted_rel", "sum_rescaled_var_range_weighted_rel", "sum_rescaled_var_range_weighted_rel", "sum_rescaled_var_range_weighted_rel", "sum_rescaled_var_range_weighted_rel", "sum_rescaled_var_range_weighted_rel", "sum_rescaled_var_range_weighted_rel", "sum_rescaled_var_range_weighted_rel", "sum_rescaled_var_range_weighted_rel", "sum_rescaled_var_range_weighted_rel", "sum_rescaled_var_range_weighted_rel", "sum_rescaled_var_range_weighted_rel", "sum_rescaled_var_range_weighted_rel", "sum_rescaled_var_range_weighted_rel", "sum_rescaled_var_range_weighted_rel", "sum_rescaled_var_range_weighted_rel", "sum_rescaled_var_range_weighted_rel"], "LBImprovements": [1148.51, 687.44, 32.2382, 40.1043, 0, 63.217, 68.8623, 40.8985, 43.3597, 37.5553, 30.9368, 26.7434, 37.4189, 38.483, 0, 0, 42.7926, 9.45916, 0, 27.0979, 13.0043, 14.8256, 41.266, 0, 0, 0, 5.15353, 24.8538, 18.8848, 12.4381, 0, 0, 13.95, 22.0679, 4.32099, 7.24368, 5.26433, 2.33434, 0, 17.0412, 2.3828, 9.63259, 2.54298, 12.7731, 4.5542, 0, 9.7099, 0, 1.74364, 5.25748, 4.23593, 1.84041, 1.78002, 4.783, 0.889644, 0.705025, 0.273453, 0.898445, 0, 0.962981, 0.312104, 0.333081, 1.06415, 0, 0.219116, 0.166764, 0.00408039, 0, 0, 0.193368, 0.0296829, 0.0632263], "InfeasibleNodes": 54, "ElapsedTimeCoeffs": 0, "LinearizationTime": 0.00226418, "NumberOfVariables": 5, "CallsToLinearSolver": 145, "LinearGenerationTime": 0.22109, "SDPCutsGenerationTime": 0, "CallsToNonLinearSolver": 10, "StrongBranchingExtraTime": 0, "ElapsedTimeWeightedCoeffs": 0, "NodesDiscardedByFathoming": 0, "NodesDiscardedByTolerance": 19, "BoundFactorConstraintsTime": 0.300611, "ElapsedTimeVarsInConstraints": 0, "meanBTRelativeChangeRootNode": 0, "NumberOfBoundFactorConstraints": 147, "NumberOfLAPACKConvergenceFailures": 0, "NumberOfRLTVariablesAfterLinearization": 86}