{"Itbt": 0, "Pace": 0.00710361, "Depth": 10, "Degree": 7, "RPSTime": 0.63923, "FBBTTime": 0, "OBBTTime": 0, "TotalTime": 4.43917, "Iterations": 41, "LinearTime": 3.70553, "LowerBound": 753.659, "TimeVector": [0.168155, 0.262313, 0.347359, 0.445563, 0.546149, 0.631745, 0.716708, 0.827699, 0.928905, 1.02876, 1.12163, 1.20392, 1.28172, 1.36608, 1.44559, 1.54046, 1.63365, 1.72596, 1.81841, 1.90818, 2.01822, 2.11885, 2.21434, 2.2979, 2.38134, 2.50906, 2.59559, 2.68364, 2.77705, 3.43564, 3.51619, 3.62502, 3.71587, 3.79279, 3.88607, 3.9786, 4.06076, 4.14669, 4.24389, 4.34658, 8.78575], "UpperBound": 754.303, "rootBTTime": 0, "LowerBounds": {"1": 128.742, "2": 291.585, "3": 297.274, "4": 363.978, "5": 370.667, "6": 521.401, "7": 560.057, "8": 619.63, "9": 620.131, "10": 621.638, "11": 622.056, "12": 677.877, "13": 691.644, "14": 715.539, "15": 716.507, "16": 716.507, "17": 743.462, "18": 746.808, "19": 748.156, "20": 748.204, "21": 748.318, "23": 748.425, "24": 748.606, "25": 748.635, "26": 748.654, "27": 749.003, "28": 749.023, "29": 749.295, "30": 749.328, "31": 749.457, "32": 750.779, "33": 751.217, "34": 752.395, "35": 752.981, "36": 753.17, "37": 753.178, "38": 753.203, "39": 753.356, "40": 753.471, "41": 753.659}, "SolveResult": 0, "UpperBounds": {"1": 754.303}, "MaxQueueSize": 13, "VisitedNodes": 83, "BranchingVars": [0, 3, 1, 1, 1, 4, 4, 4, 4, 4, 4, 2, 2, 3, 2, 2, 3, 4, 0, 3, 4, 0, 2, 2, 1, 1, 1, 2, 2, 1, 2, 2, 4, 3, 3, 0, 2, 2, 2, 0, 1], "NonLinearTime": 0.0943918, "OptimalityGap": 0.644047, "BranchingRules": ["sum_rescaled_var_range_weighted_rel", "sum_rescaled_var_range_weighted_rel", "sum_rescaled_var_range_weighted_rel", "sum_rescaled_var_range_weighted_rel", "sum_rescaled_var_range_weighted_rel", "sum_rescaled_var_range_weighted_rel", "sum_rescaled_var_range_weighted_rel", "sum_rescaled_var_range_weighted_rel", "sum_rescaled_var_range_weighted_rel", "sum_rescaled_var_range_weighted_rel", "sum_rescaled_var_range_weighted_rel", "sum_rescaled_var_range_weighted_rel", "sum_rescaled_var_range_weighted_rel", "sum_rescaled_var_range_weighted_rel", "sum_rescaled_var_range_weighted_rel", "sum_rescaled_var_range_weighted_rel", "sum_rescaled_var_range_weighted_rel", "sum_rescaled_var_range_weighted_rel", "sum_rescaled_var_range_weighted_rel", "sum_rescaled_var_range_weighted_rel", "sum_rescaled_var_range_weighted_rel", "sum_rescaled_var_range_weighted_rel", "sum_rescaled_var_range_weighted_rel", "sum_rescaled_var_range_weighted_rel", "sum_rescaled_var_range_weighted_rel", "sum_rescaled_var_range_weighted_rel", "sum_rescaled_var_range_weighted_rel", "sum_rescaled_var_range_weighted_rel", "sum_rescaled_var_range_weighted_rel", "sum_rescaled_var_range_weighted_rel", "sum_rescaled_var_range_weighted_rel", "sum_rescaled_var_range_weighted_rel", "sum_rescaled_var_range_weighted_rel", "sum_rescaled_var_range_weighted_rel", "sum_rescaled_var_range_weighted_rel", "sum_rescaled_var_range_weighted_rel", "sum_rescaled_var_range_weighted_rel", "sum_rescaled_var_range_weighted_rel", "sum_rescaled_var_range_weighted_rel", "sum_rescaled_var_range_weighted_rel", "sum_rescaled_var_range_weighted_rel"], "LBImprovements": [162.843, 72.3926, 224.126, 256.153, 248.963, 156.476, 156.45, 129.665, 128.294, 121.824, 131.147, 37.6623, 60.7511, 35.6779, 52.163, 43.2759, 3.34677, 1.34705, 0.847298, 19.0656, 0, 0.32856, 5.85255, 10.7333, 0, 4.3266, 6.05857, 0.305555, 15.1732, 5.63942, 17.8015, 5.64152, 6.98755, 24.9913, 0.188937, 0.00802246, 0, 13.7529, 12.4369, 0.187763, 0.690046], "InfeasibleNodes": 13, "ElapsedTimeCoeffs": 0, "LinearizationTime": 0.00619068, "NumberOfVariables": 5, "CallsToLinearSolver": 83, "LinearGenerationTime": 0.32807, "SDPCutsGenerationTime": 0, "CallsToNonLinearSolver": 9, "StrongBranchingExtraTime": 0, "ElapsedTimeWeightedCoeffs": 0, "NodesDiscardedByFathoming": 0, "NodesDiscardedByTolerance": 29, "BoundFactorConstraintsTime": 0.503452, "ElapsedTimeVarsInConstraints": 0, "meanBTRelativeChangeRootNode": 0, "NumberOfBoundFactorConstraints": 236, "NumberOfLAPACKConvergenceFailures": 0, "NumberOfRLTVariablesAfterLinearization": 145}