{"Itbt": 0, "Pace": 0.00480994, "Depth": 12, "Degree": 7, "RPSTime": 0.133543, "FBBTTime": 0, "OBBTTime": 0, "TotalTime": 0.592691, "Iterations": 48, "LinearTime": 0.372028, "LowerBound": 231.399, "TimeVector": [0.0284204, 0.0458155, 0.0621063, 0.0799174, 0.0981586, 0.109403, 0.119548, 0.136332, 0.147184, 0.1581, 0.168146, 0.177536, 0.187751, 0.198148, 0.209113, 0.228688, 0.239069, 0.248101, 0.258308, 0.2695, 0.278425, 0.28763, 0.297011, 0.308121, 0.319599, 0.330458, 0.339603, 0.350154, 0.359471, 0.370915, 0.38233, 0.401131, 0.410493, 0.419532, 0.429047, 0.438249, 0.449143, 0.459784, 0.470068, 0.479661, 0.489708, 0.499782, 0.508104, 0.516419, 0.526643, 0.538156, 0.5491, 0.560727, 0.572561, 1.16525], "UpperBound": 231.604, "rootBTTime": 0, "LowerBounds": {"1": 108.178, "2": 154.975, "3": 155.657, "4": 166.676, "5": 167.215, "6": 178.462, "7": 180.065, "8": 194.516, "9": 203.687, "10": 203.719, "11": 205.872, "12": 210.031, "13": 212.044, "14": 212.044, "15": 212.112, "16": 212.336, "17": 213.382, "18": 219.334, "19": 219.474, "20": 220.005, "21": 224.046, "22": 225.196, "23": 226.546, "24": 228.109, "25": 229.055, "26": 229.41, "27": 229.952, "28": 230.415, "30": 230.445, "31": 230.514, "32": 230.697, "33": 230.842, "34": 230.984, "35": 231.116, "36": 231.18, "37": 231.204, "38": 231.205, "39": 231.206, "41": 231.206, "42": 231.207, "43": 231.228, "44": 231.228, "45": 231.27, "46": 231.275, "47": 231.275, "48": 231.399}, "SolveResult": 0, "UpperBounds": {"1": 231.604}, "MaxQueueSize": 9, "VisitedNodes": 97, "BranchingVars": [1, 3, 3, 2, 2, 0, 0, 4, 2, 2, 2, 4, 2, 2, 0, 0, 0, 4, 0, 0, 4, 4, 4, 1, 0, 1, 4, 0, 4, 1, 0, 4, 4, 4, 3, 3, 0, 1, 1, 2, 1, 2, 2, 1, 2, 1, 1, 0], "NonLinearTime": 0.0871012, "OptimalityGap": 0.205086, "BranchingRules": ["sum_rescaled_var_range_weighted_rel", "sum_rescaled_var_range_weighted_rel", "sum_rescaled_var_range_weighted_rel", "sum_rescaled_var_range_weighted_rel", "sum_rescaled_var_range_weighted_rel", "sum_rescaled_var_range_weighted_rel", "sum_rescaled_var_range_weighted_rel", "sum_rescaled_var_range_weighted_rel", "sum_rescaled_var_range_weighted_rel", "sum_rescaled_var_range_weighted_rel", "sum_rescaled_var_range_weighted_rel", "sum_rescaled_var_range_weighted_rel", "sum_rescaled_var_range_weighted_rel", "sum_rescaled_var_range_weighted_rel", "sum_rescaled_var_range_weighted_rel", "sum_rescaled_var_range_weighted_rel", "sum_rescaled_var_range_weighted_rel", "sum_rescaled_var_range_weighted_rel", "sum_rescaled_var_range_weighted_rel", "sum_rescaled_var_range_weighted_rel", "sum_rescaled_var_range_weighted_rel", "sum_rescaled_var_range_weighted_rel", "sum_rescaled_var_range_weighted_rel", "sum_rescaled_var_range_weighted_rel", "sum_rescaled_var_range_weighted_rel", "sum_rescaled_var_range_weighted_rel", "sum_rescaled_var_range_weighted_rel", "sum_rescaled_var_range_weighted_rel", "sum_rescaled_var_range_weighted_rel", "sum_rescaled_var_range_weighted_rel", "sum_rescaled_var_range_weighted_rel", "sum_rescaled_var_range_weighted_rel", "sum_rescaled_var_range_weighted_rel", "sum_rescaled_var_range_weighted_rel", "sum_rescaled_var_range_weighted_rel", "sum_rescaled_var_range_weighted_rel", "sum_rescaled_var_range_weighted_rel", "sum_rescaled_var_range_weighted_rel", "sum_rescaled_var_range_weighted_rel", "sum_rescaled_var_range_weighted_rel", "sum_rescaled_var_range_weighted_rel", "sum_rescaled_var_range_weighted_rel", "sum_rescaled_var_range_weighted_rel", "sum_rescaled_var_range_weighted_rel", "sum_rescaled_var_range_weighted_rel", "sum_rescaled_var_range_weighted_rel", "sum_rescaled_var_range_weighted_rel", "sum_rescaled_var_range_weighted_rel"], "LBImprovements": [46.7967, 23.4871, 11.0196, 45.6598, 42.8159, 16.0546, 31.9795, 9.17055, 37.2335, 37.5368, 42.8325, 9.44307, 45.388, 45.388, 7.22244, 23.6918, 11.8137, 8.77541, 0, 9.40515, 7.86657, 6.4154, 6.19047, 0.945685, 0.896401, 1.10362, 1.25286, 0, 1.07014, 0.396518, 1.31334, 0.928545, 0.273887, 0.415596, 0.0893968, 0.0259375, 0.0702274, 0.022399, 0, 0.00122583, 0, 0.00121482, 0, 0.0414126, 0, 0.15394, 0.141185, 0.0504431], "InfeasibleNodes": 15, "ElapsedTimeCoeffs": 0, "LinearizationTime": 0.0010001, "NumberOfVariables": 5, "CallsToLinearSolver": 97, "LinearGenerationTime": 0.0819637, "SDPCutsGenerationTime": 0, "CallsToNonLinearSolver": 11, "StrongBranchingExtraTime": 0, "ElapsedTimeWeightedCoeffs": 0, "NodesDiscardedByFathoming": 0, "NodesDiscardedByTolerance": 32, "BoundFactorConstraintsTime": 0.0907586, "ElapsedTimeVarsInConstraints": 0, "meanBTRelativeChangeRootNode": 0, "NumberOfBoundFactorConstraints": 76, "NumberOfLAPACKConvergenceFailures": 0, "NumberOfRLTVariablesAfterLinearization": 53}